FromAddress,ToCity,ToState,PackageSize,Cost,ShippingTimeDays,Service
Ontario,Brooklyn,NY,Size L,17.29,4,UPS® Ground
Ontario,Phoenix,AZ,Size L,14.1,2,UPS® Ground
Ontario,Houston,TX,Size L,16.29,3,UPS® Ground
Ontario,San Antonio,TX,Size L,16.29,3,UPS® Ground
Ontario,Jacksonville,FL,Size L,17.29,4,UPS® Ground
Ontario,Chicago,IL,Size L,17.29,3,UPS® Ground
Ontario,Dallas,TX,Size L,16.29,3,UPS® Ground
Ontario,Wilmington,DE,Size L,17.29,4,UPS® Ground
Ontario,Austin,TX,Size L,15.29,3,UPS® Ground
Ontario,Canton,OH,Size L,17.29,4,UPS® Ground
Ontario,Charlotte,NC,Size L,17.29,4,UPS® Ground
Ontario,New York,NY,Size L,17.29,4,UPS® Ground
Ontario,Atlanta,GA,Size L,17.29,4,UPS® Ground
Ontario,Franklin,TN,Size L,17.29,4,UPS® Ground
Ontario,Lexington,KY,Size L,17.29,4,UPS® Ground
Ontario,Orlando,FL,Size L,17.29,4,UPS® Ground
Ontario,Rochester,NY,Size L,17.29,5,UPS® Ground
Ontario,Las Vegas,NV,Size L,9.94,1,UPS® Ground
Ontario,Louisville,KY,Size L,17.29,4,UPS® Ground
Ontario,Marietta,GA,Size L,17.29,4,UPS® Ground
Ontario,Colorado Springs,CO,Size L,14.1,2,UPS® Ground
Ontario,Columbus,OH,Size L,17.29,4,UPS® Ground
Ontario,Marble Falls,TX,Size L,15.29,3,UPS® Ground
Ontario,Tampa,FL,Size L,17.29,4,UPS® Ground
Ontario,San Diego,CA,Size L,8.94,1,UPS® Ground
Ontario,Columbia,SC,Size L,17.29,4,UPS® Ground
Ontario,Greenville,SC,Size L,17.29,4,UPS® Ground
Ontario,Lebanon,TN,Size L,17.29,4,UPS® Ground
Ontario,Salem,OR,Size L,14.1,3,UPS® Ground
Ontario,Cleveland,OH,Size L,17.29,4,UPS® Ground
Ontario,Denver,CO,Size L,14.1,3,UPS® Ground
Ontario,Omaha,NE,Size L,15.29,4,UPS® Ground
Ontario,Portland,OR,Size L,14.1,3,UPS® Ground
Ontario,Raleigh,NC,Size L,17.29,4,UPS® Ground
Ontario,Richmond,VA,Size L,17.29,4,UPS® Ground
Ontario,Jackson,MS,Size L,16.29,4,UPS® Ground
Ontario,Albany,NY,Size L,17.29,5,UPS® Ground
Ontario,Fort Worth,TX,Size L,15.29,3,UPS® Ground
Ontario,Oklahoma City,OK,Size L,15.29,3,UPS® Ground
Ontario,Chesapeake,VA,Size L,17.29,4,UPS® Ground
Ontario,Miami,FL,Size L,17.29,4,UPS® Ground
Ontario,Milford,CT,Size L,17.29,5,UPS® Ground
Ontario,Pittsburgh,PA,Size L,17.29,4,UPS® Ground
Ontario,San Francisco,CA,Size L,10.54,2,UPS® Ground
Ontario,San Jose,CA,Size L,14.1,2,UPS® Ground
Ontario,Tucson,AZ,Size L,10.54,2,UPS® Ground
Ontario,Virginia Beach,VA,Size L,17.29,4,UPS® Ground
Ontario,Albuquerque,NM,Size L,14.1,2,UPS® Ground
Ontario,Gilbert,AZ,Size L,14.1,2,UPS® Ground
Ontario,Springfield,IL,Size L,16.29,4,UPS® Ground
Ontario,Alexandria,VA,Size L,17.29,4,UPS® Ground
Ontario,Kansas City,MO,Size L,15.29,4,UPS® Ground
Ontario,Knoxville,TN,Size L,17.29,4,UPS® Ground
Ontario,Lakewood,CO,Size L,14.1,2,UPS® Ground
Ontario,Nashville,TN,Size L,16.29,4,UPS® Ground
Ontario,Saint Louis,MO,Size L,16.29,4,UPS® Ground
Ontario,Seattle,WA,Size L,15.29,3,UPS® Ground
Oklahoma City,Brooklyn,NY,Size L,15.29,4,UPS® Ground
Oklahoma City,Phoenix,AZ,Size L,14.1,3,UPS® Ground
Oklahoma City,Houston,TX,Size L,14.1,2,UPS® Ground
Oklahoma City,San Antonio,TX,Size L,10.54,2,UPS® Ground
Oklahoma City,Jacksonville,FL,Size L,14.1,3,UPS® Ground
Oklahoma City,Chicago,IL,Size L,14.1,2,UPS® Ground
Oklahoma City,Dallas,TX,Size L,9.94,2,UPS® Ground
Oklahoma City,Wilmington,DE,Size L,15.29,3,UPS® Ground
Oklahoma City,Austin,TX,Size L,10.54,2,UPS® Ground
Oklahoma City,Canton,OH,Size L,14.1,3,UPS® Ground
Oklahoma City,Charlotte,NC,Size L,14.1,3,UPS® Ground
Oklahoma City,New York,NY,Size L,15.29,4,UPS® Ground
Oklahoma City,Atlanta,GA,Size L,14.1,3,UPS® Ground
Oklahoma City,Franklin,TN,Size L,10.54,2,UPS® Ground
Oklahoma City,Lexington,KY,Size L,14.1,3,UPS® Ground
Oklahoma City,Orlando,FL,Size L,15.29,3,UPS® Ground
Oklahoma City,Rochester,NY,Size L,15.29,3,UPS® Ground
Oklahoma City,Las Vegas,NV,Size L,15.29,3,UPS® Ground
Oklahoma City,Louisville,KY,Size L,14.1,3,UPS® Ground
Oklahoma City,Marietta,GA,Size L,14.1,3,UPS® Ground
Oklahoma City,Colorado Springs,CO,Size L,10.54,2,UPS® Ground
Oklahoma City,Columbus,OH,Size L,14.1,3,UPS® Ground
Oklahoma City,Marble Falls,TX,Size L,10.54,2,UPS® Ground
Oklahoma City,Tampa,FL,Size L,15.29,3,UPS® Ground
Oklahoma City,San Diego,CA,Size L,15.29,3,UPS® Ground
Oklahoma City,Columbia,SC,Size L,14.1,3,UPS® Ground
Oklahoma City,Greenville,SC,Size L,14.1,3,UPS® Ground
Oklahoma City,Lebanon,TN,Size L,10.54,2,UPS® Ground
Oklahoma City,Salem,OR,Size L,16.29,4,UPS® Ground
Oklahoma City,Cleveland,OH,Size L,14.1,3,UPS® Ground
Oklahoma City,Denver,CO,Size L,10.54,2,UPS® Ground
Oklahoma City,Omaha,NE,Size L,10.54,2,UPS® Ground
Oklahoma City,Portland,OR,Size L,16.29,4,UPS® Ground
Oklahoma City,Raleigh,NC,Size L,15.29,3,UPS® Ground
Oklahoma City,Richmond,VA,Size L,15.29,3,UPS® Ground
Oklahoma City,Jackson,MS,Size L,10.54,2,UPS® Ground
Oklahoma City,Albany,NY,Size L,15.29,3,UPS® Ground
Oklahoma City,Fort Worth,TX,Size L,9.94,2,UPS® Ground
Oklahoma City,Oklahoma City,OK,Size L,8.94,1,UPS® Ground
Oklahoma City,Chesapeake,VA,Size L,15.29,3,UPS® Ground
Oklahoma City,Miami,FL,Size L,16.29,3,UPS® Ground
Oklahoma City,Milford,CT,Size L,16.29,3,UPS® Ground
Oklahoma City,Pittsburgh,PA,Size L,15.29,3,UPS® Ground
Oklahoma City,San Francisco,CA,Size L,15.29,4,UPS® Ground
Oklahoma City,San Jose,CA,Size L,15.29,4,UPS® Ground
Oklahoma City,Tucson,AZ,Size L,14.1,3,UPS® Ground
Oklahoma City,Virginia Beach,VA,Size L,15.29,3,UPS® Ground
Oklahoma City,Albuquerque,NM,Size L,10.54,2,UPS® Ground
Oklahoma City,Gilbert,AZ,Size L,14.1,3,UPS® Ground
Oklahoma City,Springfield,IL,Size L,10.54,2,UPS® Ground
Oklahoma City,Alexandria,VA,Size L,15.29,3,UPS® Ground
Oklahoma City,Kansas City,MO,Size L,10.54,2,UPS® Ground
Oklahoma City,Knoxville,TN,Size L,14.1,2,UPS® Ground
Oklahoma City,Lakewood,CO,Size L,10.54,2,UPS® Ground
Oklahoma City,Nashville,TN,Size L,10.54,2,UPS® Ground
Oklahoma City,Saint Louis,MO,Size L,10.54,2,UPS® Ground
Oklahoma City,Seattle,WA,Size L,16.29,4,UPS® Ground
Stockton,Brooklyn,NY,Size L,17.29,4,UPS® Ground
Stockton,Phoenix,AZ,Size L,14.1,2,UPS® Ground
Stockton,Houston,TX,Size L,16.29,4,UPS® Ground
Stockton,San Antonio,TX,Size L,15.29,3,UPS® Ground
Stockton,Jacksonville,FL,Size L,17.29,5,UPS® Ground
Stockton,Chicago,IL,Size L,16.29,3,UPS® Ground
Stockton,Dallas,TX,Size L,15.29,4,UPS® Ground
Stockton,Wilmington,DE,Size L,17.29,4,UPS® Ground
Stockton,Austin,TX,Size L,16.29,3,UPS® Ground
Stockton,Canton,OH,Size L,17.29,4,UPS® Ground
Stockton,Charlotte,NC,Size L,17.29,5,UPS® Ground
Stockton,New York,NY,Size L,17.29,4,UPS® Ground
Stockton,Atlanta,GA,Size L,17.29,4,UPS® Ground
Stockton,Franklin,TN,Size L,17.29,4,UPS® Ground
Stockton,Lexington,KY,Size L,17.29,4,UPS® Ground
Stockton,Orlando,FL,Size L,17.29,5,UPS® Ground
Stockton,Rochester,NY,Size L,17.29,4,UPS® Ground
Stockton,Las Vegas,NV,Size L,10.54,2,UPS® Ground
Stockton,Louisville,KY,Size L,17.29,3,UPS® Ground
Stockton,Marietta,GA,Size L,17.29,4,UPS® Ground
Stockton,Colorado Springs,CO,Size L,14.1,3,UPS® Ground
Stockton,Columbus,OH,Size L,17.29,4,UPS® Ground
Stockton,Marble Falls,TX,Size L,16.29,3,UPS® Ground
Stockton,Tampa,FL,Size L,17.29,5,UPS® Ground
Stockton,San Diego,CA,Size L,10.54,2,UPS® Ground
Stockton,Columbia,SC,Size L,17.29,5,UPS® Ground
Stockton,Greenville,SC,Size L,17.29,5,UPS® Ground
Stockton,Lebanon,TN,Size L,17.29,4,UPS® Ground
Stockton,Salem,OR,Size L,10.54,2,UPS® Ground
Stockton,Cleveland,OH,Size L,17.29,4,UPS® Ground
Stockton,Denver,CO,Size L,14.1,3,UPS® Ground
Stockton,Omaha,NE,Size L,15.29,4,UPS® Ground
Stockton,Portland,OR,Size L,10.54,2,UPS® Ground
Stockton,Raleigh,NC,Size L,17.29,5,UPS® Ground
Stockton,Richmond,VA,Size L,17.29,4,UPS® Ground
Stockton,Jackson,MS,Size L,16.29,4,UPS® Ground
Stockton,Albany,NY,Size L,17.29,4,UPS® Ground
Stockton,Fort Worth,TX,Size L,15.29,4,UPS® Ground
Stockton,Oklahoma City,OK,Size L,15.29,4,UPS® Ground
Stockton,Chesapeake,VA,Size L,17.29,4,UPS® Ground
Stockton,Miami,FL,Size L,17.29,5,UPS® Ground
Stockton,Milford,CT,Size L,17.29,5,UPS® Ground
Stockton,Pittsburgh,PA,Size L,17.29,4,UPS® Ground
Stockton,San Francisco,CA,Size L,8.94,1,UPS® Ground
Stockton,San Jose,CA,Size L,8.94,1,UPS® Ground
Stockton,Tucson,AZ,Size L,14.1,2,UPS® Ground
Stockton,Virginia Beach,VA,Size L,17.29,4,UPS® Ground
Stockton,Albuquerque,NM,Size L,14.1,3,UPS® Ground
Stockton,Gilbert,AZ,Size L,14.1,2,UPS® Ground
Stockton,Springfield,IL,Size L,16.29,3,UPS® Ground
Stockton,Alexandria,VA,Size L,17.29,4,UPS® Ground
Stockton,Kansas City,MO,Size L,15.29,4,UPS® Ground
Stockton,Knoxville,TN,Size L,17.29,4,UPS® Ground
Stockton,Lakewood,CO,Size L,14.1,3,UPS® Ground
Stockton,Nashville,TN,Size L,17.29,4,UPS® Ground
Stockton,Saint Louis,MO,Size L,16.29,4,UPS® Ground
Stockton,Seattle,WA,Size L,15.29,2,UPS® Ground
Austin,Brooklyn,NY,Size L,16.29,3,UPS® Ground
Austin,Phoenix,AZ,Size L,14.1,3,UPS® Ground
Austin,Houston,TX,Size L,9.94,1,UPS® Ground
Austin,San Antonio,TX,Size L,8.94,1,UPS® Ground
Austin,Jacksonville,FL,Size L,14.1,2,UPS® Ground
Austin,Chicago,IL,Size L,15.29,2,UPS® Ground
Austin,Dallas,TX,Size L,9.94,1,UPS® Ground
Austin,Wilmington,DE,Size L,16.29,3,UPS® Ground
Austin,Austin,TX,Size L,8.94,1,UPS® Ground
Austin,Canton,OH,Size L,15.29,3,UPS® Ground
Austin,Charlotte,NC,Size L,16.29,3,UPS® Ground
Austin,New York,NY,Size L,16.29,3,UPS® Ground
Austin,Atlanta,GA,Size L,14.1,3,UPS® Ground
Austin,Franklin,TN,Size L,14.1,2,UPS® Ground
Austin,Lexington,KY,Size L,14.1,3,UPS® Ground
Austin,Orlando,FL,Size L,14.1,2,UPS® Ground
Austin,Rochester,NY,Size L,16.29,4,UPS® Ground
Austin,Las Vegas,NV,Size L,15.29,3,UPS® Ground
Austin,Louisville,KY,Size L,14.1,3,UPS® Ground
Austin,Marietta,GA,Size L,14.1,3,UPS® Ground
Austin,Colorado Springs,CO,Size L,14.1,2,UPS® Ground
Austin,Columbus,OH,Size L,15.29,3,UPS® Ground
Austin,Marble Falls,TX,Size L,8.94,1,UPS® Ground
Austin,Tampa,FL,Size L,14.1,2,UPS® Ground
Austin,San Diego,CA,Size L,15.29,3,UPS® Ground
Austin,Columbia,SC,Size L,15.29,3,UPS® Ground
Austin,Greenville,SC,Size L,14.1,3,UPS® Ground
Austin,Lebanon,TN,Size L,14.1,2,UPS® Ground
Austin,Salem,OR,Size L,16.29,4,UPS® Ground
Austin,Cleveland,OH,Size L,15.29,3,UPS® Ground
Austin,Denver,CO,Size L,14.1,2,UPS® Ground
Austin,Omaha,NE,Size L,14.1,2,UPS® Ground
Austin,Portland,OR,Size L,16.29,4,UPS® Ground
Austin,Raleigh,NC,Size L,15.29,3,UPS® Ground
Austin,Richmond,VA,Size L,15.29,3,UPS® Ground
Austin,Jackson,MS,Size L,10.54,2,UPS® Ground
Austin,Albany,NY,Size L,16.29,4,UPS® Ground
Austin,Fort Worth,TX,Size L,9.94,1,UPS® Ground
Austin,Oklahoma City,OK,Size L,10.54,2,UPS® Ground
Austin,Chesapeake,VA,Size L,15.29,3,UPS® Ground
Austin,Miami,FL,Size L,15.29,2,UPS® Ground
Austin,Milford,CT,Size L,16.29,3,UPS® Ground
Austin,Pittsburgh,PA,Size L,15.29,3,UPS® Ground
Austin,San Francisco,CA,Size L,16.29,4,UPS® Ground
Austin,San Jose,CA,Size L,16.29,4,UPS® Ground
Austin,Tucson,AZ,Size L,14.1,3,UPS® Ground
Austin,Virginia Beach,VA,Size L,15.29,3,UPS® Ground
Austin,Albuquerque,NM,Size L,14.1,2,UPS® Ground
Austin,Gilbert,AZ,Size L,14.1,3,UPS® Ground
Austin,Springfield,IL,Size L,14.1,2,UPS® Ground
Austin,Alexandria,VA,Size L,15.29,3,UPS® Ground
Austin,Kansas City,MO,Size L,14.1,2,UPS® Ground
Austin,Knoxville,TN,Size L,14.1,2,UPS® Ground
Austin,Lakewood,CO,Size L,14.1,2,UPS® Ground
Austin,Nashville,TN,Size L,14.1,2,UPS® Ground
Austin,Saint Louis,MO,Size L,14.1,2,UPS® Ground
Austin,Seattle,WA,Size L,17.29,4,UPS® Ground
Atlanta,Brooklyn,NY,Size L,14.1,2,UPS® Ground
Atlanta,Phoenix,AZ,Size L,16.29,3,UPS® Ground
Atlanta,Houston,TX,Size L,14.1,2,UPS® Ground
Atlanta,San Antonio,TX,Size L,14.1,2,UPS® Ground
Atlanta,Jacksonville,FL,Size L,9.94,1,UPS® Ground
Atlanta,Chicago,IL,Size L,14.1,2,UPS® Ground
Atlanta,Dallas,TX,Size L,14.1,2,UPS® Ground
Atlanta,Wilmington,DE,Size L,14.1,2,UPS® Ground
Atlanta,Austin,TX,Size L,14.1,2,UPS® Ground
Atlanta,Canton,OH,Size L,10.54,2,UPS® Ground
Atlanta,Charlotte,NC,Size L,9.94,1,UPS® Ground
Atlanta,New York,NY,Size L,14.1,2,UPS® Ground
Atlanta,Atlanta,GA,Size L,8.94,1,UPS® Ground
Atlanta,Franklin,TN,Size L,9.94,2,UPS® Ground
Atlanta,Lexington,KY,Size L,9.94,2,UPS® Ground
Atlanta,Orlando,FL,Size L,10.54,2,UPS® Ground
Atlanta,Rochester,NY,Size L,14.1,2,UPS® Ground
Atlanta,Las Vegas,NV,Size L,16.29,4,UPS® Ground
Atlanta,Louisville,KY,Size L,10.54,2,UPS® Ground
Atlanta,Marietta,GA,Size L,8.94,1,UPS® Ground
Atlanta,Colorado Springs,CO,Size L,15.29,3,UPS® Ground
Atlanta,Columbus,OH,Size L,10.54,2,UPS® Ground
Atlanta,Marble Falls,TX,Size L,14.1,2,UPS® Ground
Atlanta,Tampa,FL,Size L,10.54,2,UPS® Ground
Atlanta,San Diego,CA,Size L,17.29,3,UPS® Ground
Atlanta,Columbia,SC,Size L,9.94,1,UPS® Ground
Atlanta,Greenville,SC,Size L,8.94,1,UPS® Ground
Atlanta,Lebanon,TN,Size L,9.94,2,UPS® Ground
Atlanta,Salem,OR,Size L,17.29,4,UPS® Ground
Atlanta,Cleveland,OH,Size L,10.54,2,UPS® Ground
Atlanta,Denver,CO,Size L,15.29,3,UPS® Ground
Atlanta,Omaha,NE,Size L,14.1,3,UPS® Ground
Atlanta,Portland,OR,Size L,17.29,4,UPS® Ground
Atlanta,Raleigh,NC,Size L,10.54,2,UPS® Ground
Atlanta,Richmond,VA,Size L,10.54,2,UPS® Ground
Atlanta,Jackson,MS,Size L,10.54,2,UPS® Ground
Atlanta,Albany,NY,Size L,14.1,2,UPS® Ground
Atlanta,Fort Worth,TX,Size L,14.1,2,UPS® Ground
Atlanta,Oklahoma City,OK,Size L,14.1,2,UPS® Ground
Atlanta,Chesapeake,VA,Size L,10.54,2,UPS® Ground
Atlanta,Miami,FL,Size L,10.54,2,UPS® Ground
Atlanta,Milford,CT,Size L,14.1,2,UPS® Ground
Atlanta,Pittsburgh,PA,Size L,10.54,2,UPS® Ground
Atlanta,San Francisco,CA,Size L,17.29,4,UPS® Ground
Atlanta,San Jose,CA,Size L,17.29,4,UPS® Ground
Atlanta,Tucson,AZ,Size L,16.29,3,UPS® Ground
Atlanta,Virginia Beach,VA,Size L,10.54,2,UPS® Ground
Atlanta,Albuquerque,NM,Size L,15.29,3,UPS® Ground
Atlanta,Gilbert,AZ,Size L,16.29,3,UPS® Ground
Atlanta,Springfield,IL,Size L,10.54,2,UPS® Ground
Atlanta,Alexandria,VA,Size L,10.54,2,UPS® Ground
Atlanta,Kansas City,MO,Size L,14.1,2,UPS® Ground
Atlanta,Knoxville,TN,Size L,9.94,2,UPS® Ground
Atlanta,Lakewood,CO,Size L,15.29,3,UPS® Ground
Atlanta,Nashville,TN,Size L,9.94,2,UPS® Ground
Atlanta,Saint Louis,MO,Size L,10.54,2,UPS® Ground
Atlanta,Seattle,WA,Size L,17.29,4,UPS® Ground
Columbus,Brooklyn,NY,Size L,14.1,2,UPS® Ground
Columbus,Phoenix,AZ,Size L,16.29,4,UPS® Ground
Columbus,Houston,TX,Size L,15.29,3,UPS® Ground
Columbus,San Antonio,TX,Size L,16.29,3,UPS® Ground
Columbus,Jacksonville,FL,Size L,14.1,2,UPS® Ground
Columbus,Chicago,IL,Size L,10.54,1,UPS® Ground
Columbus,Dallas,TX,Size L,14.1,2,UPS® Ground
Columbus,Wilmington,DE,Size L,10.54,2,UPS® Ground
Columbus,Austin,TX,Size L,15.29,2,UPS® Ground
Columbus,Canton,OH,Size L,8.94,1,UPS® Ground
Columbus,Charlotte,NC,Size L,10.54,2,UPS® Ground
Columbus,New York,NY,Size L,10.54,2,UPS® Ground
Columbus,Atlanta,GA,Size L,10.54,2,UPS® Ground
Columbus,Franklin,TN,Size L,10.54,2,UPS® Ground
Columbus,Lexington,KY,Size L,9.94,1,UPS® Ground
Columbus,Orlando,FL,Size L,14.1,2,UPS® Ground
Columbus,Rochester,NY,Size L,10.54,2,UPS® Ground
Columbus,Las Vegas,NV,Size L,17.29,3,UPS® Ground
Columbus,Louisville,KY,Size L,9.94,1,UPS® Ground
Columbus,Marietta,GA,Size L,10.54,2,UPS® Ground
Columbus,Colorado Springs,CO,Size L,15.29,3,UPS® Ground
Columbus,Columbus,OH,Size L,8.94,1,UPS® Ground
Columbus,Marble Falls,TX,Size L,15.29,2,UPS® Ground
Columbus,Tampa,FL,Size L,14.1,2,UPS® Ground
Columbus,San Diego,CA,Size L,17.29,3,UPS® Ground
Columbus,Columbia,SC,Size L,10.54,2,UPS® Ground
Columbus,Greenville,SC,Size L,10.54,2,UPS® Ground
Columbus,Lebanon,TN,Size L,10.54,2,UPS® Ground
Columbus,Salem,OR,Size L,17.29,3,UPS® Ground
Columbus,Cleveland,OH,Size L,9.94,1,UPS® Ground
Columbus,Denver,CO,Size L,16.29,3,UPS® Ground
Columbus,Omaha,NE,Size L,14.1,2,UPS® Ground
Columbus,Portland,OR,Size L,17.29,3,UPS® Ground
Columbus,Raleigh,NC,Size L,10.54,2,UPS® Ground
Columbus,Richmond,VA,Size L,10.54,2,UPS® Ground
Columbus,Jackson,MS,Size L,14.1,2,UPS® Ground
Columbus,Albany,NY,Size L,10.54,2,UPS® Ground
Columbus,Fort Worth,TX,Size L,14.1,2,UPS® Ground
Columbus,Oklahoma City,OK,Size L,14.1,3,UPS® Ground
Columbus,Chesapeake,VA,Size L,10.54,2,UPS® Ground
Columbus,Miami,FL,Size L,15.29,2,UPS® Ground
Columbus,Milford,CT,Size L,10.54,2,UPS® Ground
Columbus,Pittsburgh,PA,Size L,9.94,1,UPS® Ground
Columbus,San Francisco,CA,Size L,17.29,4,UPS® Ground
Columbus,San Jose,CA,Size L,17.29,4,UPS® Ground
Columbus,Tucson,AZ,Size L,16.29,4,UPS® Ground
Columbus,Virginia Beach,VA,Size L,10.54,2,UPS® Ground
Columbus,Albuquerque,NM,Size L,15.29,4,UPS® Ground
Columbus,Gilbert,AZ,Size L,16.29,4,UPS® Ground
Columbus,Springfield,IL,Size L,10.54,2,UPS® Ground
Columbus,Alexandria,VA,Size L,10.54,2,UPS® Ground
Columbus,Kansas City,MO,Size L,14.1,2,UPS® Ground
Columbus,Knoxville,TN,Size L,9.94,2,UPS® Ground
Columbus,Lakewood,CO,Size L,16.29,3,UPS® Ground
Columbus,Nashville,TN,Size L,10.54,2,UPS® Ground
Columbus,Saint Louis,MO,Size L,10.54,2,UPS® Ground
Columbus,Seattle,WA,Size L,17.29,4,UPS® Ground
Philadelphia,Brooklyn,NY,Size L,8.94,1,UPS® Ground
Philadelphia,Phoenix,AZ,Size L,17.29,3,UPS® Ground
Philadelphia,Houston,TX,Size L,15.29,3,UPS® Ground
Philadelphia,San Antonio,TX,Size L,16.29,3,UPS® Ground
Philadelphia,Jacksonville,FL,Size L,14.1,2,UPS® Ground
Philadelphia,Chicago,IL,Size L,14.1,2,UPS® Ground
Philadelphia,Dallas,TX,Size L,15.29,3,UPS® Ground
Philadelphia,Wilmington,DE,Size L,8.94,1,UPS® Ground
Philadelphia,Austin,TX,Size L,16.29,3,UPS® Ground
Philadelphia,Canton,OH,Size L,10.54,2,UPS® Ground
Philadelphia,Charlotte,NC,Size L,10.54,2,UPS® Ground
Philadelphia,New York,NY,Size L,8.94,1,UPS® Ground
Philadelphia,Atlanta,GA,Size L,14.1,2,UPS® Ground
Philadelphia,Franklin,TN,Size L,14.1,2,UPS® Ground
Philadelphia,Lexington,KY,Size L,10.54,2,UPS® Ground
Philadelphia,Orlando,FL,Size L,14.1,2,UPS® Ground
Philadelphia,Rochester,NY,Size L,9.94,2,UPS® Ground
Philadelphia,Las Vegas,NV,Size L,17.29,3,UPS® Ground
Philadelphia,Louisville,KY,Size L,10.54,2,UPS® Ground
Philadelphia,Marietta,GA,Size L,14.1,2,UPS® Ground
Philadelphia,Colorado Springs,CO,Size L,16.29,3,UPS® Ground
Philadelphia,Columbus,OH,Size L,10.54,2,UPS® Ground
Philadelphia,Marble Falls,TX,Size L,16.29,3,UPS® Ground
Philadelphia,Tampa,FL,Size L,14.1,2,UPS® Ground
Philadelphia,San Diego,CA,Size L,17.29,4,UPS® Ground
Philadelphia,Columbia,SC,Size L,10.54,2,UPS® Ground
Philadelphia,Greenville,SC,Size L,10.54,2,UPS® Ground
Philadelphia,Lebanon,TN,Size L,14.1,2,UPS® Ground
Philadelphia,Salem,OR,Size L,17.29,4,UPS® Ground
Philadelphia,Cleveland,OH,Size L,10.54,2,UPS® Ground
Philadelphia,Denver,CO,Size L,16.29,3,UPS® Ground
Philadelphia,Omaha,NE,Size L,15.29,2,UPS® Ground
Philadelphia,Portland,OR,Size L,17.29,4,UPS® Ground
Philadelphia,Raleigh,NC,Size L,10.54,2,UPS® Ground
Philadelphia,Richmond,VA,Size L,9.94,1,UPS® Ground
Philadelphia,Jackson,MS,Size L,14.1,3,UPS® Ground
Philadelphia,Albany,NY,Size L,9.94,1,UPS® Ground
Philadelphia,Fort Worth,TX,Size L,15.29,3,UPS® Ground
Philadelphia,Oklahoma City,OK,Size L,15.29,3,UPS® Ground
Philadelphia,Chesapeake,VA,Size L,9.94,1,UPS® Ground
Philadelphia,Miami,FL,Size L,15.29,2,UPS® Ground
Philadelphia,Milford,CT,Size L,9.94,1,UPS® Ground
Philadelphia,Pittsburgh,PA,Size L,9.94,1,UPS® Ground
Philadelphia,San Francisco,CA,Size L,17.29,4,UPS® Ground
Philadelphia,San Jose,CA,Size L,17.29,4,UPS® Ground
Philadelphia,Tucson,AZ,Size L,17.29,3,UPS® Ground
Philadelphia,Virginia Beach,VA,Size L,9.94,1,UPS® Ground
Philadelphia,Albuquerque,NM,Size L,16.29,4,UPS® Ground
Philadelphia,Gilbert,AZ,Size L,17.29,3,UPS® Ground
Philadelphia,Springfield,IL,Size L,14.1,2,UPS® Ground
Philadelphia,Alexandria,VA,Size L,8.94,1,UPS® Ground
Philadelphia,Kansas City,MO,Size L,15.29,3,UPS® Ground
Philadelphia,Knoxville,TN,Size L,10.54,2,UPS® Ground
Philadelphia,Lakewood,CO,Size L,16.29,3,UPS® Ground
Philadelphia,Nashville,TN,Size L,14.1,2,UPS® Ground
Philadelphia,Saint Louis,MO,Size L,14.1,2,UPS® Ground
Philadelphia,Seattle,WA,Size L,17.29,4,UPS® Ground
Dallas,Brooklyn,NY,Size L,15.29,3,UPS® Ground
Dallas,Phoenix,AZ,Size L,15.29,3,UPS® Ground
Dallas,Houston,TX,Size L,9.94,1,UPS® Ground
Dallas,San Antonio,TX,Size L,10.54,1,UPS® Ground
Dallas,Jacksonville,FL,Size L,14.1,2,UPS® Ground
Dallas,Chicago,IL,Size L,14.1,2,UPS® Ground
Dallas,Dallas,TX,Size L,8.94,1,UPS® Ground
Dallas,Wilmington,DE,Size L,15.29,3,UPS® Ground
Dallas,Austin,TX,Size L,9.94,1,UPS® Ground
Dallas,Canton,OH,Size L,15.29,3,UPS® Ground
Dallas,Charlotte,NC,Size L,14.1,3,UPS® Ground
Dallas,New York,NY,Size L,15.29,3,UPS® Ground
Dallas,Atlanta,GA,Size L,14.1,2,UPS® Ground
Dallas,Franklin,TN,Size L,14.1,2,UPS® Ground
Dallas,Lexington,KY,Size L,14.1,3,UPS® Ground
Dallas,Orlando,FL,Size L,15.29,2,UPS® Ground
Dallas,Rochester,NY,Size L,15.29,4,UPS® Ground
Dallas,Las Vegas,NV,Size L,16.29,3,UPS® Ground
Dallas,Louisville,KY,Size L,14.1,3,UPS® Ground
Dallas,Marietta,GA,Size L,14.1,2,UPS® Ground
Dallas,Colorado Springs,CO,Size L,14.1,2,UPS® Ground
Dallas,Columbus,OH,Size L,14.1,3,UPS® Ground
Dallas,Marble Falls,TX,Size L,9.94,1,UPS® Ground
Dallas,Tampa,FL,Size L,14.1,2,UPS® Ground
Dallas,San Diego,CA,Size L,15.29,3,UPS® Ground
Dallas,Columbia,SC,Size L,14.1,2,UPS® Ground
Dallas,Greenville,SC,Size L,14.1,2,UPS® Ground
Dallas,Lebanon,TN,Size L,14.1,2,UPS® Ground
Dallas,Salem,OR,Size L,16.29,4,UPS® Ground
Dallas,Cleveland,OH,Size L,15.29,3,UPS® Ground
Dallas,Denver,CO,Size L,14.1,2,UPS® Ground
Dallas,Omaha,NE,Size L,14.1,2,UPS® Ground
Dallas,Portland,OR,Size L,16.29,4,UPS® Ground
Dallas,Raleigh,NC,Size L,15.29,3,UPS® Ground
Dallas,Richmond,VA,Size L,15.29,3,UPS® Ground
Dallas,Jackson,MS,Size L,10.54,2,UPS® Ground
Dallas,Albany,NY,Size L,16.29,4,UPS® Ground
Dallas,Fort Worth,TX,Size L,8.94,1,UPS® Ground
Dallas,Oklahoma City,OK,Size L,9.94,1,UPS® Ground
Dallas,Chesapeake,VA,Size L,15.29,3,UPS® Ground
Dallas,Miami,FL,Size L,16.29,3,UPS® Ground
Dallas,Milford,CT,Size L,16.29,3,UPS® Ground
Dallas,Pittsburgh,PA,Size L,15.29,3,UPS® Ground
Dallas,San Francisco,CA,Size L,16.29,3,UPS® Ground
Dallas,San Jose,CA,Size L,16.29,3,UPS® Ground
Dallas,Tucson,AZ,Size L,14.1,3,UPS® Ground
Dallas,Virginia Beach,VA,Size L,15.29,3,UPS® Ground
Dallas,Albuquerque,NM,Size L,14.1,2,UPS® Ground
Dallas,Gilbert,AZ,Size L,15.29,3,UPS® Ground
Dallas,Springfield,IL,Size L,14.1,2,UPS® Ground
Dallas,Alexandria,VA,Size L,15.29,3,UPS® Ground
Dallas,Kansas City,MO,Size L,10.54,2,UPS® Ground
Dallas,Knoxville,TN,Size L,14.1,2,UPS® Ground
Dallas,Lakewood,CO,Size L,14.1,2,UPS® Ground
Dallas,Nashville,TN,Size L,14.1,2,UPS® Ground
Dallas,Saint Louis,MO,Size L,10.54,2,UPS® Ground
Dallas,Seattle,WA,Size L,16.29,4,UPS® Ground
Jacksonville,Brooklyn,NY,Size L,14.1,2,UPS® Ground
Jacksonville,Phoenix,AZ,Size L,16.29,3,UPS® Ground
Jacksonville,Houston,TX,Size L,14.1,3,UPS® Ground
Jacksonville,San Antonio,TX,Size L,15.29,2,UPS® Ground
Jacksonville,Jacksonville,FL,Size L,8.94,1,UPS® Ground
Jacksonville,Chicago,IL,Size L,14.1,2,UPS® Ground
Jacksonville,Dallas,TX,Size L,14.1,3,UPS® Ground
Jacksonville,Wilmington,DE,Size L,14.1,2,UPS® Ground
Jacksonville,Austin,TX,Size L,14.1,2,UPS® Ground
Jacksonville,Canton,OH,Size L,14.1,2,UPS® Ground
Jacksonville,Charlotte,NC,Size L,10.54,2,UPS® Ground
Jacksonville,New York,NY,Size L,14.1,2,UPS® Ground
Jacksonville,Atlanta,GA,Size L,10.54,2,UPS® Ground
Jacksonville,Franklin,TN,Size L,10.54,2,UPS® Ground
Jacksonville,Lexington,KY,Size L,10.54,2,UPS® Ground
Jacksonville,Orlando,FL,Size L,9.94,1,UPS® Ground
Jacksonville,Rochester,NY,Size L,14.1,3,UPS® Ground
Jacksonville,Las Vegas,NV,Size L,17.29,4,UPS® Ground
Jacksonville,Louisville,KY,Size L,10.54,2,UPS® Ground
Jacksonville,Marietta,GA,Size L,10.54,2,UPS® Ground
Jacksonville,Colorado Springs,CO,Size L,16.29,3,UPS® Ground
Jacksonville,Columbus,OH,Size L,14.1,2,UPS® Ground
Jacksonville,Marble Falls,TX,Size L,14.1,2,UPS® Ground
Jacksonville,Tampa,FL,Size L,9.94,1,UPS® Ground
Jacksonville,San Diego,CA,Size L,17.29,4,UPS® Ground
Jacksonville,Columbia,SC,Size L,9.94,2,UPS® Ground
Jacksonville,Greenville,SC,Size L,10.54,2,UPS® Ground
Jacksonville,Lebanon,TN,Size L,10.54,2,UPS® Ground
Jacksonville,Salem,OR,Size L,17.29,4,UPS® Ground
Jacksonville,Cleveland,OH,Size L,14.1,2,UPS® Ground
Jacksonville,Denver,CO,Size L,16.29,3,UPS® Ground
Jacksonville,Omaha,NE,Size L,15.29,2,UPS® Ground
Jacksonville,Portland,OR,Size L,17.29,4,UPS® Ground
Jacksonville,Raleigh,NC,Size L,10.54,2,UPS® Ground
Jacksonville,Richmond,VA,Size L,10.54,2,UPS® Ground
Jacksonville,Jackson,MS,Size L,10.54,2,UPS® Ground
Jacksonville,Albany,NY,Size L,14.1,2,UPS® Ground
Jacksonville,Fort Worth,TX,Size L,14.1,3,UPS® Ground
Jacksonville,Oklahoma City,OK,Size L,14.1,2,UPS® Ground
Jacksonville,Chesapeake,VA,Size L,10.54,2,UPS® Ground
Jacksonville,Miami,FL,Size L,10.54,1,UPS® Ground
Jacksonville,Milford,CT,Size L,14.1,3,UPS® Ground
Jacksonville,Pittsburgh,PA,Size L,14.1,2,UPS® Ground
Jacksonville,San Francisco,CA,Size L,17.29,4,UPS® Ground
Jacksonville,San Jose,CA,Size L,17.29,4,UPS® Ground
Jacksonville,Tucson,AZ,Size L,16.29,3,UPS® Ground
Jacksonville,Virginia Beach,VA,Size L,10.54,2,UPS® Ground
Jacksonville,Albuquerque,NM,Size L,16.29,4,UPS® Ground
Jacksonville,Gilbert,AZ,Size L,16.29,3,UPS® Ground
Jacksonville,Springfield,IL,Size L,14.1,2,UPS® Ground
Jacksonville,Alexandria,VA,Size L,14.1,2,UPS® Ground
Jacksonville,Kansas City,MO,Size L,14.1,2,UPS® Ground
Jacksonville,Knoxville,TN,Size L,10.54,2,UPS® Ground
Jacksonville,Lakewood,CO,Size L,16.29,3,UPS® Ground
Jacksonville,Nashville,TN,Size L,10.54,2,UPS® Ground
Jacksonville,Saint Louis,MO,Size L,14.1,2,UPS® Ground
Jacksonville,Seattle,WA,Size L,17.29,4,UPS® Ground
Chicago,Brooklyn,NY,Size L,14.1,2,UPS® Ground
Chicago,Phoenix,AZ,Size L,16.29,3,UPS® Ground
Chicago,Houston,TX,Size L,15.29,3,UPS® Ground
Chicago,San Antonio,TX,Size L,15.29,3,UPS® Ground
Chicago,Jacksonville,FL,Size L,14.1,2,UPS® Ground
Chicago,Chicago,IL,Size L,8.94,1,UPS® Ground
Chicago,Dallas,TX,Size L,14.1,2,UPS® Ground
Chicago,Wilmington,DE,Size L,14.1,2,UPS® Ground
Chicago,Austin,TX,Size L,14.1,2,UPS® Ground
Chicago,Canton,OH,Size L,10.54,2,UPS® Ground
Chicago,Charlotte,NC,Size L,14.1,2,UPS® Ground
Chicago,New York,NY,Size L,14.1,2,UPS® Ground
Chicago,Atlanta,GA,Size L,14.1,2,UPS® Ground
Chicago,Franklin,TN,Size L,10.54,2,UPS® Ground
Chicago,Lexington,KY,Size L,10.54,2,UPS® Ground
Chicago,Orlando,FL,Size L,15.29,2,UPS® Ground
Chicago,Rochester,NY,Size L,10.54,2,UPS® Ground
Chicago,Las Vegas,NV,Size L,16.29,3,UPS® Ground
Chicago,Louisville,KY,Size L,9.94,2,UPS® Ground
Chicago,Marietta,GA,Size L,14.1,2,UPS® Ground
Chicago,Colorado Springs,CO,Size L,14.1,2,UPS® Ground
Chicago,Columbus,OH,Size L,9.94,2,UPS® Ground
Chicago,Marble Falls,TX,Size L,14.1,2,UPS® Ground
Chicago,Tampa,FL,Size L,14.1,2,UPS® Ground
Chicago,San Diego,CA,Size L,16.29,3,UPS® Ground
Chicago,Columbia,SC,Size L,14.1,2,UPS® Ground
Chicago,Greenville,SC,Size L,10.54,2,UPS® Ground
Chicago,Lebanon,TN,Size L,10.54,2,UPS® Ground
Chicago,Salem,OR,Size L,16.29,3,UPS® Ground
Chicago,Cleveland,OH,Size L,10.54,2,UPS® Ground
Chicago,Denver,CO,Size L,14.1,2,UPS® Ground
Chicago,Omaha,NE,Size L,10.54,2,UPS® Ground
Chicago,Portland,OR,Size L,16.29,3,UPS® Ground
Chicago,Raleigh,NC,Size L,14.1,2,UPS® Ground
Chicago,Richmond,VA,Size L,14.1,3,UPS® Ground
Chicago,Jackson,MS,Size L,14.1,2,UPS® Ground
Chicago,Albany,NY,Size L,14.1,2,UPS® Ground
Chicago,Fort Worth,TX,Size L,14.1,2,UPS® Ground
Chicago,Oklahoma City,OK,Size L,14.1,2,UPS® Ground
Chicago,Chesapeake,VA,Size L,14.1,3,UPS® Ground
Chicago,Miami,FL,Size L,15.29,3,UPS® Ground
Chicago,Milford,CT,Size L,14.1,2,UPS® Ground
Chicago,Pittsburgh,PA,Size L,10.54,2,UPS® Ground
Chicago,San Francisco,CA,Size L,17.29,4,UPS® Ground
Chicago,San Jose,CA,Size L,17.29,4,UPS® Ground
Chicago,Tucson,AZ,Size L,16.29,3,UPS® Ground
Chicago,Virginia Beach,VA,Size L,14.1,3,UPS® Ground
Chicago,Albuquerque,NM,Size L,15.29,4,UPS® Ground
Chicago,Gilbert,AZ,Size L,16.29,3,UPS® Ground
Chicago,Springfield,IL,Size L,9.94,1,UPS® Ground
Chicago,Alexandria,VA,Size L,10.54,3,UPS® Ground
Chicago,Kansas City,MO,Size L,10.54,2,UPS® Ground
Chicago,Knoxville,TN,Size L,10.54,2,UPS® Ground
Chicago,Lakewood,CO,Size L,14.1,2,UPS® Ground
Chicago,Nashville,TN,Size L,10.54,2,UPS® Ground
Chicago,Saint Louis,MO,Size L,10.54,1,UPS® Ground
Chicago,Seattle,WA,Size L,16.29,4,UPS® Ground
Denver,Brooklyn,NY,Size L,16.29,3,UPS® Ground
Denver,Phoenix,AZ,Size L,14.1,2,UPS® Ground
Denver,Houston,TX,Size L,14.1,2,UPS® Ground
Denver,San Antonio,TX,Size L,14.1,2,UPS® Ground
Denver,Jacksonville,FL,Size L,16.29,3,UPS® Ground
Denver,Chicago,IL,Size L,14.1,2,UPS® Ground
Denver,Dallas,TX,Size L,14.1,2,UPS® Ground
Denver,Wilmington,DE,Size L,16.29,3,UPS® Ground
Denver,Austin,TX,Size L,14.1,2,UPS® Ground
Denver,Canton,OH,Size L,15.29,3,UPS® Ground
Denver,Charlotte,NC,Size L,15.29,3,UPS® Ground
Denver,New York,NY,Size L,16.29,3,UPS® Ground
Denver,Atlanta,GA,Size L,15.29,3,UPS® Ground
Denver,Franklin,TN,Size L,15.29,3,UPS® Ground
Denver,Lexington,KY,Size L,15.29,3,UPS® Ground
Denver,Orlando,FL,Size L,16.29,3,UPS® Ground
Denver,Rochester,NY,Size L,16.29,4,UPS® Ground
Denver,Las Vegas,NV,Size L,15.29,2,UPS® Ground
Denver,Louisville,KY,Size L,15.29,3,UPS® Ground
Denver,Marietta,GA,Size L,15.29,3,UPS® Ground
Denver,Colorado Springs,CO,Size L,8.94,1,UPS® Ground
Denver,Columbus,OH,Size L,15.29,3,UPS® Ground
Denver,Marble Falls,TX,Size L,14.1,2,UPS® Ground
Denver,Tampa,FL,Size L,16.29,3,UPS® Ground
Denver,San Diego,CA,Size L,14.1,2,UPS® Ground
Denver,Columbia,SC,Size L,15.29,3,UPS® Ground
Denver,Greenville,SC,Size L,15.29,3,UPS® Ground
Denver,Lebanon,TN,Size L,15.29,3,UPS® Ground
Denver,Salem,OR,Size L,14.1,3,UPS® Ground
Denver,Cleveland,OH,Size L,15.29,3,UPS® Ground
Denver,Denver,CO,Size L,8.94,1,UPS® Ground
Denver,Omaha,NE,Size L,10.54,2,UPS® Ground
Denver,Portland,OR,Size L,14.1,3,UPS® Ground
Denver,Raleigh,NC,Size L,16.29,3,UPS® Ground
Denver,Richmond,VA,Size L,16.29,3,UPS® Ground
Denver,Jackson,MS,Size L,14.1,3,UPS® Ground
Denver,Albany,NY,Size L,16.29,3,UPS® Ground
Denver,Fort Worth,TX,Size L,14.1,2,UPS® Ground
Denver,Oklahoma City,OK,Size L,10.54,2,UPS® Ground
Denver,Chesapeake,VA,Size L,16.29,3,UPS® Ground
Denver,Miami,FL,Size L,16.29,3,UPS® Ground
Denver,Milford,CT,Size L,16.29,3,UPS® Ground
Denver,Pittsburgh,PA,Size L,15.29,3,UPS® Ground
Denver,San Francisco,CA,Size L,14.1,2,UPS® Ground
Denver,San Jose,CA,Size L,14.1,2,UPS® Ground
Denver,Tucson,AZ,Size L,14.1,2,UPS® Ground
Denver,Virginia Beach,VA,Size L,16.29,3,UPS® Ground
Denver,Albuquerque,NM,Size L,10.54,2,UPS® Ground
Denver,Gilbert,AZ,Size L,14.1,2,UPS® Ground
Denver,Springfield,IL,Size L,14.1,2,UPS® Ground
Denver,Alexandria,VA,Size L,16.29,3,UPS® Ground
Denver,Kansas City,MO,Size L,10.54,2,UPS® Ground
Denver,Knoxville,TN,Size L,15.29,3,UPS® Ground
Denver,Lakewood,CO,Size L,8.94,1,UPS® Ground
Denver,Nashville,TN,Size L,15.29,3,UPS® Ground
Denver,Saint Louis,MO,Size L,14.1,2,UPS® Ground
Denver,Seattle,WA,Size L,15.29,3,UPS® Ground
Portland,Brooklyn,NY,Size L,17.29,4,UPS® Ground
Portland,Phoenix,AZ,Size L,16.29,3,UPS® Ground
Portland,Houston,TX,Size L,17.29,4,UPS® Ground
Portland,San Antonio,TX,Size L,16.29,4,UPS® Ground
Portland,Jacksonville,FL,Size L,17.29,5,UPS® Ground
Portland,Chicago,IL,Size L,16.29,3,UPS® Ground
Portland,Dallas,TX,Size L,16.29,4,UPS® Ground
Portland,Wilmington,DE,Size L,17.29,4,UPS® Ground
Portland,Austin,TX,Size L,16.29,4,UPS® Ground
Portland,Canton,OH,Size L,17.29,4,UPS® Ground
Portland,Charlotte,NC,Size L,17.29,5,UPS® Ground
Portland,New York,NY,Size L,17.29,4,UPS® Ground
Portland,Atlanta,GA,Size L,17.29,4,UPS® Ground
Portland,Franklin,TN,Size L,17.29,4,UPS® Ground
Portland,Lexington,KY,Size L,17.29,4,UPS® Ground
Portland,Orlando,FL,Size L,17.29,5,UPS® Ground
Portland,Rochester,NY,Size L,17.29,4,UPS® Ground
Portland,Las Vegas,NV,Size L,14.1,3,UPS® Ground
Portland,Louisville,KY,Size L,17.29,4,UPS® Ground
Portland,Marietta,GA,Size L,17.29,4,UPS® Ground
Portland,Colorado Springs,CO,Size L,15.29,3,UPS® Ground
Portland,Columbus,OH,Size L,17.29,4,UPS® Ground
Portland,Marble Falls,TX,Size L,16.29,4,UPS® Ground
Portland,Tampa,FL,Size L,17.29,5,UPS® Ground
Portland,San Diego,CA,Size L,14.1,3,UPS® Ground
Portland,Columbia,SC,Size L,17.29,5,UPS® Ground
Portland,Greenville,SC,Size L,17.29,5,UPS® Ground
Portland,Lebanon,TN,Size L,17.29,4,UPS® Ground
Portland,Salem,OR,Size L,8.94,1,UPS® Ground
Portland,Cleveland,OH,Size L,17.29,4,UPS® Ground
Portland,Denver,CO,Size L,15.29,3,UPS® Ground
Portland,Omaha,NE,Size L,15.29,3,UPS® Ground
Portland,Portland,OR,Size L,8.94,1,UPS® Ground
Portland,Raleigh,NC,Size L,17.29,5,UPS® Ground
Portland,Richmond,VA,Size L,17.29,4,UPS® Ground
Portland,Jackson,MS,Size L,17.29,5,UPS® Ground
Portland,Albany,NY,Size L,17.29,4,UPS® Ground
Portland,Fort Worth,TX,Size L,16.29,4,UPS® Ground
Portland,Oklahoma City,OK,Size L,16.29,4,UPS® Ground
Portland,Chesapeake,VA,Size L,17.29,4,UPS® Ground
Portland,Miami,FL,Size L,17.29,5,UPS® Ground
Portland,Milford,CT,Size L,17.29,4,UPS® Ground
Portland,Pittsburgh,PA,Size L,17.29,4,UPS® Ground
Portland,San Francisco,CA,Size L,10.54,2,UPS® Ground
Portland,San Jose,CA,Size L,14.1,2,UPS® Ground
Portland,Tucson,AZ,Size L,15.29,3,UPS® Ground
Portland,Virginia Beach,VA,Size L,17.29,4,UPS® Ground
Portland,Albuquerque,NM,Size L,15.29,4,UPS® Ground
Portland,Gilbert,AZ,Size L,16.29,3,UPS® Ground
Portland,Springfield,IL,Size L,16.29,3,UPS® Ground
Portland,Alexandria,VA,Size L,17.29,4,UPS® Ground
Portland,Kansas City,MO,Size L,16.29,4,UPS® Ground
Portland,Knoxville,TN,Size L,17.29,4,UPS® Ground
Portland,Lakewood,CO,Size L,15.29,3,UPS® Ground
Portland,Nashville,TN,Size L,17.29,4,UPS® Ground
Portland,Saint Louis,MO,Size L,16.29,4,UPS® Ground
Portland,Seattle,WA,Size L,8.94,1,UPS® Ground
Boston,Brooklyn,NY,Size L,9.94,1,UPS® Ground
Boston,Phoenix,AZ,Size L,17.29,4,UPS® Ground
Boston,Houston,TX,Size L,16.29,3,UPS® Ground
Boston,San Antonio,TX,Size L,16.29,4,UPS® Ground
Boston,Jacksonville,FL,Size L,15.29,3,UPS® Ground
Boston,Chicago,IL,Size L,14.1,2,UPS® Ground
Boston,Dallas,TX,Size L,16.29,3,UPS® Ground
Boston,Wilmington,DE,Size L,9.94,2,UPS® Ground
Boston,Austin,TX,Size L,16.29,3,UPS® Ground
Boston,Canton,OH,Size L,10.54,2,UPS® Ground
Boston,Charlotte,NC,Size L,14.1,2,UPS® Ground
Boston,New York,NY,Size L,9.94,1,UPS® Ground
Boston,Atlanta,GA,Size L,14.1,3,UPS® Ground
Boston,Franklin,TN,Size L,14.1,3,UPS® Ground
Boston,Lexington,KY,Size L,15.29,2,UPS® Ground
Boston,Orlando,FL,Size L,15.29,3,UPS® Ground
Boston,Rochester,NY,Size L,10.54,2,UPS® Ground
Boston,Las Vegas,NV,Size L,17.29,4,UPS® Ground
Boston,Louisville,KY,Size L,14.1,2,UPS® Ground
Boston,Marietta,GA,Size L,14.1,3,UPS® Ground
Boston,Colorado Springs,CO,Size L,16.29,3,UPS® Ground
Boston,Columbus,OH,Size L,14.1,2,UPS® Ground
Boston,Marble Falls,TX,Size L,16.29,4,UPS® Ground
Boston,Tampa,FL,Size L,15.29,3,UPS® Ground
Boston,San Diego,CA,Size L,17.29,4,UPS® Ground
Boston,Columbia,SC,Size L,14.1,2,UPS® Ground
Boston,Greenville,SC,Size L,14.1,2,UPS® Ground
Boston,Lebanon,TN,Size L,14.1,3,UPS® Ground
Boston,Salem,OR,Size L,17.29,4,UPS® Ground
Boston,Cleveland,OH,Size L,10.54,2,UPS® Ground
Boston,Denver,CO,Size L,16.29,3,UPS® Ground
Boston,Omaha,NE,Size L,15.29,3,UPS® Ground
Boston,Portland,OR,Size L,17.29,4,UPS® Ground
Boston,Raleigh,NC,Size L,14.1,2,UPS® Ground
Boston,Richmond,VA,Size L,10.54,2,UPS® Ground
Boston,Jackson,MS,Size L,15.29,3,UPS® Ground
Boston,Albany,NY,Size L,8.94,1,UPS® Ground
Boston,Fort Worth,TX,Size L,16.29,3,UPS® Ground
Boston,Oklahoma City,OK,Size L,16.29,3,UPS® Ground
Boston,Chesapeake,VA,Size L,10.54,2,UPS® Ground
Boston,Miami,FL,Size L,16.29,3,UPS® Ground
Boston,Milford,CT,Size L,8.94,1,UPS® Ground
Boston,Pittsburgh,PA,Size L,10.54,2,UPS® Ground
Boston,San Francisco,CA,Size L,17.29,5,UPS® Ground
Boston,San Jose,CA,Size L,17.29,5,UPS® Ground
Boston,Tucson,AZ,Size L,17.29,4,UPS® Ground
Boston,Virginia Beach,VA,Size L,10.54,2,UPS® Ground
Boston,Albuquerque,NM,Size L,17.29,5,UPS® Ground
Boston,Gilbert,AZ,Size L,17.29,4,UPS® Ground
Boston,Springfield,IL,Size L,14.1,3,UPS® Ground
Boston,Alexandria,VA,Size L,10.54,2,UPS® Ground
Boston,Kansas City,MO,Size L,15.29,3,UPS® Ground
Boston,Knoxville,TN,Size L,14.1,3,UPS® Ground
Boston,Lakewood,CO,Size L,16.29,3,UPS® Ground
Boston,Nashville,TN,Size L,14.1,3,UPS® Ground
Boston,Saint Louis,MO,Size L,15.29,3,UPS® Ground
Boston,Seattle,WA,Size L,17.29,4,UPS® Ground
Boise,Brooklyn,NY,Size L,17.29,5,UPS® Ground
Boise,Phoenix,AZ,Size L,14.1,3,UPS® Ground
Boise,Houston,TX,Size L,16.29,4,UPS® Ground
Boise,San Antonio,TX,Size L,15.29,4,UPS® Ground
Boise,Jacksonville,FL,Size L,17.29,5,UPS® Ground
Boise,Chicago,IL,Size L,16.29,4,UPS® Ground
Boise,Dallas,TX,Size L,15.29,3,UPS® Ground
Boise,Wilmington,DE,Size L,17.29,4,UPS® Ground
Boise,Austin,TX,Size L,15.29,3,UPS® Ground
Boise,Canton,OH,Size L,16.29,5,UPS® Ground
Boise,Charlotte,NC,Size L,17.29,5,UPS® Ground
Boise,New York,NY,Size L,17.29,5,UPS® Ground
Boise,Atlanta,GA,Size L,17.29,4,UPS® Ground
Boise,Franklin,TN,Size L,16.29,4,UPS® Ground
Boise,Lexington,KY,Size L,16.29,4,UPS® Ground
Boise,Orlando,FL,Size L,17.29,5,UPS® Ground
Boise,Rochester,NY,Size L,17.29,5,UPS® Ground
Boise,Las Vegas,NV,Size L,14.1,2,UPS® Ground
Boise,Louisville,KY,Size L,16.29,4,UPS® Ground
Boise,Marietta,GA,Size L,17.29,4,UPS® Ground
Boise,Colorado Springs,CO,Size L,14.1,2,UPS® Ground
Boise,Columbus,OH,Size L,16.29,5,UPS® Ground
Boise,Marble Falls,TX,Size L,15.29,3,UPS® Ground
Boise,Tampa,FL,Size L,17.29,5,UPS® Ground
Boise,San Diego,CA,Size L,14.1,2,UPS® Ground
Boise,Columbia,SC,Size L,17.29,5,UPS® Ground
Boise,Greenville,SC,Size L,17.29,5,UPS® Ground
Boise,Lebanon,TN,Size L,16.29,4,UPS® Ground
Boise,Salem,OR,Size L,10.54,2,UPS® Ground
Boise,Cleveland,OH,Size L,16.29,5,UPS® Ground
Boise,Denver,CO,Size L,14.1,2,UPS® Ground
Boise,Omaha,NE,Size L,15.29,3,UPS® Ground
Boise,Portland,OR,Size L,10.54,2,UPS® Ground
Boise,Raleigh,NC,Size L,17.29,5,UPS® Ground
Boise,Richmond,VA,Size L,17.29,5,UPS® Ground
Boise,Jackson,MS,Size L,16.29,4,UPS® Ground
Boise,Albany,NY,Size L,17.29,5,UPS® Ground
Boise,Fort Worth,TX,Size L,15.29,3,UPS® Ground
Boise,Oklahoma City,OK,Size L,15.29,3,UPS® Ground
Boise,Chesapeake,VA,Size L,17.29,5,UPS® Ground
Boise,Miami,FL,Size L,17.29,5,UPS® Ground
Boise,Milford,CT,Size L,17.29,5,UPS® Ground
Boise,Pittsburgh,PA,Size L,17.29,4,UPS® Ground
Boise,San Francisco,CA,Size L,10.54,2,UPS® Ground
Boise,San Jose,CA,Size L,10.54,2,UPS® Ground
Boise,Tucson,AZ,Size L,14.1,3,UPS® Ground
Boise,Virginia Beach,VA,Size L,17.29,5,UPS® Ground
Boise,Albuquerque,NM,Size L,14.1,3,UPS® Ground
Boise,Gilbert,AZ,Size L,14.1,3,UPS® Ground
Boise,Springfield,IL,Size L,15.29,4,UPS® Ground
Boise,Alexandria,VA,Size L,17.29,4,UPS® Ground
Boise,Kansas City,MO,Size L,15.29,3,UPS® Ground
Boise,Knoxville,TN,Size L,16.29,4,UPS® Ground
Boise,Lakewood,CO,Size L,14.1,2,UPS® Ground
Boise,Nashville,TN,Size L,16.29,4,UPS® Ground
Boise,Saint Louis,MO,Size L,15.29,3,UPS® Ground
Boise,Seattle,WA,Size L,10.54,2,UPS® Ground
Indianapolis,Brooklyn,NY,Size L,16.04,2,UPS® Ground
Indianapolis,Phoenix,AZ,Size L,17.1,3,UPS® Ground
Indianapolis,Houston,TX,Size L,14.74,3,UPS® Ground
Indianapolis,San Antonio,TX,Size L,16.04,3,UPS® Ground
Indianapolis,Jacksonville,FL,Size L,14.74,2,UPS® Ground
Indianapolis,Chicago,IL,Size L,10.41,1,UPS® Ground
Indianapolis,Dallas,TX,Size L,14.74,2,UPS® Ground
Indianapolis,Wilmington,DE,Size L,11.36,2,UPS® Ground
Indianapolis,Austin,TX,Size L,16.04,2,UPS® Ground
Indianapolis,Canton,OH,Size L,10.41,1,UPS® Ground
Indianapolis,Charlotte,NC,Size L,11.36,2,UPS® Ground
Indianapolis,New York,NY,Size L,14.74,2,UPS® Ground
Indianapolis,Atlanta,GA,Size L,11.36,2,UPS® Ground
Indianapolis,Franklin,TN,Size L,11.36,2,UPS® Ground
Indianapolis,Lexington,KY,Size L,10.41,1,UPS® Ground
Indianapolis,Orlando,FL,Size L,14.74,2,UPS® Ground
Indianapolis,Rochester,NY,Size L,11.36,2,UPS® Ground
Indianapolis,Las Vegas,NV,Size L,17.1,3,UPS® Ground
Indianapolis,Louisville,KY,Size L,9.41,1,UPS® Ground
Indianapolis,Marietta,GA,Size L,14.74,2,UPS® Ground
Indianapolis,Colorado Springs,CO,Size L,14.74,2,UPS® Ground
Indianapolis,Columbus,OH,Size L,10.41,1,UPS® Ground
Indianapolis,Marble Falls,TX,Size L,16.04,2,UPS® Ground
Indianapolis,Tampa,FL,Size L,14.74,2,UPS® Ground
Indianapolis,San Diego,CA,Size L,17.1,3,UPS® Ground
Indianapolis,Columbia,SC,Size L,11.36,2,UPS® Ground
Indianapolis,Greenville,SC,Size L,11.36,2,UPS® Ground
Indianapolis,Lebanon,TN,Size L,11.36,2,UPS® Ground
Indianapolis,Salem,OR,Size L,18.12,3,UPS® Ground
Indianapolis,Cleveland,OH,Size L,10.41,1,UPS® Ground
Indianapolis,Denver,CO,Size L,16.04,2,UPS® Ground
Indianapolis,Omaha,NE,Size L,11.36,2,UPS® Ground
Indianapolis,Portland,OR,Size L,18.12,3,UPS® Ground
Indianapolis,Raleigh,NC,Size L,11.36,2,UPS® Ground
Indianapolis,Richmond,VA,Size L,11.36,2,UPS® Ground
Indianapolis,Jackson,MS,Size L,11.36,2,UPS® Ground
Indianapolis,Albany,NY,Size L,14.74,2,UPS® Ground
Indianapolis,Fort Worth,TX,Size L,14.74,2,UPS® Ground
Indianapolis,Oklahoma City,OK,Size L,14.74,2,UPS® Ground
Indianapolis,Chesapeake,VA,Size L,11.36,2,UPS® Ground
Indianapolis,Miami,FL,Size L,16.04,3,UPS® Ground
Indianapolis,Milford,CT,Size L,14.74,2,UPS® Ground
Indianapolis,Pittsburgh,PA,Size L,11.36,2,UPS® Ground
Indianapolis,San Francisco,CA,Size L,18.12,3,UPS® Ground
Indianapolis,San Jose,CA,Size L,18.12,3,UPS® Ground
Indianapolis,Tucson,AZ,Size L,17.1,3,UPS® Ground
Indianapolis,Virginia Beach,VA,Size L,11.36,2,UPS® Ground
Indianapolis,Albuquerque,NM,Size L,16.04,4,UPS® Ground
Indianapolis,Gilbert,AZ,Size L,17.1,3,UPS® Ground
Indianapolis,Springfield,IL,Size L,10.41,1,UPS® Ground
Indianapolis,Alexandria,VA,Size L,11.36,2,UPS® Ground
Indianapolis,Kansas City,MO,Size L,11.36,2,UPS® Ground
Indianapolis,Knoxville,TN,Size L,10.41,2,UPS® Ground
Indianapolis,Lakewood,CO,Size L,16.04,2,UPS® Ground
Indianapolis,Nashville,TN,Size L,10.41,2,UPS® Ground
Indianapolis,Saint Louis,MO,Size L,10.41,1,UPS® Ground
Indianapolis,Seattle,WA,Size L,18.12,3,UPS® Ground
Phoenix,Brooklyn,NY,Size L,18.12,4,UPS® Ground
Phoenix,Phoenix,AZ,Size L,9.41,1,UPS® Ground
Phoenix,Houston,TX,Size L,16.04,3,UPS® Ground
Phoenix,San Antonio,TX,Size L,16.04,3,UPS® Ground
Phoenix,Jacksonville,FL,Size L,17.1,3,UPS® Ground
Phoenix,Chicago,IL,Size L,17.1,3,UPS® Ground
Phoenix,Dallas,TX,Size L,16.04,3,UPS® Ground
Phoenix,Wilmington,DE,Size L,18.12,4,UPS® Ground
Phoenix,Austin,TX,Size L,16.04,3,UPS® Ground
Phoenix,Canton,OH,Size L,17.1,3,UPS® Ground
Phoenix,Charlotte,NC,Size L,17.1,4,UPS® Ground
Phoenix,New York,NY,Size L,18.12,4,UPS® Ground
Phoenix,Atlanta,GA,Size L,17.1,4,UPS® Ground
Phoenix,Franklin,TN,Size L,17.1,4,UPS® Ground
Phoenix,Lexington,KY,Size L,17.1,3,UPS® Ground
Phoenix,Orlando,FL,Size L,18.12,3,UPS® Ground
Phoenix,Rochester,NY,Size L,18.12,4,UPS® Ground
Phoenix,Las Vegas,NV,Size L,11.36,2,UPS® Ground
Phoenix,Louisville,KY,Size L,17.1,3,UPS® Ground
Phoenix,Marietta,GA,Size L,17.1,4,UPS® Ground
Phoenix,Colorado Springs,CO,Size L,14.74,2,UPS® Ground
Phoenix,Columbus,OH,Size L,17.1,3,UPS® Ground
Phoenix,Marble Falls,TX,Size L,16.04,3,UPS® Ground
Phoenix,Tampa,FL,Size L,17.1,3,UPS® Ground
Phoenix,San Diego,CA,Size L,11.36,2,UPS® Ground
Phoenix,Columbia,SC,Size L,17.1,4,UPS® Ground
Phoenix,Greenville,SC,Size L,17.1,4,UPS® Ground
Phoenix,Lebanon,TN,Size L,17.1,4,UPS® Ground
Phoenix,Salem,OR,Size L,14.74,3,UPS® Ground
Phoenix,Cleveland,OH,Size L,17.1,3,UPS® Ground
Phoenix,Denver,CO,Size L,14.74,2,UPS® Ground
Phoenix,Omaha,NE,Size L,17.1,3,UPS® Ground
Phoenix,Portland,OR,Size L,17.1,3,UPS® Ground
Phoenix,Raleigh,NC,Size L,18.12,4,UPS® Ground
Phoenix,Richmond,VA,Size L,18.12,4,UPS® Ground
Phoenix,Jackson,MS,Size L,16.04,3,UPS® Ground
Phoenix,Albany,NY,Size L,18.12,4,UPS® Ground
Phoenix,Fort Worth,TX,Size L,16.04,3,UPS® Ground
Phoenix,Oklahoma City,OK,Size L,14.74,3,UPS® Ground
Phoenix,Chesapeake,VA,Size L,18.12,4,UPS® Ground
Phoenix,Miami,FL,Size L,18.12,4,UPS® Ground
Phoenix,Milford,CT,Size L,18.12,4,UPS® Ground
Phoenix,Pittsburgh,PA,Size L,18.12,4,UPS® Ground
Phoenix,San Francisco,CA,Size L,14.74,2,UPS® Ground
Phoenix,San Jose,CA,Size L,14.74,2,UPS® Ground
Phoenix,Tucson,AZ,Size L,9.41,1,UPS® Ground
Phoenix,Virginia Beach,VA,Size L,18.12,4,UPS® Ground
Phoenix,Albuquerque,NM,Size L,11.36,2,UPS® Ground
Phoenix,Gilbert,AZ,Size L,9.41,1,UPS® Ground
Phoenix,Springfield,IL,Size L,16.04,3,UPS® Ground
Phoenix,Alexandria,VA,Size L,18.12,4,UPS® Ground
Phoenix,Kansas City,MO,Size L,16.04,3,UPS® Ground
Phoenix,Knoxville,TN,Size L,17.1,4,UPS® Ground
Phoenix,Lakewood,CO,Size L,14.74,2,UPS® Ground
Phoenix,Nashville,TN,Size L,17.1,4,UPS® Ground
Phoenix,Saint Louis,MO,Size L,16.04,3,UPS® Ground
Phoenix,Seattle,WA,Size L,17.1,3,UPS® Ground
Saint Louis,Brooklyn,NY,Size L,14.74,3,UPS® Ground
Saint Louis,Phoenix,AZ,Size L,17.1,3,UPS® Ground
Saint Louis,Houston,TX,Size L,14.74,2,UPS® Ground
Saint Louis,San Antonio,TX,Size L,14.74,2,UPS® Ground
Saint Louis,Jacksonville,FL,Size L,14.74,3,UPS® Ground
Saint Louis,Chicago,IL,Size L,11.36,1,UPS® Ground
Saint Louis,Dallas,TX,Size L,11.36,2,UPS® Ground
Saint Louis,Wilmington,DE,Size L,14.74,3,UPS® Ground
Saint Louis,Austin,TX,Size L,14.74,2,UPS® Ground
Saint Louis,Canton,OH,Size L,11.36,2,UPS® Ground
Saint Louis,Charlotte,NC,Size L,11.36,2,UPS® Ground
Saint Louis,New York,NY,Size L,14.74,3,UPS® Ground
Saint Louis,Atlanta,GA,Size L,11.36,2,UPS® Ground
Saint Louis,Franklin,TN,Size L,10.41,1,UPS® Ground
Saint Louis,Lexington,KY,Size L,11.36,2,UPS® Ground
Saint Louis,Orlando,FL,Size L,14.74,3,UPS® Ground
Saint Louis,Rochester,NY,Size L,14.74,3,UPS® Ground
Saint Louis,Las Vegas,NV,Size L,17.1,3,UPS® Ground
Saint Louis,Louisville,KY,Size L,10.41,2,UPS® Ground
Saint Louis,Marietta,GA,Size L,11.36,2,UPS® Ground
Saint Louis,Colorado Springs,CO,Size L,14.74,2,UPS® Ground
Saint Louis,Columbus,OH,Size L,11.36,2,UPS® Ground
Saint Louis,Marble Falls,TX,Size L,14.74,2,UPS® Ground
Saint Louis,Tampa,FL,Size L,14.74,3,UPS® Ground
Saint Louis,San Diego,CA,Size L,17.1,3,UPS® Ground
Saint Louis,Columbia,SC,Size L,14.74,2,UPS® Ground
Saint Louis,Greenville,SC,Size L,11.36,2,UPS® Ground
Saint Louis,Lebanon,TN,Size L,10.41,1,UPS® Ground
Saint Louis,Salem,OR,Size L,17.1,3,UPS® Ground
Saint Louis,Cleveland,OH,Size L,11.36,2,UPS® Ground
Saint Louis,Denver,CO,Size L,14.74,2,UPS® Ground
Saint Louis,Omaha,NE,Size L,11.36,2,UPS® Ground
Saint Louis,Portland,OR,Size L,17.1,3,UPS® Ground
Saint Louis,Raleigh,NC,Size L,14.74,2,UPS® Ground
Saint Louis,Richmond,VA,Size L,14.74,2,UPS® Ground
Saint Louis,Jackson,MS,Size L,11.36,2,UPS® Ground
Saint Louis,Albany,NY,Size L,14.74,3,UPS® Ground
Saint Louis,Fort Worth,TX,Size L,14.74,2,UPS® Ground
Saint Louis,Oklahoma City,OK,Size L,11.36,2,UPS® Ground
Saint Louis,Chesapeake,VA,Size L,14.74,2,UPS® Ground
Saint Louis,Miami,FL,Size L,16.04,3,UPS® Ground
Saint Louis,Milford,CT,Size L,14.74,3,UPS® Ground
Saint Louis,Pittsburgh,PA,Size L,11.36,2,UPS® Ground
Saint Louis,San Francisco,CA,Size L,17.1,4,UPS® Ground
Saint Louis,San Jose,CA,Size L,17.1,4,UPS® Ground
Saint Louis,Tucson,AZ,Size L,16.04,3,UPS® Ground
Saint Louis,Virginia Beach,VA,Size L,14.74,2,UPS® Ground
Saint Louis,Albuquerque,NM,Size L,14.74,3,UPS® Ground
Saint Louis,Gilbert,AZ,Size L,17.1,3,UPS® Ground
Saint Louis,Springfield,IL,Size L,9.41,1,UPS® Ground
Saint Louis,Alexandria,VA,Size L,14.74,3,UPS® Ground
Saint Louis,Kansas City,MO,Size L,10.41,1,UPS® Ground
Saint Louis,Knoxville,TN,Size L,11.36,2,UPS® Ground
Saint Louis,Lakewood,CO,Size L,14.74,2,UPS® Ground
Saint Louis,Nashville,TN,Size L,10.41,1,UPS® Ground
Saint Louis,Saint Louis,MO,Size L,9.41,1,UPS® Ground
Saint Louis,Seattle,WA,Size L,17.1,4,UPS® Ground
Harrisburg,Brooklyn,NY,Size L,9.41,1,UPS® Ground
Harrisburg,Phoenix,AZ,Size L,18.12,3,UPS® Ground
Harrisburg,Houston,TX,Size L,16.04,3,UPS® Ground
Harrisburg,San Antonio,TX,Size L,17.1,3,UPS® Ground
Harrisburg,Jacksonville,FL,Size L,14.74,2,UPS® Ground
Harrisburg,Chicago,IL,Size L,14.74,2,UPS® Ground
Harrisburg,Dallas,TX,Size L,16.04,3,UPS® Ground
Harrisburg,Wilmington,DE,Size L,9.41,1,UPS® Ground
Harrisburg,Austin,TX,Size L,16.04,3,UPS® Ground
Harrisburg,Canton,OH,Size L,10.41,1,UPS® Ground
Harrisburg,Charlotte,NC,Size L,11.36,2,UPS® Ground
Harrisburg,New York,NY,Size L,9.41,1,UPS® Ground
Harrisburg,Atlanta,GA,Size L,14.74,2,UPS® Ground
Harrisburg,Franklin,TN,Size L,11.36,2,UPS® Ground
Harrisburg,Lexington,KY,Size L,11.36,2,UPS® Ground
Harrisburg,Orlando,FL,Size L,14.74,2,UPS® Ground
Harrisburg,Rochester,NY,Size L,10.41,2,UPS® Ground
Harrisburg,Las Vegas,NV,Size L,18.12,3,UPS® Ground
Harrisburg,Louisville,KY,Size L,11.36,2,UPS® Ground
Harrisburg,Marietta,GA,Size L,14.74,2,UPS® Ground
Harrisburg,Colorado Springs,CO,Size L,17.1,3,UPS® Ground
Harrisburg,Columbus,OH,Size L,11.36,2,UPS® Ground
Harrisburg,Marble Falls,TX,Size L,16.04,3,UPS® Ground
Harrisburg,Tampa,FL,Size L,14.74,2,UPS® Ground
Harrisburg,San Diego,CA,Size L,18.12,4,UPS® Ground
Harrisburg,Columbia,SC,Size L,11.36,2,UPS® Ground
Harrisburg,Greenville,SC,Size L,11.36,2,UPS® Ground
Harrisburg,Lebanon,TN,Size L,11.36,2,UPS® Ground
Harrisburg,Salem,OR,Size L,18.12,4,UPS® Ground
Harrisburg,Cleveland,OH,Size L,11.36,1,UPS® Ground
Harrisburg,Denver,CO,Size L,17.1,3,UPS® Ground
Harrisburg,Omaha,NE,Size L,16.04,2,UPS® Ground
Harrisburg,Portland,OR,Size L,18.12,4,UPS® Ground
Harrisburg,Raleigh,NC,Size L,11.36,2,UPS® Ground
Harrisburg,Richmond,VA,Size L,10.41,1,UPS® Ground
Harrisburg,Jackson,MS,Size L,14.74,2,UPS® Ground
Harrisburg,Albany,NY,Size L,10.41,1,UPS® Ground
Harrisburg,Fort Worth,TX,Size L,16.04,3,UPS® Ground
Harrisburg,Oklahoma City,OK,Size L,16.04,3,UPS® Ground
Harrisburg,Chesapeake,VA,Size L,10.41,1,UPS® Ground
Harrisburg,Miami,FL,Size L,14.74,2,UPS® Ground
Harrisburg,Milford,CT,Size L,10.41,1,UPS® Ground
Harrisburg,Pittsburgh,PA,Size L,10.41,1,UPS® Ground
Harrisburg,San Francisco,CA,Size L,18.12,4,UPS® Ground
Harrisburg,San Jose,CA,Size L,18.12,4,UPS® Ground
Harrisburg,Tucson,AZ,Size L,18.12,3,UPS® Ground
Harrisburg,Virginia Beach,VA,Size L,10.41,1,UPS® Ground
Harrisburg,Albuquerque,NM,Size L,17.1,4,UPS® Ground
Harrisburg,Gilbert,AZ,Size L,18.12,3,UPS® Ground
Harrisburg,Springfield,IL,Size L,14.74,2,UPS® Ground
Harrisburg,Alexandria,VA,Size L,9.41,1,UPS® Ground
Harrisburg,Kansas City,MO,Size L,14.74,3,UPS® Ground
Harrisburg,Knoxville,TN,Size L,11.36,2,UPS® Ground
Harrisburg,Lakewood,CO,Size L,17.1,3,UPS® Ground
Harrisburg,Nashville,TN,Size L,14.74,2,UPS® Ground
Harrisburg,Saint Louis,MO,Size L,14.74,2,UPS® Ground
Harrisburg,Seattle,WA,Size L,18.12,4,UPS® Ground
Louisville,Brooklyn,NY,Size L,14.74,2,UPS® Ground
Louisville,Phoenix,AZ,Size L,17.1,3,UPS® Ground
Louisville,Houston,TX,Size L,16.04,3,UPS® Ground
Louisville,San Antonio,TX,Size L,16.04,3,UPS® Ground
Louisville,Jacksonville,FL,Size L,11.36,2,UPS® Ground
Louisville,Chicago,IL,Size L,11.36,1,UPS® Ground
Louisville,Dallas,TX,Size L,14.74,2,UPS® Ground
Louisville,Wilmington,DE,Size L,11.36,2,UPS® Ground
Louisville,Austin,TX,Size L,14.74,2,UPS® Ground
Louisville,Canton,OH,Size L,10.41,2,UPS® Ground
Louisville,Charlotte,NC,Size L,11.36,2,UPS® Ground
Louisville,New York,NY,Size L,14.74,2,UPS® Ground
Louisville,Atlanta,GA,Size L,11.36,2,UPS® Ground
Louisville,Franklin,TN,Size L,10.41,1,UPS® Ground
Louisville,Lexington,KY,Size L,9.41,1,UPS® Ground
Louisville,Orlando,FL,Size L,14.74,2,UPS® Ground
Louisville,Rochester,NY,Size L,11.36,2,UPS® Ground
Louisville,Las Vegas,NV,Size L,17.1,3,UPS® Ground
Louisville,Louisville,KY,Size L,9.41,1,UPS® Ground
Louisville,Marietta,GA,Size L,11.36,2,UPS® Ground
Louisville,Colorado Springs,CO,Size L,16.04,2,UPS® Ground
Louisville,Columbus,OH,Size L,10.41,2,UPS® Ground
Louisville,Marble Falls,TX,Size L,14.74,2,UPS® Ground
Louisville,Tampa,FL,Size L,14.74,2,UPS® Ground
Louisville,San Diego,CA,Size L,17.1,3,UPS® Ground
Louisville,Columbia,SC,Size L,11.36,2,UPS® Ground
Louisville,Greenville,SC,Size L,11.36,2,UPS® Ground
Louisville,Lebanon,TN,Size L,10.41,1,UPS® Ground
Louisville,Salem,OR,Size L,18.12,3,UPS® Ground
Louisville,Cleveland,OH,Size L,11.36,2,UPS® Ground
Louisville,Denver,CO,Size L,16.04,2,UPS® Ground
Louisville,Omaha,NE,Size L,14.74,2,UPS® Ground
Louisville,Portland,OR,Size L,18.12,3,UPS® Ground
Louisville,Raleigh,NC,Size L,11.36,2,UPS® Ground
Louisville,Richmond,VA,Size L,11.36,2,UPS® Ground
Louisville,Jackson,MS,Size L,11.36,2,UPS® Ground
Louisville,Albany,NY,Size L,14.74,2,UPS® Ground
Louisville,Fort Worth,TX,Size L,14.74,2,UPS® Ground
Louisville,Oklahoma City,OK,Size L,14.74,2,UPS® Ground
Louisville,Chesapeake,VA,Size L,11.36,2,UPS® Ground
Louisville,Miami,FL,Size L,16.04,2,UPS® Ground
Louisville,Milford,CT,Size L,14.74,3,UPS® Ground
Louisville,Pittsburgh,PA,Size L,11.36,2,UPS® Ground
Louisville,San Francisco,CA,Size L,18.12,4,UPS® Ground
Louisville,San Jose,CA,Size L,18.12,4,UPS® Ground
Louisville,Tucson,AZ,Size L,17.1,3,UPS® Ground
Louisville,Virginia Beach,VA,Size L,11.36,2,UPS® Ground
Louisville,Albuquerque,NM,Size L,16.04,4,UPS® Ground
Louisville,Gilbert,AZ,Size L,17.1,3,UPS® Ground
Louisville,Springfield,IL,Size L,10.41,2,UPS® Ground
Louisville,Alexandria,VA,Size L,11.36,2,UPS® Ground
Louisville,Kansas City,MO,Size L,11.36,2,UPS® Ground
Louisville,Knoxville,TN,Size L,10.41,1,UPS® Ground
Louisville,Lakewood,CO,Size L,16.04,2,UPS® Ground
Louisville,Nashville,TN,Size L,10.41,1,UPS® Ground
Louisville,Saint Louis,MO,Size L,10.41,2,UPS® Ground
Louisville,Seattle,WA,Size L,18.12,4,UPS® Ground
Nashville,Brooklyn,NY,Size L,14.74,2,UPS® Ground
Nashville,Phoenix,AZ,Size L,17.1,4,UPS® Ground
Nashville,Houston,TX,Size L,14.74,2,UPS® Ground
Nashville,San Antonio,TX,Size L,14.74,2,UPS® Ground
Nashville,Jacksonville,FL,Size L,11.36,2,UPS® Ground
Nashville,Chicago,IL,Size L,11.36,2,UPS® Ground
Nashville,Dallas,TX,Size L,14.74,2,UPS® Ground
Nashville,Wilmington,DE,Size L,14.74,2,UPS® Ground
Nashville,Austin,TX,Size L,14.74,2,UPS® Ground
Nashville,Canton,OH,Size L,11.36,2,UPS® Ground
Nashville,Charlotte,NC,Size L,11.36,2,UPS® Ground
Nashville,New York,NY,Size L,14.74,2,UPS® Ground
Nashville,Atlanta,GA,Size L,10.41,2,UPS® Ground
Nashville,Franklin,TN,Size L,9.41,1,UPS® Ground
Nashville,Lexington,KY,Size L,10.41,2,UPS® Ground
Nashville,Orlando,FL,Size L,14.74,2,UPS® Ground
Nashville,Rochester,NY,Size L,14.74,2,UPS® Ground
Nashville,Las Vegas,NV,Size L,17.1,3,UPS® Ground
Nashville,Louisville,KY,Size L,10.41,1,UPS® Ground
Nashville,Marietta,GA,Size L,10.41,2,UPS® Ground
Nashville,Colorado Springs,CO,Size L,14.74,3,UPS® Ground
Nashville,Columbus,OH,Size L,11.36,2,UPS® Ground
Nashville,Marble Falls,TX,Size L,14.74,2,UPS® Ground
Nashville,Tampa,FL,Size L,14.74,2,UPS® Ground
Nashville,San Diego,CA,Size L,17.1,3,UPS® Ground
Nashville,Columbia,SC,Size L,11.36,2,UPS® Ground
Nashville,Greenville,SC,Size L,10.41,2,UPS® Ground
Nashville,Lebanon,TN,Size L,9.41,1,UPS® Ground
Nashville,Salem,OR,Size L,18.12,4,UPS® Ground
Nashville,Cleveland,OH,Size L,11.36,2,UPS® Ground
Nashville,Denver,CO,Size L,16.04,3,UPS® Ground
Nashville,Omaha,NE,Size L,14.74,3,UPS® Ground
Nashville,Portland,OR,Size L,18.12,4,UPS® Ground
Nashville,Raleigh,NC,Size L,11.36,2,UPS® Ground
Nashville,Richmond,VA,Size L,11.36,2,UPS® Ground
Nashville,Jackson,MS,Size L,11.36,2,UPS® Ground
Nashville,Albany,NY,Size L,14.74,2,UPS® Ground
Nashville,Fort Worth,TX,Size L,14.74,2,UPS® Ground
Nashville,Oklahoma City,OK,Size L,11.36,2,UPS® Ground
Nashville,Chesapeake,VA,Size L,11.36,2,UPS® Ground
Nashville,Miami,FL,Size L,14.74,2,UPS® Ground
Nashville,Milford,CT,Size L,14.74,2,UPS® Ground
Nashville,Pittsburgh,PA,Size L,11.36,2,UPS® Ground
Nashville,San Francisco,CA,Size L,18.12,4,UPS® Ground
Nashville,San Jose,CA,Size L,18.12,4,UPS® Ground
Nashville,Tucson,AZ,Size L,17.1,4,UPS® Ground
Nashville,Virginia Beach,VA,Size L,11.36,2,UPS® Ground
Nashville,Albuquerque,NM,Size L,16.04,3,UPS® Ground
Nashville,Gilbert,AZ,Size L,17.1,4,UPS® Ground
Nashville,Springfield,IL,Size L,10.41,2,UPS® Ground
Nashville,Alexandria,VA,Size L,11.36,2,UPS® Ground
Nashville,Kansas City,MO,Size L,11.36,2,UPS® Ground
Nashville,Knoxville,TN,Size L,10.41,1,UPS® Ground
Nashville,Lakewood,CO,Size L,16.04,3,UPS® Ground
Nashville,Nashville,TN,Size L,9.41,1,UPS® Ground
Nashville,Saint Louis,MO,Size L,10.41,1,UPS® Ground
Nashville,Seattle,WA,Size L,18.12,5,UPS® Ground
Indianapolis,Arlington,TX,Size L,14.74,2,UPS® Ground
Indianapolis,Aurora,CO,Size L,14.74,2,UPS® Ground
Indianapolis,Boise,ID,Size L,17.1,3,UPS® Ground
Indianapolis,Indianapolis,IN,Size L,9.41,1,UPS® Ground
Indianapolis,Reno,NV,Size L,17.1,3,UPS® Ground
Indianapolis,Riverside,CA,Size L,17.1,3,UPS® Ground
Indianapolis,Bismarck,ND,Size L,14.74,3,UPS® Ground
Indianapolis,Lincoln,RI,Size L,14.74,2,UPS® Ground
Indianapolis,Los Angeles,CA,Size L,18.12,3,UPS® Ground
Indianapolis,Mansfield,MA,Size L,14.74,3,UPS® Ground
Indianapolis,Milwaukee,WI,Size L,10.41,2,UPS® Ground
Indianapolis,Madison,IN,Size L,9.41,1,UPS® Ground
Indianapolis,Mesa,AZ,Size L,17.1,3,UPS® Ground
Indianapolis,Monroe,NC,Size L,11.36,2,UPS® Ground
Indianapolis,Philadelphia,PA,Size L,14.74,2,UPS® Ground
Indianapolis,Staten Island,NY,Size L,14.74,2,UPS® Ground
Indianapolis,Washington,DC,Size L,11.36,2,UPS® Ground
Indianapolis,Baltimore,MD,Size L,11.36,2,UPS® Ground
Indianapolis,Decatur,IL,Size L,10.41,1,UPS® Ground
Indianapolis,Durham,NC,Size L,11.36,2,UPS® Ground
Indianapolis,Fayetteville,AR,Size L,11.36,2,UPS® Ground
Indianapolis,Glendale,AZ,Size L,17.1,3,UPS® Ground
Indianapolis,Midland,GA,Size L,11.36,2,UPS® Ground
Indianapolis,Scottsdale,AZ,Size L,17.1,3,UPS® Ground
Indianapolis,Woodstock,GA,Size L,11.36,2,UPS® Ground
Indianapolis,Chandler,AZ,Size L,17.1,3,UPS® Ground
Indianapolis,Cincinnati,OH,Size L,9.41,1,UPS® Ground
Indianapolis,Covington,LA,Size L,14.74,2,UPS® Ground
Indianapolis,Fort Myers,FL,Size L,14.74,3,UPS® Ground
Indianapolis,Greensboro,NC,Size L,11.36,2,UPS® Ground
Indianapolis,Henderson,TX,Size L,14.74,2,UPS® Ground
Indianapolis,Hamilton,MI,Size L,10.41,2,UPS® Ground
Indianapolis,Lewisburg,PA,Size L,11.36,2,UPS® Ground
Indianapolis,Littleton,CO,Size L,14.74,2,UPS® Ground
Indianapolis,Mount Pleasant,SC,Size L,11.36,2,UPS® Ground
Indianapolis,Pasadena,MD,Size L,11.36,2,UPS® Ground
Indianapolis,Plano,TX,Size L,16.04,2,UPS® Ground
Indianapolis,Sanford,NC,Size L,11.36,2,UPS® Ground
Indianapolis,Wayne,ME,Size L,14.74,3,UPS® Ground
Indianapolis,Ashland,PA,Size L,11.36,2,UPS® Ground
Indianapolis,Burlington,WI,Size L,10.41,2,UPS® Ground
Indianapolis,Centerville,IA,Size L,10.41,2,UPS® Ground
Indianapolis,Clayton,NC,Size L,11.36,2,UPS® Ground
Indianapolis,Encinitas,CA,Size L,17.1,4,UPS® Ground
Indianapolis,Fort Collins,CO,Size L,16.04,2,UPS® Ground
Indianapolis,Golden,CO,Size L,16.04,2,UPS® Ground
Indianapolis,Hudson,NC,Size L,11.36,2,UPS® Ground
Indianapolis,Katy,TX,Size L,14.74,3,UPS® Ground
Indianapolis,Lancaster,SC,Size L,11.36,2,UPS® Ground
Indianapolis,Newark,NJ,Size L,14.74,2,UPS® Ground
Indianapolis,Parker,CO,Size L,14.74,2,UPS® Ground
Indianapolis,Plymouth,MA,Size L,14.74,3,UPS® Ground
Indianapolis,Rancho Cucamonga,CA,Size L,18.12,3,UPS® Ground
Indianapolis,Rockville,MD,Size L,11.36,2,UPS® Ground
Indianapolis,Sacramento,CA,Size L,18.12,3,UPS® Ground
Indianapolis,Tallahassee,FL,Size L,14.74,2,UPS® Ground
Indianapolis,The Villages,FL,Size L,14.74,2,UPS® Ground
Indianapolis,Westfield,IN,Size L,9.41,1,UPS® Ground
Indianapolis,Waterloo,IA,Size L,10.41,2,UPS® Ground
Indianapolis,West Chester,PA,Size L,11.36,2,UPS® Ground
Indianapolis,Bend,OR,Size L,17.1,4,UPS® Ground
Indianapolis,Amarillo,TX,Size L,14.74,3,UPS® Ground
Indianapolis,Auburn,MA,Size L,14.74,3,UPS® Ground
Indianapolis,Bakersfield,CA,Size L,18.12,4,UPS® Ground
Indianapolis,Boca Raton,FL,Size L,16.04,3,UPS® Ground
Indianapolis,Benton,LA,Size L,11.36,2,UPS® Ground
Indianapolis,Bradenton,FL,Size L,14.74,3,UPS® Ground
Indianapolis,Dayton,OH,Size L,9.41,1,UPS® Ground
Indianapolis,Duluth,MN,Size L,11.36,2,UPS® Ground
Indianapolis,Englewood,CO,Size L,14.74,2,UPS® Ground
Indianapolis,Fort Wayne,IN,Size L,9.41,1,UPS® Ground
Indianapolis,Frederick,MD,Size L,11.36,2,UPS® Ground
Indianapolis,Fredericksburg,VA,Size L,11.36,2,UPS® Ground
Indianapolis,Gainesville,FL,Size L,14.74,2,UPS® Ground
Indianapolis,Grand Rapids,MI,Size L,10.41,2,UPS® Ground
Indianapolis,Green Bay,WI,Size L,11.36,2,UPS® Ground
Indianapolis,Morgantown,WV,Size L,11.36,2,UPS® Ground
Indianapolis,Pensacola,FL,Size L,14.74,2,UPS® Ground
Indianapolis,Princeton,MA,Size L,14.74,3,UPS® Ground
Indianapolis,Peoria,AZ,Size L,17.1,3,UPS® Ground
Indianapolis,Saint Paul,MN,Size L,11.36,2,UPS® Ground
Indianapolis,Savannah,GA,Size L,14.74,2,UPS® Ground
Indianapolis,Seaford,NY,Size L,14.74,2,UPS® Ground
Indianapolis,Seymour,IN,Size L,9.41,1,UPS® Ground
Indianapolis,Spokane,WA,Size L,17.1,4,UPS® Ground
Indianapolis,Windsor,CO,Size L,16.04,2,UPS® Ground
Indianapolis,Winston-Salem,NC,Size L,11.36,2,UPS® Ground
Indianapolis,Worcester,MA,Size L,14.74,3,UPS® Ground
Indianapolis,York,PA,Size L,11.36,2,UPS® Ground
Indianapolis,Antioch,TN,Size L,11.36,2,UPS® Ground
Indianapolis,Athens,GA,Size L,11.36,2,UPS® Ground
Indianapolis,Corona,CA,Size L,18.12,3,UPS® Ground
Indianapolis,Fairfield,CA,Size L,18.12,3,UPS® Ground
Indianapolis,Germantown,MD,Size L,11.36,2,UPS® Ground
Indianapolis,Hillsboro,OR,Size L,18.12,3,UPS® Ground
Indianapolis,Hope Mills,NC,Size L,11.36,2,UPS® Ground
Indianapolis,Hendersonville,NC,Size L,11.36,2,UPS® Ground
Indianapolis,Holly Springs,MS,Size L,11.36,2,UPS® Ground
Indianapolis,Homer,AK,Size L,46.14,3,UPS® Ground
Indianapolis,Laurel,MD,Size L,11.36,2,UPS® Ground
Indianapolis,Long Beach,CA,Size L,18.12,3,UPS® Ground
Indianapolis,Manteca,CA,Size L,18.12,3,UPS® Ground
Indianapolis,Maryville,TN,Size L,10.41,2,UPS® Ground
Indianapolis,Magnolia,MS,Size L,14.74,2,UPS® Ground
Indianapolis,Memphis,TN,Size L,11.36,2,UPS® Ground
Indianapolis,Milton,MA,Size L,14.74,3,UPS® Ground
Indianapolis,Montgomery,TX,Size L,14.74,3,UPS® Ground
Indianapolis,Myrtle Beach,SC,Size L,11.36,2,UPS® Ground
Indianapolis,New Market,AL,Size L,11.36,2,UPS® Ground
Indianapolis,Ocala,FL,Size L,14.74,2,UPS® Ground
Indianapolis,Olathe,KS,Size L,11.36,2,UPS® Ground
Indianapolis,Oxford,MI,Size L,10.41,2,UPS® Ground
Indianapolis,Palm Beach Gardens,FL,Size L,16.04,3,UPS® Ground
Indianapolis,Roseville,CA,Size L,18.12,3,UPS® Ground
Indianapolis,Roswell,GA,Size L,14.74,2,UPS® Ground
Indianapolis,Rockwall,TX,Size L,16.04,2,UPS® Ground
Indianapolis,Spring,TX,Size L,14.74,3,UPS® Ground
Indianapolis,Salisbury,MA,Size L,14.74,3,UPS® Ground
Indianapolis,Santa Rosa,CA,Size L,18.12,3,UPS® Ground
Indianapolis,Sarasota,FL,Size L,14.74,3,UPS® Ground
Indianapolis,Vancouver,WA,Size L,18.12,3,UPS® Ground
Indianapolis,Westminster,MD,Size L,11.36,2,UPS® Ground
Phoenix,Arlington,TX,Size L,14.74,3,UPS® Ground
Phoenix,Aurora,CO,Size L,14.74,2,UPS® Ground
Phoenix,Boise,ID,Size L,14.74,3,UPS® Ground
Phoenix,Indianapolis,IN,Size L,17.1,3,UPS® Ground
Phoenix,Reno,NV,Size L,14.74,2,UPS® Ground
Phoenix,Riverside,CA,Size L,11.36,2,UPS® Ground
Phoenix,Bismarck,ND,Size L,16.04,4,UPS® Ground
Phoenix,Lincoln,RI,Size L,18.12,4,UPS® Ground
Phoenix,Los Angeles,CA,Size L,14.74,2,UPS® Ground
Phoenix,Mansfield,MA,Size L,18.12,4,UPS® Ground
Phoenix,Milwaukee,WI,Size L,17.1,3,UPS® Ground
Phoenix,Madison,IN,Size L,17.1,3,UPS® Ground
Phoenix,Mesa,AZ,Size L,9.41,1,UPS® Ground
Phoenix,Monroe,NC,Size L,18.12,4,UPS® Ground
Phoenix,Philadelphia,PA,Size L,18.12,4,UPS® Ground
Phoenix,Staten Island,NY,Size L,18.12,4,UPS® Ground
Phoenix,Washington,DC,Size L,18.12,4,UPS® Ground
Phoenix,Baltimore,MD,Size L,18.12,4,UPS® Ground
Phoenix,Decatur,IL,Size L,16.04,3,UPS® Ground
Phoenix,Durham,NC,Size L,18.12,4,UPS® Ground
Phoenix,Fayetteville,AR,Size L,16.04,3,UPS® Ground
Phoenix,Glendale,AZ,Size L,9.41,1,UPS® Ground
Phoenix,Midland,GA,Size L,17.1,4,UPS® Ground
Phoenix,Scottsdale,AZ,Size L,9.41,1,UPS® Ground
Phoenix,Woodstock,GA,Size L,17.1,4,UPS® Ground
Phoenix,Chandler,AZ,Size L,9.41,1,UPS® Ground
Phoenix,Cincinnati,OH,Size L,17.1,3,UPS® Ground
Phoenix,Covington,LA,Size L,16.04,3,UPS® Ground
Phoenix,Fort Myers,FL,Size L,18.12,4,UPS® Ground
Phoenix,Greensboro,NC,Size L,18.12,4,UPS® Ground
Phoenix,Henderson,TX,Size L,16.04,3,UPS® Ground
Phoenix,Hamilton,MI,Size L,17.1,3,UPS® Ground
Phoenix,Lewisburg,PA,Size L,18.12,4,UPS® Ground
Phoenix,Littleton,CO,Size L,14.74,2,UPS® Ground
Phoenix,Mount Pleasant,SC,Size L,18.12,4,UPS® Ground
Phoenix,Pasadena,MD,Size L,18.12,4,UPS® Ground
Phoenix,Plano,TX,Size L,14.74,3,UPS® Ground
Phoenix,Sanford,NC,Size L,18.12,4,UPS® Ground
Phoenix,Wayne,ME,Size L,18.12,4,UPS® Ground
Phoenix,Ashland,PA,Size L,18.12,4,UPS® Ground
Phoenix,Burlington,WI,Size L,17.1,3,UPS® Ground
Phoenix,Centerville,IA,Size L,16.04,3,UPS® Ground
Phoenix,Clayton,NC,Size L,18.12,4,UPS® Ground
Phoenix,Encinitas,CA,Size L,11.36,2,UPS® Ground
Phoenix,Fort Collins,CO,Size L,14.74,2,UPS® Ground
Phoenix,Golden,CO,Size L,11.36,2,UPS® Ground
Phoenix,Hudson,NC,Size L,17.1,4,UPS® Ground
Phoenix,Katy,TX,Size L,16.04,3,UPS® Ground
Phoenix,Lancaster,SC,Size L,17.1,4,UPS® Ground
Phoenix,Newark,NJ,Size L,18.12,4,UPS® Ground
Phoenix,Parker,CO,Size L,14.74,2,UPS® Ground
Phoenix,Plymouth,MA,Size L,18.12,4,UPS® Ground
Phoenix,Rancho Cucamonga,CA,Size L,14.74,2,UPS® Ground
Phoenix,Rockville,MD,Size L,18.12,4,UPS® Ground
Phoenix,Sacramento,CA,Size L,14.74,2,UPS® Ground
Phoenix,Tallahassee,FL,Size L,17.1,3,UPS® Ground
Phoenix,The Villages,FL,Size L,17.1,3,UPS® Ground
Phoenix,Westfield,IN,Size L,17.1,3,UPS® Ground
Phoenix,Waterloo,IA,Size L,16.04,3,UPS® Ground
Phoenix,West Chester,PA,Size L,18.12,4,UPS® Ground
Phoenix,Bend,OR,Size L,14.74,3,UPS® Ground
Phoenix,Amarillo,TX,Size L,11.36,2,UPS® Ground
Phoenix,Auburn,MA,Size L,18.12,4,UPS® Ground
Phoenix,Bakersfield,CA,Size L,11.36,2,UPS® Ground
Phoenix,Boca Raton,FL,Size L,18.12,4,UPS® Ground
Phoenix,Benton,LA,Size L,16.04,3,UPS® Ground
Phoenix,Bradenton,FL,Size L,18.12,4,UPS® Ground
Phoenix,Dayton,OH,Size L,17.1,3,UPS® Ground
Phoenix,Duluth,MN,Size L,16.04,3,UPS® Ground
Phoenix,Englewood,CO,Size L,14.74,2,UPS® Ground
Phoenix,Fort Wayne,IN,Size L,17.1,3,UPS® Ground
Phoenix,Frederick,MD,Size L,18.12,4,UPS® Ground
Phoenix,Fredericksburg,VA,Size L,18.12,4,UPS® Ground
Phoenix,Gainesville,FL,Size L,17.1,3,UPS® Ground
Phoenix,Grand Rapids,MI,Size L,17.1,3,UPS® Ground
Phoenix,Green Bay,WI,Size L,17.1,3,UPS® Ground
Phoenix,Morgantown,WV,Size L,18.12,4,UPS® Ground
Phoenix,Pensacola,FL,Size L,17.1,4,UPS® Ground
Phoenix,Princeton,MA,Size L,18.12,4,UPS® Ground
Phoenix,Peoria,AZ,Size L,9.41,1,UPS® Ground
Phoenix,Saint Paul,MN,Size L,16.04,3,UPS® Ground
Phoenix,Savannah,GA,Size L,17.1,3,UPS® Ground
Phoenix,Seaford,NY,Size L,18.12,4,UPS® Ground
Phoenix,Seymour,IN,Size L,17.1,3,UPS® Ground
Phoenix,Spokane,WA,Size L,16.04,3,UPS® Ground
Phoenix,Windsor,CO,Size L,14.74,2,UPS® Ground
Phoenix,Winston-Salem,NC,Size L,18.12,4,UPS® Ground
Phoenix,Worcester,MA,Size L,18.12,4,UPS® Ground
Phoenix,York,PA,Size L,18.12,4,UPS® Ground
Phoenix,Antioch,TN,Size L,17.1,4,UPS® Ground
Phoenix,Athens,GA,Size L,17.1,4,UPS® Ground
Phoenix,Corona,CA,Size L,14.74,2,UPS® Ground
Phoenix,Fairfield,CA,Size L,14.74,2,UPS® Ground
Phoenix,Germantown,MD,Size L,18.12,4,UPS® Ground
Phoenix,Hillsboro,OR,Size L,16.04,3,UPS® Ground
Phoenix,Hope Mills,NC,Size L,18.12,4,UPS® Ground
Phoenix,Hendersonville,NC,Size L,17.1,4,UPS® Ground
Phoenix,Holly Springs,MS,Size L,16.04,3,UPS® Ground
Phoenix,Homer,AK,Size L,46.14,4,UPS® Ground
Phoenix,Laurel,MD,Size L,18.12,4,UPS® Ground
Phoenix,Long Beach,CA,Size L,11.36,2,UPS® Ground
Phoenix,Manteca,CA,Size L,11.36,2,UPS® Ground
Phoenix,Maryville,TN,Size L,17.1,4,UPS® Ground
Phoenix,Magnolia,MS,Size L,16.04,3,UPS® Ground
Phoenix,Memphis,TN,Size L,16.04,3,UPS® Ground
Phoenix,Milton,MA,Size L,18.12,4,UPS® Ground
Phoenix,Montgomery,TX,Size L,16.04,3,UPS® Ground
Phoenix,Myrtle Beach,SC,Size L,18.12,4,UPS® Ground
Phoenix,New Market,AL,Size L,17.1,4,UPS® Ground
Phoenix,Ocala,FL,Size L,17.1,3,UPS® Ground
Phoenix,Olathe,KS,Size L,16.04,3,UPS® Ground
Phoenix,Oxford,MI,Size L,17.1,3,UPS® Ground
Phoenix,Palm Beach Gardens,FL,Size L,18.12,4,UPS® Ground
Phoenix,Roseville,CA,Size L,14.74,2,UPS® Ground
Phoenix,Roswell,GA,Size L,17.1,4,UPS® Ground
Phoenix,Rockwall,TX,Size L,14.74,3,UPS® Ground
Phoenix,Spring,TX,Size L,16.04,3,UPS® Ground
Phoenix,Salisbury,MA,Size L,18.12,4,UPS® Ground
Phoenix,Santa Rosa,CA,Size L,14.74,2,UPS® Ground
Phoenix,Sarasota,FL,Size L,18.12,4,UPS® Ground
Phoenix,Vancouver,WA,Size L,16.04,3,UPS® Ground
Phoenix,Westminster,MD,Size L,18.12,4,UPS® Ground
Saint Louis,Arlington,TX,Size L,14.74,2,UPS® Ground
Saint Louis,Aurora,CO,Size L,14.74,2,UPS® Ground
Saint Louis,Boise,ID,Size L,16.04,3,UPS® Ground
Saint Louis,Indianapolis,IN,Size L,10.41,1,UPS® Ground
Saint Louis,Reno,NV,Size L,17.1,3,UPS® Ground
Saint Louis,Riverside,CA,Size L,17.1,3,UPS® Ground
Saint Louis,Bismarck,ND,Size L,14.74,3,UPS® Ground
Saint Louis,Lincoln,RI,Size L,16.04,3,UPS® Ground
Saint Louis,Los Angeles,CA,Size L,17.1,3,UPS® Ground
Saint Louis,Mansfield,MA,Size L,16.04,3,UPS® Ground
Saint Louis,Milwaukee,WI,Size L,11.36,2,UPS® Ground
Saint Louis,Madison,IN,Size L,10.41,2,UPS® Ground
Saint Louis,Mesa,AZ,Size L,17.1,3,UPS® Ground
Saint Louis,Monroe,NC,Size L,14.74,2,UPS® Ground
Saint Louis,Philadelphia,PA,Size L,14.74,3,UPS® Ground
Saint Louis,Staten Island,NY,Size L,14.74,3,UPS® Ground
Saint Louis,Washington,DC,Size L,14.74,3,UPS® Ground
Saint Louis,Baltimore,MD,Size L,14.74,3,UPS® Ground
Saint Louis,Decatur,IL,Size L,9.41,1,UPS® Ground
Saint Louis,Durham,NC,Size L,14.74,2,UPS® Ground
Saint Louis,Fayetteville,AR,Size L,10.41,2,UPS® Ground
Saint Louis,Glendale,AZ,Size L,17.1,3,UPS® Ground
Saint Louis,Midland,GA,Size L,11.36,2,UPS® Ground
Saint Louis,Scottsdale,AZ,Size L,17.1,3,UPS® Ground
Saint Louis,Woodstock,GA,Size L,11.36,2,UPS® Ground
Saint Louis,Chandler,AZ,Size L,17.1,3,UPS® Ground
Saint Louis,Cincinnati,OH,Size L,11.36,2,UPS® Ground
Saint Louis,Covington,LA,Size L,11.36,2,UPS® Ground
Saint Louis,Fort Myers,FL,Size L,14.74,3,UPS® Ground
Saint Louis,Greensboro,NC,Size L,14.74,2,UPS® Ground
Saint Louis,Henderson,TX,Size L,11.36,2,UPS® Ground
Saint Louis,Hamilton,MI,Size L,11.36,2,UPS® Ground
Saint Louis,Lewisburg,PA,Size L,14.74,2,UPS® Ground
Saint Louis,Littleton,CO,Size L,14.74,2,UPS® Ground
Saint Louis,Mount Pleasant,SC,Size L,14.74,2,UPS® Ground
Saint Louis,Pasadena,MD,Size L,14.74,3,UPS® Ground
Saint Louis,Plano,TX,Size L,14.74,2,UPS® Ground
Saint Louis,Sanford,NC,Size L,14.74,2,UPS® Ground
Saint Louis,Wayne,ME,Size L,16.04,3,UPS® Ground
Saint Louis,Ashland,PA,Size L,14.74,3,UPS® Ground
Saint Louis,Burlington,WI,Size L,11.36,2,UPS® Ground
Saint Louis,Centerville,IA,Size L,10.41,2,UPS® Ground
Saint Louis,Clayton,NC,Size L,14.74,2,UPS® Ground
Saint Louis,Encinitas,CA,Size L,17.1,3,UPS® Ground
Saint Louis,Fort Collins,CO,Size L,14.74,2,UPS® Ground
Saint Louis,Golden,CO,Size L,14.74,2,UPS® Ground
Saint Louis,Hudson,NC,Size L,11.36,2,UPS® Ground
Saint Louis,Katy,TX,Size L,14.74,2,UPS® Ground
Saint Louis,Lancaster,SC,Size L,11.36,2,UPS® Ground
Saint Louis,Newark,NJ,Size L,14.74,3,UPS® Ground
Saint Louis,Parker,CO,Size L,14.74,2,UPS® Ground
Saint Louis,Plymouth,MA,Size L,16.04,3,UPS® Ground
Saint Louis,Rancho Cucamonga,CA,Size L,17.1,3,UPS® Ground
Saint Louis,Rockville,MD,Size L,14.74,3,UPS® Ground
Saint Louis,Sacramento,CA,Size L,17.1,4,UPS® Ground
Saint Louis,Tallahassee,FL,Size L,14.74,3,UPS® Ground
Saint Louis,The Villages,FL,Size L,14.74,3,UPS® Ground
Saint Louis,Westfield,IN,Size L,10.41,1,UPS® Ground
Saint Louis,Waterloo,IA,Size L,10.41,2,UPS® Ground
Saint Louis,West Chester,PA,Size L,14.74,3,UPS® Ground
Saint Louis,Bend,OR,Size L,17.1,4,UPS® Ground
Saint Louis,Amarillo,TX,Size L,14.74,3,UPS® Ground
Saint Louis,Auburn,MA,Size L,14.74,3,UPS® Ground
Saint Louis,Bakersfield,CA,Size L,17.1,3,UPS® Ground
Saint Louis,Boca Raton,FL,Size L,16.04,3,UPS® Ground
Saint Louis,Benton,LA,Size L,11.36,2,UPS® Ground
Saint Louis,Bradenton,FL,Size L,14.74,3,UPS® Ground
Saint Louis,Dayton,OH,Size L,11.36,2,UPS® Ground
Saint Louis,Duluth,MN,Size L,11.36,2,UPS® Ground
Saint Louis,Englewood,CO,Size L,14.74,2,UPS® Ground
Saint Louis,Fort Wayne,IN,Size L,11.36,2,UPS® Ground
Saint Louis,Frederick,MD,Size L,14.74,3,UPS® Ground
Saint Louis,Fredericksburg,VA,Size L,14.74,2,UPS® Ground
Saint Louis,Gainesville,FL,Size L,14.74,3,UPS® Ground
Saint Louis,Grand Rapids,MI,Size L,11.36,2,UPS® Ground
Saint Louis,Green Bay,WI,Size L,11.36,2,UPS® Ground
Saint Louis,Morgantown,WV,Size L,11.36,2,UPS® Ground
Saint Louis,Pensacola,FL,Size L,14.74,2,UPS® Ground
Saint Louis,Princeton,MA,Size L,14.74,3,UPS® Ground
Saint Louis,Peoria,AZ,Size L,17.1,3,UPS® Ground
Saint Louis,Saint Paul,MN,Size L,11.36,2,UPS® Ground
Saint Louis,Savannah,GA,Size L,14.74,2,UPS® Ground
Saint Louis,Seaford,NY,Size L,14.74,3,UPS® Ground
Saint Louis,Seymour,IN,Size L,10.41,2,UPS® Ground
Saint Louis,Spokane,WA,Size L,17.1,4,UPS® Ground
Saint Louis,Windsor,CO,Size L,14.74,2,UPS® Ground
Saint Louis,Winston-Salem,NC,Size L,11.36,2,UPS® Ground
Saint Louis,Worcester,MA,Size L,16.04,3,UPS® Ground
Saint Louis,York,PA,Size L,14.74,2,UPS® Ground
Saint Louis,Antioch,TN,Size L,10.41,1,UPS® Ground
Saint Louis,Athens,GA,Size L,11.36,2,UPS® Ground
Saint Louis,Corona,CA,Size L,17.1,3,UPS® Ground
Saint Louis,Fairfield,CA,Size L,17.1,4,UPS® Ground
Saint Louis,Germantown,MD,Size L,14.74,3,UPS® Ground
Saint Louis,Hillsboro,OR,Size L,17.1,4,UPS® Ground
Saint Louis,Hope Mills,NC,Size L,14.74,2,UPS® Ground
Saint Louis,Hendersonville,NC,Size L,11.36,2,UPS® Ground
Saint Louis,Holly Springs,MS,Size L,11.36,2,UPS® Ground
Saint Louis,Homer,AK,Size L,46.14,4,UPS® Ground
Saint Louis,Laurel,MD,Size L,14.74,3,UPS® Ground
Saint Louis,Long Beach,CA,Size L,17.1,3,UPS® Ground
Saint Louis,Manteca,CA,Size L,17.1,4,UPS® Ground
Saint Louis,Maryville,TN,Size L,11.36,2,UPS® Ground
Saint Louis,Magnolia,MS,Size L,11.36,2,UPS® Ground
Saint Louis,Memphis,TN,Size L,10.41,1,UPS® Ground
Saint Louis,Milton,MA,Size L,16.04,3,UPS® Ground
Saint Louis,Montgomery,TX,Size L,14.74,2,UPS® Ground
Saint Louis,Myrtle Beach,SC,Size L,14.74,2,UPS® Ground
Saint Louis,New Market,AL,Size L,11.36,2,UPS® Ground
Saint Louis,Ocala,FL,Size L,14.74,3,UPS® Ground
Saint Louis,Olathe,KS,Size L,10.41,1,UPS® Ground
Saint Louis,Oxford,MI,Size L,11.36,2,UPS® Ground
Saint Louis,Palm Beach Gardens,FL,Size L,16.04,3,UPS® Ground
Saint Louis,Roseville,CA,Size L,17.1,4,UPS® Ground
Saint Louis,Roswell,GA,Size L,11.36,2,UPS® Ground
Saint Louis,Rockwall,TX,Size L,14.74,2,UPS® Ground
Saint Louis,Spring,TX,Size L,14.74,2,UPS® Ground
Saint Louis,Salisbury,MA,Size L,16.04,3,UPS® Ground
Saint Louis,Santa Rosa,CA,Size L,17.1,4,UPS® Ground
Saint Louis,Sarasota,FL,Size L,14.74,3,UPS® Ground
Saint Louis,Vancouver,WA,Size L,17.1,4,UPS® Ground
Saint Louis,Westminster,MD,Size L,14.74,3,UPS® Ground
Harrisburg,Arlington,TX,Size L,16.04,3,UPS® Ground
Harrisburg,Aurora,CO,Size L,17.1,3,UPS® Ground
Harrisburg,Boise,ID,Size L,18.12,3,UPS® Ground
Harrisburg,Indianapolis,IN,Size L,11.36,2,UPS® Ground
Harrisburg,Reno,NV,Size L,18.12,3,UPS® Ground
Harrisburg,Riverside,CA,Size L,18.12,4,UPS® Ground
Harrisburg,Bismarck,ND,Size L,16.04,4,UPS® Ground
Harrisburg,Lincoln,RI,Size L,10.41,2,UPS® Ground
Harrisburg,Los Angeles,CA,Size L,18.12,4,UPS® Ground
Harrisburg,Mansfield,MA,Size L,11.36,2,UPS® Ground
Harrisburg,Milwaukee,WI,Size L,14.74,2,UPS® Ground
Harrisburg,Madison,IN,Size L,11.36,2,UPS® Ground
Harrisburg,Mesa,AZ,Size L,18.12,3,UPS® Ground
Harrisburg,Monroe,NC,Size L,11.36,2,UPS® Ground
Harrisburg,Philadelphia,PA,Size L,9.41,1,UPS® Ground
Harrisburg,Staten Island,NY,Size L,9.41,1,UPS® Ground
Harrisburg,Washington,DC,Size L,9.41,1,UPS® Ground
Harrisburg,Baltimore,MD,Size L,9.41,1,UPS® Ground
Harrisburg,Decatur,IL,Size L,14.74,2,UPS® Ground
Harrisburg,Durham,NC,Size L,11.36,2,UPS® Ground
Harrisburg,Fayetteville,AR,Size L,14.74,3,UPS® Ground
Harrisburg,Glendale,AZ,Size L,18.12,3,UPS® Ground
Harrisburg,Midland,GA,Size L,14.74,2,UPS® Ground
Harrisburg,Scottsdale,AZ,Size L,18.12,3,UPS® Ground
Harrisburg,Woodstock,GA,Size L,11.36,2,UPS® Ground
Harrisburg,Chandler,AZ,Size L,18.12,3,UPS® Ground
Harrisburg,Cincinnati,OH,Size L,11.36,2,UPS® Ground
Harrisburg,Covington,LA,Size L,16.04,3,UPS® Ground
Harrisburg,Fort Myers,FL,Size L,14.74,2,UPS® Ground
Harrisburg,Greensboro,NC,Size L,11.36,2,UPS® Ground
Harrisburg,Henderson,TX,Size L,16.04,3,UPS® Ground
Harrisburg,Hamilton,MI,Size L,11.36,2,UPS® Ground
Harrisburg,Lewisburg,PA,Size L,9.41,1,UPS® Ground
Harrisburg,Littleton,CO,Size L,17.1,3,UPS® Ground
Harrisburg,Mount Pleasant,SC,Size L,11.36,2,UPS® Ground
Harrisburg,Pasadena,MD,Size L,9.41,1,UPS® Ground
Harrisburg,Plano,TX,Size L,16.04,3,UPS® Ground
Harrisburg,Sanford,NC,Size L,11.36,2,UPS® Ground
Harrisburg,Wayne,ME,Size L,11.36,2,UPS® Ground
Harrisburg,Ashland,PA,Size L,9.41,1,UPS® Ground
Harrisburg,Burlington,WI,Size L,14.74,2,UPS® Ground
Harrisburg,Centerville,IA,Size L,14.74,2,UPS® Ground
Harrisburg,Clayton,NC,Size L,11.36,2,UPS® Ground
Harrisburg,Encinitas,CA,Size L,18.12,4,UPS® Ground
Harrisburg,Fort Collins,CO,Size L,17.1,3,UPS® Ground
Harrisburg,Golden,CO,Size L,17.1,3,UPS® Ground
Harrisburg,Hudson,NC,Size L,11.36,2,UPS® Ground
Harrisburg,Katy,TX,Size L,16.04,3,UPS® Ground
Harrisburg,Lancaster,SC,Size L,11.36,2,UPS® Ground
Harrisburg,Newark,NJ,Size L,9.41,1,UPS® Ground
Harrisburg,Parker,CO,Size L,17.1,3,UPS® Ground
Harrisburg,Plymouth,MA,Size L,11.36,2,UPS® Ground
Harrisburg,Rancho Cucamonga,CA,Size L,18.12,4,UPS® Ground
Harrisburg,Rockville,MD,Size L,9.41,1,UPS® Ground
Harrisburg,Sacramento,CA,Size L,18.12,4,UPS® Ground
Harrisburg,Tallahassee,FL,Size L,14.74,2,UPS® Ground
Harrisburg,The Villages,FL,Size L,14.74,2,UPS® Ground
Harrisburg,Westfield,IN,Size L,11.36,2,UPS® Ground
Harrisburg,Waterloo,IA,Size L,14.74,2,UPS® Ground
Harrisburg,West Chester,PA,Size L,9.41,1,UPS® Ground
Harrisburg,Bend,OR,Size L,18.12,4,UPS® Ground
Harrisburg,Amarillo,TX,Size L,16.04,4,UPS® Ground
Harrisburg,Auburn,MA,Size L,11.36,2,UPS® Ground
Harrisburg,Bakersfield,CA,Size L,18.12,4,UPS® Ground
Harrisburg,Boca Raton,FL,Size L,14.74,2,UPS® Ground
Harrisburg,Benton,LA,Size L,16.04,3,UPS® Ground
Harrisburg,Bradenton,FL,Size L,14.74,2,UPS® Ground
Harrisburg,Dayton,OH,Size L,11.36,2,UPS® Ground
Harrisburg,Duluth,MN,Size L,14.74,2,UPS® Ground
Harrisburg,Englewood,CO,Size L,17.1,3,UPS® Ground
Harrisburg,Fort Wayne,IN,Size L,11.36,2,UPS® Ground
Harrisburg,Frederick,MD,Size L,9.41,1,UPS® Ground
Harrisburg,Fredericksburg,VA,Size L,9.41,1,UPS® Ground
Harrisburg,Gainesville,FL,Size L,14.74,2,UPS® Ground
Harrisburg,Grand Rapids,MI,Size L,11.36,2,UPS® Ground
Harrisburg,Green Bay,WI,Size L,14.74,2,UPS® Ground
Harrisburg,Morgantown,WV,Size L,10.41,1,UPS® Ground
Harrisburg,Pensacola,FL,Size L,14.74,2,UPS® Ground
Harrisburg,Princeton,MA,Size L,11.36,2,UPS® Ground
Harrisburg,Peoria,AZ,Size L,18.12,3,UPS® Ground
Harrisburg,Saint Paul,MN,Size L,14.74,2,UPS® Ground
Harrisburg,Savannah,GA,Size L,11.36,2,UPS® Ground
Harrisburg,Seaford,NY,Size L,10.41,1,UPS® Ground
Harrisburg,Seymour,IN,Size L,11.36,2,UPS® Ground
Harrisburg,Spokane,WA,Size L,18.12,4,UPS® Ground
Harrisburg,Windsor,CO,Size L,17.1,3,UPS® Ground
Harrisburg,Winston-Salem,NC,Size L,11.36,2,UPS® Ground
Harrisburg,Worcester,MA,Size L,10.41,2,UPS® Ground
Harrisburg,York,PA,Size L,9.41,1,UPS® Ground
Harrisburg,Antioch,TN,Size L,11.36,2,UPS® Ground
Harrisburg,Athens,GA,Size L,11.36,2,UPS® Ground
Harrisburg,Corona,CA,Size L,18.12,4,UPS® Ground
Harrisburg,Fairfield,CA,Size L,18.12,4,UPS® Ground
Harrisburg,Germantown,MD,Size L,9.41,1,UPS® Ground
Harrisburg,Hillsboro,OR,Size L,18.12,4,UPS® Ground
Harrisburg,Hope Mills,NC,Size L,11.36,2,UPS® Ground
Harrisburg,Hendersonville,NC,Size L,11.36,2,UPS® Ground
Harrisburg,Holly Springs,MS,Size L,14.74,3,UPS® Ground
Harrisburg,Homer,AK,Size L,46.14,4,UPS® Ground
Harrisburg,Laurel,MD,Size L,9.41,1,UPS® Ground
Harrisburg,Long Beach,CA,Size L,18.12,4,UPS® Ground
Harrisburg,Manteca,CA,Size L,18.12,4,UPS® Ground
Harrisburg,Maryville,TN,Size L,11.36,2,UPS® Ground
Harrisburg,Magnolia,MS,Size L,14.74,3,UPS® Ground
Harrisburg,Memphis,TN,Size L,14.74,2,UPS® Ground
Harrisburg,Milton,MA,Size L,11.36,2,UPS® Ground
Harrisburg,Montgomery,TX,Size L,16.04,3,UPS® Ground
Harrisburg,Myrtle Beach,SC,Size L,11.36,2,UPS® Ground
Harrisburg,New Market,AL,Size L,14.74,2,UPS® Ground
Harrisburg,Ocala,FL,Size L,14.74,2,UPS® Ground
Harrisburg,Olathe,KS,Size L,14.74,3,UPS® Ground
Harrisburg,Oxford,MI,Size L,14.74,2,UPS® Ground
Harrisburg,Palm Beach Gardens,FL,Size L,14.74,2,UPS® Ground
Harrisburg,Roseville,CA,Size L,18.12,4,UPS® Ground
Harrisburg,Roswell,GA,Size L,14.74,2,UPS® Ground
Harrisburg,Rockwall,TX,Size L,16.04,3,UPS® Ground
Harrisburg,Spring,TX,Size L,16.04,3,UPS® Ground
Harrisburg,Salisbury,MA,Size L,11.36,2,UPS® Ground
Harrisburg,Santa Rosa,CA,Size L,18.12,4,UPS® Ground
Harrisburg,Sarasota,FL,Size L,14.74,2,UPS® Ground
Harrisburg,Vancouver,WA,Size L,18.12,4,UPS® Ground
Harrisburg,Westminster,MD,Size L,9.41,1,UPS® Ground
Louisville,Arlington,TX,Size L,14.74,2,UPS® Ground
Louisville,Aurora,CO,Size L,16.04,3,UPS® Ground
Louisville,Boise,ID,Size L,17.1,3,UPS® Ground
Louisville,Indianapolis,IN,Size L,9.41,1,UPS® Ground
Louisville,Reno,NV,Size L,18.12,3,UPS® Ground
Louisville,Riverside,CA,Size L,18.12,3,UPS® Ground
Louisville,Bismarck,ND,Size L,14.74,3,UPS® Ground
Louisville,Lincoln,RI,Size L,14.74,3,UPS® Ground
Louisville,Los Angeles,CA,Size L,18.12,3,UPS® Ground
Louisville,Mansfield,MA,Size L,14.74,3,UPS® Ground
Louisville,Milwaukee,WI,Size L,11.36,2,UPS® Ground
Louisville,Madison,IN,Size L,9.41,1,UPS® Ground
Louisville,Mesa,AZ,Size L,17.1,3,UPS® Ground
Louisville,Monroe,NC,Size L,11.36,2,UPS® Ground
Louisville,Philadelphia,PA,Size L,11.36,2,UPS® Ground
Louisville,Staten Island,NY,Size L,14.74,3,UPS® Ground
Louisville,Washington,DC,Size L,11.36,2,UPS® Ground
Louisville,Baltimore,MD,Size L,11.36,2,UPS® Ground
Louisville,Decatur,IL,Size L,10.41,1,UPS® Ground
Louisville,Durham,NC,Size L,11.36,2,UPS® Ground
Louisville,Fayetteville,AR,Size L,11.36,2,UPS® Ground
Louisville,Glendale,AZ,Size L,17.1,3,UPS® Ground
Louisville,Midland,GA,Size L,11.36,2,UPS® Ground
Louisville,Scottsdale,AZ,Size L,17.1,3,UPS® Ground
Louisville,Woodstock,GA,Size L,11.36,2,UPS® Ground
Louisville,Chandler,AZ,Size L,17.1,3,UPS® Ground
Louisville,Cincinnati,OH,Size L,9.41,1,UPS® Ground
Louisville,Covington,LA,Size L,11.36,2,UPS® Ground
Louisville,Fort Myers,FL,Size L,14.74,2,UPS® Ground
Louisville,Greensboro,NC,Size L,11.36,2,UPS® Ground
Louisville,Henderson,TX,Size L,14.74,2,UPS® Ground
Louisville,Hamilton,MI,Size L,11.36,2,UPS® Ground
Louisville,Lewisburg,PA,Size L,11.36,2,UPS® Ground
Louisville,Littleton,CO,Size L,16.04,2,UPS® Ground
Louisville,Mount Pleasant,SC,Size L,11.36,2,UPS® Ground
Louisville,Pasadena,MD,Size L,11.36,2,UPS® Ground
Louisville,Plano,TX,Size L,14.74,2,UPS® Ground
Louisville,Sanford,NC,Size L,11.36,2,UPS® Ground
Louisville,Wayne,ME,Size L,14.74,3,UPS® Ground
Louisville,Ashland,PA,Size L,11.36,2,UPS® Ground
Louisville,Burlington,WI,Size L,11.36,2,UPS® Ground
Louisville,Centerville,IA,Size L,11.36,2,UPS® Ground
Louisville,Clayton,NC,Size L,11.36,2,UPS® Ground
Louisville,Encinitas,CA,Size L,18.12,4,UPS® Ground
Louisville,Fort Collins,CO,Size L,16.04,3,UPS® Ground
Louisville,Golden,CO,Size L,16.04,2,UPS® Ground
Louisville,Hudson,NC,Size L,10.41,2,UPS® Ground
Louisville,Katy,TX,Size L,14.74,3,UPS® Ground
Louisville,Lancaster,SC,Size L,11.36,2,UPS® Ground
Louisville,Newark,NJ,Size L,14.74,3,UPS® Ground
Louisville,Parker,CO,Size L,16.04,2,UPS® Ground
Louisville,Plymouth,MA,Size L,14.74,3,UPS® Ground
Louisville,Rancho Cucamonga,CA,Size L,18.12,3,UPS® Ground
Louisville,Rockville,MD,Size L,11.36,2,UPS® Ground
Louisville,Sacramento,CA,Size L,18.12,4,UPS® Ground
Louisville,Tallahassee,FL,Size L,11.36,2,UPS® Ground
Louisville,The Villages,FL,Size L,14.74,2,UPS® Ground
Louisville,Westfield,IN,Size L,9.41,1,UPS® Ground
Louisville,Waterloo,IA,Size L,11.36,2,UPS® Ground
Louisville,West Chester,PA,Size L,11.36,2,UPS® Ground
Louisville,Bend,OR,Size L,18.12,4,UPS® Ground
Louisville,Amarillo,TX,Size L,14.74,3,UPS® Ground
Louisville,Auburn,MA,Size L,14.74,3,UPS® Ground
Louisville,Bakersfield,CA,Size L,18.12,4,UPS® Ground
Louisville,Boca Raton,FL,Size L,16.04,2,UPS® Ground
Louisville,Benton,LA,Size L,11.36,2,UPS® Ground
Louisville,Bradenton,FL,Size L,14.74,2,UPS® Ground
Louisville,Dayton,OH,Size L,9.41,1,UPS® Ground
Louisville,Duluth,MN,Size L,14.74,2,UPS® Ground
Louisville,Englewood,CO,Size L,16.04,2,UPS® Ground
Louisville,Fort Wayne,IN,Size L,10.41,1,UPS® Ground
Louisville,Frederick,MD,Size L,11.36,2,UPS® Ground
Louisville,Fredericksburg,VA,Size L,11.36,2,UPS® Ground
Louisville,Gainesville,FL,Size L,11.36,2,UPS® Ground
Louisville,Grand Rapids,MI,Size L,11.36,2,UPS® Ground
Louisville,Green Bay,WI,Size L,11.36,2,UPS® Ground
Louisville,Morgantown,WV,Size L,11.36,2,UPS® Ground
Louisville,Pensacola,FL,Size L,11.36,2,UPS® Ground
Louisville,Princeton,MA,Size L,14.74,3,UPS® Ground
Louisville,Peoria,AZ,Size L,17.1,3,UPS® Ground
Louisville,Saint Paul,MN,Size L,14.74,2,UPS® Ground
Louisville,Savannah,GA,Size L,11.36,2,UPS® Ground
Louisville,Seaford,NY,Size L,14.74,2,UPS® Ground
Louisville,Seymour,IN,Size L,9.41,1,UPS® Ground
Louisville,Spokane,WA,Size L,17.1,4,UPS® Ground
Louisville,Windsor,CO,Size L,16.04,3,UPS® Ground
Louisville,Winston-Salem,NC,Size L,11.36,2,UPS® Ground
Louisville,Worcester,MA,Size L,14.74,3,UPS® Ground
Louisville,York,PA,Size L,11.36,2,UPS® Ground
Louisville,Antioch,TN,Size L,10.41,1,UPS® Ground
Louisville,Athens,GA,Size L,11.36,2,UPS® Ground
Louisville,Corona,CA,Size L,18.12,3,UPS® Ground
Louisville,Fairfield,CA,Size L,18.12,4,UPS® Ground
Louisville,Germantown,MD,Size L,11.36,2,UPS® Ground
Louisville,Hillsboro,OR,Size L,18.12,4,UPS® Ground
Louisville,Hope Mills,NC,Size L,11.36,2,UPS® Ground
Louisville,Hendersonville,NC,Size L,10.41,2,UPS® Ground
Louisville,Holly Springs,MS,Size L,11.36,1,UPS® Ground
Louisville,Homer,AK,Size L,46.14,3,UPS® Ground
Louisville,Laurel,MD,Size L,11.36,2,UPS® Ground
Louisville,Long Beach,CA,Size L,18.12,3,UPS® Ground
Louisville,Manteca,CA,Size L,18.12,4,UPS® Ground
Louisville,Maryville,TN,Size L,10.41,1,UPS® Ground
Louisville,Magnolia,MS,Size L,11.36,2,UPS® Ground
Louisville,Memphis,TN,Size L,11.36,1,UPS® Ground
Louisville,Milton,MA,Size L,14.74,3,UPS® Ground
Louisville,Montgomery,TX,Size L,14.74,3,UPS® Ground
Louisville,Myrtle Beach,SC,Size L,11.36,2,UPS® Ground
Louisville,New Market,AL,Size L,10.41,1,UPS® Ground
Louisville,Ocala,FL,Size L,14.74,2,UPS® Ground
Louisville,Olathe,KS,Size L,11.36,2,UPS® Ground
Louisville,Oxford,MI,Size L,11.36,2,UPS® Ground
Louisville,Palm Beach Gardens,FL,Size L,16.04,2,UPS® Ground
Louisville,Roseville,CA,Size L,18.12,4,UPS® Ground
Louisville,Roswell,GA,Size L,11.36,2,UPS® Ground
Louisville,Rockwall,TX,Size L,14.74,2,UPS® Ground
Louisville,Spring,TX,Size L,14.74,3,UPS® Ground
Louisville,Salisbury,MA,Size L,14.74,3,UPS® Ground
Louisville,Santa Rosa,CA,Size L,18.12,4,UPS® Ground
Louisville,Sarasota,FL,Size L,14.74,2,UPS® Ground
Louisville,Vancouver,WA,Size L,18.12,4,UPS® Ground
Louisville,Westminster,MD,Size L,11.36,2,UPS® Ground
Nashville,Arlington,TX,Size L,14.74,2,UPS® Ground
Nashville,Aurora,CO,Size L,16.04,3,UPS® Ground
Nashville,Boise,ID,Size L,17.1,3,UPS® Ground
Nashville,Indianapolis,IN,Size L,10.41,2,UPS® Ground
Nashville,Reno,NV,Size L,18.12,4,UPS® Ground
Nashville,Riverside,CA,Size L,17.1,3,UPS® Ground
Nashville,Bismarck,ND,Size L,16.04,3,UPS® Ground
Nashville,Lincoln,RI,Size L,14.74,2,UPS® Ground
Nashville,Los Angeles,CA,Size L,17.1,3,UPS® Ground
Nashville,Mansfield,MA,Size L,14.74,2,UPS® Ground
Nashville,Milwaukee,WI,Size L,11.36,2,UPS® Ground
Nashville,Madison,IN,Size L,10.41,2,UPS® Ground
Nashville,Mesa,AZ,Size L,17.1,4,UPS® Ground
Nashville,Monroe,NC,Size L,11.36,2,UPS® Ground
Nashville,Philadelphia,PA,Size L,14.74,2,UPS® Ground
Nashville,Staten Island,NY,Size L,14.74,2,UPS® Ground
Nashville,Washington,DC,Size L,11.36,2,UPS® Ground
Nashville,Baltimore,MD,Size L,14.74,2,UPS® Ground
Nashville,Decatur,IL,Size L,10.41,2,UPS® Ground
Nashville,Durham,NC,Size L,11.36,2,UPS® Ground
Nashville,Fayetteville,AR,Size L,11.36,2,UPS® Ground
Nashville,Glendale,AZ,Size L,17.1,4,UPS® Ground
Nashville,Midland,GA,Size L,10.41,2,UPS® Ground
Nashville,Scottsdale,AZ,Size L,17.1,4,UPS® Ground
Nashville,Woodstock,GA,Size L,10.41,2,UPS® Ground
Nashville,Chandler,AZ,Size L,17.1,4,UPS® Ground
Nashville,Cincinnati,OH,Size L,10.41,2,UPS® Ground
Nashville,Covington,LA,Size L,11.36,2,UPS® Ground
Nashville,Fort Myers,FL,Size L,14.74,2,UPS® Ground
Nashville,Greensboro,NC,Size L,11.36,2,UPS® Ground
Nashville,Henderson,TX,Size L,11.36,2,UPS® Ground
Nashville,Hamilton,MI,Size L,11.36,2,UPS® Ground
Nashville,Lewisburg,PA,Size L,14.74,2,UPS® Ground
Nashville,Littleton,CO,Size L,14.74,3,UPS® Ground
Nashville,Mount Pleasant,SC,Size L,11.36,2,UPS® Ground
Nashville,Pasadena,MD,Size L,11.36,2,UPS® Ground
Nashville,Plano,TX,Size L,14.74,2,UPS® Ground
Nashville,Sanford,NC,Size L,11.36,2,UPS® Ground
Nashville,Wayne,ME,Size L,16.04,2,UPS® Ground
Nashville,Ashland,PA,Size L,14.74,2,UPS® Ground
Nashville,Burlington,WI,Size L,11.36,2,UPS® Ground
Nashville,Centerville,IA,Size L,11.36,2,UPS® Ground
Nashville,Clayton,NC,Size L,11.36,2,UPS® Ground
Nashville,Encinitas,CA,Size L,17.1,3,UPS® Ground
Nashville,Fort Collins,CO,Size L,16.04,3,UPS® Ground
Nashville,Golden,CO,Size L,16.04,3,UPS® Ground
Nashville,Hudson,NC,Size L,11.36,2,UPS® Ground
Nashville,Katy,TX,Size L,14.74,2,UPS® Ground
Nashville,Lancaster,SC,Size L,11.36,2,UPS® Ground
Nashville,Newark,NJ,Size L,14.74,2,UPS® Ground
Nashville,Parker,CO,Size L,14.74,3,UPS® Ground
Nashville,Plymouth,MA,Size L,14.74,2,UPS® Ground
Nashville,Rancho Cucamonga,CA,Size L,17.1,3,UPS® Ground
Nashville,Rockville,MD,Size L,11.36,2,UPS® Ground
Nashville,Sacramento,CA,Size L,18.12,4,UPS® Ground
Nashville,Tallahassee,FL,Size L,11.36,2,UPS® Ground
Nashville,The Villages,FL,Size L,11.36,2,UPS® Ground
Nashville,Westfield,IN,Size L,10.41,2,UPS® Ground
Nashville,Waterloo,IA,Size L,11.36,2,UPS® Ground
Nashville,West Chester,PA,Size L,14.74,2,UPS® Ground
Nashville,Bend,OR,Size L,18.12,5,UPS® Ground
Nashville,Amarillo,TX,Size L,14.74,3,UPS® Ground
Nashville,Auburn,MA,Size L,14.74,2,UPS® Ground
Nashville,Bakersfield,CA,Size L,17.1,3,UPS® Ground
Nashville,Boca Raton,FL,Size L,14.74,2,UPS® Ground
Nashville,Benton,LA,Size L,11.36,2,UPS® Ground
Nashville,Bradenton,FL,Size L,14.74,2,UPS® Ground
Nashville,Dayton,OH,Size L,10.41,2,UPS® Ground
Nashville,Duluth,MN,Size L,14.74,2,UPS® Ground
Nashville,Englewood,CO,Size L,14.74,3,UPS® Ground
Nashville,Fort Wayne,IN,Size L,11.36,2,UPS® Ground
Nashville,Frederick,MD,Size L,11.36,2,UPS® Ground
Nashville,Fredericksburg,VA,Size L,11.36,2,UPS® Ground
Nashville,Gainesville,FL,Size L,11.36,2,UPS® Ground
Nashville,Grand Rapids,MI,Size L,11.36,2,UPS® Ground
Nashville,Green Bay,WI,Size L,11.36,2,UPS® Ground
Nashville,Morgantown,WV,Size L,11.36,2,UPS® Ground
Nashville,Pensacola,FL,Size L,11.36,2,UPS® Ground
Nashville,Princeton,MA,Size L,14.74,2,UPS® Ground
Nashville,Peoria,AZ,Size L,17.1,4,UPS® Ground
Nashville,Saint Paul,MN,Size L,14.74,2,UPS® Ground
Nashville,Savannah,GA,Size L,11.36,2,UPS® Ground
Nashville,Seaford,NY,Size L,14.74,2,UPS® Ground
Nashville,Seymour,IN,Size L,10.41,2,UPS® Ground
Nashville,Spokane,WA,Size L,17.1,5,UPS® Ground
Nashville,Windsor,CO,Size L,16.04,3,UPS® Ground
Nashville,Winston-Salem,NC,Size L,11.36,2,UPS® Ground
Nashville,Worcester,MA,Size L,14.74,2,UPS® Ground
Nashville,York,PA,Size L,14.74,2,UPS® Ground
Nashville,Antioch,TN,Size L,9.41,1,UPS® Ground
Nashville,Athens,GA,Size L,10.41,2,UPS® Ground
Nashville,Corona,CA,Size L,17.1,3,UPS® Ground
Nashville,Fairfield,CA,Size L,18.12,4,UPS® Ground
Nashville,Germantown,MD,Size L,11.36,2,UPS® Ground
Nashville,Hillsboro,OR,Size L,18.12,5,UPS® Ground
Nashville,Hope Mills,NC,Size L,11.36,2,UPS® Ground
Nashville,Hendersonville,NC,Size L,10.41,2,UPS® Ground
Nashville,Holly Springs,MS,Size L,10.41,1,UPS® Ground
Nashville,Homer,AK,Size L,46.14,3,UPS® Ground
Nashville,Laurel,MD,Size L,11.36,2,UPS® Ground
Nashville,Long Beach,CA,Size L,17.1,3,UPS® Ground
Nashville,Manteca,CA,Size L,18.12,4,UPS® Ground
Nashville,Maryville,TN,Size L,10.41,1,UPS® Ground
Nashville,Magnolia,MS,Size L,11.36,2,UPS® Ground
Nashville,Memphis,TN,Size L,10.41,1,UPS® Ground
Nashville,Milton,MA,Size L,14.74,2,UPS® Ground
Nashville,Montgomery,TX,Size L,14.74,2,UPS® Ground
Nashville,Myrtle Beach,SC,Size L,11.36,2,UPS® Ground
Nashville,New Market,AL,Size L,9.41,1,UPS® Ground
Nashville,Ocala,FL,Size L,11.36,2,UPS® Ground
Nashville,Olathe,KS,Size L,11.36,2,UPS® Ground
Nashville,Oxford,MI,Size L,11.36,2,UPS® Ground
Nashville,Palm Beach Gardens,FL,Size L,14.74,2,UPS® Ground
Nashville,Roseville,CA,Size L,18.12,4,UPS® Ground
Nashville,Roswell,GA,Size L,10.41,2,UPS® Ground
Nashville,Rockwall,TX,Size L,14.74,2,UPS® Ground
Nashville,Spring,TX,Size L,14.74,2,UPS® Ground
Nashville,Salisbury,MA,Size L,14.74,2,UPS® Ground
Nashville,Santa Rosa,CA,Size L,18.12,4,UPS® Ground
Nashville,Sarasota,FL,Size L,14.74,2,UPS® Ground
Nashville,Vancouver,WA,Size L,18.12,5,UPS® Ground
Nashville,Westminster,MD,Size L,11.36,2,UPS® Ground
Ontario,Fresno,TX,Size L,17.1,3,UPS® Ground
Oklahoma City,Fresno,TX,Size L,11.36,2,UPS® Ground
Stockton,Fresno,TX,Size L,17.1,4,UPS® Ground
Austin,Fresno,TX,Size L,10.41,1,UPS® Ground
Atlanta,Fresno,TX,Size L,14.74,2,UPS® Ground
Columbus,Fresno,TX,Size L,14.74,3,UPS® Ground
Philadelphia,Fresno,TX,Size L,16.04,3,UPS® Ground
Dallas,Fresno,TX,Size L,10.41,1,UPS® Ground
Jacksonville,Fresno,TX,Size L,14.74,3,UPS® Ground
Chicago,Fresno,TX,Size L,14.74,3,UPS® Ground
Denver,Fresno,TX,Size L,14.74,2,UPS® Ground
Portland,Fresno,TX,Size L,18.12,4,UPS® Ground
Boston,Fresno,TX,Size L,17.1,3,UPS® Ground
Boise,Fresno,TX,Size L,17.1,4,UPS® Ground
Indianapolis,Fresno,TX,Size L,14.74,3,UPS® Ground
Phoenix,Fresno,TX,Size L,16.04,3,UPS® Ground
Saint Louis,Fresno,TX,Size L,14.74,2,UPS® Ground
Harrisburg,Fresno,TX,Size L,16.04,3,UPS® Ground
Louisville,Fresno,TX,Size L,16.04,3,UPS® Ground
Nashville,Fresno,TX,Size L,14.74,2,UPS® Ground
Ontario,Canton,GA,Size L,18.12,4,UPS® Ground
Ontario,Columbia,MO,Size L,17.1,4,UPS® Ground
Ontario,Naples,FL,Size L,18.12,4,UPS® Ground
Ontario,Fresno,CA,Size L,10.41,1,UPS® Ground
Ontario,Cleveland,TN,Size L,18.12,4,UPS® Ground
Ontario,Henderson,NV,Size L,10.41,1,UPS® Ground
Ontario,Lincoln,NE,Size L,16.04,4,UPS® Ground
Ontario,Wilmington,NC,Size L,18.12,4,UPS® Ground
Oklahoma City,Canton,GA,Size L,14.74,3,UPS® Ground
Oklahoma City,Columbia,MO,Size L,11.36,2,UPS® Ground
Oklahoma City,Naples,FL,Size L,16.04,3,UPS® Ground
Oklahoma City,Fresno,CA,Size L,16.04,4,UPS® Ground
Oklahoma City,Cleveland,TN,Size L,14.74,2,UPS® Ground
Oklahoma City,Henderson,NV,Size L,14.74,3,UPS® Ground
Oklahoma City,Lincoln,NE,Size L,11.36,2,UPS® Ground
Oklahoma City,Wilmington,NC,Size L,16.04,3,UPS® Ground
Stockton,Canton,GA,Size L,18.12,4,UPS® Ground
Stockton,Columbia,MO,Size L,17.1,4,UPS® Ground
Stockton,Naples,FL,Size L,18.12,5,UPS® Ground
Stockton,Fresno,CA,Size L,9.41,1,UPS® Ground
Stockton,Cleveland,TN,Size L,18.12,4,UPS® Ground
Stockton,Henderson,NV,Size L,11.36,2,UPS® Ground
Stockton,Lincoln,NE,Size L,16.04,4,UPS® Ground
Stockton,Wilmington,NC,Size L,18.12,5,UPS® Ground
Austin,Canton,GA,Size L,14.74,3,UPS® Ground
Austin,Columbia,MO,Size L,14.74,2,UPS® Ground
Austin,Naples,FL,Size L,16.04,2,UPS® Ground
Austin,Fresno,CA,Size L,16.04,4,UPS® Ground
Austin,Cleveland,TN,Size L,14.74,2,UPS® Ground
Austin,Henderson,NV,Size L,16.04,3,UPS® Ground
Austin,Lincoln,NE,Size L,14.74,2,UPS® Ground
Austin,Wilmington,NC,Size L,16.04,3,UPS® Ground
Atlanta,Canton,GA,Size L,9.41,1,UPS® Ground
Atlanta,Columbia,MO,Size L,11.36,2,UPS® Ground
Atlanta,Naples,FL,Size L,11.36,2,UPS® Ground
Atlanta,Fresno,CA,Size L,18.12,4,UPS® Ground
Atlanta,Cleveland,TN,Size L,9.41,1,UPS® Ground
Atlanta,Henderson,NV,Size L,17.1,4,UPS® Ground
Atlanta,Lincoln,NE,Size L,14.74,3,UPS® Ground
Atlanta,Wilmington,NC,Size L,11.36,2,UPS® Ground
Columbus,Canton,GA,Size L,11.36,2,UPS® Ground
Columbus,Columbia,MO,Size L,11.36,2,UPS® Ground
Columbus,Naples,FL,Size L,14.74,2,UPS® Ground
Columbus,Fresno,CA,Size L,18.12,4,UPS® Ground
Columbus,Cleveland,TN,Size L,11.36,2,UPS® Ground
Columbus,Henderson,NV,Size L,17.1,3,UPS® Ground
Columbus,Lincoln,NE,Size L,14.74,3,UPS® Ground
Columbus,Wilmington,NC,Size L,11.36,2,UPS® Ground
Philadelphia,Canton,GA,Size L,14.74,2,UPS® Ground
Philadelphia,Columbia,MO,Size L,14.74,3,UPS® Ground
Philadelphia,Naples,FL,Size L,16.04,2,UPS® Ground
Philadelphia,Fresno,CA,Size L,18.12,4,UPS® Ground
Philadelphia,Cleveland,TN,Size L,14.74,2,UPS® Ground
Philadelphia,Henderson,NV,Size L,18.12,3,UPS® Ground
Philadelphia,Lincoln,NE,Size L,16.04,2,UPS® Ground
Philadelphia,Wilmington,NC,Size L,11.36,2,UPS® Ground
Dallas,Canton,GA,Size L,14.74,2,UPS® Ground
Dallas,Columbia,MO,Size L,11.36,2,UPS® Ground
Dallas,Naples,FL,Size L,16.04,3,UPS® Ground
Dallas,Fresno,CA,Size L,16.04,3,UPS® Ground
Dallas,Cleveland,TN,Size L,11.36,2,UPS® Ground
Dallas,Henderson,NV,Size L,16.04,3,UPS® Ground
Dallas,Lincoln,NE,Size L,11.36,2,UPS® Ground
Dallas,Wilmington,NC,Size L,16.04,3,UPS® Ground
Jacksonville,Canton,GA,Size L,11.36,2,UPS® Ground
Jacksonville,Columbia,MO,Size L,14.74,2,UPS® Ground
Jacksonville,Naples,FL,Size L,10.41,1,UPS® Ground
Jacksonville,Fresno,CA,Size L,18.12,4,UPS® Ground
Jacksonville,Cleveland,TN,Size L,11.36,2,UPS® Ground
Jacksonville,Henderson,NV,Size L,18.12,4,UPS® Ground
Jacksonville,Lincoln,NE,Size L,16.04,2,UPS® Ground
Jacksonville,Wilmington,NC,Size L,11.36,2,UPS® Ground
Chicago,Canton,GA,Size L,14.74,2,UPS® Ground
Chicago,Columbia,MO,Size L,11.36,2,UPS® Ground
Chicago,Naples,FL,Size L,16.04,3,UPS® Ground
Chicago,Fresno,CA,Size L,17.1,4,UPS® Ground
Chicago,Cleveland,TN,Size L,11.36,2,UPS® Ground
Chicago,Henderson,NV,Size L,17.1,3,UPS® Ground
Chicago,Lincoln,NE,Size L,11.36,2,UPS® Ground
Chicago,Wilmington,NC,Size L,14.74,2,UPS® Ground
Denver,Canton,GA,Size L,16.04,3,UPS® Ground
Denver,Columbia,MO,Size L,14.74,2,UPS® Ground
Denver,Naples,FL,Size L,17.1,3,UPS® Ground
Denver,Fresno,CA,Size L,14.74,2,UPS® Ground
Denver,Cleveland,TN,Size L,16.04,3,UPS® Ground
Denver,Henderson,NV,Size L,14.74,2,UPS® Ground
Denver,Lincoln,NE,Size L,11.36,2,UPS® Ground
Denver,Wilmington,NC,Size L,17.1,3,UPS® Ground
Portland,Canton,GA,Size L,18.12,4,UPS® Ground
Portland,Columbia,MO,Size L,17.1,4,UPS® Ground
Portland,Naples,FL,Size L,18.12,5,UPS® Ground
Portland,Fresno,CA,Size L,14.74,2,UPS® Ground
Portland,Cleveland,TN,Size L,18.12,4,UPS® Ground
Portland,Henderson,NV,Size L,14.74,3,UPS® Ground
Portland,Lincoln,NE,Size L,16.04,3,UPS® Ground
Portland,Wilmington,NC,Size L,18.12,5,UPS® Ground
Boston,Canton,GA,Size L,14.74,3,UPS® Ground
Boston,Columbia,MO,Size L,16.04,3,UPS® Ground
Boston,Naples,FL,Size L,16.04,3,UPS® Ground
Boston,Fresno,CA,Size L,18.12,5,UPS® Ground
Boston,Cleveland,TN,Size L,14.74,3,UPS® Ground
Boston,Henderson,NV,Size L,18.12,4,UPS® Ground
Boston,Lincoln,NE,Size L,16.04,3,UPS® Ground
Boston,Wilmington,NC,Size L,14.74,2,UPS® Ground
Boise,Canton,GA,Size L,17.1,4,UPS® Ground
Boise,Columbia,MO,Size L,16.04,3,UPS® Ground
Boise,Naples,FL,Size L,18.12,5,UPS® Ground
Boise,Fresno,CA,Size L,11.36,2,UPS® Ground
Boise,Cleveland,TN,Size L,17.1,4,UPS® Ground
Boise,Henderson,NV,Size L,11.36,2,UPS® Ground
Boise,Lincoln,NE,Size L,16.04,3,UPS® Ground
Boise,Wilmington,NC,Size L,18.12,5,UPS® Ground
Indianapolis,Canton,GA,Size L,11.36,2,UPS® Ground
Indianapolis,Columbia,MO,Size L,11.36,2,UPS® Ground
Indianapolis,Naples,FL,Size L,14.74,3,UPS® Ground
Indianapolis,Fresno,CA,Size L,18.12,3,UPS® Ground
Indianapolis,Cleveland,TN,Size L,11.36,2,UPS® Ground
Indianapolis,Henderson,NV,Size L,17.1,3,UPS® Ground
Indianapolis,Lincoln,NE,Size L,11.36,2,UPS® Ground
Indianapolis,Wilmington,NC,Size L,11.36,2,UPS® Ground
Phoenix,Canton,GA,Size L,17.1,4,UPS® Ground
Phoenix,Columbia,MO,Size L,16.04,3,UPS® Ground
Phoenix,Naples,FL,Size L,18.12,4,UPS® Ground
Phoenix,Fresno,CA,Size L,11.36,2,UPS® Ground
Phoenix,Cleveland,TN,Size L,17.1,4,UPS® Ground
Phoenix,Henderson,NV,Size L,11.36,2,UPS® Ground
Phoenix,Lincoln,NE,Size L,14.74,3,UPS® Ground
Phoenix,Wilmington,NC,Size L,18.12,4,UPS® Ground
Saint Louis,Canton,GA,Size L,11.36,2,UPS® Ground
Saint Louis,Columbia,MO,Size L,9.41,1,UPS® Ground
Saint Louis,Naples,FL,Size L,14.74,3,UPS® Ground
Saint Louis,Fresno,CA,Size L,17.1,4,UPS® Ground
Saint Louis,Cleveland,TN,Size L,11.36,2,UPS® Ground
Saint Louis,Henderson,NV,Size L,17.1,3,UPS® Ground
Saint Louis,Lincoln,NE,Size L,11.36,2,UPS® Ground
Saint Louis,Wilmington,NC,Size L,14.74,2,UPS® Ground
Harrisburg,Canton,GA,Size L,11.36,2,UPS® Ground
Harrisburg,Columbia,MO,Size L,14.74,2,UPS® Ground
Harrisburg,Naples,FL,Size L,16.04,2,UPS® Ground
Harrisburg,Fresno,CA,Size L,18.12,4,UPS® Ground
Harrisburg,Cleveland,TN,Size L,11.36,2,UPS® Ground
Harrisburg,Henderson,NV,Size L,18.12,3,UPS® Ground
Harrisburg,Lincoln,NE,Size L,16.04,2,UPS® Ground
Harrisburg,Wilmington,NC,Size L,11.36,2,UPS® Ground
Louisville,Canton,GA,Size L,11.36,2,UPS® Ground
Louisville,Columbia,MO,Size L,11.36,2,UPS® Ground
Louisville,Naples,FL,Size L,14.74,2,UPS® Ground
Louisville,Fresno,CA,Size L,18.12,4,UPS® Ground
Louisville,Cleveland,TN,Size L,10.41,1,UPS® Ground
Louisville,Henderson,NV,Size L,17.1,3,UPS® Ground
Louisville,Lincoln,NE,Size L,14.74,2,UPS® Ground
Louisville,Wilmington,NC,Size L,11.36,2,UPS® Ground
Nashville,Canton,GA,Size L,10.41,2,UPS® Ground
Nashville,Columbia,MO,Size L,11.36,2,UPS® Ground
Nashville,Naples,FL,Size L,14.74,2,UPS® Ground
Nashville,Fresno,CA,Size L,18.12,4,UPS® Ground
Nashville,Cleveland,TN,Size L,9.41,1,UPS® Ground
Nashville,Henderson,NV,Size L,17.1,3,UPS® Ground
Nashville,Lincoln,NE,Size L,14.74,3,UPS® Ground
Nashville,Wilmington,NC,Size L,11.36,2,UPS® Ground
Atlanta,Amarillo,TX,Size L,14.74,2,UPS® Ground
Atlanta,Antioch,TN,Size L,10.41,2,UPS® Ground
Atlanta,Arlington,TX,Size L,14.74,2,UPS® Ground
Atlanta,Ashland,PA,Size L,11.36,2,UPS® Ground
Atlanta,Athens,GA,Size L,9.41,1,UPS® Ground
Atlanta,Auburn,MA,Size L,14.74,2,UPS® Ground
Atlanta,Aurora,CO,Size L,16.04,3,UPS® Ground
Atlanta,Bakersfield,CA,Size L,18.12,3,UPS® Ground
Atlanta,Baltimore,MD,Size L,14.74,2,UPS® Ground
Atlanta,Bend,OR,Size L,18.12,4,UPS® Ground
Atlanta,Benton,LA,Size L,11.36,2,UPS® Ground
Atlanta,Bismarck,ND,Size L,16.04,3,UPS® Ground
Atlanta,Boca Raton,FL,Size L,11.36,2,UPS® Ground
Atlanta,Boise,ID,Size L,18.12,3,UPS® Ground
Atlanta,Bradenton,FL,Size L,11.36,2,UPS® Ground
Atlanta,Burlington,WI,Size L,14.74,2,UPS® Ground
Atlanta,Centerville,IA,Size L,14.74,2,UPS® Ground
Atlanta,Chandler,AZ,Size L,17.1,3,UPS® Ground
Atlanta,Cincinnati,OH,Size L,11.36,2,UPS® Ground
Atlanta,Clayton,NC,Size L,11.36,2,UPS® Ground
Atlanta,Corona,CA,Size L,18.12,3,UPS® Ground
Atlanta,Covington,LA,Size L,11.36,2,UPS® Ground
Atlanta,Dayton,OH,Size L,11.36,2,UPS® Ground
Atlanta,Decatur,IL,Size L,11.36,2,UPS® Ground
Atlanta,Duluth,MN,Size L,14.74,2,UPS® Ground
Atlanta,Durham,NC,Size L,11.36,2,UPS® Ground
Atlanta,Encinitas,CA,Size L,18.12,3,UPS® Ground
Atlanta,Englewood,CO,Size L,16.04,3,UPS® Ground
Atlanta,Fairfield,CA,Size L,18.12,4,UPS® Ground
Atlanta,Fayetteville,AR,Size L,11.36,2,UPS® Ground
Atlanta,Fort Collins,CO,Size L,16.04,3,UPS® Ground
Atlanta,Fort Myers,FL,Size L,11.36,2,UPS® Ground
Atlanta,Fort Wayne,IN,Size L,11.36,2,UPS® Ground
Atlanta,Frederick,MD,Size L,11.36,2,UPS® Ground
Atlanta,Fredericksburg,VA,Size L,11.36,2,UPS® Ground
Atlanta,Gainesville,FL,Size L,11.36,2,UPS® Ground
Atlanta,Germantown,MD,Size L,11.36,2,UPS® Ground
Atlanta,Glendale,AZ,Size L,17.1,3,UPS® Ground
Atlanta,Golden,CO,Size L,16.04,3,UPS® Ground
Atlanta,Grand Rapids,MI,Size L,14.74,2,UPS® Ground
Atlanta,Green Bay,WI,Size L,14.74,2,UPS® Ground
Atlanta,Greensboro,NC,Size L,11.36,2,UPS® Ground
Atlanta,Hamilton,MI,Size L,14.74,2,UPS® Ground
Atlanta,Henderson,TX,Size L,11.36,2,UPS® Ground
Atlanta,Hendersonville,NC,Size L,9.41,2,UPS® Ground
Atlanta,Hillsboro,OR,Size L,18.12,4,UPS® Ground
Atlanta,Holly Springs,MS,Size L,11.36,2,UPS® Ground
Atlanta,Homer,AK,Size L,46.14,3,UPS® Ground
Atlanta,Hope Mills,NC,Size L,11.36,2,UPS® Ground
Atlanta,Hudson,NC,Size L,10.41,2,UPS® Ground
Atlanta,Indianapolis,IN,Size L,11.36,2,UPS® Ground
Atlanta,Katy,TX,Size L,14.74,2,UPS® Ground
Atlanta,Lancaster,SC,Size L,10.41,2,UPS® Ground
Atlanta,Laurel,MD,Size L,14.74,2,UPS® Ground
Atlanta,Lewisburg,PA,Size L,14.74,2,UPS® Ground
Atlanta,Lincoln,RI,Size L,14.74,2,UPS® Ground
Atlanta,Littleton,CO,Size L,16.04,3,UPS® Ground
Atlanta,Long Beach,CA,Size L,18.12,3,UPS® Ground
Atlanta,Los Angeles,CA,Size L,18.12,3,UPS® Ground
Atlanta,Madison,IN,Size L,11.36,2,UPS® Ground
Atlanta,Magnolia,MS,Size L,11.36,2,UPS® Ground
Atlanta,Mansfield,MA,Size L,14.74,2,UPS® Ground
Atlanta,Manteca,CA,Size L,18.12,4,UPS® Ground
Atlanta,Maryville,TN,Size L,10.41,2,UPS® Ground
Atlanta,Memphis,TN,Size L,11.36,2,UPS® Ground
Atlanta,Mesa,AZ,Size L,17.1,3,UPS® Ground
Atlanta,Midland,GA,Size L,9.41,1,UPS® Ground
Atlanta,Milton,MA,Size L,14.74,2,UPS® Ground
Atlanta,Milwaukee,WI,Size L,14.74,2,UPS® Ground
Atlanta,Monroe,NC,Size L,10.41,2,UPS® Ground
Atlanta,Montgomery,TX,Size L,14.74,2,UPS® Ground
Atlanta,Morgantown,WV,Size L,11.36,2,UPS® Ground
Atlanta,Mount Pleasant,SC,Size L,10.41,2,UPS® Ground
Atlanta,Myrtle Beach,SC,Size L,11.36,2,UPS® Ground
Atlanta,New Market,AL,Size L,9.41,1,UPS® Ground
Atlanta,Newark,NJ,Size L,14.74,2,UPS® Ground
Atlanta,Ocala,FL,Size L,11.36,2,UPS® Ground
Atlanta,Olathe,KS,Size L,14.74,2,UPS® Ground
Atlanta,Oxford,MI,Size L,14.74,2,UPS® Ground
Atlanta,Palm Beach Gardens,FL,Size L,11.36,2,UPS® Ground
Atlanta,Parker,CO,Size L,16.04,3,UPS® Ground
Atlanta,Pasadena,MD,Size L,14.74,2,UPS® Ground
Atlanta,Pensacola,FL,Size L,10.41,1,UPS® Ground
Atlanta,Peoria,AZ,Size L,17.1,3,UPS® Ground
Atlanta,Philadelphia,PA,Size L,14.74,2,UPS® Ground
Atlanta,Plano,TX,Size L,14.74,2,UPS® Ground
Atlanta,Plymouth,MA,Size L,14.74,2,UPS® Ground
Atlanta,Princeton,MA,Size L,14.74,2,UPS® Ground
Atlanta,Rancho Cucamonga,CA,Size L,18.12,3,UPS® Ground
Atlanta,Reno,NV,Size L,18.12,4,UPS® Ground
Atlanta,Riverside,CA,Size L,18.12,3,UPS® Ground
Atlanta,Rockville,MD,Size L,11.36,2,UPS® Ground
Atlanta,Rockwall,TX,Size L,14.74,2,UPS® Ground
Atlanta,Roseville,CA,Size L,18.12,4,UPS® Ground
Atlanta,Roswell,GA,Size L,9.41,1,UPS® Ground
Atlanta,Sacramento,CA,Size L,18.12,4,UPS® Ground
Atlanta,Saint Paul,MN,Size L,14.74,2,UPS® Ground
Atlanta,Salisbury,MA,Size L,14.74,2,UPS® Ground
Atlanta,Sanford,NC,Size L,11.36,2,UPS® Ground
Atlanta,Santa Rosa,CA,Size L,18.12,4,UPS® Ground
Atlanta,Sarasota,FL,Size L,11.36,2,UPS® Ground
Atlanta,Savannah,GA,Size L,10.41,1,UPS® Ground
Atlanta,Scottsdale,AZ,Size L,17.1,3,UPS® Ground
Atlanta,Seaford,NY,Size L,14.74,2,UPS® Ground
Atlanta,Seymour,IN,Size L,11.36,2,UPS® Ground
Atlanta,Spokane,WA,Size L,18.12,5,UPS® Ground
Atlanta,Spring,TX,Size L,14.74,2,UPS® Ground
Atlanta,Staten Island,NY,Size L,14.74,2,UPS® Ground
Atlanta,Tallahassee,FL,Size L,10.41,2,UPS® Ground
Atlanta,The Villages,FL,Size L,11.36,2,UPS® Ground
Atlanta,Vancouver,WA,Size L,18.12,4,UPS® Ground
Atlanta,Washington,DC,Size L,11.36,2,UPS® Ground
Atlanta,Waterloo,IA,Size L,14.74,2,UPS® Ground
Atlanta,Wayne,ME,Size L,16.04,2,UPS® Ground
Atlanta,West Chester,PA,Size L,14.74,2,UPS® Ground
Atlanta,Westfield,IN,Size L,11.36,2,UPS® Ground
Atlanta,Westminster,MD,Size L,14.74,2,UPS® Ground
Atlanta,Windsor,CO,Size L,16.04,3,UPS® Ground
Atlanta,Winston-Salem,NC,Size L,10.41,2,UPS® Ground
Atlanta,Woodstock,GA,Size L,9.41,1,UPS® Ground
Atlanta,Worcester,MA,Size L,14.74,2,UPS® Ground
Atlanta,York,PA,Size L,14.74,2,UPS® Ground
Austin,Amarillo,TX,Size L,11.36,2,UPS® Ground
Austin,Antioch,TN,Size L,14.74,2,UPS® Ground
Austin,Arlington,TX,Size L,10.41,1,UPS® Ground
Austin,Ashland,PA,Size L,16.04,3,UPS® Ground
Austin,Athens,GA,Size L,14.74,3,UPS® Ground
Austin,Auburn,MA,Size L,17.1,3,UPS® Ground
Austin,Aurora,CO,Size L,14.74,2,UPS® Ground
Austin,Bakersfield,CA,Size L,16.04,3,UPS® Ground
Austin,Baltimore,MD,Size L,16.04,3,UPS® Ground
Austin,Bend,OR,Size L,17.1,4,UPS® Ground
Austin,Benton,LA,Size L,10.41,1,UPS® Ground
Austin,Bismarck,ND,Size L,16.04,3,UPS® Ground
Austin,Boca Raton,FL,Size L,16.04,2,UPS® Ground
Austin,Boise,ID,Size L,16.04,4,UPS® Ground
Austin,Bradenton,FL,Size L,14.74,2,UPS® Ground
Austin,Burlington,WI,Size L,16.04,2,UPS® Ground
Austin,Centerville,IA,Size L,14.74,3,UPS® Ground
Austin,Chandler,AZ,Size L,14.74,3,UPS® Ground
Austin,Cincinnati,OH,Size L,14.74,3,UPS® Ground
Austin,Clayton,NC,Size L,16.04,3,UPS® Ground
Austin,Corona,CA,Size L,16.04,3,UPS® Ground
Austin,Covington,LA,Size L,11.36,2,UPS® Ground
Austin,Dayton,OH,Size L,16.04,3,UPS® Ground
Austin,Decatur,IL,Size L,14.74,3,UPS® Ground
Austin,Duluth,MN,Size L,16.04,3,UPS® Ground
Austin,Durham,NC,Size L,16.04,3,UPS® Ground
Austin,Encinitas,CA,Size L,16.04,3,UPS® Ground
Austin,Englewood,CO,Size L,14.74,2,UPS® Ground
Austin,Fairfield,CA,Size L,17.1,4,UPS® Ground
Austin,Fayetteville,AR,Size L,11.36,2,UPS® Ground
Austin,Fort Collins,CO,Size L,14.74,2,UPS® Ground
Austin,Fort Myers,FL,Size L,14.74,2,UPS® Ground
Austin,Fort Wayne,IN,Size L,16.04,3,UPS® Ground
Austin,Frederick,MD,Size L,16.04,3,UPS® Ground
Austin,Fredericksburg,VA,Size L,16.04,3,UPS® Ground
Austin,Gainesville,FL,Size L,14.74,2,UPS® Ground
Austin,Germantown,MD,Size L,16.04,3,UPS® Ground
Austin,Glendale,AZ,Size L,14.74,3,UPS® Ground
Austin,Golden,CO,Size L,14.74,2,UPS® Ground
Austin,Grand Rapids,MI,Size L,16.04,3,UPS® Ground
Austin,Green Bay,WI,Size L,16.04,2,UPS® Ground
Austin,Greensboro,NC,Size L,16.04,3,UPS® Ground
Austin,Hamilton,MI,Size L,16.04,3,UPS® Ground
Austin,Henderson,TX,Size L,10.41,1,UPS® Ground
Austin,Hendersonville,NC,Size L,14.74,3,UPS® Ground
Austin,Hillsboro,OR,Size L,17.1,4,UPS® Ground
Austin,Holly Springs,MS,Size L,11.36,2,UPS® Ground
Austin,Homer,AK,Size L,46.14,4,UPS® Ground
Austin,Hope Mills,NC,Size L,16.04,3,UPS® Ground
Austin,Hudson,NC,Size L,16.04,3,UPS® Ground
Austin,Indianapolis,IN,Size L,14.74,3,UPS® Ground
Austin,Katy,TX,Size L,10.41,1,UPS® Ground
Austin,Lancaster,SC,Size L,16.04,3,UPS® Ground
Austin,Laurel,MD,Size L,16.04,3,UPS® Ground
Austin,Lewisburg,PA,Size L,16.04,3,UPS® Ground
Austin,Lincoln,RI,Size L,17.1,3,UPS® Ground
Austin,Littleton,CO,Size L,14.74,2,UPS® Ground
Austin,Long Beach,CA,Size L,16.04,3,UPS® Ground
Austin,Los Angeles,CA,Size L,16.04,3,UPS® Ground
Austin,Madison,IN,Size L,14.74,3,UPS® Ground
Austin,Magnolia,MS,Size L,11.36,2,UPS® Ground
Austin,Mansfield,MA,Size L,17.1,3,UPS® Ground
Austin,Manteca,CA,Size L,16.04,4,UPS® Ground
Austin,Maryville,TN,Size L,14.74,2,UPS® Ground
Austin,Memphis,TN,Size L,11.36,2,UPS® Ground
Austin,Mesa,AZ,Size L,14.74,3,UPS® Ground
Austin,Midland,GA,Size L,14.74,3,UPS® Ground
Austin,Milton,MA,Size L,17.1,3,UPS® Ground
Austin,Milwaukee,WI,Size L,16.04,2,UPS® Ground
Austin,Monroe,NC,Size L,16.04,3,UPS® Ground
Austin,Montgomery,TX,Size L,10.41,1,UPS® Ground
Austin,Morgantown,WV,Size L,16.04,3,UPS® Ground
Austin,Mount Pleasant,SC,Size L,16.04,3,UPS® Ground
Austin,Myrtle Beach,SC,Size L,16.04,3,UPS® Ground
Austin,New Market,AL,Size L,14.74,2,UPS® Ground
Austin,Newark,NJ,Size L,17.1,3,UPS® Ground
Austin,Ocala,FL,Size L,14.74,2,UPS® Ground
Austin,Olathe,KS,Size L,11.36,2,UPS® Ground
Austin,Oxford,MI,Size L,16.04,3,UPS® Ground
Austin,Palm Beach Gardens,FL,Size L,16.04,2,UPS® Ground
Austin,Parker,CO,Size L,14.74,2,UPS® Ground
Austin,Pasadena,MD,Size L,16.04,3,UPS® Ground
Austin,Pensacola,FL,Size L,14.74,2,UPS® Ground
Austin,Peoria,AZ,Size L,14.74,3,UPS® Ground
Austin,Philadelphia,PA,Size L,17.1,3,UPS® Ground
Austin,Plano,TX,Size L,10.41,1,UPS® Ground
Austin,Plymouth,MA,Size L,17.1,3,UPS® Ground
Austin,Princeton,MA,Size L,17.1,3,UPS® Ground
Austin,Rancho Cucamonga,CA,Size L,16.04,3,UPS® Ground
Austin,Reno,NV,Size L,17.1,4,UPS® Ground
Austin,Riverside,CA,Size L,16.04,3,UPS® Ground
Austin,Rockville,MD,Size L,16.04,3,UPS® Ground
Austin,Rockwall,TX,Size L,10.41,1,UPS® Ground
Austin,Roseville,CA,Size L,17.1,4,UPS® Ground
Austin,Roswell,GA,Size L,14.74,3,UPS® Ground
Austin,Sacramento,CA,Size L,17.1,4,UPS® Ground
Austin,Saint Paul,MN,Size L,16.04,3,UPS® Ground
Austin,Salisbury,MA,Size L,17.1,3,UPS® Ground
Austin,Sanford,NC,Size L,16.04,3,UPS® Ground
Austin,Santa Rosa,CA,Size L,17.1,4,UPS® Ground
Austin,Sarasota,FL,Size L,14.74,2,UPS® Ground
Austin,Savannah,GA,Size L,14.74,2,UPS® Ground
Austin,Scottsdale,AZ,Size L,14.74,3,UPS® Ground
Austin,Seaford,NY,Size L,17.1,3,UPS® Ground
Austin,Seymour,IN,Size L,14.74,3,UPS® Ground
Austin,Spokane,WA,Size L,17.1,4,UPS® Ground
Austin,Spring,TX,Size L,10.41,1,UPS® Ground
Austin,Staten Island,NY,Size L,17.1,3,UPS® Ground
Austin,Tallahassee,FL,Size L,14.74,2,UPS® Ground
Austin,The Villages,FL,Size L,14.74,2,UPS® Ground
Austin,Vancouver,WA,Size L,17.1,4,UPS® Ground
Austin,Washington,DC,Size L,16.04,3,UPS® Ground
Austin,Waterloo,IA,Size L,14.74,3,UPS® Ground
Austin,Wayne,ME,Size L,17.1,3,UPS® Ground
Austin,West Chester,PA,Size L,17.1,3,UPS® Ground
Austin,Westfield,IN,Size L,14.74,3,UPS® Ground
Austin,Westminster,MD,Size L,16.04,3,UPS® Ground
Austin,Windsor,CO,Size L,14.74,2,UPS® Ground
Austin,Winston-Salem,NC,Size L,16.04,3,UPS® Ground
Austin,Woodstock,GA,Size L,14.74,3,UPS® Ground
Austin,Worcester,MA,Size L,17.1,3,UPS® Ground
Austin,York,PA,Size L,16.04,3,UPS® Ground
Boise,Amarillo,TX,Size L,14.74,3,UPS® Ground
Boise,Antioch,TN,Size L,17.1,4,UPS® Ground
Boise,Arlington,TX,Size L,16.04,3,UPS® Ground
Boise,Ashland,PA,Size L,18.12,4,UPS® Ground
Boise,Athens,GA,Size L,18.12,4,UPS® Ground
Boise,Auburn,MA,Size L,18.12,5,UPS® Ground
Boise,Aurora,CO,Size L,14.74,2,UPS® Ground
Boise,Bakersfield,CA,Size L,11.36,3,UPS® Ground
Boise,Baltimore,MD,Size L,18.12,4,UPS® Ground
Boise,Bend,OR,Size L,10.41,2,UPS® Ground
Boise,Benton,LA,Size L,17.1,4,UPS® Ground
Boise,Bismarck,ND,Size L,14.74,3,UPS® Ground
Boise,Boca Raton,FL,Size L,18.12,5,UPS® Ground
Boise,Boise,ID,Size L,9.41,1,UPS® Ground
Boise,Bradenton,FL,Size L,18.12,5,UPS® Ground
Boise,Burlington,WI,Size L,17.1,4,UPS® Ground
Boise,Centerville,IA,Size L,16.04,3,UPS® Ground
Boise,Chandler,AZ,Size L,14.74,3,UPS® Ground
Boise,Cincinnati,OH,Size L,17.1,4,UPS® Ground
Boise,Clayton,NC,Size L,18.12,5,UPS® Ground
Boise,Corona,CA,Size L,14.74,2,UPS® Ground
Boise,Covington,LA,Size L,17.1,4,UPS® Ground
Boise,Dayton,OH,Size L,17.1,4,UPS® Ground
Boise,Decatur,IL,Size L,16.04,4,UPS® Ground
Boise,Duluth,MN,Size L,16.04,4,UPS® Ground
Boise,Durham,NC,Size L,18.12,5,UPS® Ground
Boise,Encinitas,CA,Size L,14.74,2,UPS® Ground
Boise,Englewood,CO,Size L,14.74,2,UPS® Ground
Boise,Fairfield,CA,Size L,11.36,2,UPS® Ground
Boise,Fayetteville,AR,Size L,16.04,4,UPS® Ground
Boise,Fort Collins,CO,Size L,11.36,2,UPS® Ground
Boise,Fort Myers,FL,Size L,18.12,5,UPS® Ground
Boise,Fort Wayne,IN,Size L,17.1,4,UPS® Ground
Boise,Frederick,MD,Size L,18.12,4,UPS® Ground
Boise,Fredericksburg,VA,Size L,18.12,5,UPS® Ground
Boise,Gainesville,FL,Size L,18.12,5,UPS® Ground
Boise,Germantown,MD,Size L,18.12,4,UPS® Ground
Boise,Glendale,AZ,Size L,14.74,3,UPS® Ground
Boise,Golden,CO,Size L,11.36,2,UPS® Ground
Boise,Grand Rapids,MI,Size L,17.1,4,UPS® Ground
Boise,Green Bay,WI,Size L,16.04,4,UPS® Ground
Boise,Greensboro,NC,Size L,18.12,5,UPS® Ground
Boise,Hamilton,MI,Size L,17.1,4,UPS® Ground
Boise,Henderson,TX,Size L,16.04,3,UPS® Ground
Boise,Hendersonville,NC,Size L,18.12,5,UPS® Ground
Boise,Hillsboro,OR,Size L,11.36,2,UPS® Ground
Boise,Holly Springs,MS,Size L,17.1,4,UPS® Ground
Boise,Homer,AK,Size L,46.14,4,UPS® Ground
Boise,Hope Mills,NC,Size L,18.12,5,UPS® Ground
Boise,Hudson,NC,Size L,18.12,5,UPS® Ground
Boise,Indianapolis,IN,Size L,17.1,4,UPS® Ground
Boise,Katy,TX,Size L,17.1,4,UPS® Ground
Boise,Lancaster,SC,Size L,18.12,5,UPS® Ground
Boise,Laurel,MD,Size L,18.12,4,UPS® Ground
Boise,Lewisburg,PA,Size L,18.12,4,UPS® Ground
Boise,Lincoln,RI,Size L,18.12,5,UPS® Ground
Boise,Littleton,CO,Size L,14.74,2,UPS® Ground
Boise,Long Beach,CA,Size L,14.74,2,UPS® Ground
Boise,Los Angeles,CA,Size L,14.74,2,UPS® Ground
Boise,Madison,IN,Size L,17.1,4,UPS® Ground
Boise,Magnolia,MS,Size L,17.1,4,UPS® Ground
Boise,Mansfield,MA,Size L,18.12,5,UPS® Ground
Boise,Manteca,CA,Size L,11.36,2,UPS® Ground
Boise,Maryville,TN,Size L,17.1,4,UPS® Ground
Boise,Memphis,TN,Size L,17.1,4,UPS® Ground
Boise,Mesa,AZ,Size L,14.74,3,UPS® Ground
Boise,Midland,GA,Size L,18.12,4,UPS® Ground
Boise,Milton,MA,Size L,18.12,5,UPS® Ground
Boise,Milwaukee,WI,Size L,17.1,4,UPS® Ground
Boise,Monroe,NC,Size L,18.12,5,UPS® Ground
Boise,Montgomery,TX,Size L,17.1,4,UPS® Ground
Boise,Morgantown,WV,Size L,18.12,4,UPS® Ground
Boise,Mount Pleasant,SC,Size L,18.12,5,UPS® Ground
Boise,Myrtle Beach,SC,Size L,18.12,5,UPS® Ground
Boise,New Market,AL,Size L,17.1,4,UPS® Ground
Boise,Newark,NJ,Size L,18.12,5,UPS® Ground
Boise,Ocala,FL,Size L,18.12,5,UPS® Ground
Boise,Olathe,KS,Size L,16.04,3,UPS® Ground
Boise,Oxford,MI,Size L,17.1,5,UPS® Ground
Boise,Palm Beach Gardens,FL,Size L,18.12,5,UPS® Ground
Boise,Parker,CO,Size L,14.74,2,UPS® Ground
Boise,Pasadena,MD,Size L,18.12,4,UPS® Ground
Boise,Pensacola,FL,Size L,18.12,5,UPS® Ground
Boise,Peoria,AZ,Size L,14.74,3,UPS® Ground
Boise,Philadelphia,PA,Size L,18.12,4,UPS® Ground
Boise,Plano,TX,Size L,16.04,3,UPS® Ground
Boise,Plymouth,MA,Size L,18.12,5,UPS® Ground
Boise,Princeton,MA,Size L,18.12,5,UPS® Ground
Boise,Rancho Cucamonga,CA,Size L,14.74,2,UPS® Ground
Boise,Reno,NV,Size L,11.36,1,UPS® Ground
Boise,Riverside,CA,Size L,14.74,2,UPS® Ground
Boise,Rockville,MD,Size L,18.12,4,UPS® Ground
Boise,Rockwall,TX,Size L,16.04,3,UPS® Ground
Boise,Roseville,CA,Size L,11.36,2,UPS® Ground
Boise,Roswell,GA,Size L,18.12,4,UPS® Ground
Boise,Sacramento,CA,Size L,11.36,2,UPS® Ground
Boise,Saint Paul,MN,Size L,16.04,4,UPS® Ground
Boise,Salisbury,MA,Size L,18.12,5,UPS® Ground
Boise,Sanford,NC,Size L,18.12,5,UPS® Ground
Boise,Santa Rosa,CA,Size L,11.36,2,UPS® Ground
Boise,Sarasota,FL,Size L,18.12,5,UPS® Ground
Boise,Savannah,GA,Size L,18.12,4,UPS® Ground
Boise,Scottsdale,AZ,Size L,14.74,3,UPS® Ground
Boise,Seaford,NY,Size L,18.12,5,UPS® Ground
Boise,Seymour,IN,Size L,17.1,4,UPS® Ground
Boise,Spokane,WA,Size L,10.41,2,UPS® Ground
Boise,Spring,TX,Size L,17.1,4,UPS® Ground
Boise,Staten Island,NY,Size L,18.12,5,UPS® Ground
Boise,Tallahassee,FL,Size L,18.12,5,UPS® Ground
Boise,The Villages,FL,Size L,18.12,5,UPS® Ground
Boise,Vancouver,WA,Size L,11.36,2,UPS® Ground
Boise,Washington,DC,Size L,18.12,4,UPS® Ground
Boise,Waterloo,IA,Size L,16.04,3,UPS® Ground
Boise,Wayne,ME,Size L,18.12,5,UPS® Ground
Boise,West Chester,PA,Size L,18.12,4,UPS® Ground
Boise,Westfield,IN,Size L,17.1,4,UPS® Ground
Boise,Westminster,MD,Size L,18.12,4,UPS® Ground
Boise,Windsor,CO,Size L,11.36,2,UPS® Ground
Boise,Winston-Salem,NC,Size L,18.12,5,UPS® Ground
Boise,Woodstock,GA,Size L,17.1,4,UPS® Ground
Boise,Worcester,MA,Size L,18.12,5,UPS® Ground
Boise,York,PA,Size L,18.12,4,UPS® Ground
Boston,Amarillo,TX,Size L,17.1,5,UPS® Ground
Boston,Antioch,TN,Size L,14.74,3,UPS® Ground
Boston,Arlington,TX,Size L,17.1,3,UPS® Ground
Boston,Ashland,PA,Size L,10.41,2,UPS® Ground
Boston,Athens,GA,Size L,14.74,3,UPS® Ground
Boston,Auburn,MA,Size L,9.41,1,UPS® Ground
Boston,Aurora,CO,Size L,17.1,4,UPS® Ground
Boston,Bakersfield,CA,Size L,18.12,4,UPS® Ground
Boston,Baltimore,MD,Size L,11.36,2,UPS® Ground
Boston,Bend,OR,Size L,18.12,4,UPS® Ground
Boston,Benton,LA,Size L,16.04,4,UPS® Ground
Boston,Bismarck,ND,Size L,17.1,4,UPS® Ground
Boston,Boca Raton,FL,Size L,16.04,3,UPS® Ground
Boston,Boise,ID,Size L,18.12,4,UPS® Ground
Boston,Bradenton,FL,Size L,16.04,3,UPS® Ground
Boston,Burlington,WI,Size L,14.74,3,UPS® Ground
Boston,Centerville,IA,Size L,16.04,3,UPS® Ground
Boston,Chandler,AZ,Size L,18.12,4,UPS® Ground
Boston,Cincinnati,OH,Size L,14.74,2,UPS® Ground
Boston,Clayton,NC,Size L,14.74,2,UPS® Ground
Boston,Corona,CA,Size L,18.12,4,UPS® Ground
Boston,Covington,LA,Size L,16.04,4,UPS® Ground
Boston,Dayton,OH,Size L,14.74,2,UPS® Ground
Boston,Decatur,IL,Size L,14.74,3,UPS® Ground
Boston,Duluth,MN,Size L,16.04,3,UPS® Ground
Boston,Durham,NC,Size L,14.74,2,UPS® Ground
Boston,Encinitas,CA,Size L,18.12,4,UPS® Ground
Boston,Englewood,CO,Size L,17.1,3,UPS® Ground
Boston,Fairfield,CA,Size L,18.12,5,UPS® Ground
Boston,Fayetteville,AR,Size L,16.04,4,UPS® Ground
Boston,Fort Collins,CO,Size L,17.1,4,UPS® Ground
Boston,Fort Myers,FL,Size L,16.04,3,UPS® Ground
Boston,Fort Wayne,IN,Size L,14.74,2,UPS® Ground
Boston,Frederick,MD,Size L,11.36,2,UPS® Ground
Boston,Fredericksburg,VA,Size L,11.36,2,UPS® Ground
Boston,Gainesville,FL,Size L,16.04,3,UPS® Ground
Boston,Germantown,MD,Size L,11.36,2,UPS® Ground
Boston,Glendale,AZ,Size L,18.12,4,UPS® Ground
Boston,Golden,CO,Size L,17.1,3,UPS® Ground
Boston,Grand Rapids,MI,Size L,14.74,3,UPS® Ground
Boston,Green Bay,WI,Size L,14.74,3,UPS® Ground
Boston,Greensboro,NC,Size L,14.74,2,UPS® Ground
Boston,Hamilton,MI,Size L,14.74,3,UPS® Ground
Boston,Henderson,TX,Size L,17.1,3,UPS® Ground
Boston,Hendersonville,NC,Size L,14.74,2,UPS® Ground
Boston,Hillsboro,OR,Size L,18.12,4,UPS® Ground
Boston,Holly Springs,MS,Size L,16.04,4,UPS® Ground
Boston,Homer,AK,Size L,46.14,4,UPS® Ground
Boston,Hope Mills,NC,Size L,14.74,2,UPS® Ground
Boston,Hudson,NC,Size L,14.74,2,UPS® Ground
Boston,Indianapolis,IN,Size L,14.74,2,UPS® Ground
Boston,Katy,TX,Size L,17.1,3,UPS® Ground
Boston,Lancaster,SC,Size L,14.74,2,UPS® Ground
Boston,Laurel,MD,Size L,11.36,2,UPS® Ground
Boston,Lewisburg,PA,Size L,10.41,2,UPS® Ground
Boston,Lincoln,RI,Size L,9.41,1,UPS® Ground
Boston,Littleton,CO,Size L,17.1,3,UPS® Ground
Boston,Long Beach,CA,Size L,18.12,4,UPS® Ground
Boston,Los Angeles,CA,Size L,18.12,4,UPS® Ground
Boston,Madison,IN,Size L,14.74,2,UPS® Ground
Boston,Magnolia,MS,Size L,16.04,3,UPS® Ground
Boston,Mansfield,MA,Size L,9.41,1,UPS® Ground
Boston,Manteca,CA,Size L,18.12,5,UPS® Ground
Boston,Maryville,TN,Size L,14.74,3,UPS® Ground
Boston,Memphis,TN,Size L,16.04,3,UPS® Ground
Boston,Mesa,AZ,Size L,18.12,4,UPS® Ground
Boston,Midland,GA,Size L,14.74,3,UPS® Ground
Boston,Milton,MA,Size L,9.41,1,UPS® Ground
Boston,Milwaukee,WI,Size L,14.74,3,UPS® Ground
Boston,Monroe,NC,Size L,14.74,2,UPS® Ground
Boston,Montgomery,TX,Size L,17.1,3,UPS® Ground
Boston,Morgantown,WV,Size L,11.36,2,UPS® Ground
Boston,Mount Pleasant,SC,Size L,14.74,2,UPS® Ground
Boston,Myrtle Beach,SC,Size L,14.74,2,UPS® Ground
Boston,New Market,AL,Size L,14.74,3,UPS® Ground
Boston,Newark,NJ,Size L,10.41,1,UPS® Ground
Boston,Ocala,FL,Size L,16.04,3,UPS® Ground
Boston,Olathe,KS,Size L,16.04,3,UPS® Ground
Boston,Oxford,MI,Size L,14.74,2,UPS® Ground
Boston,Palm Beach Gardens,FL,Size L,16.04,3,UPS® Ground
Boston,Parker,CO,Size L,17.1,3,UPS® Ground
Boston,Pasadena,MD,Size L,11.36,2,UPS® Ground
Boston,Pensacola,FL,Size L,16.04,3,UPS® Ground
Boston,Peoria,AZ,Size L,18.12,4,UPS® Ground
Boston,Philadelphia,PA,Size L,10.41,2,UPS® Ground
Boston,Plano,TX,Size L,17.1,3,UPS® Ground
Boston,Plymouth,MA,Size L,9.41,1,UPS® Ground
Boston,Princeton,MA,Size L,9.41,1,UPS® Ground
Boston,Rancho Cucamonga,CA,Size L,18.12,4,UPS® Ground
Boston,Reno,NV,Size L,18.12,4,UPS® Ground
Boston,Riverside,CA,Size L,18.12,4,UPS® Ground
Boston,Rockville,MD,Size L,11.36,2,UPS® Ground
Boston,Rockwall,TX,Size L,17.1,3,UPS® Ground
Boston,Roseville,CA,Size L,18.12,5,UPS® Ground
Boston,Roswell,GA,Size L,14.74,3,UPS® Ground
Boston,Sacramento,CA,Size L,18.12,5,UPS® Ground
Boston,Saint Paul,MN,Size L,16.04,3,UPS® Ground
Boston,Salisbury,MA,Size L,9.41,1,UPS® Ground
Boston,Sanford,NC,Size L,14.74,2,UPS® Ground
Boston,Santa Rosa,CA,Size L,18.12,5,UPS® Ground
Boston,Sarasota,FL,Size L,16.04,3,UPS® Ground
Boston,Savannah,GA,Size L,14.74,3,UPS® Ground
Boston,Scottsdale,AZ,Size L,18.12,4,UPS® Ground
Boston,Seaford,NY,Size L,10.41,1,UPS® Ground
Boston,Seymour,IN,Size L,14.74,2,UPS® Ground
Boston,Spokane,WA,Size L,18.12,4,UPS® Ground
Boston,Spring,TX,Size L,17.1,3,UPS® Ground
Boston,Staten Island,NY,Size L,10.41,1,UPS® Ground
Boston,Tallahassee,FL,Size L,16.04,3,UPS® Ground
Boston,The Villages,FL,Size L,16.04,3,UPS® Ground
Boston,Vancouver,WA,Size L,18.12,4,UPS® Ground
Boston,Washington,DC,Size L,11.36,2,UPS® Ground
Boston,Waterloo,IA,Size L,16.04,3,UPS® Ground
Boston,Wayne,ME,Size L,10.41,1,UPS® Ground
Boston,West Chester,PA,Size L,10.41,2,UPS® Ground
Boston,Westfield,IN,Size L,14.74,2,UPS® Ground
Boston,Westminster,MD,Size L,11.36,2,UPS® Ground
Boston,Windsor,CO,Size L,17.1,4,UPS® Ground
Boston,Winston-Salem,NC,Size L,14.74,2,UPS® Ground
Boston,Woodstock,GA,Size L,14.74,3,UPS® Ground
Boston,Worcester,MA,Size L,9.41,1,UPS® Ground
Boston,York,PA,Size L,11.36,2,UPS® Ground
Chicago,Amarillo,TX,Size L,14.74,4,UPS® Ground
Chicago,Antioch,TN,Size L,11.36,2,UPS® Ground
Chicago,Arlington,TX,Size L,14.74,2,UPS® Ground
Chicago,Ashland,PA,Size L,11.36,2,UPS® Ground
Chicago,Athens,GA,Size L,14.74,2,UPS® Ground
Chicago,Auburn,MA,Size L,14.74,3,UPS® Ground
Chicago,Aurora,CO,Size L,14.74,3,UPS® Ground
Chicago,Bakersfield,CA,Size L,17.1,4,UPS® Ground
Chicago,Baltimore,MD,Size L,14.74,2,UPS® Ground
Chicago,Bend,OR,Size L,17.1,4,UPS® Ground
Chicago,Benton,LA,Size L,14.74,3,UPS® Ground
Chicago,Bismarck,ND,Size L,14.74,3,UPS® Ground
Chicago,Boca Raton,FL,Size L,16.04,3,UPS® Ground
Chicago,Boise,ID,Size L,17.1,3,UPS® Ground
Chicago,Bradenton,FL,Size L,16.04,3,UPS® Ground
Chicago,Burlington,WI,Size L,10.41,1,UPS® Ground
Chicago,Centerville,IA,Size L,10.41,1,UPS® Ground
Chicago,Chandler,AZ,Size L,17.1,3,UPS® Ground
Chicago,Cincinnati,OH,Size L,11.36,2,UPS® Ground
Chicago,Clayton,NC,Size L,14.74,2,UPS® Ground
Chicago,Corona,CA,Size L,17.1,3,UPS® Ground
Chicago,Covington,LA,Size L,14.74,3,UPS® Ground
Chicago,Dayton,OH,Size L,10.41,2,UPS® Ground
Chicago,Decatur,IL,Size L,10.41,1,UPS® Ground
Chicago,Duluth,MN,Size L,11.36,2,UPS® Ground
Chicago,Durham,NC,Size L,14.74,2,UPS® Ground
Chicago,Encinitas,CA,Size L,17.1,4,UPS® Ground
Chicago,Englewood,CO,Size L,14.74,2,UPS® Ground
Chicago,Fairfield,CA,Size L,18.12,4,UPS® Ground
Chicago,Fayetteville,AR,Size L,11.36,2,UPS® Ground
Chicago,Fort Collins,CO,Size L,14.74,3,UPS® Ground
Chicago,Fort Myers,FL,Size L,16.04,3,UPS® Ground
Chicago,Fort Wayne,IN,Size L,9.41,1,UPS® Ground
Chicago,Frederick,MD,Size L,11.36,2,UPS® Ground
Chicago,Fredericksburg,VA,Size L,14.74,3,UPS® Ground
Chicago,Gainesville,FL,Size L,14.74,2,UPS® Ground
Chicago,Germantown,MD,Size L,11.36,2,UPS® Ground
Chicago,Glendale,AZ,Size L,17.1,3,UPS® Ground
Chicago,Golden,CO,Size L,14.74,2,UPS® Ground
Chicago,Grand Rapids,MI,Size L,9.41,1,UPS® Ground
Chicago,Green Bay,WI,Size L,10.41,1,UPS® Ground
Chicago,Greensboro,NC,Size L,11.36,2,UPS® Ground
Chicago,Hamilton,MI,Size L,9.41,1,UPS® Ground
Chicago,Henderson,TX,Size L,14.74,2,UPS® Ground
Chicago,Hendersonville,NC,Size L,11.36,2,UPS® Ground
Chicago,Hillsboro,OR,Size L,17.1,4,UPS® Ground
Chicago,Holly Springs,MS,Size L,11.36,3,UPS® Ground
Chicago,Homer,AK,Size L,46.14,4,UPS® Ground
Chicago,Hope Mills,NC,Size L,14.74,2,UPS® Ground
Chicago,Hudson,NC,Size L,11.36,2,UPS® Ground
Chicago,Indianapolis,IN,Size L,10.41,1,UPS® Ground
Chicago,Katy,TX,Size L,16.04,3,UPS® Ground
Chicago,Lancaster,SC,Size L,14.74,2,UPS® Ground
Chicago,Laurel,MD,Size L,14.74,2,UPS® Ground
Chicago,Lewisburg,PA,Size L,11.36,2,UPS® Ground
Chicago,Lincoln,RI,Size L,14.74,3,UPS® Ground
Chicago,Littleton,CO,Size L,14.74,2,UPS® Ground
Chicago,Long Beach,CA,Size L,17.1,3,UPS® Ground
Chicago,Los Angeles,CA,Size L,17.1,3,UPS® Ground
Chicago,Madison,IN,Size L,10.41,2,UPS® Ground
Chicago,Magnolia,MS,Size L,14.74,2,UPS® Ground
Chicago,Mansfield,MA,Size L,14.74,3,UPS® Ground
Chicago,Manteca,CA,Size L,17.1,4,UPS® Ground
Chicago,Maryville,TN,Size L,11.36,2,UPS® Ground
Chicago,Memphis,TN,Size L,11.36,2,UPS® Ground
Chicago,Mesa,AZ,Size L,17.1,3,UPS® Ground
Chicago,Midland,GA,Size L,14.74,2,UPS® Ground
Chicago,Milton,MA,Size L,14.74,3,UPS® Ground
Chicago,Milwaukee,WI,Size L,9.41,1,UPS® Ground
Chicago,Monroe,NC,Size L,14.74,2,UPS® Ground
Chicago,Montgomery,TX,Size L,14.74,3,UPS® Ground
Chicago,Morgantown,WV,Size L,11.36,2,UPS® Ground
Chicago,Mount Pleasant,SC,Size L,14.74,3,UPS® Ground
Chicago,Myrtle Beach,SC,Size L,14.74,3,UPS® Ground
Chicago,New Market,AL,Size L,11.36,2,UPS® Ground
Chicago,Newark,NJ,Size L,14.74,2,UPS® Ground
Chicago,Ocala,FL,Size L,14.74,2,UPS® Ground
Chicago,Olathe,KS,Size L,11.36,2,UPS® Ground
Chicago,Oxford,MI,Size L,10.41,2,UPS® Ground
Chicago,Palm Beach Gardens,FL,Size L,16.04,3,UPS® Ground
Chicago,Parker,CO,Size L,14.74,2,UPS® Ground
Chicago,Pasadena,MD,Size L,11.36,2,UPS® Ground
Chicago,Pensacola,FL,Size L,14.74,2,UPS® Ground
Chicago,Peoria,AZ,Size L,17.1,3,UPS® Ground
Chicago,Philadelphia,PA,Size L,14.74,2,UPS® Ground
Chicago,Plano,TX,Size L,14.74,2,UPS® Ground
Chicago,Plymouth,MA,Size L,14.74,3,UPS® Ground
Chicago,Princeton,MA,Size L,14.74,3,UPS® Ground
Chicago,Rancho Cucamonga,CA,Size L,18.12,3,UPS® Ground
Chicago,Reno,NV,Size L,17.1,3,UPS® Ground
Chicago,Riverside,CA,Size L,17.1,3,UPS® Ground
Chicago,Rockville,MD,Size L,11.36,2,UPS® Ground
Chicago,Rockwall,TX,Size L,14.74,2,UPS® Ground
Chicago,Roseville,CA,Size L,17.1,4,UPS® Ground
Chicago,Roswell,GA,Size L,14.74,2,UPS® Ground
Chicago,Sacramento,CA,Size L,17.1,4,UPS® Ground
Chicago,Saint Paul,MN,Size L,11.36,2,UPS® Ground
Chicago,Salisbury,MA,Size L,14.74,3,UPS® Ground
Chicago,Sanford,NC,Size L,14.74,2,UPS® Ground
Chicago,Santa Rosa,CA,Size L,18.12,4,UPS® Ground
Chicago,Sarasota,FL,Size L,16.04,3,UPS® Ground
Chicago,Savannah,GA,Size L,14.74,2,UPS® Ground
Chicago,Scottsdale,AZ,Size L,17.1,3,UPS® Ground
Chicago,Seaford,NY,Size L,14.74,2,UPS® Ground
Chicago,Seymour,IN,Size L,10.41,2,UPS® Ground
Chicago,Spokane,WA,Size L,17.1,4,UPS® Ground
Chicago,Spring,TX,Size L,14.74,3,UPS® Ground
Chicago,Staten Island,NY,Size L,14.74,2,UPS® Ground
Chicago,Tallahassee,FL,Size L,14.74,2,UPS® Ground
Chicago,The Villages,FL,Size L,14.74,2,UPS® Ground
Chicago,Vancouver,WA,Size L,17.1,4,UPS® Ground
Chicago,Washington,DC,Size L,11.36,2,UPS® Ground
Chicago,Waterloo,IA,Size L,10.41,1,UPS® Ground
Chicago,Wayne,ME,Size L,14.74,3,UPS® Ground
Chicago,West Chester,PA,Size L,14.74,2,UPS® Ground
Chicago,Westfield,IN,Size L,10.41,1,UPS® Ground
Chicago,Westminster,MD,Size L,11.36,2,UPS® Ground
Chicago,Windsor,CO,Size L,14.74,3,UPS® Ground
Chicago,Winston-Salem,NC,Size L,11.36,2,UPS® Ground
Chicago,Woodstock,GA,Size L,14.74,2,UPS® Ground
Chicago,Worcester,MA,Size L,14.74,3,UPS® Ground
Chicago,York,PA,Size L,11.36,2,UPS® Ground
Columbus,Amarillo,TX,Size L,16.04,3,UPS® Ground
Columbus,Antioch,TN,Size L,11.36,2,UPS® Ground
Columbus,Arlington,TX,Size L,16.04,2,UPS® Ground
Columbus,Ashland,PA,Size L,11.36,2,UPS® Ground
Columbus,Athens,GA,Size L,11.36,2,UPS® Ground
Columbus,Auburn,MA,Size L,11.36,2,UPS® Ground
Columbus,Aurora,CO,Size L,17.1,3,UPS® Ground
Columbus,Bakersfield,CA,Size L,18.12,3,UPS® Ground
Columbus,Baltimore,MD,Size L,11.36,2,UPS® Ground
Columbus,Bend,OR,Size L,18.12,4,UPS® Ground
Columbus,Benton,LA,Size L,14.74,3,UPS® Ground
Columbus,Bismarck,ND,Size L,14.74,3,UPS® Ground
Columbus,Boca Raton,FL,Size L,16.04,2,UPS® Ground
Columbus,Boise,ID,Size L,17.1,3,UPS® Ground
Columbus,Bradenton,FL,Size L,14.74,2,UPS® Ground
Columbus,Burlington,WI,Size L,11.36,2,UPS® Ground
Columbus,Centerville,IA,Size L,11.36,2,UPS® Ground
Columbus,Chandler,AZ,Size L,17.1,4,UPS® Ground
Columbus,Cincinnati,OH,Size L,9.41,1,UPS® Ground
Columbus,Clayton,NC,Size L,11.36,2,UPS® Ground
Columbus,Corona,CA,Size L,18.12,3,UPS® Ground
Columbus,Covington,LA,Size L,14.74,3,UPS® Ground
Columbus,Dayton,OH,Size L,9.41,1,UPS® Ground
Columbus,Decatur,IL,Size L,10.41,2,UPS® Ground
Columbus,Duluth,MN,Size L,14.74,2,UPS® Ground
Columbus,Durham,NC,Size L,11.36,2,UPS® Ground
Columbus,Encinitas,CA,Size L,18.12,3,UPS® Ground
Columbus,Englewood,CO,Size L,16.04,3,UPS® Ground
Columbus,Fairfield,CA,Size L,18.12,4,UPS® Ground
Columbus,Fayetteville,AR,Size L,14.74,3,UPS® Ground
Columbus,Fort Collins,CO,Size L,16.04,3,UPS® Ground
Columbus,Fort Myers,FL,Size L,14.74,2,UPS® Ground
Columbus,Fort Wayne,IN,Size L,10.41,1,UPS® Ground
Columbus,Frederick,MD,Size L,10.41,2,UPS® Ground
Columbus,Fredericksburg,VA,Size L,11.36,2,UPS® Ground
Columbus,Gainesville,FL,Size L,14.74,2,UPS® Ground
Columbus,Germantown,MD,Size L,11.36,2,UPS® Ground
Columbus,Glendale,AZ,Size L,17.1,4,UPS® Ground
Columbus,Golden,CO,Size L,16.04,3,UPS® Ground
Columbus,Grand Rapids,MI,Size L,10.41,1,UPS® Ground
Columbus,Green Bay,WI,Size L,11.36,2,UPS® Ground
Columbus,Greensboro,NC,Size L,11.36,2,UPS® Ground
Columbus,Hamilton,MI,Size L,11.36,1,UPS® Ground
Columbus,Henderson,TX,Size L,14.74,2,UPS® Ground
Columbus,Hendersonville,NC,Size L,11.36,2,UPS® Ground
Columbus,Hillsboro,OR,Size L,18.12,4,UPS® Ground
Columbus,Holly Springs,MS,Size L,11.36,3,UPS® Ground
Columbus,Homer,AK,Size L,46.14,3,UPS® Ground
Columbus,Hope Mills,NC,Size L,11.36,2,UPS® Ground
Columbus,Hudson,NC,Size L,11.36,2,UPS® Ground
Columbus,Indianapolis,IN,Size L,10.41,1,UPS® Ground
Columbus,Katy,TX,Size L,16.04,3,UPS® Ground
Columbus,Lancaster,SC,Size L,11.36,2,UPS® Ground
Columbus,Laurel,MD,Size L,11.36,2,UPS® Ground
Columbus,Lewisburg,PA,Size L,11.36,2,UPS® Ground
Columbus,Lincoln,RI,Size L,14.74,2,UPS® Ground
Columbus,Littleton,CO,Size L,16.04,3,UPS® Ground
Columbus,Long Beach,CA,Size L,18.12,3,UPS® Ground
Columbus,Los Angeles,CA,Size L,18.12,3,UPS® Ground
Columbus,Madison,IN,Size L,10.41,1,UPS® Ground
Columbus,Magnolia,MS,Size L,14.74,2,UPS® Ground
Columbus,Mansfield,MA,Size L,14.74,2,UPS® Ground
Columbus,Manteca,CA,Size L,18.12,4,UPS® Ground
Columbus,Maryville,TN,Size L,11.36,2,UPS® Ground
Columbus,Memphis,TN,Size L,11.36,2,UPS® Ground
Columbus,Mesa,AZ,Size L,17.1,4,UPS® Ground
Columbus,Midland,GA,Size L,11.36,2,UPS® Ground
Columbus,Milton,MA,Size L,14.74,2,UPS® Ground
Columbus,Milwaukee,WI,Size L,11.36,2,UPS® Ground
Columbus,Monroe,NC,Size L,11.36,2,UPS® Ground
Columbus,Montgomery,TX,Size L,16.04,3,UPS® Ground
Columbus,Morgantown,WV,Size L,10.41,2,UPS® Ground
Columbus,Mount Pleasant,SC,Size L,11.36,2,UPS® Ground
Columbus,Myrtle Beach,SC,Size L,11.36,2,UPS® Ground
Columbus,New Market,AL,Size L,11.36,2,UPS® Ground
Columbus,Newark,NJ,Size L,11.36,2,UPS® Ground
Columbus,Ocala,FL,Size L,14.74,2,UPS® Ground
Columbus,Olathe,KS,Size L,14.74,2,UPS® Ground
Columbus,Oxford,MI,Size L,10.41,1,UPS® Ground
Columbus,Palm Beach Gardens,FL,Size L,16.04,2,UPS® Ground
Columbus,Parker,CO,Size L,16.04,3,UPS® Ground
Columbus,Pasadena,MD,Size L,11.36,2,UPS® Ground
Columbus,Pensacola,FL,Size L,14.74,2,UPS® Ground
Columbus,Peoria,AZ,Size L,17.1,4,UPS® Ground
Columbus,Philadelphia,PA,Size L,11.36,2,UPS® Ground
Columbus,Plano,TX,Size L,16.04,2,UPS® Ground
Columbus,Plymouth,MA,Size L,14.74,2,UPS® Ground
Columbus,Princeton,MA,Size L,11.36,2,UPS® Ground
Columbus,Rancho Cucamonga,CA,Size L,18.12,3,UPS® Ground
Columbus,Reno,NV,Size L,18.12,3,UPS® Ground
Columbus,Riverside,CA,Size L,18.12,3,UPS® Ground
Columbus,Rockville,MD,Size L,11.36,2,UPS® Ground
Columbus,Rockwall,TX,Size L,16.04,2,UPS® Ground
Columbus,Roseville,CA,Size L,18.12,4,UPS® Ground
Columbus,Roswell,GA,Size L,11.36,2,UPS® Ground
Columbus,Sacramento,CA,Size L,18.12,4,UPS® Ground
Columbus,Saint Paul,MN,Size L,14.74,2,UPS® Ground
Columbus,Salisbury,MA,Size L,14.74,2,UPS® Ground
Columbus,Sanford,NC,Size L,11.36,2,UPS® Ground
Columbus,Santa Rosa,CA,Size L,18.12,4,UPS® Ground
Columbus,Sarasota,FL,Size L,14.74,2,UPS® Ground
Columbus,Savannah,GA,Size L,11.36,2,UPS® Ground
Columbus,Scottsdale,AZ,Size L,17.1,4,UPS® Ground
Columbus,Seaford,NY,Size L,14.74,2,UPS® Ground
Columbus,Seymour,IN,Size L,10.41,1,UPS® Ground
Columbus,Spokane,WA,Size L,17.1,4,UPS® Ground
Columbus,Spring,TX,Size L,16.04,3,UPS® Ground
Columbus,Staten Island,NY,Size L,11.36,2,UPS® Ground
Columbus,Tallahassee,FL,Size L,14.74,2,UPS® Ground
Columbus,The Villages,FL,Size L,14.74,2,UPS® Ground
Columbus,Vancouver,WA,Size L,18.12,4,UPS® Ground
Columbus,Washington,DC,Size L,11.36,2,UPS® Ground
Columbus,Waterloo,IA,Size L,11.36,2,UPS® Ground
Columbus,Wayne,ME,Size L,14.74,2,UPS® Ground
Columbus,West Chester,PA,Size L,11.36,2,UPS® Ground
Columbus,Westfield,IN,Size L,10.41,1,UPS® Ground
Columbus,Westminster,MD,Size L,11.36,2,UPS® Ground
Columbus,Windsor,CO,Size L,16.04,3,UPS® Ground
Columbus,Winston-Salem,NC,Size L,11.36,2,UPS® Ground
Columbus,Woodstock,GA,Size L,11.36,2,UPS® Ground
Columbus,Worcester,MA,Size L,14.74,2,UPS® Ground
Columbus,York,PA,Size L,11.36,2,UPS® Ground
Dallas,Amarillo,TX,Size L,11.36,2,UPS® Ground
Dallas,Antioch,TN,Size L,14.74,2,UPS® Ground
Dallas,Arlington,TX,Size L,9.41,1,UPS® Ground
Dallas,Ashland,PA,Size L,16.04,3,UPS® Ground
Dallas,Athens,GA,Size L,14.74,2,UPS® Ground
Dallas,Auburn,MA,Size L,17.1,3,UPS® Ground
Dallas,Aurora,CO,Size L,14.74,2,UPS® Ground
Dallas,Bakersfield,CA,Size L,16.04,3,UPS® Ground
Dallas,Baltimore,MD,Size L,16.04,3,UPS® Ground
Dallas,Bend,OR,Size L,17.1,4,UPS® Ground
Dallas,Benton,LA,Size L,10.41,1,UPS® Ground
Dallas,Bismarck,ND,Size L,14.74,3,UPS® Ground
Dallas,Boca Raton,FL,Size L,16.04,3,UPS® Ground
Dallas,Boise,ID,Size L,16.04,4,UPS® Ground
Dallas,Bradenton,FL,Size L,14.74,3,UPS® Ground
Dallas,Burlington,WI,Size L,14.74,3,UPS® Ground
Dallas,Centerville,IA,Size L,14.74,2,UPS® Ground
Dallas,Chandler,AZ,Size L,16.04,3,UPS® Ground
Dallas,Cincinnati,OH,Size L,14.74,3,UPS® Ground
Dallas,Clayton,NC,Size L,16.04,3,UPS® Ground
Dallas,Corona,CA,Size L,16.04,3,UPS® Ground
Dallas,Covington,LA,Size L,11.36,2,UPS® Ground
Dallas,Dayton,OH,Size L,14.74,3,UPS® Ground
Dallas,Decatur,IL,Size L,14.74,3,UPS® Ground
Dallas,Duluth,MN,Size L,16.04,2,UPS® Ground
Dallas,Durham,NC,Size L,16.04,3,UPS® Ground
Dallas,Encinitas,CA,Size L,16.04,3,UPS® Ground
Dallas,Englewood,CO,Size L,14.74,2,UPS® Ground
Dallas,Fairfield,CA,Size L,17.1,3,UPS® Ground
Dallas,Fayetteville,AR,Size L,11.36,2,UPS® Ground
Dallas,Fort Collins,CO,Size L,14.74,2,UPS® Ground
Dallas,Fort Myers,FL,Size L,14.74,3,UPS® Ground
Dallas,Fort Wayne,IN,Size L,14.74,3,UPS® Ground
Dallas,Frederick,MD,Size L,16.04,3,UPS® Ground
Dallas,Fredericksburg,VA,Size L,16.04,3,UPS® Ground
Dallas,Gainesville,FL,Size L,14.74,2,UPS® Ground
Dallas,Germantown,MD,Size L,16.04,3,UPS® Ground
Dallas,Glendale,AZ,Size L,16.04,3,UPS® Ground
Dallas,Golden,CO,Size L,14.74,2,UPS® Ground
Dallas,Grand Rapids,MI,Size L,14.74,3,UPS® Ground
Dallas,Green Bay,WI,Size L,14.74,3,UPS® Ground
Dallas,Greensboro,NC,Size L,14.74,3,UPS® Ground
Dallas,Hamilton,MI,Size L,14.74,3,UPS® Ground
Dallas,Henderson,TX,Size L,9.41,1,UPS® Ground
Dallas,Hendersonville,NC,Size L,14.74,3,UPS® Ground
Dallas,Hillsboro,OR,Size L,17.1,4,UPS® Ground
Dallas,Holly Springs,MS,Size L,11.36,2,UPS® Ground
Dallas,Homer,AK,Size L,46.14,4,UPS® Ground
Dallas,Hope Mills,NC,Size L,14.74,3,UPS® Ground
Dallas,Hudson,NC,Size L,14.74,3,UPS® Ground
Dallas,Indianapolis,IN,Size L,14.74,3,UPS® Ground
Dallas,Katy,TX,Size L,10.41,1,UPS® Ground
Dallas,Lancaster,SC,Size L,14.74,2,UPS® Ground
Dallas,Laurel,MD,Size L,16.04,3,UPS® Ground
Dallas,Lewisburg,PA,Size L,16.04,3,UPS® Ground
Dallas,Lincoln,RI,Size L,17.1,3,UPS® Ground
Dallas,Littleton,CO,Size L,14.74,2,UPS® Ground
Dallas,Long Beach,CA,Size L,16.04,3,UPS® Ground
Dallas,Los Angeles,CA,Size L,16.04,3,UPS® Ground
Dallas,Madison,IN,Size L,14.74,3,UPS® Ground
Dallas,Magnolia,MS,Size L,11.36,2,UPS® Ground
Dallas,Mansfield,MA,Size L,17.1,3,UPS® Ground
Dallas,Manteca,CA,Size L,18.12,3,UPS® Ground
Dallas,Maryville,TN,Size L,14.74,2,UPS® Ground
Dallas,Memphis,TN,Size L,11.36,2,UPS® Ground
Dallas,Mesa,AZ,Size L,16.04,3,UPS® Ground
Dallas,Midland,GA,Size L,14.74,2,UPS® Ground
Dallas,Milton,MA,Size L,17.1,3,UPS® Ground
Dallas,Milwaukee,WI,Size L,14.74,3,UPS® Ground
Dallas,Monroe,NC,Size L,14.74,3,UPS® Ground
Dallas,Montgomery,TX,Size L,10.41,1,UPS® Ground
Dallas,Morgantown,WV,Size L,16.04,3,UPS® Ground
Dallas,Mount Pleasant,SC,Size L,14.74,2,UPS® Ground
Dallas,Myrtle Beach,SC,Size L,16.04,2,UPS® Ground
Dallas,New Market,AL,Size L,14.74,2,UPS® Ground
Dallas,Newark,NJ,Size L,16.04,3,UPS® Ground
Dallas,Ocala,FL,Size L,14.74,2,UPS® Ground
Dallas,Olathe,KS,Size L,11.36,2,UPS® Ground
Dallas,Oxford,MI,Size L,14.74,3,UPS® Ground
Dallas,Palm Beach Gardens,FL,Size L,16.04,3,UPS® Ground
Dallas,Parker,CO,Size L,14.74,2,UPS® Ground
Dallas,Pasadena,MD,Size L,16.04,3,UPS® Ground
Dallas,Pensacola,FL,Size L,14.74,2,UPS® Ground
Dallas,Peoria,AZ,Size L,16.04,3,UPS® Ground
Dallas,Philadelphia,PA,Size L,16.04,3,UPS® Ground
Dallas,Plano,TX,Size L,9.41,1,UPS® Ground
Dallas,Plymouth,MA,Size L,17.1,3,UPS® Ground
Dallas,Princeton,MA,Size L,17.1,3,UPS® Ground
Dallas,Rancho Cucamonga,CA,Size L,17.1,3,UPS® Ground
Dallas,Reno,NV,Size L,16.04,4,UPS® Ground
Dallas,Riverside,CA,Size L,16.04,3,UPS® Ground
Dallas,Rockville,MD,Size L,16.04,3,UPS® Ground
Dallas,Rockwall,TX,Size L,9.41,1,UPS® Ground
Dallas,Roseville,CA,Size L,17.1,3,UPS® Ground
Dallas,Roswell,GA,Size L,14.74,2,UPS® Ground
Dallas,Sacramento,CA,Size L,17.1,3,UPS® Ground
Dallas,Saint Paul,MN,Size L,14.74,2,UPS® Ground
Dallas,Salisbury,MA,Size L,17.1,3,UPS® Ground
Dallas,Sanford,NC,Size L,16.04,3,UPS® Ground
Dallas,Santa Rosa,CA,Size L,17.1,3,UPS® Ground
Dallas,Sarasota,FL,Size L,14.74,3,UPS® Ground
Dallas,Savannah,GA,Size L,14.74,2,UPS® Ground
Dallas,Scottsdale,AZ,Size L,16.04,3,UPS® Ground
Dallas,Seaford,NY,Size L,17.1,3,UPS® Ground
Dallas,Seymour,IN,Size L,14.74,3,UPS® Ground
Dallas,Spokane,WA,Size L,17.1,4,UPS® Ground
Dallas,Spring,TX,Size L,10.41,1,UPS® Ground
Dallas,Staten Island,NY,Size L,16.04,3,UPS® Ground
Dallas,Tallahassee,FL,Size L,14.74,2,UPS® Ground
Dallas,The Villages,FL,Size L,14.74,2,UPS® Ground
Dallas,Vancouver,WA,Size L,17.1,4,UPS® Ground
Dallas,Washington,DC,Size L,16.04,3,UPS® Ground
Dallas,Waterloo,IA,Size L,14.74,2,UPS® Ground
Dallas,Wayne,ME,Size L,17.1,3,UPS® Ground
Dallas,West Chester,PA,Size L,16.04,3,UPS® Ground
Dallas,Westfield,IN,Size L,14.74,3,UPS® Ground
Dallas,Westminster,MD,Size L,16.04,3,UPS® Ground
Dallas,Windsor,CO,Size L,14.74,2,UPS® Ground
Dallas,Winston-Salem,NC,Size L,14.74,3,UPS® Ground
Dallas,Woodstock,GA,Size L,14.74,2,UPS® Ground
Dallas,Worcester,MA,Size L,17.1,3,UPS® Ground
Dallas,York,PA,Size L,16.04,3,UPS® Ground
Denver,Amarillo,TX,Size L,11.36,2,UPS® Ground
Denver,Antioch,TN,Size L,16.04,3,UPS® Ground
Denver,Arlington,TX,Size L,14.74,2,UPS® Ground
Denver,Ashland,PA,Size L,17.1,3,UPS® Ground
Denver,Athens,GA,Size L,16.04,3,UPS® Ground
Denver,Auburn,MA,Size L,17.1,3,UPS® Ground
Denver,Aurora,CO,Size L,9.41,1,UPS® Ground
Denver,Bakersfield,CA,Size L,14.74,2,UPS® Ground
Denver,Baltimore,MD,Size L,17.1,3,UPS® Ground
Denver,Bend,OR,Size L,14.74,3,UPS® Ground
Denver,Benton,LA,Size L,14.74,2,UPS® Ground
Denver,Bismarck,ND,Size L,11.36,3,UPS® Ground
Denver,Boca Raton,FL,Size L,17.1,3,UPS® Ground
Denver,Boise,ID,Size L,14.74,2,UPS® Ground
Denver,Bradenton,FL,Size L,17.1,3,UPS® Ground
Denver,Burlington,WI,Size L,14.74,2,UPS® Ground
Denver,Centerville,IA,Size L,11.36,2,UPS® Ground
Denver,Chandler,AZ,Size L,14.74,2,UPS® Ground
Denver,Cincinnati,OH,Size L,16.04,3,UPS® Ground
Denver,Clayton,NC,Size L,17.1,3,UPS® Ground
Denver,Corona,CA,Size L,14.74,2,UPS® Ground
Denver,Covington,LA,Size L,16.04,3,UPS® Ground
Denver,Dayton,OH,Size L,16.04,3,UPS® Ground
Denver,Decatur,IL,Size L,14.74,3,UPS® Ground
Denver,Duluth,MN,Size L,14.74,3,UPS® Ground
Denver,Durham,NC,Size L,17.1,3,UPS® Ground
Denver,Encinitas,CA,Size L,14.74,2,UPS® Ground
Denver,Englewood,CO,Size L,9.41,1,UPS® Ground
Denver,Fairfield,CA,Size L,14.74,2,UPS® Ground
Denver,Fayetteville,AR,Size L,14.74,3,UPS® Ground
Denver,Fort Collins,CO,Size L,9.41,1,UPS® Ground
Denver,Fort Myers,FL,Size L,17.1,3,UPS® Ground
Denver,Fort Wayne,IN,Size L,16.04,2,UPS® Ground
Denver,Frederick,MD,Size L,17.1,3,UPS® Ground
Denver,Fredericksburg,VA,Size L,17.1,3,UPS® Ground
Denver,Gainesville,FL,Size L,17.1,3,UPS® Ground
Denver,Germantown,MD,Size L,17.1,3,UPS® Ground
Denver,Glendale,AZ,Size L,14.74,2,UPS® Ground
Denver,Golden,CO,Size L,9.41,1,UPS® Ground
Denver,Grand Rapids,MI,Size L,16.04,2,UPS® Ground
Denver,Green Bay,WI,Size L,14.74,3,UPS® Ground
Denver,Greensboro,NC,Size L,16.04,3,UPS® Ground
Denver,Hamilton,MI,Size L,16.04,2,UPS® Ground
Denver,Henderson,TX,Size L,14.74,2,UPS® Ground
Denver,Hendersonville,NC,Size L,16.04,3,UPS® Ground
Denver,Hillsboro,OR,Size L,16.04,3,UPS® Ground
Denver,Holly Springs,MS,Size L,14.74,3,UPS® Ground
Denver,Homer,AK,Size L,46.14,4,UPS® Ground
Denver,Hope Mills,NC,Size L,17.1,3,UPS® Ground
Denver,Hudson,NC,Size L,16.04,3,UPS® Ground
Denver,Indianapolis,IN,Size L,16.04,3,UPS® Ground
Denver,Katy,TX,Size L,14.74,2,UPS® Ground
Denver,Lancaster,SC,Size L,16.04,3,UPS® Ground
Denver,Laurel,MD,Size L,17.1,3,UPS® Ground
Denver,Lewisburg,PA,Size L,17.1,3,UPS® Ground
Denver,Lincoln,RI,Size L,17.1,3,UPS® Ground
Denver,Littleton,CO,Size L,9.41,1,UPS® Ground
Denver,Long Beach,CA,Size L,14.74,2,UPS® Ground
Denver,Los Angeles,CA,Size L,14.74,2,UPS® Ground
Denver,Madison,IN,Size L,14.74,3,UPS® Ground
Denver,Magnolia,MS,Size L,14.74,3,UPS® Ground
Denver,Mansfield,MA,Size L,17.1,3,UPS® Ground
Denver,Manteca,CA,Size L,14.74,2,UPS® Ground
Denver,Maryville,TN,Size L,16.04,3,UPS® Ground
Denver,Memphis,TN,Size L,14.74,3,UPS® Ground
Denver,Mesa,AZ,Size L,14.74,2,UPS® Ground
Denver,Midland,GA,Size L,16.04,3,UPS® Ground
Denver,Milton,MA,Size L,17.1,3,UPS® Ground
Denver,Milwaukee,WI,Size L,14.74,2,UPS® Ground
Denver,Monroe,NC,Size L,16.04,3,UPS® Ground
Denver,Montgomery,TX,Size L,14.74,2,UPS® Ground
Denver,Morgantown,WV,Size L,16.04,3,UPS® Ground
Denver,Mount Pleasant,SC,Size L,17.1,3,UPS® Ground
Denver,Myrtle Beach,SC,Size L,17.1,3,UPS® Ground
Denver,New Market,AL,Size L,16.04,3,UPS® Ground
Denver,Newark,NJ,Size L,17.1,3,UPS® Ground
Denver,Ocala,FL,Size L,17.1,3,UPS® Ground
Denver,Olathe,KS,Size L,11.36,2,UPS® Ground
Denver,Oxford,MI,Size L,16.04,3,UPS® Ground
Denver,Palm Beach Gardens,FL,Size L,17.1,3,UPS® Ground
Denver,Parker,CO,Size L,9.41,1,UPS® Ground
Denver,Pasadena,MD,Size L,17.1,3,UPS® Ground
Denver,Pensacola,FL,Size L,16.04,3,UPS® Ground
Denver,Peoria,AZ,Size L,14.74,2,UPS® Ground
Denver,Philadelphia,PA,Size L,17.1,3,UPS® Ground
Denver,Plano,TX,Size L,14.74,2,UPS® Ground
Denver,Plymouth,MA,Size L,17.1,3,UPS® Ground
Denver,Princeton,MA,Size L,17.1,3,UPS® Ground
Denver,Rancho Cucamonga,CA,Size L,14.74,2,UPS® Ground
Denver,Reno,NV,Size L,14.74,2,UPS® Ground
Denver,Riverside,CA,Size L,14.74,2,UPS® Ground
Denver,Rockville,MD,Size L,17.1,3,UPS® Ground
Denver,Rockwall,TX,Size L,14.74,2,UPS® Ground
Denver,Roseville,CA,Size L,14.74,2,UPS® Ground
Denver,Roswell,GA,Size L,16.04,3,UPS® Ground
Denver,Sacramento,CA,Size L,14.74,2,UPS® Ground
Denver,Saint Paul,MN,Size L,14.74,3,UPS® Ground
Denver,Salisbury,MA,Size L,17.1,3,UPS® Ground
Denver,Sanford,NC,Size L,17.1,3,UPS® Ground
Denver,Santa Rosa,CA,Size L,14.74,2,UPS® Ground
Denver,Sarasota,FL,Size L,17.1,3,UPS® Ground
Denver,Savannah,GA,Size L,16.04,3,UPS® Ground
Denver,Scottsdale,AZ,Size L,14.74,2,UPS® Ground
Denver,Seaford,NY,Size L,17.1,3,UPS® Ground
Denver,Seymour,IN,Size L,14.74,3,UPS® Ground
Denver,Spokane,WA,Size L,14.74,2,UPS® Ground
Denver,Spring,TX,Size L,14.74,2,UPS® Ground
Denver,Staten Island,NY,Size L,17.1,3,UPS® Ground
Denver,Tallahassee,FL,Size L,16.04,3,UPS® Ground
Denver,The Villages,FL,Size L,17.1,3,UPS® Ground
Denver,Vancouver,WA,Size L,14.74,3,UPS® Ground
Denver,Washington,DC,Size L,17.1,3,UPS® Ground
Denver,Waterloo,IA,Size L,14.74,2,UPS® Ground
Denver,Wayne,ME,Size L,17.1,3,UPS® Ground
Denver,West Chester,PA,Size L,17.1,3,UPS® Ground
Denver,Westfield,IN,Size L,16.04,3,UPS® Ground
Denver,Westminster,MD,Size L,17.1,3,UPS® Ground
Denver,Windsor,CO,Size L,9.41,1,UPS® Ground
Denver,Winston-Salem,NC,Size L,16.04,3,UPS® Ground
Denver,Woodstock,GA,Size L,16.04,3,UPS® Ground
Denver,Worcester,MA,Size L,17.1,3,UPS® Ground
Denver,York,PA,Size L,17.1,3,UPS® Ground
Jacksonville,Amarillo,TX,Size L,16.04,3,UPS® Ground
Jacksonville,Antioch,TN,Size L,11.36,2,UPS® Ground
Jacksonville,Arlington,TX,Size L,14.74,3,UPS® Ground
Jacksonville,Ashland,PA,Size L,14.74,2,UPS® Ground
Jacksonville,Athens,GA,Size L,10.41,2,UPS® Ground
Jacksonville,Auburn,MA,Size L,14.74,3,UPS® Ground
Jacksonville,Aurora,CO,Size L,17.1,3,UPS® Ground
Jacksonville,Bakersfield,CA,Size L,18.12,4,UPS® Ground
Jacksonville,Baltimore,MD,Size L,14.74,2,UPS® Ground
Jacksonville,Bend,OR,Size L,18.12,4,UPS® Ground
Jacksonville,Benton,LA,Size L,14.74,2,UPS® Ground
Jacksonville,Bismarck,ND,Size L,17.1,4,UPS® Ground
Jacksonville,Boca Raton,FL,Size L,11.36,1,UPS® Ground
Jacksonville,Boise,ID,Size L,18.12,6,UPS® Ground
Jacksonville,Bradenton,FL,Size L,10.41,1,UPS® Ground
Jacksonville,Burlington,WI,Size L,14.74,3,UPS® Ground
Jacksonville,Centerville,IA,Size L,14.74,4,UPS® Ground
Jacksonville,Chandler,AZ,Size L,17.1,3,UPS® Ground
Jacksonville,Cincinnati,OH,Size L,14.74,2,UPS® Ground
Jacksonville,Clayton,NC,Size L,11.36,2,UPS® Ground
Jacksonville,Corona,CA,Size L,18.12,4,UPS® Ground
Jacksonville,Covington,LA,Size L,11.36,2,UPS® Ground
Jacksonville,Dayton,OH,Size L,14.74,2,UPS® Ground
Jacksonville,Decatur,IL,Size L,14.74,2,UPS® Ground
Jacksonville,Duluth,MN,Size L,16.04,3,UPS® Ground
Jacksonville,Durham,NC,Size L,11.36,2,UPS® Ground
Jacksonville,Encinitas,CA,Size L,18.12,4,UPS® Ground
Jacksonville,Englewood,CO,Size L,17.1,3,UPS® Ground
Jacksonville,Fairfield,CA,Size L,18.12,4,UPS® Ground
Jacksonville,Fayetteville,AR,Size L,14.74,2,UPS® Ground
Jacksonville,Fort Collins,CO,Size L,17.1,3,UPS® Ground
Jacksonville,Fort Myers,FL,Size L,10.41,1,UPS® Ground
Jacksonville,Fort Wayne,IN,Size L,14.74,3,UPS® Ground
Jacksonville,Frederick,MD,Size L,14.74,2,UPS® Ground
Jacksonville,Fredericksburg,VA,Size L,11.36,2,UPS® Ground
Jacksonville,Gainesville,FL,Size L,9.41,1,UPS® Ground
Jacksonville,Germantown,MD,Size L,14.74,2,UPS® Ground
Jacksonville,Glendale,AZ,Size L,18.12,3,UPS® Ground
Jacksonville,Golden,CO,Size L,17.1,3,UPS® Ground
Jacksonville,Grand Rapids,MI,Size L,14.74,2,UPS® Ground
Jacksonville,Green Bay,WI,Size L,14.74,3,UPS® Ground
Jacksonville,Greensboro,NC,Size L,11.36,2,UPS® Ground
Jacksonville,Hamilton,MI,Size L,14.74,2,UPS® Ground
Jacksonville,Henderson,TX,Size L,14.74,3,UPS® Ground
Jacksonville,Hendersonville,NC,Size L,11.36,2,UPS® Ground
Jacksonville,Hillsboro,OR,Size L,18.12,4,UPS® Ground
Jacksonville,Holly Springs,MS,Size L,14.74,2,UPS® Ground
Jacksonville,Homer,AK,Size L,46.14,4,UPS® Ground
Jacksonville,Hope Mills,NC,Size L,11.36,2,UPS® Ground
Jacksonville,Hudson,NC,Size L,11.36,2,UPS® Ground
Jacksonville,Indianapolis,IN,Size L,14.74,3,UPS® Ground
Jacksonville,Katy,TX,Size L,14.74,3,UPS® Ground
Jacksonville,Lancaster,SC,Size L,11.36,2,UPS® Ground
Jacksonville,Laurel,MD,Size L,14.74,2,UPS® Ground
Jacksonville,Lewisburg,PA,Size L,14.74,2,UPS® Ground
Jacksonville,Lincoln,RI,Size L,14.74,3,UPS® Ground
Jacksonville,Littleton,CO,Size L,17.1,3,UPS® Ground
Jacksonville,Long Beach,CA,Size L,18.12,4,UPS® Ground
Jacksonville,Los Angeles,CA,Size L,18.12,4,UPS® Ground
Jacksonville,Madison,IN,Size L,14.74,3,UPS® Ground
Jacksonville,Magnolia,MS,Size L,11.36,2,UPS® Ground
Jacksonville,Mansfield,MA,Size L,14.74,3,UPS® Ground
Jacksonville,Manteca,CA,Size L,18.12,4,UPS® Ground
Jacksonville,Maryville,TN,Size L,11.36,2,UPS® Ground
Jacksonville,Memphis,TN,Size L,14.74,2,UPS® Ground
Jacksonville,Mesa,AZ,Size L,17.1,3,UPS® Ground
Jacksonville,Midland,GA,Size L,10.41,2,UPS® Ground
Jacksonville,Milton,MA,Size L,16.04,3,UPS® Ground
Jacksonville,Milwaukee,WI,Size L,14.74,3,UPS® Ground
Jacksonville,Monroe,NC,Size L,11.36,2,UPS® Ground
Jacksonville,Montgomery,TX,Size L,14.74,3,UPS® Ground
Jacksonville,Morgantown,WV,Size L,14.74,3,UPS® Ground
Jacksonville,Mount Pleasant,SC,Size L,10.41,2,UPS® Ground
Jacksonville,Myrtle Beach,SC,Size L,10.41,2,UPS® Ground
Jacksonville,New Market,AL,Size L,11.36,2,UPS® Ground
Jacksonville,Newark,NJ,Size L,14.74,2,UPS® Ground
Jacksonville,Ocala,FL,Size L,9.41,1,UPS® Ground
Jacksonville,Olathe,KS,Size L,14.74,2,UPS® Ground
Jacksonville,Oxford,MI,Size L,14.74,2,UPS® Ground
Jacksonville,Palm Beach Gardens,FL,Size L,11.36,1,UPS® Ground
Jacksonville,Parker,CO,Size L,17.1,3,UPS® Ground
Jacksonville,Pasadena,MD,Size L,14.74,2,UPS® Ground
Jacksonville,Pensacola,FL,Size L,11.36,1,UPS® Ground
Jacksonville,Peoria,AZ,Size L,18.12,3,UPS® Ground
Jacksonville,Philadelphia,PA,Size L,14.74,2,UPS® Ground
Jacksonville,Plano,TX,Size L,14.74,3,UPS® Ground
Jacksonville,Plymouth,MA,Size L,16.04,3,UPS® Ground
Jacksonville,Princeton,MA,Size L,14.74,3,UPS® Ground
Jacksonville,Rancho Cucamonga,CA,Size L,18.12,4,UPS® Ground
Jacksonville,Reno,NV,Size L,18.12,4,UPS® Ground
Jacksonville,Riverside,CA,Size L,18.12,4,UPS® Ground
Jacksonville,Rockville,MD,Size L,14.74,2,UPS® Ground
Jacksonville,Rockwall,TX,Size L,14.74,3,UPS® Ground
Jacksonville,Roseville,CA,Size L,18.12,4,UPS® Ground
Jacksonville,Roswell,GA,Size L,11.36,2,UPS® Ground
Jacksonville,Sacramento,CA,Size L,18.12,4,UPS® Ground
Jacksonville,Saint Paul,MN,Size L,16.04,3,UPS® Ground
Jacksonville,Salisbury,MA,Size L,16.04,3,UPS® Ground
Jacksonville,Sanford,NC,Size L,11.36,2,UPS® Ground
Jacksonville,Santa Rosa,CA,Size L,18.12,4,UPS® Ground
Jacksonville,Sarasota,FL,Size L,10.41,1,UPS® Ground
Jacksonville,Savannah,GA,Size L,9.41,1,UPS® Ground
Jacksonville,Scottsdale,AZ,Size L,17.1,3,UPS® Ground
Jacksonville,Seaford,NY,Size L,14.74,2,UPS® Ground
Jacksonville,Seymour,IN,Size L,14.74,3,UPS® Ground
Jacksonville,Spokane,WA,Size L,18.12,4,UPS® Ground
Jacksonville,Spring,TX,Size L,14.74,3,UPS® Ground
Jacksonville,Staten Island,NY,Size L,14.74,2,UPS® Ground
Jacksonville,Tallahassee,FL,Size L,10.41,1,UPS® Ground
Jacksonville,The Villages,FL,Size L,9.41,1,UPS® Ground
Jacksonville,Vancouver,WA,Size L,18.12,4,UPS® Ground
Jacksonville,Washington,DC,Size L,14.74,2,UPS® Ground
Jacksonville,Waterloo,IA,Size L,16.04,4,UPS® Ground
Jacksonville,Wayne,ME,Size L,16.04,3,UPS® Ground
Jacksonville,West Chester,PA,Size L,14.74,2,UPS® Ground
Jacksonville,Westfield,IN,Size L,14.74,3,UPS® Ground
Jacksonville,Westminster,MD,Size L,14.74,2,UPS® Ground
Jacksonville,Windsor,CO,Size L,17.1,3,UPS® Ground
Jacksonville,Winston-Salem,NC,Size L,11.36,2,UPS® Ground
Jacksonville,Woodstock,GA,Size L,11.36,2,UPS® Ground
Jacksonville,Worcester,MA,Size L,14.74,3,UPS® Ground
Jacksonville,York,PA,Size L,14.74,2,UPS® Ground
Oklahoma City,Amarillo,TX,Size L,10.41,2,UPS® Ground
Oklahoma City,Antioch,TN,Size L,11.36,2,UPS® Ground
Oklahoma City,Arlington,TX,Size L,10.41,2,UPS® Ground
Oklahoma City,Ashland,PA,Size L,16.04,3,UPS® Ground
Oklahoma City,Athens,GA,Size L,14.74,3,UPS® Ground
Oklahoma City,Auburn,MA,Size L,17.1,4,UPS® Ground
Oklahoma City,Aurora,CO,Size L,11.36,2,UPS® Ground
Oklahoma City,Bakersfield,CA,Size L,16.04,3,UPS® Ground
Oklahoma City,Baltimore,MD,Size L,16.04,3,UPS® Ground
Oklahoma City,Bend,OR,Size L,16.04,4,UPS® Ground
Oklahoma City,Benton,LA,Size L,11.36,2,UPS® Ground
Oklahoma City,Bismarck,ND,Size L,14.74,3,UPS® Ground
Oklahoma City,Boca Raton,FL,Size L,16.04,3,UPS® Ground
Oklahoma City,Boise,ID,Size L,16.04,3,UPS® Ground
Oklahoma City,Bradenton,FL,Size L,16.04,3,UPS® Ground
Oklahoma City,Burlington,WI,Size L,14.74,2,UPS® Ground
Oklahoma City,Centerville,IA,Size L,11.36,2,UPS® Ground
Oklahoma City,Chandler,AZ,Size L,14.74,3,UPS® Ground
Oklahoma City,Cincinnati,OH,Size L,14.74,3,UPS® Ground
Oklahoma City,Clayton,NC,Size L,16.04,3,UPS® Ground
Oklahoma City,Corona,CA,Size L,16.04,3,UPS® Ground
Oklahoma City,Covington,LA,Size L,14.74,2,UPS® Ground
Oklahoma City,Dayton,OH,Size L,14.74,3,UPS® Ground
Oklahoma City,Decatur,IL,Size L,11.36,2,UPS® Ground
Oklahoma City,Duluth,MN,Size L,14.74,3,UPS® Ground
Oklahoma City,Durham,NC,Size L,16.04,3,UPS® Ground
Oklahoma City,Encinitas,CA,Size L,16.04,3,UPS® Ground
Oklahoma City,Englewood,CO,Size L,11.36,2,UPS® Ground
Oklahoma City,Fairfield,CA,Size L,16.04,4,UPS® Ground
Oklahoma City,Fayetteville,AR,Size L,11.36,2,UPS® Ground
Oklahoma City,Fort Collins,CO,Size L,11.36,2,UPS® Ground
Oklahoma City,Fort Myers,FL,Size L,16.04,3,UPS® Ground
Oklahoma City,Fort Wayne,IN,Size L,14.74,2,UPS® Ground
Oklahoma City,Frederick,MD,Size L,16.04,3,UPS® Ground
Oklahoma City,Fredericksburg,VA,Size L,16.04,3,UPS® Ground
Oklahoma City,Gainesville,FL,Size L,14.74,3,UPS® Ground
Oklahoma City,Germantown,MD,Size L,16.04,3,UPS® Ground
Oklahoma City,Glendale,AZ,Size L,14.74,3,UPS® Ground
Oklahoma City,Golden,CO,Size L,11.36,2,UPS® Ground
Oklahoma City,Grand Rapids,MI,Size L,14.74,3,UPS® Ground
Oklahoma City,Green Bay,WI,Size L,14.74,3,UPS® Ground
Oklahoma City,Greensboro,NC,Size L,14.74,3,UPS® Ground
Oklahoma City,Hamilton,MI,Size L,14.74,3,UPS® Ground
Oklahoma City,Henderson,TX,Size L,10.41,2,UPS® Ground
Oklahoma City,Hendersonville,NC,Size L,14.74,3,UPS® Ground
Oklahoma City,Hillsboro,OR,Size L,17.1,4,UPS® Ground
Oklahoma City,Holly Springs,MS,Size L,11.36,2,UPS® Ground
Oklahoma City,Homer,AK,Size L,46.14,4,UPS® Ground
Oklahoma City,Hope Mills,NC,Size L,16.04,3,UPS® Ground
Oklahoma City,Hudson,NC,Size L,14.74,3,UPS® Ground
Oklahoma City,Indianapolis,IN,Size L,14.74,3,UPS® Ground
Oklahoma City,Katy,TX,Size L,14.74,2,UPS® Ground
Oklahoma City,Lancaster,SC,Size L,14.74,3,UPS® Ground
Oklahoma City,Laurel,MD,Size L,16.04,3,UPS® Ground
Oklahoma City,Lewisburg,PA,Size L,16.04,3,UPS® Ground
Oklahoma City,Lincoln,RI,Size L,17.1,4,UPS® Ground
Oklahoma City,Littleton,CO,Size L,11.36,2,UPS® Ground
Oklahoma City,Long Beach,CA,Size L,16.04,3,UPS® Ground
Oklahoma City,Los Angeles,CA,Size L,16.04,3,UPS® Ground
Oklahoma City,Madison,IN,Size L,14.74,3,UPS® Ground
Oklahoma City,Magnolia,MS,Size L,11.36,2,UPS® Ground
Oklahoma City,Mansfield,MA,Size L,17.1,4,UPS® Ground
Oklahoma City,Manteca,CA,Size L,16.04,4,UPS® Ground
Oklahoma City,Maryville,TN,Size L,14.74,2,UPS® Ground
Oklahoma City,Memphis,TN,Size L,11.36,2,UPS® Ground
Oklahoma City,Mesa,AZ,Size L,14.74,3,UPS® Ground
Oklahoma City,Midland,GA,Size L,14.74,3,UPS® Ground
Oklahoma City,Milton,MA,Size L,17.1,4,UPS® Ground
Oklahoma City,Milwaukee,WI,Size L,14.74,2,UPS® Ground
Oklahoma City,Monroe,NC,Size L,14.74,3,UPS® Ground
Oklahoma City,Montgomery,TX,Size L,11.36,2,UPS® Ground
Oklahoma City,Morgantown,WV,Size L,14.74,3,UPS® Ground
Oklahoma City,Mount Pleasant,SC,Size L,16.04,3,UPS® Ground
Oklahoma City,Myrtle Beach,SC,Size L,16.04,3,UPS® Ground
Oklahoma City,New Market,AL,Size L,14.74,2,UPS® Ground
Oklahoma City,Newark,NJ,Size L,16.04,4,UPS® Ground
Oklahoma City,Ocala,FL,Size L,14.74,3,UPS® Ground
Oklahoma City,Olathe,KS,Size L,11.36,2,UPS® Ground
Oklahoma City,Oxford,MI,Size L,14.74,3,UPS® Ground
Oklahoma City,Palm Beach Gardens,FL,Size L,16.04,3,UPS® Ground
Oklahoma City,Parker,CO,Size L,11.36,2,UPS® Ground
Oklahoma City,Pasadena,MD,Size L,16.04,3,UPS® Ground
Oklahoma City,Pensacola,FL,Size L,14.74,3,UPS® Ground
Oklahoma City,Peoria,AZ,Size L,14.74,3,UPS® Ground
Oklahoma City,Philadelphia,PA,Size L,16.04,3,UPS® Ground
Oklahoma City,Plano,TX,Size L,10.41,2,UPS® Ground
Oklahoma City,Plymouth,MA,Size L,17.1,4,UPS® Ground
Oklahoma City,Princeton,MA,Size L,17.1,4,UPS® Ground
Oklahoma City,Rancho Cucamonga,CA,Size L,17.1,3,UPS® Ground
Oklahoma City,Reno,NV,Size L,16.04,4,UPS® Ground
Oklahoma City,Riverside,CA,Size L,16.04,3,UPS® Ground
Oklahoma City,Rockville,MD,Size L,16.04,3,UPS® Ground
Oklahoma City,Rockwall,TX,Size L,10.41,2,UPS® Ground
Oklahoma City,Roseville,CA,Size L,16.04,4,UPS® Ground
Oklahoma City,Roswell,GA,Size L,14.74,3,UPS® Ground
Oklahoma City,Sacramento,CA,Size L,16.04,4,UPS® Ground
Oklahoma City,Saint Paul,MN,Size L,14.74,3,UPS® Ground
Oklahoma City,Salisbury,MA,Size L,17.1,4,UPS® Ground
Oklahoma City,Sanford,NC,Size L,16.04,3,UPS® Ground
Oklahoma City,Santa Rosa,CA,Size L,17.1,4,UPS® Ground
Oklahoma City,Sarasota,FL,Size L,16.04,3,UPS® Ground
Oklahoma City,Savannah,GA,Size L,14.74,3,UPS® Ground
Oklahoma City,Scottsdale,AZ,Size L,14.74,3,UPS® Ground
Oklahoma City,Seaford,NY,Size L,16.04,4,UPS® Ground
Oklahoma City,Seymour,IN,Size L,14.74,3,UPS® Ground
Oklahoma City,Spokane,WA,Size L,16.04,3,UPS® Ground
Oklahoma City,Spring,TX,Size L,11.36,2,UPS® Ground
Oklahoma City,Staten Island,NY,Size L,16.04,4,UPS® Ground
Oklahoma City,Tallahassee,FL,Size L,14.74,3,UPS® Ground
Oklahoma City,The Villages,FL,Size L,16.04,3,UPS® Ground
Oklahoma City,Vancouver,WA,Size L,17.1,4,UPS® Ground
Oklahoma City,Washington,DC,Size L,16.04,3,UPS® Ground
Oklahoma City,Waterloo,IA,Size L,11.36,2,UPS® Ground
Oklahoma City,Wayne,ME,Size L,17.1,4,UPS® Ground
Oklahoma City,West Chester,PA,Size L,16.04,3,UPS® Ground
Oklahoma City,Westfield,IN,Size L,14.74,3,UPS® Ground
Oklahoma City,Westminster,MD,Size L,16.04,3,UPS® Ground
Oklahoma City,Windsor,CO,Size L,11.36,2,UPS® Ground
Oklahoma City,Winston-Salem,NC,Size L,14.74,3,UPS® Ground
Oklahoma City,Woodstock,GA,Size L,14.74,3,UPS® Ground
Oklahoma City,Worcester,MA,Size L,17.1,4,UPS® Ground
Oklahoma City,York,PA,Size L,16.04,3,UPS® Ground
Ontario,Amarillo,TX,Size L,14.74,2,UPS® Ground
Ontario,Antioch,TN,Size L,18.12,4,UPS® Ground
Ontario,Arlington,TX,Size L,17.1,3,UPS® Ground
Ontario,Ashland,PA,Size L,18.12,4,UPS® Ground
Ontario,Athens,GA,Size L,18.12,4,UPS® Ground
Ontario,Auburn,MA,Size L,18.12,4,UPS® Ground
Ontario,Aurora,CO,Size L,14.74,2,UPS® Ground
Ontario,Bakersfield,CA,Size L,9.41,1,UPS® Ground
Ontario,Baltimore,MD,Size L,18.12,4,UPS® Ground
Ontario,Bend,OR,Size L,14.74,3,UPS® Ground
Ontario,Benton,LA,Size L,17.1,4,UPS® Ground
Ontario,Bismarck,ND,Size L,16.04,4,UPS® Ground
Ontario,Boca Raton,FL,Size L,18.12,4,UPS® Ground
Ontario,Boise,ID,Size L,14.74,3,UPS® Ground
Ontario,Bradenton,FL,Size L,18.12,4,UPS® Ground
Ontario,Burlington,WI,Size L,17.1,4,UPS® Ground
Ontario,Centerville,IA,Size L,16.04,4,UPS® Ground
Ontario,Chandler,AZ,Size L,14.74,2,UPS® Ground
Ontario,Cincinnati,OH,Size L,18.12,4,UPS® Ground
Ontario,Clayton,NC,Size L,18.12,4,UPS® Ground
Ontario,Corona,CA,Size L,9.41,1,UPS® Ground
Ontario,Covington,LA,Size L,17.1,4,UPS® Ground
Ontario,Dayton,OH,Size L,18.12,4,UPS® Ground
Ontario,Decatur,IL,Size L,17.1,4,UPS® Ground
Ontario,Duluth,MN,Size L,17.1,4,UPS® Ground
Ontario,Durham,NC,Size L,18.12,4,UPS® Ground
Ontario,Encinitas,CA,Size L,10.41,1,UPS® Ground
Ontario,Englewood,CO,Size L,14.74,2,UPS® Ground
Ontario,Fairfield,CA,Size L,14.74,2,UPS® Ground
Ontario,Fayetteville,AR,Size L,17.1,3,UPS® Ground
Ontario,Fort Collins,CO,Size L,14.74,2,UPS® Ground
Ontario,Fort Myers,FL,Size L,18.12,4,UPS® Ground
Ontario,Fort Wayne,IN,Size L,17.1,4,UPS® Ground
Ontario,Frederick,MD,Size L,18.12,4,UPS® Ground
Ontario,Fredericksburg,VA,Size L,18.12,4,UPS® Ground
Ontario,Gainesville,FL,Size L,18.12,4,UPS® Ground
Ontario,Germantown,MD,Size L,18.12,4,UPS® Ground
Ontario,Glendale,AZ,Size L,11.36,2,UPS® Ground
Ontario,Golden,CO,Size L,14.74,3,UPS® Ground
Ontario,Grand Rapids,MI,Size L,18.12,4,UPS® Ground
Ontario,Green Bay,WI,Size L,17.1,4,UPS® Ground
Ontario,Greensboro,NC,Size L,18.12,4,UPS® Ground
Ontario,Hamilton,MI,Size L,18.12,4,UPS® Ground
Ontario,Henderson,TX,Size L,16.04,3,UPS® Ground
Ontario,Hendersonville,NC,Size L,18.12,4,UPS® Ground
Ontario,Hillsboro,OR,Size L,14.74,3,UPS® Ground
Ontario,Holly Springs,MS,Size L,17.1,4,UPS® Ground
Ontario,Homer,AK,Size L,46.14,3,UPS® Ground
Ontario,Hope Mills,NC,Size L,18.12,4,UPS® Ground
Ontario,Hudson,NC,Size L,18.12,4,UPS® Ground
Ontario,Indianapolis,IN,Size L,18.12,4,UPS® Ground
Ontario,Katy,TX,Size L,16.04,3,UPS® Ground
Ontario,Lancaster,SC,Size L,18.12,4,UPS® Ground
Ontario,Laurel,MD,Size L,18.12,4,UPS® Ground
Ontario,Lewisburg,PA,Size L,18.12,4,UPS® Ground
Ontario,Lincoln,RI,Size L,18.12,5,UPS® Ground
Ontario,Littleton,CO,Size L,14.74,2,UPS® Ground
Ontario,Long Beach,CA,Size L,9.41,1,UPS® Ground
Ontario,Los Angeles,CA,Size L,9.41,1,UPS® Ground
Ontario,Madison,IN,Size L,17.1,4,UPS® Ground
Ontario,Magnolia,MS,Size L,17.1,4,UPS® Ground
Ontario,Mansfield,MA,Size L,18.12,4,UPS® Ground
Ontario,Manteca,CA,Size L,11.36,2,UPS® Ground
Ontario,Maryville,TN,Size L,18.12,4,UPS® Ground
Ontario,Memphis,TN,Size L,17.1,4,UPS® Ground
Ontario,Mesa,AZ,Size L,14.74,2,UPS® Ground
Ontario,Midland,GA,Size L,18.12,4,UPS® Ground
Ontario,Milton,MA,Size L,18.12,4,UPS® Ground
Ontario,Milwaukee,WI,Size L,17.1,4,UPS® Ground
Ontario,Monroe,NC,Size L,18.12,4,UPS® Ground
Ontario,Montgomery,TX,Size L,17.1,3,UPS® Ground
Ontario,Morgantown,WV,Size L,18.12,5,UPS® Ground
Ontario,Mount Pleasant,SC,Size L,18.12,4,UPS® Ground
Ontario,Myrtle Beach,SC,Size L,18.12,4,UPS® Ground
Ontario,New Market,AL,Size L,17.1,4,UPS® Ground
Ontario,Newark,NJ,Size L,18.12,4,UPS® Ground
Ontario,Ocala,FL,Size L,18.12,4,UPS® Ground
Ontario,Olathe,KS,Size L,16.04,4,UPS® Ground
Ontario,Oxford,MI,Size L,18.12,4,UPS® Ground
Ontario,Palm Beach Gardens,FL,Size L,18.12,4,UPS® Ground
Ontario,Parker,CO,Size L,14.74,2,UPS® Ground
Ontario,Pasadena,MD,Size L,18.12,4,UPS® Ground
Ontario,Pensacola,FL,Size L,18.12,4,UPS® Ground
Ontario,Peoria,AZ,Size L,11.36,2,UPS® Ground
Ontario,Philadelphia,PA,Size L,18.12,4,UPS® Ground
Ontario,Plano,TX,Size L,17.1,3,UPS® Ground
Ontario,Plymouth,MA,Size L,18.12,4,UPS® Ground
Ontario,Princeton,MA,Size L,18.12,4,UPS® Ground
Ontario,Rancho Cucamonga,CA,Size L,9.41,1,UPS® Ground
Ontario,Reno,NV,Size L,11.36,2,UPS® Ground
Ontario,Riverside,CA,Size L,10.41,1,UPS® Ground
Ontario,Rockville,MD,Size L,18.12,4,UPS® Ground
Ontario,Rockwall,TX,Size L,17.1,3,UPS® Ground
Ontario,Roseville,CA,Size L,11.36,2,UPS® Ground
Ontario,Roswell,GA,Size L,18.12,4,UPS® Ground
Ontario,Sacramento,CA,Size L,11.36,2,UPS® Ground
Ontario,Saint Paul,MN,Size L,17.1,4,UPS® Ground
Ontario,Salisbury,MA,Size L,18.12,4,UPS® Ground
Ontario,Sanford,NC,Size L,18.12,4,UPS® Ground
Ontario,Santa Rosa,CA,Size L,11.36,2,UPS® Ground
Ontario,Sarasota,FL,Size L,18.12,4,UPS® Ground
Ontario,Savannah,GA,Size L,18.12,4,UPS® Ground
Ontario,Scottsdale,AZ,Size L,14.74,2,UPS® Ground
Ontario,Seaford,NY,Size L,18.12,4,UPS® Ground
Ontario,Seymour,IN,Size L,17.1,4,UPS® Ground
Ontario,Spokane,WA,Size L,14.74,3,UPS® Ground
Ontario,Spring,TX,Size L,17.1,3,UPS® Ground
Ontario,Staten Island,NY,Size L,18.12,4,UPS® Ground
Ontario,Tallahassee,FL,Size L,18.12,4,UPS® Ground
Ontario,The Villages,FL,Size L,18.12,4,UPS® Ground
Ontario,Vancouver,WA,Size L,14.74,3,UPS® Ground
Ontario,Washington,DC,Size L,18.12,4,UPS® Ground
Ontario,Waterloo,IA,Size L,17.1,4,UPS® Ground
Ontario,Wayne,ME,Size L,18.12,5,UPS® Ground
Ontario,West Chester,PA,Size L,18.12,4,UPS® Ground
Ontario,Westfield,IN,Size L,17.1,4,UPS® Ground
Ontario,Westminster,MD,Size L,18.12,4,UPS® Ground
Ontario,Windsor,CO,Size L,14.74,2,UPS® Ground
Ontario,Winston-Salem,NC,Size L,18.12,4,UPS® Ground
Ontario,Woodstock,GA,Size L,18.12,4,UPS® Ground
Ontario,Worcester,MA,Size L,18.12,4,UPS® Ground
Ontario,York,PA,Size L,18.12,4,UPS® Ground
Philadelphia,Amarillo,TX,Size L,17.1,4,UPS® Ground
Philadelphia,Antioch,TN,Size L,14.74,2,UPS® Ground
Philadelphia,Arlington,TX,Size L,16.04,3,UPS® Ground
Philadelphia,Ashland,PA,Size L,9.41,1,UPS® Ground
Philadelphia,Athens,GA,Size L,14.74,2,UPS® Ground
Philadelphia,Auburn,MA,Size L,10.41,2,UPS® Ground
Philadelphia,Aurora,CO,Size L,17.1,3,UPS® Ground
Philadelphia,Bakersfield,CA,Size L,18.12,4,UPS® Ground
Philadelphia,Baltimore,MD,Size L,9.41,1,UPS® Ground
Philadelphia,Bend,OR,Size L,18.12,4,UPS® Ground
Philadelphia,Benton,LA,Size L,16.04,3,UPS® Ground
Philadelphia,Bismarck,ND,Size L,16.04,4,UPS® Ground
Philadelphia,Boca Raton,FL,Size L,16.04,2,UPS® Ground
Philadelphia,Boise,ID,Size L,18.12,3,UPS® Ground
Philadelphia,Bradenton,FL,Size L,14.74,2,UPS® Ground
Philadelphia,Burlington,WI,Size L,14.74,2,UPS® Ground
Philadelphia,Centerville,IA,Size L,14.74,2,UPS® Ground
Philadelphia,Chandler,AZ,Size L,18.12,3,UPS® Ground
Philadelphia,Cincinnati,OH,Size L,11.36,2,UPS® Ground
Philadelphia,Clayton,NC,Size L,11.36,2,UPS® Ground
Philadelphia,Corona,CA,Size L,18.12,4,UPS® Ground
Philadelphia,Covington,LA,Size L,16.04,3,UPS® Ground
Philadelphia,Dayton,OH,Size L,11.36,2,UPS® Ground
Philadelphia,Decatur,IL,Size L,14.74,2,UPS® Ground
Philadelphia,Duluth,MN,Size L,14.74,2,UPS® Ground
Philadelphia,Durham,NC,Size L,11.36,2,UPS® Ground
Philadelphia,Encinitas,CA,Size L,18.12,4,UPS® Ground
Philadelphia,Englewood,CO,Size L,17.1,3,UPS® Ground
Philadelphia,Fairfield,CA,Size L,18.12,4,UPS® Ground
Philadelphia,Fayetteville,AR,Size L,16.04,3,UPS® Ground
Philadelphia,Fort Collins,CO,Size L,17.1,3,UPS® Ground
Philadelphia,Fort Myers,FL,Size L,14.74,2,UPS® Ground
Philadelphia,Fort Wayne,IN,Size L,11.36,2,UPS® Ground
Philadelphia,Frederick,MD,Size L,9.41,1,UPS® Ground
Philadelphia,Fredericksburg,VA,Size L,10.41,1,UPS® Ground
Philadelphia,Gainesville,FL,Size L,14.74,2,UPS® Ground
Philadelphia,Germantown,MD,Size L,10.41,1,UPS® Ground
Philadelphia,Glendale,AZ,Size L,18.12,3,UPS® Ground
Philadelphia,Golden,CO,Size L,17.1,3,UPS® Ground
Philadelphia,Grand Rapids,MI,Size L,11.36,2,UPS® Ground
Philadelphia,Green Bay,WI,Size L,14.74,2,UPS® Ground
Philadelphia,Greensboro,NC,Size L,11.36,2,UPS® Ground
Philadelphia,Hamilton,MI,Size L,14.74,2,UPS® Ground
Philadelphia,Henderson,TX,Size L,16.04,3,UPS® Ground
Philadelphia,Hendersonville,NC,Size L,11.36,2,UPS® Ground
Philadelphia,Hillsboro,OR,Size L,18.12,4,UPS® Ground
Philadelphia,Holly Springs,MS,Size L,14.74,3,UPS® Ground
Philadelphia,Homer,AK,Size L,46.14,4,UPS® Ground
Philadelphia,Hope Mills,NC,Size L,11.36,2,UPS® Ground
Philadelphia,Hudson,NC,Size L,11.36,2,UPS® Ground
Philadelphia,Indianapolis,IN,Size L,14.74,2,UPS® Ground
Philadelphia,Katy,TX,Size L,17.1,3,UPS® Ground
Philadelphia,Lancaster,SC,Size L,11.36,2,UPS® Ground
Philadelphia,Laurel,MD,Size L,9.41,1,UPS® Ground
Philadelphia,Lewisburg,PA,Size L,9.41,1,UPS® Ground
Philadelphia,Lincoln,RI,Size L,10.41,2,UPS® Ground
Philadelphia,Littleton,CO,Size L,17.1,3,UPS® Ground
Philadelphia,Long Beach,CA,Size L,18.12,4,UPS® Ground
Philadelphia,Los Angeles,CA,Size L,18.12,4,UPS® Ground
Philadelphia,Madison,IN,Size L,11.36,2,UPS® Ground
Philadelphia,Magnolia,MS,Size L,14.74,3,UPS® Ground
Philadelphia,Mansfield,MA,Size L,10.41,2,UPS® Ground
Philadelphia,Manteca,CA,Size L,18.12,4,UPS® Ground
Philadelphia,Maryville,TN,Size L,11.36,2,UPS® Ground
Philadelphia,Memphis,TN,Size L,14.74,2,UPS® Ground
Philadelphia,Mesa,AZ,Size L,18.12,3,UPS® Ground
Philadelphia,Midland,GA,Size L,14.74,2,UPS® Ground
Philadelphia,Milton,MA,Size L,10.41,2,UPS® Ground
Philadelphia,Milwaukee,WI,Size L,14.74,2,UPS® Ground
Philadelphia,Monroe,NC,Size L,11.36,2,UPS® Ground
Philadelphia,Montgomery,TX,Size L,16.04,3,UPS® Ground
Philadelphia,Morgantown,WV,Size L,11.36,2,UPS® Ground
Philadelphia,Mount Pleasant,SC,Size L,11.36,2,UPS® Ground
Philadelphia,Myrtle Beach,SC,Size L,11.36,2,UPS® Ground
Philadelphia,New Market,AL,Size L,14.74,2,UPS® Ground
Philadelphia,Newark,NJ,Size L,9.41,1,UPS® Ground
Philadelphia,Ocala,FL,Size L,14.74,2,UPS® Ground
Philadelphia,Olathe,KS,Size L,16.04,3,UPS® Ground
Philadelphia,Oxford,MI,Size L,11.36,2,UPS® Ground
Philadelphia,Palm Beach Gardens,FL,Size L,16.04,2,UPS® Ground
Philadelphia,Parker,CO,Size L,17.1,3,UPS® Ground
Philadelphia,Pasadena,MD,Size L,9.41,1,UPS® Ground
Philadelphia,Pensacola,FL,Size L,14.74,2,UPS® Ground
Philadelphia,Peoria,AZ,Size L,18.12,3,UPS® Ground
Philadelphia,Philadelphia,PA,Size L,9.41,1,UPS® Ground
Philadelphia,Plano,TX,Size L,16.04,3,UPS® Ground
Philadelphia,Plymouth,MA,Size L,10.41,2,UPS® Ground
Philadelphia,Princeton,MA,Size L,10.41,2,UPS® Ground
Philadelphia,Rancho Cucamonga,CA,Size L,18.12,4,UPS® Ground
Philadelphia,Reno,NV,Size L,18.12,3,UPS® Ground
Philadelphia,Riverside,CA,Size L,18.12,4,UPS® Ground
Philadelphia,Rockville,MD,Size L,10.41,1,UPS® Ground
Philadelphia,Rockwall,TX,Size L,16.04,3,UPS® Ground
Philadelphia,Roseville,CA,Size L,18.12,4,UPS® Ground
Philadelphia,Roswell,GA,Size L,14.74,2,UPS® Ground
Philadelphia,Sacramento,CA,Size L,18.12,4,UPS® Ground
Philadelphia,Saint Paul,MN,Size L,16.04,2,UPS® Ground
Philadelphia,Salisbury,MA,Size L,10.41,2,UPS® Ground
Philadelphia,Sanford,NC,Size L,11.36,2,UPS® Ground
Philadelphia,Santa Rosa,CA,Size L,18.12,4,UPS® Ground
Philadelphia,Sarasota,FL,Size L,14.74,2,UPS® Ground
Philadelphia,Savannah,GA,Size L,14.74,2,UPS® Ground
Philadelphia,Scottsdale,AZ,Size L,18.12,3,UPS® Ground
Philadelphia,Seaford,NY,Size L,10.41,1,UPS® Ground
Philadelphia,Seymour,IN,Size L,11.36,2,UPS® Ground
Philadelphia,Spokane,WA,Size L,18.12,4,UPS® Ground
Philadelphia,Spring,TX,Size L,16.04,3,UPS® Ground
Philadelphia,Staten Island,NY,Size L,9.41,1,UPS® Ground
Philadelphia,Tallahassee,FL,Size L,14.74,2,UPS® Ground
Philadelphia,The Villages,FL,Size L,14.74,2,UPS® Ground
Philadelphia,Vancouver,WA,Size L,18.12,4,UPS® Ground
Philadelphia,Washington,DC,Size L,9.41,1,UPS® Ground
Philadelphia,Waterloo,IA,Size L,14.74,2,UPS® Ground
Philadelphia,Wayne,ME,Size L,11.36,2,UPS® Ground
Philadelphia,West Chester,PA,Size L,9.41,1,UPS® Ground
Philadelphia,Westfield,IN,Size L,11.36,2,UPS® Ground
Philadelphia,Westminster,MD,Size L,9.41,1,UPS® Ground
Philadelphia,Windsor,CO,Size L,17.1,3,UPS® Ground
Philadelphia,Winston-Salem,NC,Size L,11.36,2,UPS® Ground
Philadelphia,Woodstock,GA,Size L,14.74,2,UPS® Ground
Philadelphia,Worcester,MA,Size L,10.41,2,UPS® Ground
Philadelphia,York,PA,Size L,9.41,1,UPS® Ground
Portland,Amarillo,TX,Size L,16.04,4,UPS® Ground
Portland,Antioch,TN,Size L,18.12,4,UPS® Ground
Portland,Arlington,TX,Size L,17.1,4,UPS® Ground
Portland,Ashland,PA,Size L,18.12,4,UPS® Ground
Portland,Athens,GA,Size L,18.12,4,UPS® Ground
Portland,Auburn,MA,Size L,18.12,4,UPS® Ground
Portland,Aurora,CO,Size L,16.04,3,UPS® Ground
Portland,Bakersfield,CA,Size L,14.74,3,UPS® Ground
Portland,Baltimore,MD,Size L,18.12,4,UPS® Ground
Portland,Bend,OR,Size L,9.41,2,UPS® Ground
Portland,Benton,LA,Size L,17.1,5,UPS® Ground
Portland,Bismarck,ND,Size L,16.04,3,UPS® Ground
Portland,Boca Raton,FL,Size L,18.12,5,UPS® Ground
Portland,Boise,ID,Size L,11.36,2,UPS® Ground
Portland,Bradenton,FL,Size L,18.12,5,UPS® Ground
Portland,Burlington,WI,Size L,17.1,3,UPS® Ground
Portland,Centerville,IA,Size L,17.1,4,UPS® Ground
Portland,Chandler,AZ,Size L,17.1,3,UPS® Ground
Portland,Cincinnati,OH,Size L,18.12,4,UPS® Ground
Portland,Clayton,NC,Size L,18.12,5,UPS® Ground
Portland,Corona,CA,Size L,14.74,3,UPS® Ground
Portland,Covington,LA,Size L,18.12,5,UPS® Ground
Portland,Dayton,OH,Size L,18.12,4,UPS® Ground
Portland,Decatur,IL,Size L,17.1,3,UPS® Ground
Portland,Duluth,MN,Size L,17.1,4,UPS® Ground
Portland,Durham,NC,Size L,18.12,5,UPS® Ground
Portland,Encinitas,CA,Size L,14.74,3,UPS® Ground
Portland,Englewood,CO,Size L,16.04,3,UPS® Ground
Portland,Fairfield,CA,Size L,14.74,2,UPS® Ground
Portland,Fayetteville,AR,Size L,17.1,4,UPS® Ground
Portland,Fort Collins,CO,Size L,14.74,3,UPS® Ground
Portland,Fort Myers,FL,Size L,18.12,5,UPS® Ground
Portland,Fort Wayne,IN,Size L,18.12,3,UPS® Ground
Portland,Frederick,MD,Size L,18.12,4,UPS® Ground
Portland,Fredericksburg,VA,Size L,18.12,4,UPS® Ground
Portland,Gainesville,FL,Size L,18.12,5,UPS® Ground
Portland,Germantown,MD,Size L,18.12,4,UPS® Ground
Portland,Glendale,AZ,Size L,16.04,3,UPS® Ground
Portland,Golden,CO,Size L,14.74,3,UPS® Ground
Portland,Grand Rapids,MI,Size L,18.12,3,UPS® Ground
Portland,Green Bay,WI,Size L,17.1,4,UPS® Ground
Portland,Greensboro,NC,Size L,18.12,5,UPS® Ground
Portland,Hamilton,MI,Size L,17.1,3,UPS® Ground
Portland,Henderson,TX,Size L,17.1,4,UPS® Ground
Portland,Hendersonville,NC,Size L,18.12,5,UPS® Ground
Portland,Hillsboro,OR,Size L,9.41,1,UPS® Ground
Portland,Holly Springs,MS,Size L,18.12,5,UPS® Ground
Portland,Homer,AK,Size L,46.14,4,UPS® Ground
Portland,Hope Mills,NC,Size L,18.12,5,UPS® Ground
Portland,Hudson,NC,Size L,18.12,5,UPS® Ground
Portland,Indianapolis,IN,Size L,18.12,4,UPS® Ground
Portland,Katy,TX,Size L,18.12,4,UPS® Ground
Portland,Lancaster,SC,Size L,18.12,5,UPS® Ground
Portland,Laurel,MD,Size L,18.12,4,UPS® Ground
Portland,Lewisburg,PA,Size L,18.12,4,UPS® Ground
Portland,Lincoln,RI,Size L,18.12,4,UPS® Ground
Portland,Littleton,CO,Size L,16.04,3,UPS® Ground
Portland,Long Beach,CA,Size L,14.74,3,UPS® Ground
Portland,Los Angeles,CA,Size L,14.74,3,UPS® Ground
Portland,Madison,IN,Size L,18.12,4,UPS® Ground
Portland,Magnolia,MS,Size L,18.12,5,UPS® Ground
Portland,Mansfield,MA,Size L,18.12,4,UPS® Ground
Portland,Manteca,CA,Size L,11.36,2,UPS® Ground
Portland,Maryville,TN,Size L,18.12,4,UPS® Ground
Portland,Memphis,TN,Size L,18.12,4,UPS® Ground
Portland,Mesa,AZ,Size L,17.1,3,UPS® Ground
Portland,Midland,GA,Size L,18.12,4,UPS® Ground
Portland,Milton,MA,Size L,18.12,4,UPS® Ground
Portland,Milwaukee,WI,Size L,17.1,3,UPS® Ground
Portland,Monroe,NC,Size L,18.12,5,UPS® Ground
Portland,Montgomery,TX,Size L,18.12,4,UPS® Ground
Portland,Morgantown,WV,Size L,18.12,4,UPS® Ground
Portland,Mount Pleasant,SC,Size L,18.12,5,UPS® Ground
Portland,Myrtle Beach,SC,Size L,18.12,5,UPS® Ground
Portland,New Market,AL,Size L,18.12,5,UPS® Ground
Portland,Newark,NJ,Size L,18.12,4,UPS® Ground
Portland,Ocala,FL,Size L,18.12,5,UPS® Ground
Portland,Olathe,KS,Size L,17.1,4,UPS® Ground
Portland,Oxford,MI,Size L,18.12,4,UPS® Ground
Portland,Palm Beach Gardens,FL,Size L,18.12,5,UPS® Ground
Portland,Parker,CO,Size L,16.04,3,UPS® Ground
Portland,Pasadena,MD,Size L,18.12,4,UPS® Ground
Portland,Pensacola,FL,Size L,18.12,5,UPS® Ground
Portland,Peoria,AZ,Size L,16.04,3,UPS® Ground
Portland,Philadelphia,PA,Size L,18.12,4,UPS® Ground
Portland,Plano,TX,Size L,17.1,4,UPS® Ground
Portland,Plymouth,MA,Size L,18.12,4,UPS® Ground
Portland,Princeton,MA,Size L,18.12,4,UPS® Ground
Portland,Rancho Cucamonga,CA,Size L,14.74,3,UPS® Ground
Portland,Reno,NV,Size L,11.36,2,UPS® Ground
Portland,Riverside,CA,Size L,14.74,3,UPS® Ground
Portland,Rockville,MD,Size L,18.12,4,UPS® Ground
Portland,Rockwall,TX,Size L,17.1,4,UPS® Ground
Portland,Roseville,CA,Size L,11.36,2,UPS® Ground
Portland,Roswell,GA,Size L,18.12,4,UPS® Ground
Portland,Sacramento,CA,Size L,11.36,2,UPS® Ground
Portland,Saint Paul,MN,Size L,17.1,4,UPS® Ground
Portland,Salisbury,MA,Size L,18.12,4,UPS® Ground
Portland,Sanford,NC,Size L,18.12,5,UPS® Ground
Portland,Santa Rosa,CA,Size L,11.36,2,UPS® Ground
Portland,Sarasota,FL,Size L,18.12,5,UPS® Ground
Portland,Savannah,GA,Size L,18.12,5,UPS® Ground
Portland,Scottsdale,AZ,Size L,17.1,3,UPS® Ground
Portland,Seaford,NY,Size L,18.12,4,UPS® Ground
Portland,Seymour,IN,Size L,18.12,4,UPS® Ground
Portland,Spokane,WA,Size L,10.41,2,UPS® Ground
Portland,Spring,TX,Size L,18.12,4,UPS® Ground
Portland,Staten Island,NY,Size L,18.12,4,UPS® Ground
Portland,Tallahassee,FL,Size L,18.12,5,UPS® Ground
Portland,The Villages,FL,Size L,18.12,5,UPS® Ground
Portland,Vancouver,WA,Size L,9.41,1,UPS® Ground
Portland,Washington,DC,Size L,18.12,4,UPS® Ground
Portland,Waterloo,IA,Size L,17.1,4,UPS® Ground
Portland,Wayne,ME,Size L,18.12,4,UPS® Ground
Portland,West Chester,PA,Size L,18.12,4,UPS® Ground
Portland,Westfield,IN,Size L,18.12,4,UPS® Ground
Portland,Westminster,MD,Size L,18.12,4,UPS® Ground
Portland,Windsor,CO,Size L,14.74,3,UPS® Ground
Portland,Winston-Salem,NC,Size L,18.12,5,UPS® Ground
Portland,Woodstock,GA,Size L,18.12,4,UPS® Ground
Portland,Worcester,MA,Size L,18.12,4,UPS® Ground
Portland,York,PA,Size L,18.12,4,UPS® Ground
Stockton,Amarillo,TX,Size L,16.04,3,UPS® Ground
Stockton,Antioch,TN,Size L,18.12,4,UPS® Ground
Stockton,Arlington,TX,Size L,17.1,4,UPS® Ground
Stockton,Ashland,PA,Size L,18.12,4,UPS® Ground
Stockton,Athens,GA,Size L,18.12,4,UPS® Ground
Stockton,Auburn,MA,Size L,18.12,5,UPS® Ground
Stockton,Aurora,CO,Size L,14.74,3,UPS® Ground
Stockton,Bakersfield,CA,Size L,10.41,2,UPS® Ground
Stockton,Baltimore,MD,Size L,18.12,4,UPS® Ground
Stockton,Bend,OR,Size L,11.36,2,UPS® Ground
Stockton,Benton,LA,Size L,17.1,4,UPS® Ground
Stockton,Bismarck,ND,Size L,16.04,4,UPS® Ground
Stockton,Boca Raton,FL,Size L,18.12,5,UPS® Ground
Stockton,Boise,ID,Size L,11.36,2,UPS® Ground
Stockton,Bradenton,FL,Size L,18.12,5,UPS® Ground
Stockton,Burlington,WI,Size L,17.1,3,UPS® Ground
Stockton,Centerville,IA,Size L,17.1,4,UPS® Ground
Stockton,Chandler,AZ,Size L,14.74,2,UPS® Ground
Stockton,Cincinnati,OH,Size L,18.12,3,UPS® Ground
Stockton,Clayton,NC,Size L,18.12,5,UPS® Ground
Stockton,Corona,CA,Size L,11.36,2,UPS® Ground
Stockton,Covington,LA,Size L,17.1,4,UPS® Ground
Stockton,Dayton,OH,Size L,18.12,3,UPS® Ground
Stockton,Decatur,IL,Size L,17.1,3,UPS® Ground
Stockton,Duluth,MN,Size L,17.1,4,UPS® Ground
Stockton,Durham,NC,Size L,18.12,5,UPS® Ground
Stockton,Encinitas,CA,Size L,11.36,2,UPS® Ground
Stockton,Englewood,CO,Size L,14.74,3,UPS® Ground
Stockton,Fairfield,CA,Size L,10.41,1,UPS® Ground
Stockton,Fayetteville,AR,Size L,17.1,4,UPS® Ground
Stockton,Fort Collins,CO,Size L,14.74,3,UPS® Ground
Stockton,Fort Myers,FL,Size L,18.12,5,UPS® Ground
Stockton,Fort Wayne,IN,Size L,18.12,3,UPS® Ground
Stockton,Frederick,MD,Size L,18.12,4,UPS® Ground
Stockton,Fredericksburg,VA,Size L,18.12,4,UPS® Ground
Stockton,Gainesville,FL,Size L,18.12,5,UPS® Ground
Stockton,Germantown,MD,Size L,18.12,4,UPS® Ground
Stockton,Glendale,AZ,Size L,11.36,2,UPS® Ground
Stockton,Golden,CO,Size L,14.74,3,UPS® Ground
Stockton,Grand Rapids,MI,Size L,18.12,3,UPS® Ground
Stockton,Green Bay,WI,Size L,17.1,3,UPS® Ground
Stockton,Greensboro,NC,Size L,18.12,5,UPS® Ground
Stockton,Hamilton,MI,Size L,18.12,3,UPS® Ground
Stockton,Henderson,TX,Size L,17.1,4,UPS® Ground
Stockton,Hendersonville,NC,Size L,18.12,5,UPS® Ground
Stockton,Hillsboro,OR,Size L,11.36,2,UPS® Ground
Stockton,Holly Springs,MS,Size L,17.1,4,UPS® Ground
Stockton,Homer,AK,Size L,46.14,3,UPS® Ground
Stockton,Hope Mills,NC,Size L,18.12,5,UPS® Ground
Stockton,Hudson,NC,Size L,18.12,5,UPS® Ground
Stockton,Indianapolis,IN,Size L,18.12,3,UPS® Ground
Stockton,Katy,TX,Size L,17.1,4,UPS® Ground
Stockton,Lancaster,SC,Size L,18.12,5,UPS® Ground
Stockton,Laurel,MD,Size L,18.12,4,UPS® Ground
Stockton,Lewisburg,PA,Size L,18.12,4,UPS® Ground
Stockton,Lincoln,RI,Size L,18.12,5,UPS® Ground
Stockton,Littleton,CO,Size L,14.74,3,UPS® Ground
Stockton,Long Beach,CA,Size L,11.36,2,UPS® Ground
Stockton,Los Angeles,CA,Size L,11.36,2,UPS® Ground
Stockton,Madison,IN,Size L,18.12,4,UPS® Ground
Stockton,Magnolia,MS,Size L,17.1,4,UPS® Ground
Stockton,Mansfield,MA,Size L,18.12,5,UPS® Ground
Stockton,Manteca,CA,Size L,9.41,1,UPS® Ground
Stockton,Maryville,TN,Size L,18.12,4,UPS® Ground
Stockton,Memphis,TN,Size L,17.1,4,UPS® Ground
Stockton,Mesa,AZ,Size L,14.74,2,UPS® Ground
Stockton,Midland,GA,Size L,18.12,4,UPS® Ground
Stockton,Milton,MA,Size L,18.12,5,UPS® Ground
Stockton,Milwaukee,WI,Size L,17.1,3,UPS® Ground
Stockton,Monroe,NC,Size L,18.12,5,UPS® Ground
Stockton,Montgomery,TX,Size L,17.1,4,UPS® Ground
Stockton,Morgantown,WV,Size L,18.12,4,UPS® Ground
Stockton,Mount Pleasant,SC,Size L,18.12,5,UPS® Ground
Stockton,Myrtle Beach,SC,Size L,18.12,5,UPS® Ground
Stockton,New Market,AL,Size L,18.12,5,UPS® Ground
Stockton,Newark,NJ,Size L,18.12,4,UPS® Ground
Stockton,Ocala,FL,Size L,18.12,5,UPS® Ground
Stockton,Olathe,KS,Size L,16.04,4,UPS® Ground
Stockton,Oxford,MI,Size L,18.12,4,UPS® Ground
Stockton,Palm Beach Gardens,FL,Size L,18.12,5,UPS® Ground
Stockton,Parker,CO,Size L,14.74,3,UPS® Ground
Stockton,Pasadena,MD,Size L,18.12,4,UPS® Ground
Stockton,Pensacola,FL,Size L,18.12,5,UPS® Ground
Stockton,Peoria,AZ,Size L,11.36,2,UPS® Ground
Stockton,Philadelphia,PA,Size L,18.12,4,UPS® Ground
Stockton,Plano,TX,Size L,16.04,4,UPS® Ground
Stockton,Plymouth,MA,Size L,18.12,5,UPS® Ground
Stockton,Princeton,MA,Size L,18.12,5,UPS® Ground
Stockton,Rancho Cucamonga,CA,Size L,11.36,2,UPS® Ground
Stockton,Reno,NV,Size L,10.41,1,UPS® Ground
Stockton,Riverside,CA,Size L,11.36,2,UPS® Ground
Stockton,Rockville,MD,Size L,18.12,4,UPS® Ground
Stockton,Rockwall,TX,Size L,16.04,4,UPS® Ground
Stockton,Roseville,CA,Size L,9.41,1,UPS® Ground
Stockton,Roswell,GA,Size L,18.12,4,UPS® Ground
Stockton,Sacramento,CA,Size L,9.41,1,UPS® Ground
Stockton,Saint Paul,MN,Size L,17.1,3,UPS® Ground
Stockton,Salisbury,MA,Size L,18.12,5,UPS® Ground
Stockton,Sanford,NC,Size L,18.12,5,UPS® Ground
Stockton,Santa Rosa,CA,Size L,10.41,1,UPS® Ground
Stockton,Sarasota,FL,Size L,18.12,5,UPS® Ground
Stockton,Savannah,GA,Size L,18.12,5,UPS® Ground
Stockton,Scottsdale,AZ,Size L,14.74,2,UPS® Ground
Stockton,Seaford,NY,Size L,18.12,4,UPS® Ground
Stockton,Seymour,IN,Size L,18.12,4,UPS® Ground
Stockton,Spokane,WA,Size L,14.74,2,UPS® Ground
Stockton,Spring,TX,Size L,17.1,4,UPS® Ground
Stockton,Staten Island,NY,Size L,18.12,4,UPS® Ground
Stockton,Tallahassee,FL,Size L,18.12,5,UPS® Ground
Stockton,The Villages,FL,Size L,18.12,5,UPS® Ground
Stockton,Vancouver,WA,Size L,11.36,2,UPS® Ground
Stockton,Washington,DC,Size L,18.12,4,UPS® Ground
Stockton,Waterloo,IA,Size L,17.1,4,UPS® Ground
Stockton,Wayne,ME,Size L,18.12,5,UPS® Ground
Stockton,West Chester,PA,Size L,18.12,4,UPS® Ground
Stockton,Westfield,IN,Size L,18.12,3,UPS® Ground
Stockton,Westminster,MD,Size L,18.12,4,UPS® Ground
Stockton,Windsor,CO,Size L,14.74,3,UPS® Ground
Stockton,Winston-Salem,NC,Size L,18.12,5,UPS® Ground
Stockton,Woodstock,GA,Size L,18.12,4,UPS® Ground
Stockton,Worcester,MA,Size L,18.12,5,UPS® Ground
Stockton,York,PA,Size L,18.12,4,UPS® Ground
FromAddress,ToCity,ToState,PackageSize,Cost,ShippingTimeDays,Service
Ontario,Arvada,CO,Size L,14.74,3,UPS® Ground
Ontario,Anchorage,AK,Size L,46.14,3,UPS® Ground
Ontario,Birmingham,AL,Size L,17.1,4,UPS® Ground
Ontario,Bozeman,MT,Size L,14.74,3,UPS® Ground
Ontario,Conroe,TX,Size L,17.1,3,UPS® Ground
Ontario,Carmel Valley,CA,Size L,9.41,1,UPS® Ground
Ontario,Castle Rock,CO,Size L,14.74,2,UPS® Ground
Ontario,Cedar Rapids,IA,Size L,17.1,4,UPS® Ground
Ontario,Cooperstown,NY,Size L,18.12,5,UPS® Ground
Ontario,Deland,FL,Size L,18.12,4,UPS® Ground
Ontario,Fort Mill,SC,Size L,18.12,4,UPS® Ground
Ontario,Fargo,ND,Size L,17.1,4,UPS® Ground
Ontario,Glen Allen,VA,Size L,18.12,4,UPS® Ground
Ontario,Grand Junction,CO,Size L,14.74,3,UPS® Ground
Ontario,Highlands Ranch,CO,Size L,14.74,2,UPS® Ground
Ontario,Joliet,IL,Size L,18.12,3,UPS® Ground
Ontario,Kerrville,TX,Size L,16.04,3,UPS® Ground
Ontario,Longmont,CO,Size L,14.74,2,UPS® Ground
Ontario,Minneapolis,MN,Size L,17.1,4,UPS® Ground
Ontario,Naperville,IL,Size L,18.12,3,UPS® Ground
Ontario,Neosho,MO,Size L,16.04,4,UPS® Ground
Ontario,Puyallup,WA,Size L,16.04,3,UPS® Ground
Ontario,Queen Creek,AZ,Size L,11.36,2,UPS® Ground
Ontario,Saline,MI,Size L,18.12,4,UPS® Ground
Ontario,Sevierville,TN,Size L,18.12,4,UPS® Ground
Ontario,Sterling Heights,MI,Size L,18.12,4,UPS® Ground
Ontario,Thornton,CO,Size L,14.74,3,UPS® Ground
Ontario,Ventura,CA,Size L,10.41,1,UPS® Ground
Ontario,Wilmington,MA,Size L,18.12,4,UPS® Ground
Ontario,Clermont,FL,Size L,18.12,4,UPS® Ground
Ontario,Abilene,TX,Size L,16.04,3,UPS® Ground
Ontario,Brick,NJ,Size L,18.12,4,UPS® Ground
Ontario,Bentonville,AR,Size L,17.1,3,UPS® Ground
Ontario,Bogart,GA,Size L,18.12,4,UPS® Ground
Ontario,Boston,MA,Size L,18.12,4,UPS® Ground
Ontario,Buffalo,NY,Size L,18.12,5,UPS® Ground
Ontario,Cary,NC,Size L,18.12,4,UPS® Ground
Ontario,Dallas,GA,Size L,18.12,4,UPS® Ground
Ontario,Doylestown,PA,Size L,18.12,4,UPS® Ground
Ontario,Eugene,OR,Size L,14.74,3,UPS® Ground
Ontario,Edmond,OK,Size L,16.04,3,UPS® Ground
Ontario,Forney,TX,Size L,16.04,3,UPS® Ground
Ontario,Fuquay Varina,NC,Size L,18.12,4,UPS® Ground
Ontario,Glendora,CA,Size L,9.41,1,UPS® Ground
Ontario,Henrico,VA,Size L,18.12,4,UPS® Ground
Ontario,Hockessin,DE,Size L,18.12,4,UPS® Ground
Ontario,Holly Springs,NC,Size L,18.12,4,UPS® Ground
Ontario,Irvine,CA,Size L,9.41,1,UPS® Ground
Ontario,Lakeland,FL,Size L,18.12,4,UPS® Ground
Ontario,Lawrence,KS,Size L,16.04,4,UPS® Ground
Ontario,League City,TX,Size L,17.1,3,UPS® Ground
Ontario,Mansfield,TX,Size L,17.1,3,UPS® Ground
Ontario,Madison,WI,Size L,17.1,4,UPS® Ground
Ontario,McKinney,TX,Size L,17.1,3,UPS® Ground
Ontario,Mentor,OH,Size L,18.12,4,UPS® Ground
Ontario,Mount Airy,MD,Size L,18.12,4,UPS® Ground
Ontario,Norfolk,VA,Size L,18.12,4,UPS® Ground
Ontario,Nampa,ID,Size L,14.74,3,UPS® Ground
Ontario,Noblesville,IN,Size L,17.1,4,UPS® Ground
Ontario,Orland Park,IL,Size L,18.12,3,UPS® Ground
Ontario,Palm Harbor,FL,Size L,18.12,4,UPS® Ground
Ontario,Petaluma,CA,Size L,11.36,2,UPS® Ground
Ontario,Placentia,CA,Size L,9.41,1,UPS® Ground
Ontario,Prescott,AZ,Size L,11.36,2,UPS® Ground
Ontario,Richardson,TX,Size L,17.1,3,UPS® Ground
Ontario,Roanoke,VA,Size L,18.12,4,UPS® Ground
Ontario,Richmond,TX,Size L,16.04,3,UPS® Ground
Ontario,Sanford,ME,Size L,18.12,5,UPS® Ground
Ontario,Seminole,FL,Size L,18.12,4,UPS® Ground
Ontario,Sheridan,WY,Size L,14.74,3,UPS® Ground
Ontario,Sparks,NV,Size L,11.36,2,UPS® Ground
Ontario,Traverse City,MI,Size L,18.12,4,UPS® Ground
Ontario,Tulsa,OK,Size L,16.04,3,UPS® Ground
Ontario,Wake Forest,NC,Size L,18.12,4,UPS® Ground
Ontario,Waterloo,SC,Size L,18.12,4,UPS® Ground
Ontario,Waukesha,WI,Size L,17.1,4,UPS® Ground
Ontario,Wichita,KS,Size L,16.04,4,UPS® Ground
Ontario,Winnsboro,TX,Size L,16.04,3,UPS® Ground
Ontario,Woodbury,MN,Size L,17.1,4,UPS® Ground
Ontario,Cumming,GA,Size L,18.12,4,UPS® Ground
Ontario,Muskegon,MI,Size L,18.12,4,UPS® Ground
Ontario,Akron,OH,Size L,18.12,4,UPS® Ground
Ontario,Albany,OR,Size L,14.74,3,UPS® Ground
Ontario,Alpharetta,GA,Size L,18.12,4,UPS® Ground
Ontario,Asheville,NC,Size L,18.12,4,UPS® Ground
Ontario,Bixby,OK,Size L,16.04,3,UPS® Ground
Ontario,Boulder,CO,Size L,14.74,2,UPS® Ground
Ontario,Bethlehem,PA,Size L,18.12,4,UPS® Ground
Ontario,Brenham,TX,Size L,16.04,3,UPS® Ground
Ontario,Broken Bow,OK,Size L,16.04,3,UPS® Ground
Ontario,Cape Coral,FL,Size L,18.12,4,UPS® Ground
Ontario,Chula Vista,CA,Size L,10.41,1,UPS® Ground
Ontario,Crawfordville,FL,Size L,18.12,4,UPS® Ground
Ontario,Cypress,TX,Size L,16.04,3,UPS® Ground
Ontario,Clearwater,FL,Size L,18.12,4,UPS® Ground
Ontario,Columbiana,AL,Size L,17.1,4,UPS® Ground
Ontario,Columbus,GA,Size L,18.12,4,UPS® Ground
Ontario,Commack,NY,Size L,18.12,4,UPS® Ground
Ontario,Dublin,CA,Size L,14.74,2,UPS® Ground
Ontario,Decatur,GA,Size L,18.12,4,UPS® Ground
Ontario,Deltona,FL,Size L,18.12,4,UPS® Ground
Ontario,Derry,NH,Size L,18.12,5,UPS® Ground
Ontario,Douglassville,PA,Size L,18.12,4,UPS® Ground
Ontario,Easton,PA,Size L,18.12,4,UPS® Ground
Ontario,El Paso,TX,Size L,14.74,2,UPS® Ground
Ontario,Escondido,CA,Size L,10.41,1,UPS® Ground
Ontario,Fairport,NY,Size L,18.12,5,UPS® Ground
Ontario,Flemington,NJ,Size L,18.12,4,UPS® Ground
Ontario,Florence,SC,Size L,18.12,4,UPS® Ground
Ontario,Fort Lauderdale,FL,Size L,18.12,4,UPS® Ground
Ontario,Frisco,TX,Size L,17.1,3,UPS® Ground
Ontario,Goodyear,AZ,Size L,11.36,2,UPS® Ground
Ontario,Gays Mills,WI,Size L,17.1,5,UPS® Ground
Ontario,Grafton,WI,Size L,17.1,4,UPS® Ground
Ontario,Green Cove Springs,FL,Size L,18.12,4,UPS® Ground
Ontario,Greensburg,PA,Size L,18.12,4,UPS® Ground
Ontario,Honolulu,HI,Size L,46.14,3,UPS® Ground
Ontario,Humble,TX,Size L,17.1,3,UPS® Ground
Ontario,Huntington,NY,Size L,18.12,4,UPS® Ground
Ontario,Idaho Falls,ID,Size L,14.74,2,UPS® Ground
Ontario,Jackson,TN,Size L,17.1,4,UPS® Ground
Ontario,Jacksonville,NC,Size L,18.12,5,UPS® Ground
Ontario,Jenkintown,PA,Size L,18.12,4,UPS® Ground
Ontario,Johnson City,TN,Size L,18.12,4,UPS® Ground
Ontario,Kingwood,TX,Size L,17.1,3,UPS® Ground
Ontario,Lansing,MI,Size L,18.12,4,UPS® Ground
Ontario,Lapeer,MI,Size L,18.12,4,UPS® Ground
Ontario,Lawrenceville,GA,Size L,18.12,4,UPS® Ground
Ontario,Lexington,NC,Size L,18.12,4,UPS® Ground
Ontario,Lubbock,TX,Size L,14.74,2,UPS® Ground
Ontario,Medina,OH,Size L,18.12,4,UPS® Ground
Ontario,Macomb,MI,Size L,18.12,4,UPS® Ground
Ontario,Magnolia,TX,Size L,17.1,3,UPS® Ground
Ontario,Martinsburg,WV,Size L,18.12,5,UPS® Ground
Ontario,Meridian,ID,Size L,14.74,3,UPS® Ground
Ontario,Mobile,AL,Size L,17.1,4,UPS® Ground
Ontario,Morrison,CO,Size L,14.74,2,UPS® Ground
Ontario,Napa,CA,Size L,14.74,2,UPS® Ground
Ontario,New Braunfels,TX,Size L,16.04,3,UPS® Ground
Ontario,New Lenox,IL,Size L,18.12,3,UPS® Ground
Ontario,New Orleans,LA,Size L,17.1,4,UPS® Ground
Ontario,Newark,DE,Size L,18.12,4,UPS® Ground
Ontario,Oakland,CA,Size L,11.36,2,UPS® Ground
Ontario,Owasso,OK,Size L,16.04,3,UPS® Ground
Ontario,Overland Park,KS,Size L,16.04,4,UPS® Ground
Ontario,Panama City,FL,Size L,18.12,4,UPS® Ground
Ontario,Panama City Beach,FL,Size L,18.12,4,UPS® Ground
Ontario,Patchogue,NY,Size L,18.12,4,UPS® Ground
Ontario,Port Clinton,OH,Size L,18.12,4,UPS® Ground
Ontario,Paducah,KY,Size L,17.1,4,UPS® Ground
Ontario,Palmetto,FL,Size L,18.12,4,UPS® Ground
Ontario,Pearland,TX,Size L,17.1,3,UPS® Ground
Ontario,Pella,IA,Size L,17.1,4,UPS® Ground
Ontario,Pittsford,NY,Size L,18.12,5,UPS® Ground
Ontario,Port Orange,FL,Size L,18.12,4,UPS® Ground
Ontario,Ravenna,OH,Size L,18.12,4,UPS® Ground
Ontario,Roaming Shores,OH,Size L,18.12,4,UPS® Ground
Ontario,Richmond Hill,GA,Size L,18.12,4,UPS® Ground
Ontario,Riverview,FL,Size L,18.12,4,UPS® Ground
Ontario,Rochester,MN,Size L,17.1,4,UPS® Ground
Ontario,Round Rock,TX,Size L,16.04,3,UPS® Ground
Ontario,Saint Petersburg,FL,Size L,18.12,4,UPS® Ground
Ontario,San Leandro,CA,Size L,14.74,2,UPS® Ground
Ontario,Southington,CT,Size L,18.12,5,UPS® Ground
Ontario,Spartanburg,SC,Size L,18.12,4,UPS® Ground
Ontario,Surprise,AZ,Size L,11.36,2,UPS® Ground
Ontario,Santa Barbara,CA,Size L,9.41,1,UPS® Ground
Ontario,Shelton,CT,Size L,18.12,5,UPS® Ground
Ontario,Spring Branch,TX,Size L,16.04,3,UPS® Ground
Ontario,St. Louis,MO,Size L,17.1,4,UPS® Ground
Ontario,Stroudsburg,PA,Size L,18.12,4,UPS® Ground
Ontario,Sunapee,NH,Size L,18.12,5,UPS® Ground
Ontario,Swedesboro,NJ,Size L,18.12,4,UPS® Ground
Ontario,Syracuse,NY,Size L,18.12,5,UPS® Ground
Ontario,Tomball,TX,Size L,17.1,3,UPS® Ground
Ontario,Topeka,KS,Size L,16.04,4,UPS® Ground
Ontario,Tuscaloosa,AL,Size L,17.1,4,UPS® Ground
Ontario,Terre Haute,IN,Size L,17.1,4,UPS® Ground
Ontario,Tinley Park,IL,Size L,18.12,3,UPS® Ground
Ontario,Toms River,NJ,Size L,18.12,4,UPS® Ground
Ontario,Tulare,CA,Size L,9.41,1,UPS® Ground
Ontario,Vienna,VA,Size L,18.12,4,UPS® Ground
Ontario,Walnut Creek,CA,Size L,14.74,2,UPS® Ground
Ontario,Wayne,NJ,Size L,18.12,4,UPS® Ground
Ontario,Waynesboro,VA,Size L,18.12,5,UPS® Ground
Ontario,West Sacramento,CA,Size L,11.36,2,UPS® Ground
Ontario,Yuba City,CA,Size L,11.36,2,UPS® Ground
Ontario,Zachary,LA,Size L,17.1,4,UPS® Ground
Ontario,Buford,GA,Size L,18.12,4,UPS® Ground
Ontario,Modesto,CA,Size L,11.36,2,UPS® Ground
Ontario,Winter Park,FL,Size L,18.12,4,UPS® Ground
Oklahoma City,Arvada,CO,Size L,11.36,2,UPS® Ground
Oklahoma City,Anchorage,AK,Size L,46.14,4,UPS® Ground
Oklahoma City,Birmingham,AL,Size L,14.74,2,UPS® Ground
Oklahoma City,Bozeman,MT,Size L,16.04,3,UPS® Ground
Oklahoma City,Conroe,TX,Size L,11.36,2,UPS® Ground
Oklahoma City,Carmel Valley,CA,Size L,16.04,3,UPS® Ground
Oklahoma City,Castle Rock,CO,Size L,11.36,2,UPS® Ground
Oklahoma City,Cedar Rapids,IA,Size L,11.36,2,UPS® Ground
Oklahoma City,Cooperstown,NY,Size L,16.04,3,UPS® Ground
Oklahoma City,Deland,FL,Size L,16.04,3,UPS® Ground
Oklahoma City,Fort Mill,SC,Size L,14.74,3,UPS® Ground
Oklahoma City,Fargo,ND,Size L,14.74,3,UPS® Ground
Oklahoma City,Glen Allen,VA,Size L,16.04,3,UPS® Ground
Oklahoma City,Grand Junction,CO,Size L,14.74,2,UPS® Ground
Oklahoma City,Highlands Ranch,CO,Size L,11.36,2,UPS® Ground
Oklahoma City,Joliet,IL,Size L,14.74,2,UPS® Ground
Oklahoma City,Kerrville,TX,Size L,11.36,2,UPS® Ground
Oklahoma City,Longmont,CO,Size L,11.36,2,UPS® Ground
Oklahoma City,Minneapolis,MN,Size L,14.74,3,UPS® Ground
Oklahoma City,Naperville,IL,Size L,14.74,2,UPS® Ground
Oklahoma City,Neosho,MO,Size L,10.41,2,UPS® Ground
Oklahoma City,Puyallup,WA,Size L,17.1,4,UPS® Ground
Oklahoma City,Queen Creek,AZ,Size L,14.74,3,UPS® Ground
Oklahoma City,Saline,MI,Size L,14.74,3,UPS® Ground
Oklahoma City,Sevierville,TN,Size L,14.74,2,UPS® Ground
Oklahoma City,Sterling Heights,MI,Size L,14.74,3,UPS® Ground
Oklahoma City,Thornton,CO,Size L,11.36,2,UPS® Ground
Oklahoma City,Ventura,CA,Size L,16.04,3,UPS® Ground
Oklahoma City,Wilmington,MA,Size L,17.1,4,UPS® Ground
Oklahoma City,Clermont,FL,Size L,16.04,3,UPS® Ground
Oklahoma City,Abilene,TX,Size L,10.41,2,UPS® Ground
Oklahoma City,Brick,NJ,Size L,16.04,4,UPS® Ground
Oklahoma City,Bentonville,AR,Size L,11.36,2,UPS® Ground
Oklahoma City,Bogart,GA,Size L,14.74,3,UPS® Ground
Oklahoma City,Boston,MA,Size L,17.1,4,UPS® Ground
Oklahoma City,Buffalo,NY,Size L,16.04,3,UPS® Ground
Oklahoma City,Cary,NC,Size L,16.04,3,UPS® Ground
Oklahoma City,Dallas,GA,Size L,14.74,3,UPS® Ground
Oklahoma City,Doylestown,PA,Size L,16.04,3,UPS® Ground
Oklahoma City,Eugene,OR,Size L,17.1,4,UPS® Ground
Oklahoma City,Edmond,OK,Size L,9.41,1,UPS® Ground
Oklahoma City,Forney,TX,Size L,10.41,2,UPS® Ground
Oklahoma City,Fuquay Varina,NC,Size L,16.04,3,UPS® Ground
Oklahoma City,Glendora,CA,Size L,17.1,3,UPS® Ground
Oklahoma City,Henrico,VA,Size L,16.04,3,UPS® Ground
Oklahoma City,Hockessin,DE,Size L,16.04,3,UPS® Ground
Oklahoma City,Holly Springs,NC,Size L,16.04,3,UPS® Ground
Oklahoma City,Irvine,CA,Size L,16.04,3,UPS® Ground
Oklahoma City,Lakeland,FL,Size L,16.04,3,UPS® Ground
Oklahoma City,Lawrence,KS,Size L,11.36,2,UPS® Ground
Oklahoma City,League City,TX,Size L,11.36,2,UPS® Ground
Oklahoma City,Mansfield,TX,Size L,10.41,2,UPS® Ground
Oklahoma City,Madison,WI,Size L,14.74,2,UPS® Ground
Oklahoma City,McKinney,TX,Size L,10.41,2,UPS® Ground
Oklahoma City,Mentor,OH,Size L,14.74,3,UPS® Ground
Oklahoma City,Mount Airy,MD,Size L,16.04,3,UPS® Ground
Oklahoma City,Norfolk,VA,Size L,16.04,3,UPS® Ground
Oklahoma City,Nampa,ID,Size L,16.04,3,UPS® Ground
Oklahoma City,Noblesville,IN,Size L,14.74,3,UPS® Ground
Oklahoma City,Orland Park,IL,Size L,14.74,2,UPS® Ground
Oklahoma City,Palm Harbor,FL,Size L,16.04,3,UPS® Ground
Oklahoma City,Petaluma,CA,Size L,17.1,4,UPS® Ground
Oklahoma City,Placentia,CA,Size L,16.04,3,UPS® Ground
Oklahoma City,Prescott,AZ,Size L,14.74,3,UPS® Ground
Oklahoma City,Richardson,TX,Size L,10.41,2,UPS® Ground
Oklahoma City,Roanoke,VA,Size L,14.74,3,UPS® Ground
Oklahoma City,Richmond,TX,Size L,14.74,2,UPS® Ground
Oklahoma City,Sanford,ME,Size L,17.1,4,UPS® Ground
Oklahoma City,Seminole,FL,Size L,16.04,3,UPS® Ground
Oklahoma City,Sheridan,WY,Size L,14.74,3,UPS® Ground
Oklahoma City,Sparks,NV,Size L,16.04,4,UPS® Ground
Oklahoma City,Traverse City,MI,Size L,14.74,3,UPS® Ground
Oklahoma City,Tulsa,OK,Size L,9.41,1,UPS® Ground
Oklahoma City,Wake Forest,NC,Size L,16.04,3,UPS® Ground
Oklahoma City,Waterloo,SC,Size L,14.74,3,UPS® Ground
Oklahoma City,Waukesha,WI,Size L,14.74,2,UPS® Ground
Oklahoma City,Wichita,KS,Size L,10.41,1,UPS® Ground
Oklahoma City,Winnsboro,TX,Size L,10.41,2,UPS® Ground
Oklahoma City,Woodbury,MN,Size L,14.74,3,UPS® Ground
Oklahoma City,Cumming,GA,Size L,14.74,3,UPS® Ground
Oklahoma City,Muskegon,MI,Size L,14.74,3,UPS® Ground
Oklahoma City,Akron,OH,Size L,14.74,3,UPS® Ground
Oklahoma City,Albany,OR,Size L,17.1,4,UPS® Ground
Oklahoma City,Alpharetta,GA,Size L,14.74,3,UPS® Ground
Oklahoma City,Asheville,NC,Size L,14.74,3,UPS® Ground
Oklahoma City,Bixby,OK,Size L,9.41,1,UPS® Ground
Oklahoma City,Boulder,CO,Size L,11.36,2,UPS® Ground
Oklahoma City,Bethlehem,PA,Size L,16.04,3,UPS® Ground
Oklahoma City,Brenham,TX,Size L,11.36,2,UPS® Ground
Oklahoma City,Broken Bow,OK,Size L,10.41,1,UPS® Ground
Oklahoma City,Cape Coral,FL,Size L,16.04,3,UPS® Ground
Oklahoma City,Chula Vista,CA,Size L,16.04,3,UPS® Ground
Oklahoma City,Crawfordville,FL,Size L,14.74,3,UPS® Ground
Oklahoma City,Cypress,TX,Size L,14.74,2,UPS® Ground
Oklahoma City,Clearwater,FL,Size L,16.04,3,UPS® Ground
Oklahoma City,Columbiana,AL,Size L,14.74,2,UPS® Ground
Oklahoma City,Columbus,GA,Size L,14.74,3,UPS® Ground
Oklahoma City,Commack,NY,Size L,16.04,4,UPS® Ground
Oklahoma City,Dublin,CA,Size L,16.04,4,UPS® Ground
Oklahoma City,Decatur,GA,Size L,14.74,3,UPS® Ground
Oklahoma City,Deltona,FL,Size L,16.04,3,UPS® Ground
Oklahoma City,Derry,NH,Size L,17.1,4,UPS® Ground
Oklahoma City,Douglassville,PA,Size L,16.04,3,UPS® Ground
Oklahoma City,Easton,PA,Size L,16.04,3,UPS® Ground
Oklahoma City,El Paso,TX,Size L,14.74,2,UPS® Ground
Oklahoma City,Escondido,CA,Size L,16.04,3,UPS® Ground
Oklahoma City,Fairport,NY,Size L,16.04,3,UPS® Ground
Oklahoma City,Flemington,NJ,Size L,16.04,4,UPS® Ground
Oklahoma City,Florence,SC,Size L,16.04,3,UPS® Ground
Oklahoma City,Fort Lauderdale,FL,Size L,16.04,3,UPS® Ground
Oklahoma City,Frisco,TX,Size L,10.41,2,UPS® Ground
Oklahoma City,Goodyear,AZ,Size L,14.74,3,UPS® Ground
Oklahoma City,Gays Mills,WI,Size L,14.74,4,UPS® Ground
Oklahoma City,Grafton,WI,Size L,14.74,2,UPS® Ground
Oklahoma City,Green Cove Springs,FL,Size L,14.74,3,UPS® Ground
Oklahoma City,Greensburg,PA,Size L,16.04,3,UPS® Ground
Oklahoma City,Honolulu,HI,Size L,46.14,4,UPS® Ground
Oklahoma City,Humble,TX,Size L,11.36,2,UPS® Ground
Oklahoma City,Huntington,NY,Size L,16.04,4,UPS® Ground
Oklahoma City,Idaho Falls,ID,Size L,14.74,3,UPS® Ground
Oklahoma City,Jackson,TN,Size L,11.36,2,UPS® Ground
Oklahoma City,Jacksonville,NC,Size L,16.04,3,UPS® Ground
Oklahoma City,Jenkintown,PA,Size L,16.04,3,UPS® Ground
Oklahoma City,Johnson City,TN,Size L,14.74,3,UPS® Ground
Oklahoma City,Kingwood,TX,Size L,11.36,2,UPS® Ground
Oklahoma City,Lansing,MI,Size L,14.74,3,UPS® Ground
Oklahoma City,Lapeer,MI,Size L,14.74,3,UPS® Ground
Oklahoma City,Lawrenceville,GA,Size L,14.74,3,UPS® Ground
Oklahoma City,Lexington,NC,Size L,14.74,3,UPS® Ground
Oklahoma City,Lubbock,TX,Size L,10.41,2,UPS® Ground
Oklahoma City,Medina,OH,Size L,14.74,3,UPS® Ground
Oklahoma City,Macomb,MI,Size L,14.74,3,UPS® Ground
Oklahoma City,Magnolia,TX,Size L,11.36,2,UPS® Ground
Oklahoma City,Martinsburg,WV,Size L,16.04,3,UPS® Ground
Oklahoma City,Meridian,ID,Size L,16.04,3,UPS® Ground
Oklahoma City,Mobile,AL,Size L,14.74,2,UPS® Ground
Oklahoma City,Morrison,CO,Size L,11.36,2,UPS® Ground
Oklahoma City,Napa,CA,Size L,16.04,4,UPS® Ground
Oklahoma City,New Braunfels,TX,Size L,11.36,2,UPS® Ground
Oklahoma City,New Lenox,IL,Size L,14.74,2,UPS® Ground
Oklahoma City,New Orleans,LA,Size L,11.36,2,UPS® Ground
Oklahoma City,Newark,DE,Size L,16.04,3,UPS® Ground
Oklahoma City,Oakland,CA,Size L,16.04,4,UPS® Ground
Oklahoma City,Owasso,OK,Size L,9.41,1,UPS® Ground
Oklahoma City,Overland Park,KS,Size L,11.36,2,UPS® Ground
Oklahoma City,Panama City,FL,Size L,14.74,3,UPS® Ground
Oklahoma City,Panama City Beach,FL,Size L,14.74,3,UPS® Ground
Oklahoma City,Patchogue,NY,Size L,16.04,4,UPS® Ground
Oklahoma City,Port Clinton,OH,Size L,14.74,3,UPS® Ground
Oklahoma City,Paducah,KY,Size L,11.36,2,UPS® Ground
Oklahoma City,Palmetto,FL,Size L,16.04,3,UPS® Ground
Oklahoma City,Pearland,TX,Size L,11.36,2,UPS® Ground
Oklahoma City,Pella,IA,Size L,11.36,2,UPS® Ground
Oklahoma City,Pittsford,NY,Size L,16.04,3,UPS® Ground
Oklahoma City,Port Orange,FL,Size L,16.04,3,UPS® Ground
Oklahoma City,Ravenna,OH,Size L,14.74,3,UPS® Ground
Oklahoma City,Roaming Shores,OH,Size L,14.74,3,UPS® Ground
Oklahoma City,Richmond Hill,GA,Size L,14.74,3,UPS® Ground
Oklahoma City,Riverview,FL,Size L,16.04,3,UPS® Ground
Oklahoma City,Rochester,MN,Size L,14.74,3,UPS® Ground
Oklahoma City,Round Rock,TX,Size L,11.36,2,UPS® Ground
Oklahoma City,Saint Petersburg,FL,Size L,16.04,3,UPS® Ground
Oklahoma City,San Leandro,CA,Size L,16.04,4,UPS® Ground
Oklahoma City,Southington,CT,Size L,17.1,3,UPS® Ground
Oklahoma City,Spartanburg,SC,Size L,14.74,3,UPS® Ground
Oklahoma City,Surprise,AZ,Size L,14.74,3,UPS® Ground
Oklahoma City,Santa Barbara,CA,Size L,16.04,3,UPS® Ground
Oklahoma City,Shelton,CT,Size L,17.1,3,UPS® Ground
Oklahoma City,Spring Branch,TX,Size L,11.36,2,UPS® Ground
Oklahoma City,St. Louis,MO,Size L,11.36,2,UPS® Ground
Oklahoma City,Stroudsburg,PA,Size L,16.04,3,UPS® Ground
Oklahoma City,Sunapee,NH,Size L,17.1,4,UPS® Ground
Oklahoma City,Swedesboro,NJ,Size L,16.04,3,UPS® Ground
Oklahoma City,Syracuse,NY,Size L,16.04,3,UPS® Ground
Oklahoma City,Tomball,TX,Size L,11.36,2,UPS® Ground
Oklahoma City,Topeka,KS,Size L,10.41,2,UPS® Ground
Oklahoma City,Tuscaloosa,AL,Size L,11.36,2,UPS® Ground
Oklahoma City,Terre Haute,IN,Size L,14.74,3,UPS® Ground
Oklahoma City,Tinley Park,IL,Size L,14.74,2,UPS® Ground
Oklahoma City,Toms River,NJ,Size L,16.04,4,UPS® Ground
Oklahoma City,Tulare,CA,Size L,16.04,3,UPS® Ground
Oklahoma City,Vienna,VA,Size L,16.04,3,UPS® Ground
Oklahoma City,Walnut Creek,CA,Size L,16.04,4,UPS® Ground
Oklahoma City,Wayne,NJ,Size L,16.04,4,UPS® Ground
Oklahoma City,Waynesboro,VA,Size L,16.04,3,UPS® Ground
Oklahoma City,West Sacramento,CA,Size L,16.04,4,UPS® Ground
Oklahoma City,Yuba City,CA,Size L,16.04,4,UPS® Ground
Oklahoma City,Zachary,LA,Size L,11.36,2,UPS® Ground
Oklahoma City,Buford,GA,Size L,14.74,3,UPS® Ground
Oklahoma City,Modesto,CA,Size L,16.04,4,UPS® Ground
Oklahoma City,Winter Park,FL,Size L,16.04,3,UPS® Ground
Stockton,Arvada,CO,Size L,14.74,3,UPS® Ground
Stockton,Anchorage,AK,Size L,46.14,3,UPS® Ground
Stockton,Birmingham,AL,Size L,18.12,5,UPS® Ground
Stockton,Bozeman,MT,Size L,14.74,3,UPS® Ground
Stockton,Conroe,TX,Size L,17.1,4,UPS® Ground
Stockton,Carmel Valley,CA,Size L,11.36,2,UPS® Ground
Stockton,Castle Rock,CO,Size L,14.74,3,UPS® Ground
Stockton,Cedar Rapids,IA,Size L,17.1,4,UPS® Ground
Stockton,Cooperstown,NY,Size L,18.12,4,UPS® Ground
Stockton,Deland,FL,Size L,18.12,5,UPS® Ground
Stockton,Fort Mill,SC,Size L,18.12,5,UPS® Ground
Stockton,Fargo,ND,Size L,16.04,4,UPS® Ground
Stockton,Glen Allen,VA,Size L,18.12,4,UPS® Ground
Stockton,Grand Junction,CO,Size L,14.74,3,UPS® Ground
Stockton,Highlands Ranch,CO,Size L,14.74,3,UPS® Ground
Stockton,Joliet,IL,Size L,17.1,3,UPS® Ground
Stockton,Kerrville,TX,Size L,17.1,3,UPS® Ground
Stockton,Longmont,CO,Size L,14.74,3,UPS® Ground
Stockton,Minneapolis,MN,Size L,17.1,3,UPS® Ground
Stockton,Naperville,IL,Size L,17.1,3,UPS® Ground
Stockton,Neosho,MO,Size L,17.1,4,UPS® Ground
Stockton,Puyallup,WA,Size L,14.74,2,UPS® Ground
Stockton,Queen Creek,AZ,Size L,14.74,2,UPS® Ground
Stockton,Saline,MI,Size L,18.12,4,UPS® Ground
Stockton,Sevierville,TN,Size L,18.12,4,UPS® Ground
Stockton,Sterling Heights,MI,Size L,18.12,3,UPS® Ground
Stockton,Thornton,CO,Size L,14.74,3,UPS® Ground
Stockton,Ventura,CA,Size L,10.41,2,UPS® Ground
Stockton,Wilmington,MA,Size L,18.12,5,UPS® Ground
Stockton,Clermont,FL,Size L,18.12,5,UPS® Ground
Stockton,Abilene,TX,Size L,16.04,4,UPS® Ground
Stockton,Brick,NJ,Size L,18.12,4,UPS® Ground
Stockton,Bentonville,AR,Size L,17.1,4,UPS® Ground
Stockton,Bogart,GA,Size L,18.12,4,UPS® Ground
Stockton,Boston,MA,Size L,18.12,5,UPS® Ground
Stockton,Buffalo,NY,Size L,18.12,4,UPS® Ground
Stockton,Cary,NC,Size L,18.12,5,UPS® Ground
Stockton,Dallas,GA,Size L,18.12,4,UPS® Ground
Stockton,Doylestown,PA,Size L,18.12,4,UPS® Ground
Stockton,Eugene,OR,Size L,11.36,2,UPS® Ground
Stockton,Edmond,OK,Size L,16.04,4,UPS® Ground
Stockton,Forney,TX,Size L,17.1,4,UPS® Ground
Stockton,Fuquay Varina,NC,Size L,18.12,5,UPS® Ground
Stockton,Glendora,CA,Size L,11.36,2,UPS® Ground
Stockton,Henrico,VA,Size L,18.12,4,UPS® Ground
Stockton,Hockessin,DE,Size L,18.12,4,UPS® Ground
Stockton,Holly Springs,NC,Size L,18.12,5,UPS® Ground
Stockton,Irvine,CA,Size L,11.36,2,UPS® Ground
Stockton,Lakeland,FL,Size L,18.12,5,UPS® Ground
Stockton,Lawrence,KS,Size L,16.04,4,UPS® Ground
Stockton,League City,TX,Size L,17.1,4,UPS® Ground
Stockton,Mansfield,TX,Size L,17.1,4,UPS® Ground
Stockton,Madison,WI,Size L,17.1,3,UPS® Ground
Stockton,McKinney,TX,Size L,16.04,4,UPS® Ground
Stockton,Mentor,OH,Size L,18.12,4,UPS® Ground
Stockton,Mount Airy,MD,Size L,18.12,4,UPS® Ground
Stockton,Norfolk,VA,Size L,18.12,4,UPS® Ground
Stockton,Nampa,ID,Size L,11.36,2,UPS® Ground
Stockton,Noblesville,IN,Size L,18.12,3,UPS® Ground
Stockton,Orland Park,IL,Size L,17.1,3,UPS® Ground
Stockton,Palm Harbor,FL,Size L,18.12,5,UPS® Ground
Stockton,Petaluma,CA,Size L,10.41,1,UPS® Ground
Stockton,Placentia,CA,Size L,11.36,2,UPS® Ground
Stockton,Prescott,AZ,Size L,11.36,2,UPS® Ground
Stockton,Richardson,TX,Size L,16.04,4,UPS® Ground
Stockton,Roanoke,VA,Size L,18.12,5,UPS® Ground
Stockton,Richmond,TX,Size L,17.1,4,UPS® Ground
Stockton,Sanford,ME,Size L,18.12,5,UPS® Ground
Stockton,Seminole,FL,Size L,18.12,5,UPS® Ground
Stockton,Sheridan,WY,Size L,14.74,3,UPS® Ground
Stockton,Sparks,NV,Size L,10.41,1,UPS® Ground
Stockton,Traverse City,MI,Size L,18.12,4,UPS® Ground
Stockton,Tulsa,OK,Size L,16.04,4,UPS® Ground
Stockton,Wake Forest,NC,Size L,18.12,5,UPS® Ground
Stockton,Waterloo,SC,Size L,18.12,5,UPS® Ground
Stockton,Waukesha,WI,Size L,17.1,3,UPS® Ground
Stockton,Wichita,KS,Size L,16.04,4,UPS® Ground
Stockton,Winnsboro,TX,Size L,17.1,4,UPS® Ground
Stockton,Woodbury,MN,Size L,17.1,3,UPS® Ground
Stockton,Cumming,GA,Size L,18.12,4,UPS® Ground
Stockton,Muskegon,MI,Size L,18.12,3,UPS® Ground
Stockton,Akron,OH,Size L,18.12,4,UPS® Ground
Stockton,Albany,OR,Size L,11.36,2,UPS® Ground
Stockton,Alpharetta,GA,Size L,18.12,4,UPS® Ground
Stockton,Asheville,NC,Size L,18.12,5,UPS® Ground
Stockton,Bixby,OK,Size L,16.04,4,UPS® Ground
Stockton,Boulder,CO,Size L,14.74,3,UPS® Ground
Stockton,Bethlehem,PA,Size L,18.12,4,UPS® Ground
Stockton,Brenham,TX,Size L,17.1,4,UPS® Ground
Stockton,Broken Bow,OK,Size L,17.1,4,UPS® Ground
Stockton,Cape Coral,FL,Size L,18.12,5,UPS® Ground
Stockton,Chula Vista,CA,Size L,11.36,2,UPS® Ground
Stockton,Crawfordville,FL,Size L,18.12,5,UPS® Ground
Stockton,Cypress,TX,Size L,17.1,4,UPS® Ground
Stockton,Clearwater,FL,Size L,18.12,5,UPS® Ground
Stockton,Columbiana,AL,Size L,18.12,5,UPS® Ground
Stockton,Columbus,GA,Size L,18.12,4,UPS® Ground
Stockton,Commack,NY,Size L,18.12,4,UPS® Ground
Stockton,Dublin,CA,Size L,10.41,1,UPS® Ground
Stockton,Decatur,GA,Size L,18.12,4,UPS® Ground
Stockton,Deltona,FL,Size L,18.12,5,UPS® Ground
Stockton,Derry,NH,Size L,18.12,5,UPS® Ground
Stockton,Douglassville,PA,Size L,18.12,4,UPS® Ground
Stockton,Easton,PA,Size L,18.12,4,UPS® Ground
Stockton,El Paso,TX,Size L,14.74,3,UPS® Ground
Stockton,Escondido,CA,Size L,11.36,2,UPS® Ground
Stockton,Fairport,NY,Size L,18.12,4,UPS® Ground
Stockton,Flemington,NJ,Size L,18.12,4,UPS® Ground
Stockton,Florence,SC,Size L,18.12,5,UPS® Ground
Stockton,Fort Lauderdale,FL,Size L,18.12,5,UPS® Ground
Stockton,Frisco,TX,Size L,16.04,4,UPS® Ground
Stockton,Goodyear,AZ,Size L,11.36,2,UPS® Ground
Stockton,Gays Mills,WI,Size L,17.1,4,UPS® Ground
Stockton,Grafton,WI,Size L,17.1,3,UPS® Ground
Stockton,Green Cove Springs,FL,Size L,18.12,5,UPS® Ground
Stockton,Greensburg,PA,Size L,18.12,4,UPS® Ground
Stockton,Honolulu,HI,Size L,46.14,2,UPS® Ground
Stockton,Humble,TX,Size L,17.1,4,UPS® Ground
Stockton,Huntington,NY,Size L,18.12,4,UPS® Ground
Stockton,Idaho Falls,ID,Size L,11.36,2,UPS® Ground
Stockton,Jackson,TN,Size L,17.1,4,UPS® Ground
Stockton,Jacksonville,NC,Size L,18.12,5,UPS® Ground
Stockton,Jenkintown,PA,Size L,18.12,4,UPS® Ground
Stockton,Johnson City,TN,Size L,18.12,4,UPS® Ground
Stockton,Kingwood,TX,Size L,17.1,4,UPS® Ground
Stockton,Lansing,MI,Size L,18.12,3,UPS® Ground
Stockton,Lapeer,MI,Size L,18.12,3,UPS® Ground
Stockton,Lawrenceville,GA,Size L,18.12,4,UPS® Ground
Stockton,Lexington,NC,Size L,18.12,5,UPS® Ground
Stockton,Lubbock,TX,Size L,16.04,3,UPS® Ground
Stockton,Medina,OH,Size L,18.12,4,UPS® Ground
Stockton,Macomb,MI,Size L,18.12,3,UPS® Ground
Stockton,Magnolia,TX,Size L,17.1,4,UPS® Ground
Stockton,Martinsburg,WV,Size L,18.12,4,UPS® Ground
Stockton,Meridian,ID,Size L,11.36,2,UPS® Ground
Stockton,Mobile,AL,Size L,18.12,5,UPS® Ground
Stockton,Morrison,CO,Size L,14.74,3,UPS® Ground
Stockton,Napa,CA,Size L,10.41,1,UPS® Ground
Stockton,New Braunfels,TX,Size L,17.1,3,UPS® Ground
Stockton,New Lenox,IL,Size L,17.1,3,UPS® Ground
Stockton,New Orleans,LA,Size L,18.12,4,UPS® Ground
Stockton,Newark,DE,Size L,18.12,4,UPS® Ground
Stockton,Oakland,CA,Size L,9.41,1,UPS® Ground
Stockton,Owasso,OK,Size L,16.04,4,UPS® Ground
Stockton,Overland Park,KS,Size L,16.04,4,UPS® Ground
Stockton,Panama City,FL,Size L,18.12,5,UPS® Ground
Stockton,Panama City Beach,FL,Size L,18.12,5,UPS® Ground
Stockton,Patchogue,NY,Size L,18.12,4,UPS® Ground
Stockton,Port Clinton,OH,Size L,18.12,3,UPS® Ground
Stockton,Paducah,KY,Size L,17.1,4,UPS® Ground
Stockton,Palmetto,FL,Size L,18.12,5,UPS® Ground
Stockton,Pearland,TX,Size L,17.1,4,UPS® Ground
Stockton,Pella,IA,Size L,17.1,4,UPS® Ground
Stockton,Pittsford,NY,Size L,18.12,4,UPS® Ground
Stockton,Port Orange,FL,Size L,18.12,5,UPS® Ground
Stockton,Ravenna,OH,Size L,18.12,4,UPS® Ground
Stockton,Roaming Shores,OH,Size L,18.12,4,UPS® Ground
Stockton,Richmond Hill,GA,Size L,18.12,5,UPS® Ground
Stockton,Riverview,FL,Size L,18.12,5,UPS® Ground
Stockton,Rochester,MN,Size L,17.1,4,UPS® Ground
Stockton,Round Rock,TX,Size L,17.1,3,UPS® Ground
Stockton,Saint Petersburg,FL,Size L,18.12,5,UPS® Ground
Stockton,San Leandro,CA,Size L,10.41,1,UPS® Ground
Stockton,Southington,CT,Size L,18.12,5,UPS® Ground
Stockton,Spartanburg,SC,Size L,18.12,5,UPS® Ground
Stockton,Surprise,AZ,Size L,11.36,2,UPS® Ground
Stockton,Santa Barbara,CA,Size L,10.41,2,UPS® Ground
Stockton,Shelton,CT,Size L,18.12,5,UPS® Ground
Stockton,Spring Branch,TX,Size L,17.1,3,UPS® Ground
Stockton,St. Louis,MO,Size L,17.1,4,UPS® Ground
Stockton,Stroudsburg,PA,Size L,18.12,4,UPS® Ground
Stockton,Sunapee,NH,Size L,18.12,5,UPS® Ground
Stockton,Swedesboro,NJ,Size L,18.12,4,UPS® Ground
Stockton,Syracuse,NY,Size L,18.12,4,UPS® Ground
Stockton,Tomball,TX,Size L,17.1,4,UPS® Ground
Stockton,Topeka,KS,Size L,16.04,4,UPS® Ground
Stockton,Tuscaloosa,AL,Size L,18.12,5,UPS® Ground
Stockton,Terre Haute,IN,Size L,17.1,4,UPS® Ground
Stockton,Tinley Park,IL,Size L,17.1,3,UPS® Ground
Stockton,Toms River,NJ,Size L,18.12,4,UPS® Ground
Stockton,Tulare,CA,Size L,10.41,1,UPS® Ground
Stockton,Vienna,VA,Size L,18.12,4,UPS® Ground
Stockton,Walnut Creek,CA,Size L,10.41,1,UPS® Ground
Stockton,Wayne,NJ,Size L,18.12,4,UPS® Ground
Stockton,Waynesboro,VA,Size L,18.12,5,UPS® Ground
Stockton,West Sacramento,CA,Size L,9.41,1,UPS® Ground
Stockton,Yuba City,CA,Size L,9.41,1,UPS® Ground
Stockton,Zachary,LA,Size L,17.1,4,UPS® Ground
Stockton,Buford,GA,Size L,18.12,4,UPS® Ground
Stockton,Modesto,CA,Size L,9.41,1,UPS® Ground
Stockton,Winter Park,FL,Size L,18.12,5,UPS® Ground
Austin,Arvada,CO,Size L,14.74,2,UPS® Ground
Austin,Anchorage,AK,Size L,46.14,4,UPS® Ground
Austin,Birmingham,AL,Size L,14.74,2,UPS® Ground
Austin,Bozeman,MT,Size L,16.04,3,UPS® Ground
Austin,Conroe,TX,Size L,10.41,1,UPS® Ground
Austin,Carmel Valley,CA,Size L,16.04,3,UPS® Ground
Austin,Castle Rock,CO,Size L,14.74,2,UPS® Ground
Austin,Cedar Rapids,IA,Size L,14.74,3,UPS® Ground
Austin,Cooperstown,NY,Size L,17.1,4,UPS® Ground
Austin,Deland,FL,Size L,16.04,2,UPS® Ground
Austin,Fort Mill,SC,Size L,16.04,3,UPS® Ground
Austin,Fargo,ND,Size L,16.04,3,UPS® Ground
Austin,Glen Allen,VA,Size L,16.04,3,UPS® Ground
Austin,Grand Junction,CO,Size L,14.74,2,UPS® Ground
Austin,Highlands Ranch,CO,Size L,14.74,2,UPS® Ground
Austin,Joliet,IL,Size L,16.04,2,UPS® Ground
Austin,Kerrville,TX,Size L,9.41,1,UPS® Ground
Austin,Longmont,CO,Size L,14.74,2,UPS® Ground
Austin,Minneapolis,MN,Size L,16.04,3,UPS® Ground
Austin,Naperville,IL,Size L,16.04,2,UPS® Ground
Austin,Neosho,MO,Size L,11.36,2,UPS® Ground
Austin,Puyallup,WA,Size L,18.12,4,UPS® Ground
Austin,Queen Creek,AZ,Size L,14.74,3,UPS® Ground
Austin,Saline,MI,Size L,16.04,3,UPS® Ground
Austin,Sevierville,TN,Size L,14.74,2,UPS® Ground
Austin,Sterling Heights,MI,Size L,16.04,3,UPS® Ground
Austin,Thornton,CO,Size L,14.74,2,UPS® Ground
Austin,Ventura,CA,Size L,16.04,3,UPS® Ground
Austin,Wilmington,MA,Size L,17.1,3,UPS® Ground
Austin,Clermont,FL,Size L,16.04,2,UPS® Ground
Austin,Abilene,TX,Size L,10.41,1,UPS® Ground
Austin,Brick,NJ,Size L,17.1,3,UPS® Ground
Austin,Bentonville,AR,Size L,11.36,2,UPS® Ground
Austin,Bogart,GA,Size L,14.74,3,UPS® Ground
Austin,Boston,MA,Size L,17.1,3,UPS® Ground
Austin,Buffalo,NY,Size L,16.04,4,UPS® Ground
Austin,Cary,NC,Size L,16.04,3,UPS® Ground
Austin,Dallas,GA,Size L,14.74,3,UPS® Ground
Austin,Doylestown,PA,Size L,17.1,3,UPS® Ground
Austin,Eugene,OR,Size L,17.1,4,UPS® Ground
Austin,Edmond,OK,Size L,11.36,2,UPS® Ground
Austin,Forney,TX,Size L,10.41,1,UPS® Ground
Austin,Fuquay Varina,NC,Size L,16.04,3,UPS® Ground
Austin,Glendora,CA,Size L,16.04,3,UPS® Ground
Austin,Henrico,VA,Size L,16.04,3,UPS® Ground
Austin,Hockessin,DE,Size L,17.1,3,UPS® Ground
Austin,Holly Springs,NC,Size L,16.04,3,UPS® Ground
Austin,Irvine,CA,Size L,16.04,3,UPS® Ground
Austin,Lakeland,FL,Size L,14.74,2,UPS® Ground
Austin,Lawrence,KS,Size L,11.36,2,UPS® Ground
Austin,League City,TX,Size L,10.41,1,UPS® Ground
Austin,Mansfield,TX,Size L,10.41,1,UPS® Ground
Austin,Madison,WI,Size L,14.74,2,UPS® Ground
Austin,McKinney,TX,Size L,10.41,1,UPS® Ground
Austin,Mentor,OH,Size L,16.04,3,UPS® Ground
Austin,Mount Airy,MD,Size L,16.04,3,UPS® Ground
Austin,Norfolk,VA,Size L,16.04,3,UPS® Ground
Austin,Nampa,ID,Size L,16.04,4,UPS® Ground
Austin,Noblesville,IN,Size L,14.74,3,UPS® Ground
Austin,Orland Park,IL,Size L,16.04,2,UPS® Ground
Austin,Palm Harbor,FL,Size L,14.74,2,UPS® Ground
Austin,Petaluma,CA,Size L,17.1,4,UPS® Ground
Austin,Placentia,CA,Size L,16.04,3,UPS® Ground
Austin,Prescott,AZ,Size L,14.74,3,UPS® Ground
Austin,Richardson,TX,Size L,10.41,1,UPS® Ground
Austin,Roanoke,VA,Size L,16.04,3,UPS® Ground
Austin,Richmond,TX,Size L,10.41,1,UPS® Ground
Austin,Sanford,ME,Size L,17.1,3,UPS® Ground
Austin,Seminole,FL,Size L,14.74,2,UPS® Ground
Austin,Sheridan,WY,Size L,16.04,3,UPS® Ground
Austin,Sparks,NV,Size L,16.04,4,UPS® Ground
Austin,Traverse City,MI,Size L,16.04,3,UPS® Ground
Austin,Tulsa,OK,Size L,11.36,2,UPS® Ground
Austin,Wake Forest,NC,Size L,16.04,3,UPS® Ground
Austin,Waterloo,SC,Size L,14.74,3,UPS® Ground
Austin,Waukesha,WI,Size L,16.04,2,UPS® Ground
Austin,Wichita,KS,Size L,11.36,2,UPS® Ground
Austin,Winnsboro,TX,Size L,10.41,1,UPS® Ground
Austin,Woodbury,MN,Size L,16.04,3,UPS® Ground
Austin,Cumming,GA,Size L,14.74,3,UPS® Ground
Austin,Muskegon,MI,Size L,16.04,3,UPS® Ground
Austin,Akron,OH,Size L,16.04,3,UPS® Ground
Austin,Albany,OR,Size L,17.1,4,UPS® Ground
Austin,Alpharetta,GA,Size L,14.74,3,UPS® Ground
Austin,Asheville,NC,Size L,14.74,3,UPS® Ground
Austin,Bixby,OK,Size L,11.36,2,UPS® Ground
Austin,Boulder,CO,Size L,14.74,2,UPS® Ground
Austin,Bethlehem,PA,Size L,17.1,3,UPS® Ground
Austin,Brenham,TX,Size L,9.41,1,UPS® Ground
Austin,Broken Bow,OK,Size L,10.41,2,UPS® Ground
Austin,Cape Coral,FL,Size L,14.74,2,UPS® Ground
Austin,Chula Vista,CA,Size L,16.04,3,UPS® Ground
Austin,Crawfordville,FL,Size L,14.74,2,UPS® Ground
Austin,Cypress,TX,Size L,10.41,1,UPS® Ground
Austin,Clearwater,FL,Size L,14.74,2,UPS® Ground
Austin,Columbiana,AL,Size L,14.74,2,UPS® Ground
Austin,Columbus,GA,Size L,14.74,3,UPS® Ground
Austin,Commack,NY,Size L,17.1,3,UPS® Ground
Austin,Dublin,CA,Size L,17.1,4,UPS® Ground
Austin,Decatur,GA,Size L,14.74,3,UPS® Ground
Austin,Deltona,FL,Size L,16.04,2,UPS® Ground
Austin,Derry,NH,Size L,17.1,3,UPS® Ground
Austin,Douglassville,PA,Size L,16.04,3,UPS® Ground
Austin,Easton,PA,Size L,17.1,3,UPS® Ground
Austin,El Paso,TX,Size L,11.36,2,UPS® Ground
Austin,Escondido,CA,Size L,16.04,3,UPS® Ground
Austin,Fairport,NY,Size L,17.1,4,UPS® Ground
Austin,Flemington,NJ,Size L,17.1,3,UPS® Ground
Austin,Florence,SC,Size L,16.04,3,UPS® Ground
Austin,Fort Lauderdale,FL,Size L,16.04,2,UPS® Ground
Austin,Frisco,TX,Size L,10.41,1,UPS® Ground
Austin,Goodyear,AZ,Size L,14.74,3,UPS® Ground
Austin,Gays Mills,WI,Size L,16.04,3,UPS® Ground
Austin,Grafton,WI,Size L,16.04,2,UPS® Ground
Austin,Green Cove Springs,FL,Size L,14.74,2,UPS® Ground
Austin,Greensburg,PA,Size L,16.04,3,UPS® Ground
Austin,Honolulu,HI,Size L,46.14,4,UPS® Ground
Austin,Humble,TX,Size L,10.41,1,UPS® Ground
Austin,Huntington,NY,Size L,17.1,3,UPS® Ground
Austin,Idaho Falls,ID,Size L,16.04,3,UPS® Ground
Austin,Jackson,TN,Size L,14.74,2,UPS® Ground
Austin,Jacksonville,NC,Size L,16.04,3,UPS® Ground
Austin,Jenkintown,PA,Size L,17.1,3,UPS® Ground
Austin,Johnson City,TN,Size L,14.74,2,UPS® Ground
Austin,Kingwood,TX,Size L,10.41,1,UPS® Ground
Austin,Lansing,MI,Size L,16.04,3,UPS® Ground
Austin,Lapeer,MI,Size L,16.04,3,UPS® Ground
Austin,Lawrenceville,GA,Size L,14.74,3,UPS® Ground
Austin,Lexington,NC,Size L,16.04,3,UPS® Ground
Austin,Lubbock,TX,Size L,11.36,2,UPS® Ground
Austin,Medina,OH,Size L,16.04,3,UPS® Ground
Austin,Macomb,MI,Size L,16.04,3,UPS® Ground
Austin,Magnolia,TX,Size L,10.41,1,UPS® Ground
Austin,Martinsburg,WV,Size L,16.04,3,UPS® Ground
Austin,Meridian,ID,Size L,16.04,4,UPS® Ground
Austin,Mobile,AL,Size L,11.36,2,UPS® Ground
Austin,Morrison,CO,Size L,14.74,2,UPS® Ground
Austin,Napa,CA,Size L,17.1,4,UPS® Ground
Austin,New Braunfels,TX,Size L,9.41,1,UPS® Ground
Austin,New Lenox,IL,Size L,16.04,2,UPS® Ground
Austin,New Orleans,LA,Size L,11.36,2,UPS® Ground
Austin,Newark,DE,Size L,17.1,3,UPS® Ground
Austin,Oakland,CA,Size L,17.1,4,UPS® Ground
Austin,Owasso,OK,Size L,11.36,2,UPS® Ground
Austin,Overland Park,KS,Size L,14.74,2,UPS® Ground
Austin,Panama City,FL,Size L,14.74,2,UPS® Ground
Austin,Panama City Beach,FL,Size L,14.74,2,UPS® Ground
Austin,Patchogue,NY,Size L,17.1,3,UPS® Ground
Austin,Port Clinton,OH,Size L,16.04,3,UPS® Ground
Austin,Paducah,KY,Size L,14.74,2,UPS® Ground
Austin,Palmetto,FL,Size L,14.74,2,UPS® Ground
Austin,Pearland,TX,Size L,10.41,1,UPS® Ground
Austin,Pella,IA,Size L,14.74,3,UPS® Ground
Austin,Pittsford,NY,Size L,17.1,4,UPS® Ground
Austin,Port Orange,FL,Size L,14.74,2,UPS® Ground
Austin,Ravenna,OH,Size L,16.04,3,UPS® Ground
Austin,Roaming Shores,OH,Size L,16.04,3,UPS® Ground
Austin,Richmond Hill,GA,Size L,14.74,2,UPS® Ground
Austin,Riverview,FL,Size L,14.74,2,UPS® Ground
Austin,Rochester,MN,Size L,14.74,3,UPS® Ground
Austin,Round Rock,TX,Size L,9.41,1,UPS® Ground
Austin,Saint Petersburg,FL,Size L,14.74,2,UPS® Ground
Austin,San Leandro,CA,Size L,17.1,4,UPS® Ground
Austin,Southington,CT,Size L,17.1,3,UPS® Ground
Austin,Spartanburg,SC,Size L,14.74,3,UPS® Ground
Austin,Surprise,AZ,Size L,14.74,3,UPS® Ground
Austin,Santa Barbara,CA,Size L,16.04,3,UPS® Ground
Austin,Shelton,CT,Size L,17.1,3,UPS® Ground
Austin,Spring Branch,TX,Size L,9.41,1,UPS® Ground
Austin,St. Louis,MO,Size L,14.74,2,UPS® Ground
Austin,Stroudsburg,PA,Size L,17.1,3,UPS® Ground
Austin,Sunapee,NH,Size L,17.1,3,UPS® Ground
Austin,Swedesboro,NJ,Size L,17.1,3,UPS® Ground
Austin,Syracuse,NY,Size L,17.1,4,UPS® Ground
Austin,Tomball,TX,Size L,10.41,1,UPS® Ground
Austin,Topeka,KS,Size L,14.74,2,UPS® Ground
Austin,Tuscaloosa,AL,Size L,14.74,2,UPS® Ground
Austin,Terre Haute,IN,Size L,14.74,3,UPS® Ground
Austin,Tinley Park,IL,Size L,16.04,2,UPS® Ground
Austin,Toms River,NJ,Size L,17.1,3,UPS® Ground
Austin,Tulare,CA,Size L,16.04,3,UPS® Ground
Austin,Vienna,VA,Size L,16.04,3,UPS® Ground
Austin,Walnut Creek,CA,Size L,17.1,4,UPS® Ground
Austin,Wayne,NJ,Size L,17.1,3,UPS® Ground
Austin,Waynesboro,VA,Size L,16.04,3,UPS® Ground
Austin,West Sacramento,CA,Size L,17.1,4,UPS® Ground
Austin,Yuba City,CA,Size L,17.1,4,UPS® Ground
Austin,Zachary,LA,Size L,11.36,2,UPS® Ground
Austin,Buford,GA,Size L,14.74,3,UPS® Ground
Austin,Modesto,CA,Size L,16.04,4,UPS® Ground
Austin,Winter Park,FL,Size L,16.04,2,UPS® Ground
Atlanta,Arvada,CO,Size L,16.04,3,UPS® Ground
Atlanta,Anchorage,AK,Size L,46.14,3,UPS® Ground
Atlanta,Birmingham,AL,Size L,9.41,1,UPS® Ground
Atlanta,Bozeman,MT,Size L,17.1,3,UPS® Ground
Atlanta,Conroe,TX,Size L,14.74,2,UPS® Ground
Atlanta,Carmel Valley,CA,Size L,18.12,3,UPS® Ground
Atlanta,Castle Rock,CO,Size L,16.04,3,UPS® Ground
Atlanta,Cedar Rapids,IA,Size L,11.36,2,UPS® Ground
Atlanta,Cooperstown,NY,Size L,14.74,2,UPS® Ground
Atlanta,Deland,FL,Size L,11.36,2,UPS® Ground
Atlanta,Fort Mill,SC,Size L,10.41,1,UPS® Ground
Atlanta,Fargo,ND,Size L,16.04,3,UPS® Ground
Atlanta,Glen Allen,VA,Size L,11.36,2,UPS® Ground
Atlanta,Grand Junction,CO,Size L,16.04,3,UPS® Ground
Atlanta,Highlands Ranch,CO,Size L,16.04,3,UPS® Ground
Atlanta,Joliet,IL,Size L,14.74,2,UPS® Ground
Atlanta,Kerrville,TX,Size L,14.74,2,UPS® Ground
Atlanta,Longmont,CO,Size L,16.04,3,UPS® Ground
Atlanta,Minneapolis,MN,Size L,14.74,2,UPS® Ground
Atlanta,Naperville,IL,Size L,11.36,2,UPS® Ground
Atlanta,Neosho,MO,Size L,14.74,2,UPS® Ground
Atlanta,Puyallup,WA,Size L,18.12,4,UPS® Ground
Atlanta,Queen Creek,AZ,Size L,17.1,3,UPS® Ground
Atlanta,Saline,MI,Size L,14.74,2,UPS® Ground
Atlanta,Sevierville,TN,Size L,10.41,2,UPS® Ground
Atlanta,Sterling Heights,MI,Size L,14.74,2,UPS® Ground
Atlanta,Thornton,CO,Size L,16.04,3,UPS® Ground
Atlanta,Ventura,CA,Size L,18.12,3,UPS® Ground
Atlanta,Wilmington,MA,Size L,14.74,2,UPS® Ground
Atlanta,Clermont,FL,Size L,11.36,2,UPS® Ground
Atlanta,Abilene,TX,Size L,14.74,2,UPS® Ground
Atlanta,Brick,NJ,Size L,14.74,2,UPS® Ground
Atlanta,Bentonville,AR,Size L,11.36,2,UPS® Ground
Atlanta,Bogart,GA,Size L,9.41,1,UPS® Ground
Atlanta,Boston,MA,Size L,14.74,2,UPS® Ground
Atlanta,Buffalo,NY,Size L,14.74,2,UPS® Ground
Atlanta,Cary,NC,Size L,11.36,2,UPS® Ground
Atlanta,Dallas,GA,Size L,9.41,1,UPS® Ground
Atlanta,Doylestown,PA,Size L,14.74,2,UPS® Ground
Atlanta,Eugene,OR,Size L,18.12,5,UPS® Ground
Atlanta,Edmond,OK,Size L,14.74,2,UPS® Ground
Atlanta,Forney,TX,Size L,14.74,2,UPS® Ground
Atlanta,Fuquay Varina,NC,Size L,11.36,2,UPS® Ground
Atlanta,Glendora,CA,Size L,18.12,3,UPS® Ground
Atlanta,Henrico,VA,Size L,11.36,2,UPS® Ground
Atlanta,Hockessin,DE,Size L,14.74,2,UPS® Ground
Atlanta,Holly Springs,NC,Size L,11.36,2,UPS® Ground
Atlanta,Irvine,CA,Size L,18.12,3,UPS® Ground
Atlanta,Lakeland,FL,Size L,11.36,2,UPS® Ground
Atlanta,Lawrence,KS,Size L,14.74,2,UPS® Ground
Atlanta,League City,TX,Size L,14.74,2,UPS® Ground
Atlanta,Mansfield,TX,Size L,14.74,2,UPS® Ground
Atlanta,Madison,WI,Size L,14.74,2,UPS® Ground
Atlanta,McKinney,TX,Size L,14.74,2,UPS® Ground
Atlanta,Mentor,OH,Size L,11.36,2,UPS® Ground
Atlanta,Mount Airy,MD,Size L,11.36,2,UPS® Ground
Atlanta,Norfolk,VA,Size L,11.36,2,UPS® Ground
Atlanta,Nampa,ID,Size L,18.12,3,UPS® Ground
Atlanta,Noblesville,IN,Size L,11.36,2,UPS® Ground
Atlanta,Orland Park,IL,Size L,14.74,2,UPS® Ground
Atlanta,Palm Harbor,FL,Size L,11.36,2,UPS® Ground
Atlanta,Petaluma,CA,Size L,18.12,4,UPS® Ground
Atlanta,Placentia,CA,Size L,18.12,3,UPS® Ground
Atlanta,Prescott,AZ,Size L,17.1,3,UPS® Ground
Atlanta,Richardson,TX,Size L,14.74,2,UPS® Ground
Atlanta,Roanoke,VA,Size L,11.36,2,UPS® Ground
Atlanta,Richmond,TX,Size L,14.74,2,UPS® Ground
Atlanta,Sanford,ME,Size L,16.04,2,UPS® Ground
Atlanta,Seminole,FL,Size L,11.36,2,UPS® Ground
Atlanta,Sheridan,WY,Size L,16.04,4,UPS® Ground
Atlanta,Sparks,NV,Size L,18.12,4,UPS® Ground
Atlanta,Traverse City,MI,Size L,14.74,2,UPS® Ground
Atlanta,Tulsa,OK,Size L,14.74,2,UPS® Ground
Atlanta,Wake Forest,NC,Size L,11.36,2,UPS® Ground
Atlanta,Waterloo,SC,Size L,10.41,1,UPS® Ground
Atlanta,Waukesha,WI,Size L,14.74,2,UPS® Ground
Atlanta,Wichita,KS,Size L,14.74,2,UPS® Ground
Atlanta,Winnsboro,TX,Size L,14.74,2,UPS® Ground
Atlanta,Woodbury,MN,Size L,14.74,2,UPS® Ground
Atlanta,Cumming,GA,Size L,9.41,1,UPS® Ground
Atlanta,Muskegon,MI,Size L,14.74,2,UPS® Ground
Atlanta,Akron,OH,Size L,11.36,2,UPS® Ground
Atlanta,Albany,OR,Size L,18.12,4,UPS® Ground
Atlanta,Alpharetta,GA,Size L,9.41,1,UPS® Ground
Atlanta,Asheville,NC,Size L,10.41,2,UPS® Ground
Atlanta,Bixby,OK,Size L,14.74,2,UPS® Ground
Atlanta,Boulder,CO,Size L,16.04,3,UPS® Ground
Atlanta,Bethlehem,PA,Size L,14.74,2,UPS® Ground
Atlanta,Brenham,TX,Size L,14.74,2,UPS® Ground
Atlanta,Broken Bow,OK,Size L,14.74,2,UPS® Ground
Atlanta,Cape Coral,FL,Size L,11.36,2,UPS® Ground
Atlanta,Chula Vista,CA,Size L,18.12,3,UPS® Ground
Atlanta,Crawfordville,FL,Size L,10.41,2,UPS® Ground
Atlanta,Cypress,TX,Size L,14.74,2,UPS® Ground
Atlanta,Clearwater,FL,Size L,11.36,2,UPS® Ground
Atlanta,Columbiana,AL,Size L,9.41,1,UPS® Ground
Atlanta,Columbus,GA,Size L,9.41,1,UPS® Ground
Atlanta,Commack,NY,Size L,14.74,2,UPS® Ground
Atlanta,Dublin,CA,Size L,18.12,4,UPS® Ground
Atlanta,Decatur,GA,Size L,9.41,1,UPS® Ground
Atlanta,Deltona,FL,Size L,11.36,2,UPS® Ground
Atlanta,Derry,NH,Size L,14.74,2,UPS® Ground
Atlanta,Douglassville,PA,Size L,14.74,2,UPS® Ground
Atlanta,Easton,PA,Size L,14.74,2,UPS® Ground
Atlanta,El Paso,TX,Size L,16.04,3,UPS® Ground
Atlanta,Escondido,CA,Size L,18.12,3,UPS® Ground
Atlanta,Fairport,NY,Size L,14.74,2,UPS® Ground
Atlanta,Flemington,NJ,Size L,14.74,2,UPS® Ground
Atlanta,Florence,SC,Size L,11.36,2,UPS® Ground
Atlanta,Fort Lauderdale,FL,Size L,11.36,2,UPS® Ground
Atlanta,Frisco,TX,Size L,14.74,2,UPS® Ground
Atlanta,Goodyear,AZ,Size L,17.1,3,UPS® Ground
Atlanta,Gays Mills,WI,Size L,14.74,3,UPS® Ground
Atlanta,Grafton,WI,Size L,14.74,2,UPS® Ground
Atlanta,Green Cove Springs,FL,Size L,10.41,1,UPS® Ground
Atlanta,Greensburg,PA,Size L,11.36,2,UPS® Ground
Atlanta,Honolulu,HI,Size L,46.14,5,UPS® Ground
Atlanta,Humble,TX,Size L,14.74,2,UPS® Ground
Atlanta,Huntington,NY,Size L,14.74,2,UPS® Ground
Atlanta,Idaho Falls,ID,Size L,17.1,3,UPS® Ground
Atlanta,Jackson,TN,Size L,10.41,2,UPS® Ground
Atlanta,Jacksonville,NC,Size L,11.36,2,UPS® Ground
Atlanta,Jenkintown,PA,Size L,14.74,2,UPS® Ground
Atlanta,Johnson City,TN,Size L,10.41,2,UPS® Ground
Atlanta,Kingwood,TX,Size L,14.74,2,UPS® Ground
Atlanta,Lansing,MI,Size L,14.74,2,UPS® Ground
Atlanta,Lapeer,MI,Size L,14.74,2,UPS® Ground
Atlanta,Lawrenceville,GA,Size L,9.41,1,UPS® Ground
Atlanta,Lexington,NC,Size L,10.41,2,UPS® Ground
Atlanta,Lubbock,TX,Size L,14.74,2,UPS® Ground
Atlanta,Medina,OH,Size L,11.36,2,UPS® Ground
Atlanta,Macomb,MI,Size L,14.74,2,UPS® Ground
Atlanta,Magnolia,TX,Size L,14.74,2,UPS® Ground
Atlanta,Martinsburg,WV,Size L,11.36,2,UPS® Ground
Atlanta,Meridian,ID,Size L,18.12,3,UPS® Ground
Atlanta,Mobile,AL,Size L,11.36,1,UPS® Ground
Atlanta,Morrison,CO,Size L,16.04,3,UPS® Ground
Atlanta,Napa,CA,Size L,18.12,4,UPS® Ground
Atlanta,New Braunfels,TX,Size L,14.74,2,UPS® Ground
Atlanta,New Lenox,IL,Size L,14.74,2,UPS® Ground
Atlanta,New Orleans,LA,Size L,11.36,2,UPS® Ground
Atlanta,Newark,DE,Size L,14.74,2,UPS® Ground
Atlanta,Oakland,CA,Size L,18.12,4,UPS® Ground
Atlanta,Owasso,OK,Size L,14.74,2,UPS® Ground
Atlanta,Overland Park,KS,Size L,14.74,2,UPS® Ground
Atlanta,Panama City,FL,Size L,10.41,1,UPS® Ground
Atlanta,Panama City Beach,FL,Size L,10.41,1,UPS® Ground
Atlanta,Patchogue,NY,Size L,14.74,2,UPS® Ground
Atlanta,Port Clinton,OH,Size L,11.36,2,UPS® Ground
Atlanta,Paducah,KY,Size L,11.36,2,UPS® Ground
Atlanta,Palmetto,FL,Size L,11.36,2,UPS® Ground
Atlanta,Pearland,TX,Size L,14.74,2,UPS® Ground
Atlanta,Pella,IA,Size L,14.74,2,UPS® Ground
Atlanta,Pittsford,NY,Size L,14.74,2,UPS® Ground
Atlanta,Port Orange,FL,Size L,11.36,2,UPS® Ground
Atlanta,Ravenna,OH,Size L,11.36,2,UPS® Ground
Atlanta,Roaming Shores,OH,Size L,11.36,2,UPS® Ground
Atlanta,Richmond Hill,GA,Size L,10.41,1,UPS® Ground
Atlanta,Riverview,FL,Size L,11.36,2,UPS® Ground
Atlanta,Rochester,MN,Size L,14.74,2,UPS® Ground
Atlanta,Round Rock,TX,Size L,14.74,2,UPS® Ground
Atlanta,Saint Petersburg,FL,Size L,11.36,2,UPS® Ground
Atlanta,San Leandro,CA,Size L,18.12,4,UPS® Ground
Atlanta,Southington,CT,Size L,14.74,2,UPS® Ground
Atlanta,Spartanburg,SC,Size L,10.41,1,UPS® Ground
Atlanta,Surprise,AZ,Size L,17.1,3,UPS® Ground
Atlanta,Santa Barbara,CA,Size L,18.12,3,UPS® Ground
Atlanta,Shelton,CT,Size L,14.74,2,UPS® Ground
Atlanta,Spring Branch,TX,Size L,14.74,2,UPS® Ground
Atlanta,St. Louis,MO,Size L,11.36,2,UPS® Ground
Atlanta,Stroudsburg,PA,Size L,14.74,2,UPS® Ground
Atlanta,Sunapee,NH,Size L,14.74,2,UPS® Ground
Atlanta,Swedesboro,NJ,Size L,14.74,2,UPS® Ground
Atlanta,Syracuse,NY,Size L,14.74,2,UPS® Ground
Atlanta,Tomball,TX,Size L,14.74,2,UPS® Ground
Atlanta,Topeka,KS,Size L,14.74,2,UPS® Ground
Atlanta,Tuscaloosa,AL,Size L,10.41,1,UPS® Ground
Atlanta,Terre Haute,IN,Size L,11.36,2,UPS® Ground
Atlanta,Tinley Park,IL,Size L,14.74,2,UPS® Ground
Atlanta,Toms River,NJ,Size L,14.74,2,UPS® Ground
Atlanta,Tulare,CA,Size L,18.12,3,UPS® Ground
Atlanta,Vienna,VA,Size L,11.36,2,UPS® Ground
Atlanta,Walnut Creek,CA,Size L,18.12,4,UPS® Ground
Atlanta,Wayne,NJ,Size L,14.74,2,UPS® Ground
Atlanta,Waynesboro,VA,Size L,11.36,2,UPS® Ground
Atlanta,West Sacramento,CA,Size L,18.12,4,UPS® Ground
Atlanta,Yuba City,CA,Size L,18.12,4,UPS® Ground
Atlanta,Zachary,LA,Size L,11.36,2,UPS® Ground
Atlanta,Buford,GA,Size L,9.41,1,UPS® Ground
Atlanta,Modesto,CA,Size L,18.12,4,UPS® Ground
Atlanta,Winter Park,FL,Size L,11.36,2,UPS® Ground
Columbus,Arvada,CO,Size L,17.1,3,UPS® Ground
Columbus,Anchorage,AK,Size L,46.14,3,UPS® Ground
Columbus,Birmingham,AL,Size L,11.36,2,UPS® Ground
Columbus,Bozeman,MT,Size L,17.1,3,UPS® Ground
Columbus,Conroe,TX,Size L,16.04,3,UPS® Ground
Columbus,Carmel Valley,CA,Size L,18.12,3,UPS® Ground
Columbus,Castle Rock,CO,Size L,16.04,3,UPS® Ground
Columbus,Cedar Rapids,IA,Size L,11.36,2,UPS® Ground
Columbus,Cooperstown,NY,Size L,11.36,2,UPS® Ground
Columbus,Deland,FL,Size L,14.74,2,UPS® Ground
Columbus,Fort Mill,SC,Size L,11.36,2,UPS® Ground
Columbus,Fargo,ND,Size L,14.74,3,UPS® Ground
Columbus,Glen Allen,VA,Size L,11.36,2,UPS® Ground
Columbus,Grand Junction,CO,Size L,16.04,4,UPS® Ground
Columbus,Highlands Ranch,CO,Size L,16.04,3,UPS® Ground
Columbus,Joliet,IL,Size L,11.36,1,UPS® Ground
Columbus,Kerrville,TX,Size L,16.04,3,UPS® Ground
Columbus,Longmont,CO,Size L,16.04,3,UPS® Ground
Columbus,Minneapolis,MN,Size L,14.74,2,UPS® Ground
Columbus,Naperville,IL,Size L,11.36,1,UPS® Ground
Columbus,Neosho,MO,Size L,14.74,2,UPS® Ground
Columbus,Puyallup,WA,Size L,18.12,4,UPS® Ground
Columbus,Queen Creek,AZ,Size L,17.1,4,UPS® Ground
Columbus,Saline,MI,Size L,10.41,1,UPS® Ground
Columbus,Sevierville,TN,Size L,11.36,2,UPS® Ground
Columbus,Sterling Heights,MI,Size L,10.41,1,UPS® Ground
Columbus,Thornton,CO,Size L,17.1,3,UPS® Ground
Columbus,Ventura,CA,Size L,18.12,3,UPS® Ground
Columbus,Wilmington,MA,Size L,14.74,2,UPS® Ground
Columbus,Clermont,FL,Size L,14.74,2,UPS® Ground
Columbus,Abilene,TX,Size L,14.74,2,UPS® Ground
Columbus,Brick,NJ,Size L,11.36,2,UPS® Ground
Columbus,Bentonville,AR,Size L,14.74,3,UPS® Ground
Columbus,Bogart,GA,Size L,11.36,2,UPS® Ground
Columbus,Boston,MA,Size L,14.74,2,UPS® Ground
Columbus,Buffalo,NY,Size L,11.36,2,UPS® Ground
Columbus,Cary,NC,Size L,11.36,2,UPS® Ground
Columbus,Dallas,GA,Size L,11.36,2,UPS® Ground
Columbus,Doylestown,PA,Size L,11.36,2,UPS® Ground
Columbus,Eugene,OR,Size L,18.12,4,UPS® Ground
Columbus,Edmond,OK,Size L,14.74,3,UPS® Ground
Columbus,Forney,TX,Size L,14.74,2,UPS® Ground
Columbus,Fuquay Varina,NC,Size L,11.36,2,UPS® Ground
Columbus,Glendora,CA,Size L,18.12,3,UPS® Ground
Columbus,Henrico,VA,Size L,11.36,2,UPS® Ground
Columbus,Hockessin,DE,Size L,11.36,2,UPS® Ground
Columbus,Holly Springs,NC,Size L,11.36,2,UPS® Ground
Columbus,Irvine,CA,Size L,18.12,3,UPS® Ground
Columbus,Lakeland,FL,Size L,14.74,2,UPS® Ground
Columbus,Lawrence,KS,Size L,14.74,2,UPS® Ground
Columbus,League City,TX,Size L,14.74,3,UPS® Ground
Columbus,Mansfield,TX,Size L,16.04,2,UPS® Ground
Columbus,Madison,WI,Size L,11.36,2,UPS® Ground
Columbus,McKinney,TX,Size L,16.04,2,UPS® Ground
Columbus,Mentor,OH,Size L,10.41,1,UPS® Ground
Columbus,Mount Airy,MD,Size L,10.41,2,UPS® Ground
Columbus,Norfolk,VA,Size L,11.36,2,UPS® Ground
Columbus,Nampa,ID,Size L,17.1,3,UPS® Ground
Columbus,Noblesville,IN,Size L,10.41,1,UPS® Ground
Columbus,Orland Park,IL,Size L,11.36,1,UPS® Ground
Columbus,Palm Harbor,FL,Size L,14.74,2,UPS® Ground
Columbus,Petaluma,CA,Size L,18.12,4,UPS® Ground
Columbus,Placentia,CA,Size L,18.12,3,UPS® Ground
Columbus,Prescott,AZ,Size L,17.1,4,UPS® Ground
Columbus,Richardson,TX,Size L,16.04,2,UPS® Ground
Columbus,Roanoke,VA,Size L,10.41,2,UPS® Ground
Columbus,Richmond,TX,Size L,16.04,3,UPS® Ground
Columbus,Sanford,ME,Size L,14.74,2,UPS® Ground
Columbus,Seminole,FL,Size L,14.74,2,UPS® Ground
Columbus,Sheridan,WY,Size L,16.04,4,UPS® Ground
Columbus,Sparks,NV,Size L,18.12,3,UPS® Ground
Columbus,Traverse City,MI,Size L,11.36,2,UPS® Ground
Columbus,Tulsa,OK,Size L,14.74,3,UPS® Ground
Columbus,Wake Forest,NC,Size L,11.36,2,UPS® Ground
Columbus,Waterloo,SC,Size L,11.36,2,UPS® Ground
Columbus,Waukesha,WI,Size L,11.36,2,UPS® Ground
Columbus,Wichita,KS,Size L,14.74,2,UPS® Ground
Columbus,Winnsboro,TX,Size L,14.74,2,UPS® Ground
Columbus,Woodbury,MN,Size L,14.74,2,UPS® Ground
Columbus,Cumming,GA,Size L,11.36,2,UPS® Ground
Columbus,Muskegon,MI,Size L,11.36,2,UPS® Ground
Columbus,Akron,OH,Size L,9.41,1,UPS® Ground
Columbus,Albany,OR,Size L,18.12,4,UPS® Ground
Columbus,Alpharetta,GA,Size L,11.36,2,UPS® Ground
Columbus,Asheville,NC,Size L,11.36,2,UPS® Ground
Columbus,Bixby,OK,Size L,14.74,3,UPS® Ground
Columbus,Boulder,CO,Size L,16.04,3,UPS® Ground
Columbus,Bethlehem,PA,Size L,11.36,2,UPS® Ground
Columbus,Brenham,TX,Size L,14.74,3,UPS® Ground
Columbus,Broken Bow,OK,Size L,14.74,3,UPS® Ground
Columbus,Cape Coral,FL,Size L,14.74,2,UPS® Ground
Columbus,Chula Vista,CA,Size L,18.12,3,UPS® Ground
Columbus,Crawfordville,FL,Size L,14.74,2,UPS® Ground
Columbus,Cypress,TX,Size L,16.04,3,UPS® Ground
Columbus,Clearwater,FL,Size L,14.74,2,UPS® Ground
Columbus,Columbiana,AL,Size L,11.36,2,UPS® Ground
Columbus,Columbus,GA,Size L,11.36,2,UPS® Ground
Columbus,Commack,NY,Size L,14.74,2,UPS® Ground
Columbus,Dublin,CA,Size L,18.12,4,UPS® Ground
Columbus,Decatur,GA,Size L,11.36,2,UPS® Ground
Columbus,Deltona,FL,Size L,14.74,2,UPS® Ground
Columbus,Derry,NH,Size L,14.74,2,UPS® Ground
Columbus,Douglassville,PA,Size L,11.36,2,UPS® Ground
Columbus,Easton,PA,Size L,11.36,2,UPS® Ground
Columbus,El Paso,TX,Size L,17.1,3,UPS® Ground
Columbus,Escondido,CA,Size L,18.12,3,UPS® Ground
Columbus,Fairport,NY,Size L,11.36,2,UPS® Ground
Columbus,Flemington,NJ,Size L,11.36,2,UPS® Ground
Columbus,Florence,SC,Size L,11.36,2,UPS® Ground
Columbus,Fort Lauderdale,FL,Size L,14.74,2,UPS® Ground
Columbus,Frisco,TX,Size L,16.04,2,UPS® Ground
Columbus,Goodyear,AZ,Size L,17.1,4,UPS® Ground
Columbus,Gays Mills,WI,Size L,11.36,3,UPS® Ground
Columbus,Grafton,WI,Size L,11.36,2,UPS® Ground
Columbus,Green Cove Springs,FL,Size L,14.74,2,UPS® Ground
Columbus,Greensburg,PA,Size L,10.41,1,UPS® Ground
Columbus,Honolulu,HI,Size L,46.14,5,UPS® Ground
Columbus,Humble,TX,Size L,16.04,3,UPS® Ground
Columbus,Huntington,NY,Size L,14.74,2,UPS® Ground
Columbus,Idaho Falls,ID,Size L,17.1,3,UPS® Ground
Columbus,Jackson,TN,Size L,11.36,2,UPS® Ground
Columbus,Jacksonville,NC,Size L,11.36,2,UPS® Ground
Columbus,Jenkintown,PA,Size L,11.36,2,UPS® Ground
Columbus,Johnson City,TN,Size L,10.41,2,UPS® Ground
Columbus,Kingwood,TX,Size L,16.04,3,UPS® Ground
Columbus,Lansing,MI,Size L,10.41,1,UPS® Ground
Columbus,Lapeer,MI,Size L,10.41,1,UPS® Ground
Columbus,Lawrenceville,GA,Size L,11.36,2,UPS® Ground
Columbus,Lexington,NC,Size L,11.36,2,UPS® Ground
Columbus,Lubbock,TX,Size L,16.04,3,UPS® Ground
Columbus,Medina,OH,Size L,10.41,1,UPS® Ground
Columbus,Macomb,MI,Size L,10.41,1,UPS® Ground
Columbus,Magnolia,TX,Size L,16.04,3,UPS® Ground
Columbus,Martinsburg,WV,Size L,10.41,2,UPS® Ground
Columbus,Meridian,ID,Size L,17.1,3,UPS® Ground
Columbus,Mobile,AL,Size L,14.74,2,UPS® Ground
Columbus,Morrison,CO,Size L,16.04,3,UPS® Ground
Columbus,Napa,CA,Size L,18.12,4,UPS® Ground
Columbus,New Braunfels,TX,Size L,16.04,3,UPS® Ground
Columbus,New Lenox,IL,Size L,11.36,1,UPS® Ground
Columbus,New Orleans,LA,Size L,14.74,2,UPS® Ground
Columbus,Newark,DE,Size L,11.36,2,UPS® Ground
Columbus,Oakland,CA,Size L,18.12,4,UPS® Ground
Columbus,Owasso,OK,Size L,14.74,3,UPS® Ground
Columbus,Overland Park,KS,Size L,11.36,2,UPS® Ground
Columbus,Panama City,FL,Size L,14.74,2,UPS® Ground
Columbus,Panama City Beach,FL,Size L,14.74,2,UPS® Ground
Columbus,Patchogue,NY,Size L,14.74,2,UPS® Ground
Columbus,Port Clinton,OH,Size L,9.41,1,UPS® Ground
Columbus,Paducah,KY,Size L,11.36,2,UPS® Ground
Columbus,Palmetto,FL,Size L,14.74,2,UPS® Ground
Columbus,Pearland,TX,Size L,14.74,3,UPS® Ground
Columbus,Pella,IA,Size L,11.36,2,UPS® Ground
Columbus,Pittsford,NY,Size L,11.36,2,UPS® Ground
Columbus,Port Orange,FL,Size L,14.74,2,UPS® Ground
Columbus,Ravenna,OH,Size L,10.41,1,UPS® Ground
Columbus,Roaming Shores,OH,Size L,10.41,1,UPS® Ground
Columbus,Richmond Hill,GA,Size L,11.36,2,UPS® Ground
Columbus,Riverview,FL,Size L,14.74,2,UPS® Ground
Columbus,Rochester,MN,Size L,11.36,2,UPS® Ground
Columbus,Round Rock,TX,Size L,16.04,2,UPS® Ground
Columbus,Saint Petersburg,FL,Size L,14.74,2,UPS® Ground
Columbus,San Leandro,CA,Size L,18.12,4,UPS® Ground
Columbus,Southington,CT,Size L,11.36,2,UPS® Ground
Columbus,Spartanburg,SC,Size L,11.36,2,UPS® Ground
Columbus,Surprise,AZ,Size L,17.1,4,UPS® Ground
Columbus,Santa Barbara,CA,Size L,18.12,3,UPS® Ground
Columbus,Shelton,CT,Size L,11.36,2,UPS® Ground
Columbus,Spring Branch,TX,Size L,16.04,3,UPS® Ground
Columbus,St. Louis,MO,Size L,11.36,2,UPS® Ground
Columbus,Stroudsburg,PA,Size L,11.36,2,UPS® Ground
Columbus,Sunapee,NH,Size L,14.74,2,UPS® Ground
Columbus,Swedesboro,NJ,Size L,11.36,2,UPS® Ground
Columbus,Syracuse,NY,Size L,11.36,2,UPS® Ground
Columbus,Tomball,TX,Size L,16.04,3,UPS® Ground
Columbus,Topeka,KS,Size L,11.36,2,UPS® Ground
Columbus,Tuscaloosa,AL,Size L,11.36,2,UPS® Ground
Columbus,Terre Haute,IN,Size L,10.41,1,UPS® Ground
Columbus,Tinley Park,IL,Size L,11.36,1,UPS® Ground
Columbus,Toms River,NJ,Size L,11.36,2,UPS® Ground
Columbus,Tulare,CA,Size L,18.12,3,UPS® Ground
Columbus,Vienna,VA,Size L,11.36,2,UPS® Ground
Columbus,Walnut Creek,CA,Size L,18.12,4,UPS® Ground
Columbus,Wayne,NJ,Size L,11.36,2,UPS® Ground
Columbus,Waynesboro,VA,Size L,10.41,2,UPS® Ground
Columbus,West Sacramento,CA,Size L,18.12,4,UPS® Ground
Columbus,Yuba City,CA,Size L,18.12,4,UPS® Ground
Columbus,Zachary,LA,Size L,14.74,3,UPS® Ground
Columbus,Buford,GA,Size L,11.36,2,UPS® Ground
Columbus,Modesto,CA,Size L,18.12,4,UPS® Ground
Columbus,Winter Park,FL,Size L,14.74,2,UPS® Ground
Philadelphia,Arvada,CO,Size L,17.1,3,UPS® Ground
Philadelphia,Anchorage,AK,Size L,46.14,4,UPS® Ground
Philadelphia,Birmingham,AL,Size L,14.74,2,UPS® Ground
Philadelphia,Bozeman,MT,Size L,18.12,3,UPS® Ground
Philadelphia,Conroe,TX,Size L,16.04,3,UPS® Ground
Philadelphia,Carmel Valley,CA,Size L,18.12,4,UPS® Ground
Philadelphia,Castle Rock,CO,Size L,17.1,3,UPS® Ground
Philadelphia,Cedar Rapids,IA,Size L,14.74,2,UPS® Ground
Philadelphia,Cooperstown,NY,Size L,10.41,2,UPS® Ground
Philadelphia,Deland,FL,Size L,14.74,2,UPS® Ground
Philadelphia,Fort Mill,SC,Size L,11.36,2,UPS® Ground
Philadelphia,Fargo,ND,Size L,16.04,2,UPS® Ground
Philadelphia,Glen Allen,VA,Size L,10.41,1,UPS® Ground
Philadelphia,Grand Junction,CO,Size L,17.1,4,UPS® Ground
Philadelphia,Highlands Ranch,CO,Size L,17.1,3,UPS® Ground
Philadelphia,Joliet,IL,Size L,14.74,2,UPS® Ground
Philadelphia,Kerrville,TX,Size L,17.1,3,UPS® Ground
Philadelphia,Longmont,CO,Size L,17.1,3,UPS® Ground
Philadelphia,Minneapolis,MN,Size L,16.04,2,UPS® Ground
Philadelphia,Naperville,IL,Size L,14.74,2,UPS® Ground
Philadelphia,Neosho,MO,Size L,16.04,3,UPS® Ground
Philadelphia,Puyallup,WA,Size L,18.12,4,UPS® Ground
Philadelphia,Queen Creek,AZ,Size L,18.12,3,UPS® Ground
Philadelphia,Saline,MI,Size L,11.36,2,UPS® Ground
Philadelphia,Sevierville,TN,Size L,11.36,2,UPS® Ground
Philadelphia,Sterling Heights,MI,Size L,11.36,2,UPS® Ground
Philadelphia,Thornton,CO,Size L,17.1,3,UPS® Ground
Philadelphia,Ventura,CA,Size L,18.12,4,UPS® Ground
Philadelphia,Wilmington,MA,Size L,10.41,2,UPS® Ground
Philadelphia,Clermont,FL,Size L,14.74,2,UPS® Ground
Philadelphia,Abilene,TX,Size L,17.1,3,UPS® Ground
Philadelphia,Brick,NJ,Size L,9.41,1,UPS® Ground
Philadelphia,Bentonville,AR,Size L,16.04,3,UPS® Ground
Philadelphia,Bogart,GA,Size L,14.74,2,UPS® Ground
Philadelphia,Boston,MA,Size L,10.41,2,UPS® Ground
Philadelphia,Buffalo,NY,Size L,10.41,2,UPS® Ground
Philadelphia,Cary,NC,Size L,11.36,2,UPS® Ground
Philadelphia,Dallas,GA,Size L,14.74,2,UPS® Ground
Philadelphia,Doylestown,PA,Size L,9.41,1,UPS® Ground
Philadelphia,Eugene,OR,Size L,18.12,4,UPS® Ground
Philadelphia,Edmond,OK,Size L,16.04,3,UPS® Ground
Philadelphia,Forney,TX,Size L,16.04,3,UPS® Ground
Philadelphia,Fuquay Varina,NC,Size L,11.36,2,UPS® Ground
Philadelphia,Glendora,CA,Size L,18.12,4,UPS® Ground
Philadelphia,Henrico,VA,Size L,10.41,1,UPS® Ground
Philadelphia,Hockessin,DE,Size L,9.41,1,UPS® Ground
Philadelphia,Holly Springs,NC,Size L,11.36,2,UPS® Ground
Philadelphia,Irvine,CA,Size L,18.12,4,UPS® Ground
Philadelphia,Lakeland,FL,Size L,14.74,2,UPS® Ground
Philadelphia,Lawrence,KS,Size L,16.04,3,UPS® Ground
Philadelphia,League City,TX,Size L,16.04,3,UPS® Ground
Philadelphia,Mansfield,TX,Size L,16.04,3,UPS® Ground
Philadelphia,Madison,WI,Size L,14.74,2,UPS® Ground
Philadelphia,McKinney,TX,Size L,16.04,3,UPS® Ground
Philadelphia,Mentor,OH,Size L,11.36,2,UPS® Ground
Philadelphia,Mount Airy,MD,Size L,9.41,1,UPS® Ground
Philadelphia,Norfolk,VA,Size L,10.41,1,UPS® Ground
Philadelphia,Nampa,ID,Size L,18.12,3,UPS® Ground
Philadelphia,Noblesville,IN,Size L,11.36,2,UPS® Ground
Philadelphia,Orland Park,IL,Size L,14.74,2,UPS® Ground
Philadelphia,Palm Harbor,FL,Size L,14.74,2,UPS® Ground
Philadelphia,Petaluma,CA,Size L,18.12,4,UPS® Ground
Philadelphia,Placentia,CA,Size L,18.12,4,UPS® Ground
Philadelphia,Prescott,AZ,Size L,18.12,3,UPS® Ground
Philadelphia,Richardson,TX,Size L,16.04,3,UPS® Ground
Philadelphia,Roanoke,VA,Size L,11.36,2,UPS® Ground
Philadelphia,Richmond,TX,Size L,17.1,3,UPS® Ground
Philadelphia,Sanford,ME,Size L,11.36,2,UPS® Ground
Philadelphia,Seminole,FL,Size L,14.74,2,UPS® Ground
Philadelphia,Sheridan,WY,Size L,17.1,4,UPS® Ground
Philadelphia,Sparks,NV,Size L,18.12,3,UPS® Ground
Philadelphia,Traverse City,MI,Size L,14.74,2,UPS® Ground
Philadelphia,Tulsa,OK,Size L,16.04,2,UPS® Ground
Philadelphia,Wake Forest,NC,Size L,11.36,2,UPS® Ground
Philadelphia,Waterloo,SC,Size L,11.36,2,UPS® Ground
Philadelphia,Waukesha,WI,Size L,14.74,2,UPS® Ground
Philadelphia,Wichita,KS,Size L,16.04,3,UPS® Ground
Philadelphia,Winnsboro,TX,Size L,16.04,3,UPS® Ground
Philadelphia,Woodbury,MN,Size L,16.04,2,UPS® Ground
Philadelphia,Cumming,GA,Size L,14.74,2,UPS® Ground
Philadelphia,Muskegon,MI,Size L,14.74,2,UPS® Ground
Philadelphia,Akron,OH,Size L,11.36,2,UPS® Ground
Philadelphia,Albany,OR,Size L,18.12,4,UPS® Ground
Philadelphia,Alpharetta,GA,Size L,14.74,2,UPS® Ground
Philadelphia,Asheville,NC,Size L,11.36,2,UPS® Ground
Philadelphia,Bixby,OK,Size L,16.04,2,UPS® Ground
Philadelphia,Boulder,CO,Size L,17.1,3,UPS® Ground
Philadelphia,Bethlehem,PA,Size L,9.41,1,UPS® Ground
Philadelphia,Brenham,TX,Size L,16.04,3,UPS® Ground
Philadelphia,Broken Bow,OK,Size L,16.04,3,UPS® Ground
Philadelphia,Cape Coral,FL,Size L,14.74,2,UPS® Ground
Philadelphia,Chula Vista,CA,Size L,18.12,4,UPS® Ground
Philadelphia,Crawfordville,FL,Size L,14.74,2,UPS® Ground
Philadelphia,Cypress,TX,Size L,17.1,3,UPS® Ground
Philadelphia,Clearwater,FL,Size L,14.74,2,UPS® Ground
Philadelphia,Columbiana,AL,Size L,14.74,2,UPS® Ground
Philadelphia,Columbus,GA,Size L,14.74,2,UPS® Ground
Philadelphia,Commack,NY,Size L,10.41,1,UPS® Ground
Philadelphia,Dublin,CA,Size L,18.12,4,UPS® Ground
Philadelphia,Decatur,GA,Size L,14.74,2,UPS® Ground
Philadelphia,Deltona,FL,Size L,14.74,2,UPS® Ground
Philadelphia,Derry,NH,Size L,11.36,2,UPS® Ground
Philadelphia,Douglassville,PA,Size L,9.41,1,UPS® Ground
Philadelphia,Easton,PA,Size L,9.41,1,UPS® Ground
Philadelphia,El Paso,TX,Size L,18.12,4,UPS® Ground
Philadelphia,Escondido,CA,Size L,18.12,4,UPS® Ground
Philadelphia,Fairport,NY,Size L,10.41,2,UPS® Ground
Philadelphia,Flemington,NJ,Size L,9.41,1,UPS® Ground
Philadelphia,Florence,SC,Size L,11.36,2,UPS® Ground
Philadelphia,Fort Lauderdale,FL,Size L,16.04,2,UPS® Ground
Philadelphia,Frisco,TX,Size L,16.04,3,UPS® Ground
Philadelphia,Goodyear,AZ,Size L,18.12,3,UPS® Ground
Philadelphia,Gays Mills,WI,Size L,14.74,3,UPS® Ground
Philadelphia,Grafton,WI,Size L,14.74,2,UPS® Ground
Philadelphia,Green Cove Springs,FL,Size L,14.74,2,UPS® Ground
Philadelphia,Greensburg,PA,Size L,10.41,1,UPS® Ground
Philadelphia,Honolulu,HI,Size L,46.14,5,UPS® Ground
Philadelphia,Humble,TX,Size L,16.04,3,UPS® Ground
Philadelphia,Huntington,NY,Size L,10.41,1,UPS® Ground
Philadelphia,Idaho Falls,ID,Size L,18.12,3,UPS® Ground
Philadelphia,Jackson,TN,Size L,14.74,2,UPS® Ground
Philadelphia,Jacksonville,NC,Size L,11.36,2,UPS® Ground
Philadelphia,Jenkintown,PA,Size L,9.41,1,UPS® Ground
Philadelphia,Johnson City,TN,Size L,11.36,2,UPS® Ground
Philadelphia,Kingwood,TX,Size L,16.04,3,UPS® Ground
Philadelphia,Lansing,MI,Size L,11.36,2,UPS® Ground
Philadelphia,Lapeer,MI,Size L,11.36,2,UPS® Ground
Philadelphia,Lawrenceville,GA,Size L,14.74,2,UPS® Ground
Philadelphia,Lexington,NC,Size L,11.36,2,UPS® Ground
Philadelphia,Lubbock,TX,Size L,17.1,3,UPS® Ground
Philadelphia,Medina,OH,Size L,11.36,2,UPS® Ground
Philadelphia,Macomb,MI,Size L,11.36,2,UPS® Ground
Philadelphia,Magnolia,TX,Size L,16.04,3,UPS® Ground
Philadelphia,Martinsburg,WV,Size L,10.41,1,UPS® Ground
Philadelphia,Meridian,ID,Size L,18.12,3,UPS® Ground
Philadelphia,Mobile,AL,Size L,14.74,2,UPS® Ground
Philadelphia,Morrison,CO,Size L,17.1,3,UPS® Ground
Philadelphia,Napa,CA,Size L,18.12,4,UPS® Ground
Philadelphia,New Braunfels,TX,Size L,17.1,3,UPS® Ground
Philadelphia,New Lenox,IL,Size L,14.74,2,UPS® Ground
Philadelphia,New Orleans,LA,Size L,16.04,3,UPS® Ground
Philadelphia,Newark,DE,Size L,9.41,1,UPS® Ground
Philadelphia,Oakland,CA,Size L,18.12,4,UPS® Ground
Philadelphia,Owasso,OK,Size L,16.04,2,UPS® Ground
Philadelphia,Overland Park,KS,Size L,16.04,3,UPS® Ground
Philadelphia,Panama City,FL,Size L,14.74,2,UPS® Ground
Philadelphia,Panama City Beach,FL,Size L,14.74,2,UPS® Ground
Philadelphia,Patchogue,NY,Size L,10.41,1,UPS® Ground
Philadelphia,Port Clinton,OH,Size L,11.36,2,UPS® Ground
Philadelphia,Paducah,KY,Size L,14.74,2,UPS® Ground
Philadelphia,Palmetto,FL,Size L,14.74,2,UPS® Ground
Philadelphia,Pearland,TX,Size L,16.04,3,UPS® Ground
Philadelphia,Pella,IA,Size L,14.74,2,UPS® Ground
Philadelphia,Pittsford,NY,Size L,10.41,2,UPS® Ground
Philadelphia,Port Orange,FL,Size L,14.74,2,UPS® Ground
Philadelphia,Ravenna,OH,Size L,11.36,2,UPS® Ground
Philadelphia,Roaming Shores,OH,Size L,11.36,2,UPS® Ground
Philadelphia,Richmond Hill,GA,Size L,14.74,2,UPS® Ground
Philadelphia,Riverview,FL,Size L,14.74,2,UPS® Ground
Philadelphia,Rochester,MN,Size L,14.74,2,UPS® Ground
Philadelphia,Round Rock,TX,Size L,17.1,3,UPS® Ground
Philadelphia,Saint Petersburg,FL,Size L,14.74,2,UPS® Ground
Philadelphia,San Leandro,CA,Size L,18.12,4,UPS® Ground
Philadelphia,Southington,CT,Size L,10.41,1,UPS® Ground
Philadelphia,Spartanburg,SC,Size L,11.36,2,UPS® Ground
Philadelphia,Surprise,AZ,Size L,18.12,3,UPS® Ground
Philadelphia,Santa Barbara,CA,Size L,18.12,4,UPS® Ground
Philadelphia,Shelton,CT,Size L,10.41,1,UPS® Ground
Philadelphia,Spring Branch,TX,Size L,17.1,3,UPS® Ground
Philadelphia,St. Louis,MO,Size L,14.74,2,UPS® Ground
Philadelphia,Stroudsburg,PA,Size L,9.41,1,UPS® Ground
Philadelphia,Sunapee,NH,Size L,10.41,2,UPS® Ground
Philadelphia,Swedesboro,NJ,Size L,9.41,1,UPS® Ground
Philadelphia,Syracuse,NY,Size L,10.41,2,UPS® Ground
Philadelphia,Tomball,TX,Size L,16.04,3,UPS® Ground
Philadelphia,Topeka,KS,Size L,16.04,3,UPS® Ground
Philadelphia,Tuscaloosa,AL,Size L,14.74,2,UPS® Ground
Philadelphia,Terre Haute,IN,Size L,14.74,2,UPS® Ground
Philadelphia,Tinley Park,IL,Size L,14.74,2,UPS® Ground
Philadelphia,Toms River,NJ,Size L,9.41,1,UPS® Ground
Philadelphia,Tulare,CA,Size L,18.12,4,UPS® Ground
Philadelphia,Vienna,VA,Size L,9.41,1,UPS® Ground
Philadelphia,Walnut Creek,CA,Size L,18.12,4,UPS® Ground
Philadelphia,Wayne,NJ,Size L,9.41,1,UPS® Ground
Philadelphia,Waynesboro,VA,Size L,10.41,1,UPS® Ground
Philadelphia,West Sacramento,CA,Size L,18.12,4,UPS® Ground
Philadelphia,Yuba City,CA,Size L,18.12,4,UPS® Ground
Philadelphia,Zachary,LA,Size L,16.04,3,UPS® Ground
Philadelphia,Buford,GA,Size L,14.74,2,UPS® Ground
Philadelphia,Modesto,CA,Size L,18.12,4,UPS® Ground
Philadelphia,Winter Park,FL,Size L,14.74,2,UPS® Ground
Dallas,Arvada,CO,Size L,14.74,2,UPS® Ground
Dallas,Anchorage,AK,Size L,46.14,4,UPS® Ground
Dallas,Birmingham,AL,Size L,11.36,2,UPS® Ground
Dallas,Bozeman,MT,Size L,16.04,3,UPS® Ground
Dallas,Conroe,TX,Size L,10.41,1,UPS® Ground
Dallas,Carmel Valley,CA,Size L,16.04,3,UPS® Ground
Dallas,Castle Rock,CO,Size L,14.74,2,UPS® Ground
Dallas,Cedar Rapids,IA,Size L,14.74,2,UPS® Ground
Dallas,Cooperstown,NY,Size L,16.04,4,UPS® Ground
Dallas,Deland,FL,Size L,14.74,2,UPS® Ground
Dallas,Fort Mill,SC,Size L,14.74,3,UPS® Ground
Dallas,Fargo,ND,Size L,14.74,3,UPS® Ground
Dallas,Glen Allen,VA,Size L,16.04,3,UPS® Ground
Dallas,Grand Junction,CO,Size L,14.74,2,UPS® Ground
Dallas,Highlands Ranch,CO,Size L,14.74,2,UPS® Ground
Dallas,Joliet,IL,Size L,14.74,2,UPS® Ground
Dallas,Kerrville,TX,Size L,11.36,2,UPS® Ground
Dallas,Longmont,CO,Size L,14.74,2,UPS® Ground
Dallas,Minneapolis,MN,Size L,14.74,2,UPS® Ground
Dallas,Naperville,IL,Size L,14.74,2,UPS® Ground
Dallas,Neosho,MO,Size L,11.36,2,UPS® Ground
Dallas,Puyallup,WA,Size L,17.1,4,UPS® Ground
Dallas,Queen Creek,AZ,Size L,14.74,3,UPS® Ground
Dallas,Saline,MI,Size L,14.74,3,UPS® Ground
Dallas,Sevierville,TN,Size L,14.74,2,UPS® Ground
Dallas,Sterling Heights,MI,Size L,14.74,3,UPS® Ground
Dallas,Thornton,CO,Size L,14.74,2,UPS® Ground
Dallas,Ventura,CA,Size L,16.04,3,UPS® Ground
Dallas,Wilmington,MA,Size L,17.1,3,UPS® Ground
Dallas,Clermont,FL,Size L,14.74,2,UPS® Ground
Dallas,Abilene,TX,Size L,10.41,1,UPS® Ground
Dallas,Brick,NJ,Size L,16.04,3,UPS® Ground
Dallas,Bentonville,AR,Size L,11.36,2,UPS® Ground
Dallas,Bogart,GA,Size L,14.74,2,UPS® Ground
Dallas,Boston,MA,Size L,17.1,3,UPS® Ground
Dallas,Buffalo,NY,Size L,16.04,4,UPS® Ground
Dallas,Cary,NC,Size L,16.04,3,UPS® Ground
Dallas,Dallas,GA,Size L,14.74,2,UPS® Ground
Dallas,Doylestown,PA,Size L,16.04,3,UPS® Ground
Dallas,Eugene,OR,Size L,17.1,4,UPS® Ground
Dallas,Edmond,OK,Size L,10.41,1,UPS® Ground
Dallas,Forney,TX,Size L,9.41,1,UPS® Ground
Dallas,Fuquay Varina,NC,Size L,16.04,3,UPS® Ground
Dallas,Glendora,CA,Size L,17.1,3,UPS® Ground
Dallas,Henrico,VA,Size L,16.04,3,UPS® Ground
Dallas,Hockessin,DE,Size L,16.04,3,UPS® Ground
Dallas,Holly Springs,NC,Size L,16.04,3,UPS® Ground
Dallas,Irvine,CA,Size L,16.04,3,UPS® Ground
Dallas,Lakeland,FL,Size L,14.74,2,UPS® Ground
Dallas,Lawrence,KS,Size L,11.36,2,UPS® Ground
Dallas,League City,TX,Size L,10.41,1,UPS® Ground
Dallas,Mansfield,TX,Size L,9.41,1,UPS® Ground
Dallas,Madison,WI,Size L,14.74,3,UPS® Ground
Dallas,McKinney,TX,Size L,9.41,1,UPS® Ground
Dallas,Mentor,OH,Size L,16.04,3,UPS® Ground
Dallas,Mount Airy,MD,Size L,16.04,3,UPS® Ground
Dallas,Norfolk,VA,Size L,16.04,3,UPS® Ground
Dallas,Nampa,ID,Size L,16.04,4,UPS® Ground
Dallas,Noblesville,IN,Size L,14.74,3,UPS® Ground
Dallas,Orland Park,IL,Size L,14.74,2,UPS® Ground
Dallas,Palm Harbor,FL,Size L,14.74,2,UPS® Ground
Dallas,Petaluma,CA,Size L,17.1,3,UPS® Ground
Dallas,Placentia,CA,Size L,16.04,3,UPS® Ground
Dallas,Prescott,AZ,Size L,14.74,3,UPS® Ground
Dallas,Richardson,TX,Size L,9.41,1,UPS® Ground
Dallas,Roanoke,VA,Size L,14.74,3,UPS® Ground
Dallas,Richmond,TX,Size L,10.41,1,UPS® Ground
Dallas,Sanford,ME,Size L,17.1,3,UPS® Ground
Dallas,Seminole,FL,Size L,14.74,2,UPS® Ground
Dallas,Sheridan,WY,Size L,14.74,3,UPS® Ground
Dallas,Sparks,NV,Size L,16.04,4,UPS® Ground
Dallas,Traverse City,MI,Size L,16.04,3,UPS® Ground
Dallas,Tulsa,OK,Size L,10.41,1,UPS® Ground
Dallas,Wake Forest,NC,Size L,16.04,3,UPS® Ground
Dallas,Waterloo,SC,Size L,14.74,2,UPS® Ground
Dallas,Waukesha,WI,Size L,14.74,3,UPS® Ground
Dallas,Wichita,KS,Size L,11.36,1,UPS® Ground
Dallas,Winnsboro,TX,Size L,9.41,1,UPS® Ground
Dallas,Woodbury,MN,Size L,14.74,2,UPS® Ground
Dallas,Cumming,GA,Size L,14.74,2,UPS® Ground
Dallas,Muskegon,MI,Size L,14.74,3,UPS® Ground
Dallas,Akron,OH,Size L,16.04,3,UPS® Ground
Dallas,Albany,OR,Size L,17.1,4,UPS® Ground
Dallas,Alpharetta,GA,Size L,14.74,2,UPS® Ground
Dallas,Asheville,NC,Size L,14.74,3,UPS® Ground
Dallas,Bixby,OK,Size L,10.41,1,UPS® Ground
Dallas,Boulder,CO,Size L,14.74,2,UPS® Ground
Dallas,Bethlehem,PA,Size L,16.04,3,UPS® Ground
Dallas,Brenham,TX,Size L,9.41,1,UPS® Ground
Dallas,Broken Bow,OK,Size L,9.41,1,UPS® Ground
Dallas,Cape Coral,FL,Size L,14.74,3,UPS® Ground
Dallas,Chula Vista,CA,Size L,16.04,3,UPS® Ground
Dallas,Crawfordville,FL,Size L,14.74,2,UPS® Ground
Dallas,Cypress,TX,Size L,10.41,1,UPS® Ground
Dallas,Clearwater,FL,Size L,14.74,2,UPS® Ground
Dallas,Columbiana,AL,Size L,11.36,2,UPS® Ground
Dallas,Columbus,GA,Size L,14.74,2,UPS® Ground
Dallas,Commack,NY,Size L,17.1,3,UPS® Ground
Dallas,Dublin,CA,Size L,17.1,3,UPS® Ground
Dallas,Decatur,GA,Size L,14.74,2,UPS® Ground
Dallas,Deltona,FL,Size L,14.74,2,UPS® Ground
Dallas,Derry,NH,Size L,17.1,3,UPS® Ground
Dallas,Douglassville,PA,Size L,16.04,3,UPS® Ground
Dallas,Easton,PA,Size L,16.04,3,UPS® Ground
Dallas,El Paso,TX,Size L,14.74,2,UPS® Ground
Dallas,Escondido,CA,Size L,16.04,3,UPS® Ground
Dallas,Fairport,NY,Size L,16.04,4,UPS® Ground
Dallas,Flemington,NJ,Size L,16.04,3,UPS® Ground
Dallas,Florence,SC,Size L,16.04,2,UPS® Ground
Dallas,Fort Lauderdale,FL,Size L,16.04,3,UPS® Ground
Dallas,Frisco,TX,Size L,9.41,1,UPS® Ground
Dallas,Goodyear,AZ,Size L,16.04,3,UPS® Ground
Dallas,Gays Mills,WI,Size L,14.74,4,UPS® Ground
Dallas,Grafton,WI,Size L,14.74,3,UPS® Ground
Dallas,Green Cove Springs,FL,Size L,14.74,2,UPS® Ground
Dallas,Greensburg,PA,Size L,16.04,3,UPS® Ground
Dallas,Honolulu,HI,Size L,46.14,4,UPS® Ground
Dallas,Humble,TX,Size L,10.41,1,UPS® Ground
Dallas,Huntington,NY,Size L,17.1,3,UPS® Ground
Dallas,Idaho Falls,ID,Size L,16.04,3,UPS® Ground
Dallas,Jackson,TN,Size L,11.36,2,UPS® Ground
Dallas,Jacksonville,NC,Size L,16.04,3,UPS® Ground
Dallas,Jenkintown,PA,Size L,16.04,3,UPS® Ground
Dallas,Johnson City,TN,Size L,14.74,2,UPS® Ground
Dallas,Kingwood,TX,Size L,10.41,1,UPS® Ground
Dallas,Lansing,MI,Size L,14.74,3,UPS® Ground
Dallas,Lapeer,MI,Size L,16.04,3,UPS® Ground
Dallas,Lawrenceville,GA,Size L,14.74,2,UPS® Ground
Dallas,Lexington,NC,Size L,14.74,3,UPS® Ground
Dallas,Lubbock,TX,Size L,10.41,1,UPS® Ground
Dallas,Medina,OH,Size L,14.74,3,UPS® Ground
Dallas,Macomb,MI,Size L,16.04,3,UPS® Ground
Dallas,Magnolia,TX,Size L,10.41,1,UPS® Ground
Dallas,Martinsburg,WV,Size L,16.04,3,UPS® Ground
Dallas,Meridian,ID,Size L,16.04,4,UPS® Ground
Dallas,Mobile,AL,Size L,11.36,2,UPS® Ground
Dallas,Morrison,CO,Size L,14.74,2,UPS® Ground
Dallas,Napa,CA,Size L,17.1,3,UPS® Ground
Dallas,New Braunfels,TX,Size L,10.41,2,UPS® Ground
Dallas,New Lenox,IL,Size L,14.74,2,UPS® Ground
Dallas,New Orleans,LA,Size L,11.36,2,UPS® Ground
Dallas,Newark,DE,Size L,16.04,3,UPS® Ground
Dallas,Oakland,CA,Size L,17.1,3,UPS® Ground
Dallas,Owasso,OK,Size L,10.41,1,UPS® Ground
Dallas,Overland Park,KS,Size L,11.36,2,UPS® Ground
Dallas,Panama City,FL,Size L,14.74,2,UPS® Ground
Dallas,Panama City Beach,FL,Size L,14.74,2,UPS® Ground
Dallas,Patchogue,NY,Size L,17.1,3,UPS® Ground
Dallas,Port Clinton,OH,Size L,14.74,3,UPS® Ground
Dallas,Paducah,KY,Size L,11.36,2,UPS® Ground
Dallas,Palmetto,FL,Size L,14.74,3,UPS® Ground
Dallas,Pearland,TX,Size L,10.41,1,UPS® Ground
Dallas,Pella,IA,Size L,14.74,2,UPS® Ground
Dallas,Pittsford,NY,Size L,16.04,4,UPS® Ground
Dallas,Port Orange,FL,Size L,14.74,2,UPS® Ground
Dallas,Ravenna,OH,Size L,14.74,3,UPS® Ground
Dallas,Roaming Shores,OH,Size L,16.04,3,UPS® Ground
Dallas,Richmond Hill,GA,Size L,14.74,2,UPS® Ground
Dallas,Riverview,FL,Size L,14.74,2,UPS® Ground
Dallas,Rochester,MN,Size L,14.74,2,UPS® Ground
Dallas,Round Rock,TX,Size L,10.41,1,UPS® Ground
Dallas,Saint Petersburg,FL,Size L,14.74,2,UPS® Ground
Dallas,San Leandro,CA,Size L,17.1,3,UPS® Ground
Dallas,Southington,CT,Size L,17.1,3,UPS® Ground
Dallas,Spartanburg,SC,Size L,14.74,2,UPS® Ground
Dallas,Surprise,AZ,Size L,16.04,3,UPS® Ground
Dallas,Santa Barbara,CA,Size L,16.04,3,UPS® Ground
Dallas,Shelton,CT,Size L,17.1,3,UPS® Ground
Dallas,Spring Branch,TX,Size L,11.36,1,UPS® Ground
Dallas,St. Louis,MO,Size L,11.36,2,UPS® Ground
Dallas,Stroudsburg,PA,Size L,16.04,3,UPS® Ground
Dallas,Sunapee,NH,Size L,17.1,3,UPS® Ground
Dallas,Swedesboro,NJ,Size L,16.04,3,UPS® Ground
Dallas,Syracuse,NY,Size L,16.04,4,UPS® Ground
Dallas,Tomball,TX,Size L,10.41,1,UPS® Ground
Dallas,Topeka,KS,Size L,11.36,2,UPS® Ground
Dallas,Tuscaloosa,AL,Size L,11.36,2,UPS® Ground
Dallas,Terre Haute,IN,Size L,14.74,3,UPS® Ground
Dallas,Tinley Park,IL,Size L,14.74,2,UPS® Ground
Dallas,Toms River,NJ,Size L,16.04,3,UPS® Ground
Dallas,Tulare,CA,Size L,16.04,3,UPS® Ground
Dallas,Vienna,VA,Size L,16.04,3,UPS® Ground
Dallas,Walnut Creek,CA,Size L,17.1,3,UPS® Ground
Dallas,Wayne,NJ,Size L,16.04,3,UPS® Ground
Dallas,Waynesboro,VA,Size L,16.04,3,UPS® Ground
Dallas,West Sacramento,CA,Size L,17.1,3,UPS® Ground
Dallas,Yuba City,CA,Size L,17.1,3,UPS® Ground
Dallas,Zachary,LA,Size L,11.36,2,UPS® Ground
Dallas,Buford,GA,Size L,14.74,2,UPS® Ground
Dallas,Modesto,CA,Size L,18.12,3,UPS® Ground
Dallas,Winter Park,FL,Size L,14.74,2,UPS® Ground
Jacksonville,Arvada,CO,Size L,17.1,3,UPS® Ground
Jacksonville,Anchorage,AK,Size L,46.14,4,UPS® Ground
Jacksonville,Birmingham,AL,Size L,11.36,2,UPS® Ground
Jacksonville,Bozeman,MT,Size L,18.12,4,UPS® Ground
Jacksonville,Conroe,TX,Size L,14.74,3,UPS® Ground
Jacksonville,Carmel Valley,CA,Size L,18.12,4,UPS® Ground
Jacksonville,Castle Rock,CO,Size L,17.1,3,UPS® Ground
Jacksonville,Cedar Rapids,IA,Size L,14.74,4,UPS® Ground
Jacksonville,Cooperstown,NY,Size L,14.74,2,UPS® Ground
Jacksonville,Deland,FL,Size L,9.41,1,UPS® Ground
Jacksonville,Fort Mill,SC,Size L,11.36,2,UPS® Ground
Jacksonville,Fargo,ND,Size L,16.04,4,UPS® Ground
Jacksonville,Glen Allen,VA,Size L,11.36,2,UPS® Ground
Jacksonville,Grand Junction,CO,Size L,17.1,4,UPS® Ground
Jacksonville,Highlands Ranch,CO,Size L,17.1,3,UPS® Ground
Jacksonville,Joliet,IL,Size L,14.74,2,UPS® Ground
Jacksonville,Kerrville,TX,Size L,16.04,2,UPS® Ground
Jacksonville,Longmont,CO,Size L,17.1,3,UPS® Ground
Jacksonville,Minneapolis,MN,Size L,16.04,3,UPS® Ground
Jacksonville,Naperville,IL,Size L,14.74,2,UPS® Ground
Jacksonville,Neosho,MO,Size L,14.74,2,UPS® Ground
Jacksonville,Puyallup,WA,Size L,18.12,4,UPS® Ground
Jacksonville,Queen Creek,AZ,Size L,17.1,3,UPS® Ground
Jacksonville,Saline,MI,Size L,14.74,2,UPS® Ground
Jacksonville,Sevierville,TN,Size L,11.36,2,UPS® Ground
Jacksonville,Sterling Heights,MI,Size L,14.74,2,UPS® Ground
Jacksonville,Thornton,CO,Size L,17.1,3,UPS® Ground
Jacksonville,Ventura,CA,Size L,18.12,4,UPS® Ground
Jacksonville,Wilmington,MA,Size L,16.04,3,UPS® Ground
Jacksonville,Clermont,FL,Size L,10.41,1,UPS® Ground
Jacksonville,Abilene,TX,Size L,16.04,3,UPS® Ground
Jacksonville,Brick,NJ,Size L,14.74,2,UPS® Ground
Jacksonville,Bentonville,AR,Size L,14.74,2,UPS® Ground
Jacksonville,Bogart,GA,Size L,10.41,2,UPS® Ground
Jacksonville,Boston,MA,Size L,16.04,3,UPS® Ground
Jacksonville,Buffalo,NY,Size L,14.74,3,UPS® Ground
Jacksonville,Cary,NC,Size L,11.36,2,UPS® Ground
Jacksonville,Dallas,GA,Size L,11.36,2,UPS® Ground
Jacksonville,Doylestown,PA,Size L,14.74,2,UPS® Ground
Jacksonville,Eugene,OR,Size L,18.12,4,UPS® Ground
Jacksonville,Edmond,OK,Size L,14.74,2,UPS® Ground
Jacksonville,Forney,TX,Size L,14.74,3,UPS® Ground
Jacksonville,Fuquay Varina,NC,Size L,11.36,2,UPS® Ground
Jacksonville,Glendora,CA,Size L,18.12,4,UPS® Ground
Jacksonville,Henrico,VA,Size L,11.36,2,UPS® Ground
Jacksonville,Hockessin,DE,Size L,14.74,2,UPS® Ground
Jacksonville,Holly Springs,NC,Size L,11.36,2,UPS® Ground
Jacksonville,Irvine,CA,Size L,18.12,4,UPS® Ground
Jacksonville,Lakeland,FL,Size L,10.41,1,UPS® Ground
Jacksonville,Lawrence,KS,Size L,14.74,2,UPS® Ground
Jacksonville,League City,TX,Size L,14.74,3,UPS® Ground
Jacksonville,Mansfield,TX,Size L,14.74,3,UPS® Ground
Jacksonville,Madison,WI,Size L,14.74,3,UPS® Ground
Jacksonville,McKinney,TX,Size L,14.74,3,UPS® Ground
Jacksonville,Mentor,OH,Size L,14.74,2,UPS® Ground
Jacksonville,Mount Airy,MD,Size L,14.74,2,UPS® Ground
Jacksonville,Norfolk,VA,Size L,11.36,2,UPS® Ground
Jacksonville,Nampa,ID,Size L,18.12,6,UPS® Ground
Jacksonville,Noblesville,IN,Size L,14.74,3,UPS® Ground
Jacksonville,Orland Park,IL,Size L,14.74,2,UPS® Ground
Jacksonville,Palm Harbor,FL,Size L,10.41,1,UPS® Ground
Jacksonville,Petaluma,CA,Size L,18.12,4,UPS® Ground
Jacksonville,Placentia,CA,Size L,18.12,4,UPS® Ground
Jacksonville,Prescott,AZ,Size L,17.1,3,UPS® Ground
Jacksonville,Richardson,TX,Size L,14.74,3,UPS® Ground
Jacksonville,Roanoke,VA,Size L,11.36,2,UPS® Ground
Jacksonville,Richmond,TX,Size L,14.74,3,UPS® Ground
Jacksonville,Sanford,ME,Size L,16.04,3,UPS® Ground
Jacksonville,Seminole,FL,Size L,10.41,1,UPS® Ground
Jacksonville,Sheridan,WY,Size L,17.1,4,UPS® Ground
Jacksonville,Sparks,NV,Size L,18.12,4,UPS® Ground
Jacksonville,Traverse City,MI,Size L,14.74,2,UPS® Ground
Jacksonville,Tulsa,OK,Size L,14.74,2,UPS® Ground
Jacksonville,Wake Forest,NC,Size L,11.36,2,UPS® Ground
Jacksonville,Waterloo,SC,Size L,11.36,2,UPS® Ground
Jacksonville,Waukesha,WI,Size L,14.74,3,UPS® Ground
Jacksonville,Wichita,KS,Size L,16.04,2,UPS® Ground
Jacksonville,Winnsboro,TX,Size L,14.74,3,UPS® Ground
Jacksonville,Woodbury,MN,Size L,16.04,3,UPS® Ground
Jacksonville,Cumming,GA,Size L,11.36,2,UPS® Ground
Jacksonville,Muskegon,MI,Size L,14.74,2,UPS® Ground
Jacksonville,Akron,OH,Size L,14.74,2,UPS® Ground
Jacksonville,Albany,OR,Size L,18.12,4,UPS® Ground
Jacksonville,Alpharetta,GA,Size L,11.36,2,UPS® Ground
Jacksonville,Asheville,NC,Size L,11.36,2,UPS® Ground
Jacksonville,Bixby,OK,Size L,14.74,2,UPS® Ground
Jacksonville,Boulder,CO,Size L,17.1,3,UPS® Ground
Jacksonville,Bethlehem,PA,Size L,14.74,2,UPS® Ground
Jacksonville,Brenham,TX,Size L,14.74,3,UPS® Ground
Jacksonville,Broken Bow,OK,Size L,14.74,2,UPS® Ground
Jacksonville,Cape Coral,FL,Size L,10.41,1,UPS® Ground
Jacksonville,Chula Vista,CA,Size L,18.12,4,UPS® Ground
Jacksonville,Crawfordville,FL,Size L,10.41,1,UPS® Ground
Jacksonville,Cypress,TX,Size L,14.74,3,UPS® Ground
Jacksonville,Clearwater,FL,Size L,10.41,1,UPS® Ground
Jacksonville,Columbiana,AL,Size L,11.36,2,UPS® Ground
Jacksonville,Columbus,GA,Size L,10.41,2,UPS® Ground
Jacksonville,Commack,NY,Size L,14.74,2,UPS® Ground
Jacksonville,Dublin,CA,Size L,18.12,4,UPS® Ground
Jacksonville,Decatur,GA,Size L,11.36,2,UPS® Ground
Jacksonville,Deltona,FL,Size L,9.41,1,UPS® Ground
Jacksonville,Derry,NH,Size L,16.04,3,UPS® Ground
Jacksonville,Douglassville,PA,Size L,14.74,2,UPS® Ground
Jacksonville,Easton,PA,Size L,14.74,2,UPS® Ground
Jacksonville,El Paso,TX,Size L,17.1,4,UPS® Ground
Jacksonville,Escondido,CA,Size L,18.12,4,UPS® Ground
Jacksonville,Fairport,NY,Size L,14.74,3,UPS® Ground
Jacksonville,Flemington,NJ,Size L,14.74,2,UPS® Ground
Jacksonville,Florence,SC,Size L,10.41,2,UPS® Ground
Jacksonville,Fort Lauderdale,FL,Size L,11.36,1,UPS® Ground
Jacksonville,Frisco,TX,Size L,14.74,3,UPS® Ground
Jacksonville,Goodyear,AZ,Size L,18.12,3,UPS® Ground
Jacksonville,Gays Mills,WI,Size L,16.04,4,UPS® Ground
Jacksonville,Grafton,WI,Size L,14.74,3,UPS® Ground
Jacksonville,Green Cove Springs,FL,Size L,9.41,1,UPS® Ground
Jacksonville,Greensburg,PA,Size L,14.74,2,UPS® Ground
Jacksonville,Honolulu,HI,Size L,46.14,5,UPS® Ground
Jacksonville,Humble,TX,Size L,14.74,3,UPS® Ground
Jacksonville,Huntington,NY,Size L,14.74,2,UPS® Ground
Jacksonville,Idaho Falls,ID,Size L,18.12,5,UPS® Ground
Jacksonville,Jackson,TN,Size L,11.36,2,UPS® Ground
Jacksonville,Jacksonville,NC,Size L,11.36,2,UPS® Ground
Jacksonville,Jenkintown,PA,Size L,14.74,2,UPS® Ground
Jacksonville,Johnson City,TN,Size L,11.36,2,UPS® Ground
Jacksonville,Kingwood,TX,Size L,14.74,3,UPS® Ground
Jacksonville,Lansing,MI,Size L,14.74,2,UPS® Ground
Jacksonville,Lapeer,MI,Size L,14.74,2,UPS® Ground
Jacksonville,Lawrenceville,GA,Size L,11.36,2,UPS® Ground
Jacksonville,Lexington,NC,Size L,11.36,2,UPS® Ground
Jacksonville,Lubbock,TX,Size L,16.04,3,UPS® Ground
Jacksonville,Medina,OH,Size L,14.74,2,UPS® Ground
Jacksonville,Macomb,MI,Size L,14.74,2,UPS® Ground
Jacksonville,Magnolia,TX,Size L,14.74,3,UPS® Ground
Jacksonville,Martinsburg,WV,Size L,14.74,2,UPS® Ground
Jacksonville,Meridian,ID,Size L,18.12,6,UPS® Ground
Jacksonville,Mobile,AL,Size L,11.36,2,UPS® Ground
Jacksonville,Morrison,CO,Size L,17.1,3,UPS® Ground
Jacksonville,Napa,CA,Size L,18.12,4,UPS® Ground
Jacksonville,New Braunfels,TX,Size L,14.74,2,UPS® Ground
Jacksonville,New Lenox,IL,Size L,14.74,2,UPS® Ground
Jacksonville,New Orleans,LA,Size L,11.36,2,UPS® Ground
Jacksonville,Newark,DE,Size L,14.74,2,UPS® Ground
Jacksonville,Oakland,CA,Size L,18.12,4,UPS® Ground
Jacksonville,Owasso,OK,Size L,14.74,2,UPS® Ground
Jacksonville,Overland Park,KS,Size L,14.74,2,UPS® Ground
Jacksonville,Panama City,FL,Size L,11.36,1,UPS® Ground
Jacksonville,Panama City Beach,FL,Size L,11.36,1,UPS® Ground
Jacksonville,Patchogue,NY,Size L,14.74,2,UPS® Ground
Jacksonville,Port Clinton,OH,Size L,14.74,2,UPS® Ground
Jacksonville,Paducah,KY,Size L,11.36,2,UPS® Ground
Jacksonville,Palmetto,FL,Size L,10.41,1,UPS® Ground
Jacksonville,Pearland,TX,Size L,14.74,3,UPS® Ground
Jacksonville,Pella,IA,Size L,16.04,4,UPS® Ground
Jacksonville,Pittsford,NY,Size L,14.74,3,UPS® Ground
Jacksonville,Port Orange,FL,Size L,9.41,1,UPS® Ground
Jacksonville,Ravenna,OH,Size L,14.74,2,UPS® Ground
Jacksonville,Roaming Shores,OH,Size L,14.74,2,UPS® Ground
Jacksonville,Richmond Hill,GA,Size L,9.41,1,UPS® Ground
Jacksonville,Riverview,FL,Size L,10.41,1,UPS® Ground
Jacksonville,Rochester,MN,Size L,16.04,3,UPS® Ground
Jacksonville,Round Rock,TX,Size L,14.74,2,UPS® Ground
Jacksonville,Saint Petersburg,FL,Size L,10.41,1,UPS® Ground
Jacksonville,San Leandro,CA,Size L,18.12,4,UPS® Ground
Jacksonville,Southington,CT,Size L,14.74,3,UPS® Ground
Jacksonville,Spartanburg,SC,Size L,11.36,2,UPS® Ground
Jacksonville,Surprise,AZ,Size L,18.12,3,UPS® Ground
Jacksonville,Santa Barbara,CA,Size L,18.12,4,UPS® Ground
Jacksonville,Shelton,CT,Size L,14.74,3,UPS® Ground
Jacksonville,Spring Branch,TX,Size L,16.04,2,UPS® Ground
Jacksonville,St. Louis,MO,Size L,14.74,2,UPS® Ground
Jacksonville,Stroudsburg,PA,Size L,14.74,2,UPS® Ground
Jacksonville,Sunapee,NH,Size L,16.04,3,UPS® Ground
Jacksonville,Swedesboro,NJ,Size L,14.74,2,UPS® Ground
Jacksonville,Syracuse,NY,Size L,14.74,2,UPS® Ground
Jacksonville,Tomball,TX,Size L,14.74,3,UPS® Ground
Jacksonville,Topeka,KS,Size L,16.04,2,UPS® Ground
Jacksonville,Tuscaloosa,AL,Size L,11.36,2,UPS® Ground
Jacksonville,Terre Haute,IN,Size L,14.74,3,UPS® Ground
Jacksonville,Tinley Park,IL,Size L,14.74,2,UPS® Ground
Jacksonville,Toms River,NJ,Size L,14.74,2,UPS® Ground
Jacksonville,Tulare,CA,Size L,18.12,4,UPS® Ground
Jacksonville,Vienna,VA,Size L,14.74,2,UPS® Ground
Jacksonville,Walnut Creek,CA,Size L,18.12,4,UPS® Ground
Jacksonville,Wayne,NJ,Size L,14.74,2,UPS® Ground
Jacksonville,Waynesboro,VA,Size L,11.36,2,UPS® Ground
Jacksonville,West Sacramento,CA,Size L,18.12,4,UPS® Ground
Jacksonville,Yuba City,CA,Size L,18.12,4,UPS® Ground
Jacksonville,Zachary,LA,Size L,11.36,2,UPS® Ground
Jacksonville,Buford,GA,Size L,11.36,2,UPS® Ground
Jacksonville,Modesto,CA,Size L,18.12,4,UPS® Ground
Jacksonville,Winter Park,FL,Size L,9.41,1,UPS® Ground
Chicago,Arvada,CO,Size L,14.74,2,UPS® Ground
Chicago,Anchorage,AK,Size L,46.14,4,UPS® Ground
Chicago,Birmingham,AL,Size L,11.36,2,UPS® Ground
Chicago,Bozeman,MT,Size L,16.04,3,UPS® Ground
Chicago,Conroe,TX,Size L,14.74,3,UPS® Ground
Chicago,Carmel Valley,CA,Size L,17.1,3,UPS® Ground
Chicago,Castle Rock,CO,Size L,14.74,2,UPS® Ground
Chicago,Cedar Rapids,IA,Size L,10.41,1,UPS® Ground
Chicago,Cooperstown,NY,Size L,14.74,2,UPS® Ground
Chicago,Deland,FL,Size L,16.04,2,UPS® Ground
Chicago,Fort Mill,SC,Size L,14.74,2,UPS® Ground
Chicago,Fargo,ND,Size L,11.36,2,UPS® Ground
Chicago,Glen Allen,VA,Size L,11.36,3,UPS® Ground
Chicago,Grand Junction,CO,Size L,16.04,3,UPS® Ground
Chicago,Highlands Ranch,CO,Size L,14.74,2,UPS® Ground
Chicago,Joliet,IL,Size L,9.41,1,UPS® Ground
Chicago,Kerrville,TX,Size L,16.04,3,UPS® Ground
Chicago,Longmont,CO,Size L,14.74,2,UPS® Ground
Chicago,Minneapolis,MN,Size L,11.36,2,UPS® Ground
Chicago,Naperville,IL,Size L,9.41,1,UPS® Ground
Chicago,Neosho,MO,Size L,11.36,2,UPS® Ground
Chicago,Puyallup,WA,Size L,17.1,4,UPS® Ground
Chicago,Queen Creek,AZ,Size L,17.1,3,UPS® Ground
Chicago,Saline,MI,Size L,10.41,2,UPS® Ground
Chicago,Sevierville,TN,Size L,11.36,2,UPS® Ground
Chicago,Sterling Heights,MI,Size L,10.41,1,UPS® Ground
Chicago,Thornton,CO,Size L,14.74,2,UPS® Ground
Chicago,Ventura,CA,Size L,17.1,3,UPS® Ground
Chicago,Wilmington,MA,Size L,14.74,3,UPS® Ground
Chicago,Clermont,FL,Size L,16.04,2,UPS® Ground
Chicago,Abilene,TX,Size L,14.74,2,UPS® Ground
Chicago,Brick,NJ,Size L,14.74,2,UPS® Ground
Chicago,Bentonville,AR,Size L,11.36,2,UPS® Ground
Chicago,Bogart,GA,Size L,14.74,2,UPS® Ground
Chicago,Boston,MA,Size L,14.74,3,UPS® Ground
Chicago,Buffalo,NY,Size L,11.36,2,UPS® Ground
Chicago,Cary,NC,Size L,14.74,2,UPS® Ground
Chicago,Dallas,GA,Size L,14.74,2,UPS® Ground
Chicago,Doylestown,PA,Size L,14.74,2,UPS® Ground
Chicago,Eugene,OR,Size L,17.1,4,UPS® Ground
Chicago,Edmond,OK,Size L,14.74,2,UPS® Ground
Chicago,Forney,TX,Size L,14.74,2,UPS® Ground
Chicago,Fuquay Varina,NC,Size L,14.74,2,UPS® Ground
Chicago,Glendora,CA,Size L,18.12,4,UPS® Ground
Chicago,Henrico,VA,Size L,14.74,3,UPS® Ground
Chicago,Hockessin,DE,Size L,14.74,2,UPS® Ground
Chicago,Holly Springs,NC,Size L,14.74,2,UPS® Ground
Chicago,Irvine,CA,Size L,17.1,3,UPS® Ground
Chicago,Lakeland,FL,Size L,16.04,2,UPS® Ground
Chicago,Lawrence,KS,Size L,11.36,2,UPS® Ground
Chicago,League City,TX,Size L,14.74,3,UPS® Ground
Chicago,Mansfield,TX,Size L,14.74,2,UPS® Ground
Chicago,Madison,WI,Size L,9.41,1,UPS® Ground
Chicago,McKinney,TX,Size L,14.74,2,UPS® Ground
Chicago,Mentor,OH,Size L,11.36,2,UPS® Ground
Chicago,Mount Airy,MD,Size L,11.36,2,UPS® Ground
Chicago,Norfolk,VA,Size L,14.74,3,UPS® Ground
Chicago,Nampa,ID,Size L,17.1,3,UPS® Ground
Chicago,Noblesville,IN,Size L,10.41,1,UPS® Ground
Chicago,Orland Park,IL,Size L,9.41,1,UPS® Ground
Chicago,Palm Harbor,FL,Size L,14.74,2,UPS® Ground
Chicago,Petaluma,CA,Size L,18.12,4,UPS® Ground
Chicago,Placentia,CA,Size L,17.1,3,UPS® Ground
Chicago,Prescott,AZ,Size L,16.04,3,UPS® Ground
Chicago,Richardson,TX,Size L,14.74,2,UPS® Ground
Chicago,Roanoke,VA,Size L,11.36,2,UPS® Ground
Chicago,Richmond,TX,Size L,16.04,3,UPS® Ground
Chicago,Sanford,ME,Size L,14.74,3,UPS® Ground
Chicago,Seminole,FL,Size L,16.04,2,UPS® Ground
Chicago,Sheridan,WY,Size L,14.74,3,UPS® Ground
Chicago,Sparks,NV,Size L,17.1,3,UPS® Ground
Chicago,Traverse City,MI,Size L,10.41,2,UPS® Ground
Chicago,Tulsa,OK,Size L,11.36,2,UPS® Ground
Chicago,Wake Forest,NC,Size L,14.74,2,UPS® Ground
Chicago,Waterloo,SC,Size L,11.36,2,UPS® Ground
Chicago,Waukesha,WI,Size L,10.41,1,UPS® Ground
Chicago,Wichita,KS,Size L,11.36,2,UPS® Ground
Chicago,Winnsboro,TX,Size L,14.74,2,UPS® Ground
Chicago,Woodbury,MN,Size L,11.36,2,UPS® Ground
Chicago,Cumming,GA,Size L,14.74,2,UPS® Ground
Chicago,Muskegon,MI,Size L,9.41,1,UPS® Ground
Chicago,Akron,OH,Size L,11.36,2,UPS® Ground
Chicago,Albany,OR,Size L,17.1,4,UPS® Ground
Chicago,Alpharetta,GA,Size L,14.74,2,UPS® Ground
Chicago,Asheville,NC,Size L,11.36,2,UPS® Ground
Chicago,Bixby,OK,Size L,11.36,2,UPS® Ground
Chicago,Boulder,CO,Size L,14.74,2,UPS® Ground
Chicago,Bethlehem,PA,Size L,14.74,2,UPS® Ground
Chicago,Brenham,TX,Size L,14.74,3,UPS® Ground
Chicago,Broken Bow,OK,Size L,14.74,2,UPS® Ground
Chicago,Cape Coral,FL,Size L,16.04,3,UPS® Ground
Chicago,Chula Vista,CA,Size L,17.1,3,UPS® Ground
Chicago,Crawfordville,FL,Size L,14.74,2,UPS® Ground
Chicago,Cypress,TX,Size L,16.04,3,UPS® Ground
Chicago,Clearwater,FL,Size L,16.04,2,UPS® Ground
Chicago,Columbiana,AL,Size L,11.36,2,UPS® Ground
Chicago,Columbus,GA,Size L,14.74,2,UPS® Ground
Chicago,Commack,NY,Size L,14.74,2,UPS® Ground
Chicago,Dublin,CA,Size L,18.12,4,UPS® Ground
Chicago,Decatur,GA,Size L,14.74,2,UPS® Ground
Chicago,Deltona,FL,Size L,16.04,2,UPS® Ground
Chicago,Derry,NH,Size L,14.74,3,UPS® Ground
Chicago,Douglassville,PA,Size L,14.74,2,UPS® Ground
Chicago,Easton,PA,Size L,14.74,2,UPS® Ground
Chicago,El Paso,TX,Size L,16.04,3,UPS® Ground
Chicago,Escondido,CA,Size L,17.1,4,UPS® Ground
Chicago,Fairport,NY,Size L,11.36,2,UPS® Ground
Chicago,Flemington,NJ,Size L,14.74,2,UPS® Ground
Chicago,Florence,SC,Size L,14.74,2,UPS® Ground
Chicago,Fort Lauderdale,FL,Size L,16.04,3,UPS® Ground
Chicago,Frisco,TX,Size L,14.74,2,UPS® Ground
Chicago,Goodyear,AZ,Size L,17.1,3,UPS® Ground
Chicago,Gays Mills,WI,Size L,10.41,2,UPS® Ground
Chicago,Grafton,WI,Size L,9.41,1,UPS® Ground
Chicago,Green Cove Springs,FL,Size L,14.74,2,UPS® Ground
Chicago,Greensburg,PA,Size L,11.36,2,UPS® Ground
Chicago,Honolulu,HI,Size L,46.14,5,UPS® Ground
Chicago,Humble,TX,Size L,14.74,3,UPS® Ground
Chicago,Huntington,NY,Size L,14.74,2,UPS® Ground
Chicago,Idaho Falls,ID,Size L,16.04,3,UPS® Ground
Chicago,Jackson,TN,Size L,11.36,2,UPS® Ground
Chicago,Jacksonville,NC,Size L,14.74,3,UPS® Ground
Chicago,Jenkintown,PA,Size L,14.74,2,UPS® Ground
Chicago,Johnson City,TN,Size L,11.36,2,UPS® Ground
Chicago,Kingwood,TX,Size L,14.74,3,UPS® Ground
Chicago,Lansing,MI,Size L,10.41,1,UPS® Ground
Chicago,Lapeer,MI,Size L,10.41,1,UPS® Ground
Chicago,Lawrenceville,GA,Size L,14.74,2,UPS® Ground
Chicago,Lexington,NC,Size L,11.36,2,UPS® Ground
Chicago,Lubbock,TX,Size L,14.74,3,UPS® Ground
Chicago,Medina,OH,Size L,11.36,2,UPS® Ground
Chicago,Macomb,MI,Size L,11.36,1,UPS® Ground
Chicago,Magnolia,TX,Size L,14.74,3,UPS® Ground
Chicago,Martinsburg,WV,Size L,11.36,2,UPS® Ground
Chicago,Meridian,ID,Size L,17.1,3,UPS® Ground
Chicago,Mobile,AL,Size L,14.74,2,UPS® Ground
Chicago,Morrison,CO,Size L,14.74,2,UPS® Ground
Chicago,Napa,CA,Size L,18.12,4,UPS® Ground
Chicago,New Braunfels,TX,Size L,16.04,3,UPS® Ground
Chicago,New Lenox,IL,Size L,9.41,1,UPS® Ground
Chicago,New Orleans,LA,Size L,14.74,2,UPS® Ground
Chicago,Newark,DE,Size L,14.74,2,UPS® Ground
Chicago,Oakland,CA,Size L,18.12,4,UPS® Ground
Chicago,Owasso,OK,Size L,11.36,2,UPS® Ground
Chicago,Overland Park,KS,Size L,11.36,2,UPS® Ground
Chicago,Panama City,FL,Size L,14.74,2,UPS® Ground
Chicago,Panama City Beach,FL,Size L,14.74,2,UPS® Ground
Chicago,Patchogue,NY,Size L,14.74,2,UPS® Ground
Chicago,Port Clinton,OH,Size L,10.41,1,UPS® Ground
Chicago,Paducah,KY,Size L,11.36,2,UPS® Ground
Chicago,Palmetto,FL,Size L,16.04,3,UPS® Ground
Chicago,Pearland,TX,Size L,14.74,3,UPS® Ground
Chicago,Pella,IA,Size L,11.36,1,UPS® Ground
Chicago,Pittsford,NY,Size L,11.36,2,UPS® Ground
Chicago,Port Orange,FL,Size L,14.74,2,UPS® Ground
Chicago,Ravenna,OH,Size L,11.36,2,UPS® Ground
Chicago,Roaming Shores,OH,Size L,11.36,2,UPS® Ground
Chicago,Richmond Hill,GA,Size L,14.74,2,UPS® Ground
Chicago,Riverview,FL,Size L,14.74,2,UPS® Ground
Chicago,Rochester,MN,Size L,10.41,2,UPS® Ground
Chicago,Round Rock,TX,Size L,14.74,2,UPS® Ground
Chicago,Saint Petersburg,FL,Size L,16.04,2,UPS® Ground
Chicago,San Leandro,CA,Size L,18.12,4,UPS® Ground
Chicago,Southington,CT,Size L,14.74,2,UPS® Ground
Chicago,Spartanburg,SC,Size L,11.36,2,UPS® Ground
Chicago,Surprise,AZ,Size L,17.1,3,UPS® Ground
Chicago,Santa Barbara,CA,Size L,18.12,3,UPS® Ground
Chicago,Shelton,CT,Size L,14.74,2,UPS® Ground
Chicago,Spring Branch,TX,Size L,16.04,3,UPS® Ground
Chicago,St. Louis,MO,Size L,11.36,1,UPS® Ground
Chicago,Stroudsburg,PA,Size L,14.74,2,UPS® Ground
Chicago,Sunapee,NH,Size L,14.74,3,UPS® Ground
Chicago,Swedesboro,NJ,Size L,14.74,2,UPS® Ground
Chicago,Syracuse,NY,Size L,11.36,2,UPS® Ground
Chicago,Tomball,TX,Size L,14.74,3,UPS® Ground
Chicago,Topeka,KS,Size L,11.36,2,UPS® Ground
Chicago,Tuscaloosa,AL,Size L,14.74,2,UPS® Ground
Chicago,Terre Haute,IN,Size L,10.41,2,UPS® Ground
Chicago,Tinley Park,IL,Size L,9.41,1,UPS® Ground
Chicago,Toms River,NJ,Size L,14.74,2,UPS® Ground
Chicago,Tulare,CA,Size L,17.1,4,UPS® Ground
Chicago,Vienna,VA,Size L,11.36,2,UPS® Ground
Chicago,Walnut Creek,CA,Size L,18.12,4,UPS® Ground
Chicago,Wayne,NJ,Size L,14.74,2,UPS® Ground
Chicago,Waynesboro,VA,Size L,11.36,2,UPS® Ground
Chicago,West Sacramento,CA,Size L,17.1,4,UPS® Ground
Chicago,Yuba City,CA,Size L,17.1,4,UPS® Ground
Chicago,Zachary,LA,Size L,14.74,3,UPS® Ground
Chicago,Buford,GA,Size L,11.36,2,UPS® Ground
Chicago,Modesto,CA,Size L,17.1,4,UPS® Ground
Chicago,Winter Park,FL,Size L,16.04,2,UPS® Ground
Denver,Arvada,CO,Size L,9.41,1,UPS® Ground
Denver,Anchorage,AK,Size L,46.14,4,UPS® Ground
Denver,Birmingham,AL,Size L,16.04,3,UPS® Ground
Denver,Bozeman,MT,Size L,14.74,2,UPS® Ground
Denver,Conroe,TX,Size L,14.74,2,UPS® Ground
Denver,Carmel Valley,CA,Size L,14.74,2,UPS® Ground
Denver,Castle Rock,CO,Size L,9.41,1,UPS® Ground
Denver,Cedar Rapids,IA,Size L,14.74,2,UPS® Ground
Denver,Cooperstown,NY,Size L,17.1,3,UPS® Ground
Denver,Deland,FL,Size L,17.1,3,UPS® Ground
Denver,Fort Mill,SC,Size L,16.04,3,UPS® Ground
Denver,Fargo,ND,Size L,14.74,2,UPS® Ground
Denver,Glen Allen,VA,Size L,17.1,3,UPS® Ground
Denver,Grand Junction,CO,Size L,10.41,1,UPS® Ground
Denver,Highlands Ranch,CO,Size L,9.41,1,UPS® Ground
Denver,Joliet,IL,Size L,14.74,2,UPS® Ground
Denver,Kerrville,TX,Size L,14.74,2,UPS® Ground
Denver,Longmont,CO,Size L,9.41,1,UPS® Ground
Denver,Minneapolis,MN,Size L,14.74,3,UPS® Ground
Denver,Naperville,IL,Size L,14.74,2,UPS® Ground
Denver,Neosho,MO,Size L,14.74,2,UPS® Ground
Denver,Puyallup,WA,Size L,16.04,3,UPS® Ground
Denver,Queen Creek,AZ,Size L,11.36,2,UPS® Ground
Denver,Saline,MI,Size L,16.04,3,UPS® Ground
Denver,Sevierville,TN,Size L,16.04,3,UPS® Ground
Denver,Sterling Heights,MI,Size L,16.04,3,UPS® Ground
Denver,Thornton,CO,Size L,9.41,1,UPS® Ground
Denver,Ventura,CA,Size L,14.74,2,UPS® Ground
Denver,Wilmington,MA,Size L,17.1,3,UPS® Ground
Denver,Clermont,FL,Size L,17.1,3,UPS® Ground
Denver,Abilene,TX,Size L,11.36,2,UPS® Ground
Denver,Brick,NJ,Size L,17.1,3,UPS® Ground
Denver,Bentonville,AR,Size L,14.74,3,UPS® Ground
Denver,Bogart,GA,Size L,16.04,3,UPS® Ground
Denver,Boston,MA,Size L,17.1,3,UPS® Ground
Denver,Buffalo,NY,Size L,16.04,4,UPS® Ground
Denver,Cary,NC,Size L,17.1,3,UPS® Ground
Denver,Dallas,GA,Size L,16.04,3,UPS® Ground
Denver,Doylestown,PA,Size L,17.1,3,UPS® Ground
Denver,Eugene,OR,Size L,14.74,3,UPS® Ground
Denver,Edmond,OK,Size L,11.36,2,UPS® Ground
Denver,Forney,TX,Size L,14.74,2,UPS® Ground
Denver,Fuquay Varina,NC,Size L,17.1,3,UPS® Ground
Denver,Glendora,CA,Size L,14.74,2,UPS® Ground
Denver,Henrico,VA,Size L,17.1,3,UPS® Ground
Denver,Hockessin,DE,Size L,17.1,3,UPS® Ground
Denver,Holly Springs,NC,Size L,17.1,3,UPS® Ground
Denver,Irvine,CA,Size L,14.74,2,UPS® Ground
Denver,Lakeland,FL,Size L,17.1,3,UPS® Ground
Denver,Lawrence,KS,Size L,11.36,2,UPS® Ground
Denver,League City,TX,Size L,14.74,2,UPS® Ground
Denver,Mansfield,TX,Size L,14.74,2,UPS® Ground
Denver,Madison,WI,Size L,14.74,2,UPS® Ground
Denver,McKinney,TX,Size L,14.74,2,UPS® Ground
Denver,Mentor,OH,Size L,16.04,3,UPS® Ground
Denver,Mount Airy,MD,Size L,17.1,3,UPS® Ground
Denver,Norfolk,VA,Size L,17.1,3,UPS® Ground
Denver,Nampa,ID,Size L,14.74,2,UPS® Ground
Denver,Noblesville,IN,Size L,16.04,3,UPS® Ground
Denver,Orland Park,IL,Size L,14.74,2,UPS® Ground
Denver,Palm Harbor,FL,Size L,17.1,3,UPS® Ground
Denver,Petaluma,CA,Size L,14.74,2,UPS® Ground
Denver,Placentia,CA,Size L,14.74,2,UPS® Ground
Denver,Prescott,AZ,Size L,11.36,2,UPS® Ground
Denver,Richardson,TX,Size L,14.74,2,UPS® Ground
Denver,Roanoke,VA,Size L,16.04,3,UPS® Ground
Denver,Richmond,TX,Size L,14.74,2,UPS® Ground
Denver,Sanford,ME,Size L,17.1,3,UPS® Ground
Denver,Seminole,FL,Size L,17.1,3,UPS® Ground
Denver,Sheridan,WY,Size L,11.36,2,UPS® Ground
Denver,Sparks,NV,Size L,14.74,2,UPS® Ground
Denver,Traverse City,MI,Size L,16.04,3,UPS® Ground
Denver,Tulsa,OK,Size L,11.36,2,UPS® Ground
Denver,Wake Forest,NC,Size L,17.1,3,UPS® Ground
Denver,Waterloo,SC,Size L,16.04,3,UPS® Ground
Denver,Waukesha,WI,Size L,14.74,2,UPS® Ground
Denver,Wichita,KS,Size L,11.36,2,UPS® Ground
Denver,Winnsboro,TX,Size L,14.74,2,UPS® Ground
Denver,Woodbury,MN,Size L,14.74,3,UPS® Ground
Denver,Cumming,GA,Size L,16.04,3,UPS® Ground
Denver,Muskegon,MI,Size L,16.04,2,UPS® Ground
Denver,Akron,OH,Size L,16.04,3,UPS® Ground
Denver,Albany,OR,Size L,14.74,3,UPS® Ground
Denver,Alpharetta,GA,Size L,16.04,3,UPS® Ground
Denver,Asheville,NC,Size L,16.04,3,UPS® Ground
Denver,Bixby,OK,Size L,11.36,2,UPS® Ground
Denver,Boulder,CO,Size L,9.41,1,UPS® Ground
Denver,Bethlehem,PA,Size L,17.1,3,UPS® Ground
Denver,Brenham,TX,Size L,14.74,2,UPS® Ground
Denver,Broken Bow,OK,Size L,14.74,2,UPS® Ground
Denver,Cape Coral,FL,Size L,17.1,3,UPS® Ground
Denver,Chula Vista,CA,Size L,14.74,2,UPS® Ground
Denver,Crawfordville,FL,Size L,16.04,3,UPS® Ground
Denver,Cypress,TX,Size L,14.74,2,UPS® Ground
Denver,Clearwater,FL,Size L,17.1,3,UPS® Ground
Denver,Columbiana,AL,Size L,16.04,3,UPS® Ground
Denver,Columbus,GA,Size L,16.04,3,UPS® Ground
Denver,Commack,NY,Size L,17.1,3,UPS® Ground
Denver,Dublin,CA,Size L,14.74,2,UPS® Ground
Denver,Decatur,GA,Size L,16.04,3,UPS® Ground
Denver,Deltona,FL,Size L,17.1,3,UPS® Ground
Denver,Derry,NH,Size L,17.1,3,UPS® Ground
Denver,Douglassville,PA,Size L,17.1,3,UPS® Ground
Denver,Easton,PA,Size L,17.1,3,UPS® Ground
Denver,El Paso,TX,Size L,11.36,2,UPS® Ground
Denver,Escondido,CA,Size L,14.74,2,UPS® Ground
Denver,Fairport,NY,Size L,16.04,4,UPS® Ground
Denver,Flemington,NJ,Size L,17.1,3,UPS® Ground
Denver,Florence,SC,Size L,17.1,3,UPS® Ground
Denver,Fort Lauderdale,FL,Size L,17.1,3,UPS® Ground
Denver,Frisco,TX,Size L,14.74,2,UPS® Ground
Denver,Goodyear,AZ,Size L,14.74,2,UPS® Ground
Denver,Gays Mills,WI,Size L,14.74,4,UPS® Ground
Denver,Grafton,WI,Size L,14.74,2,UPS® Ground
Denver,Green Cove Springs,FL,Size L,17.1,3,UPS® Ground
Denver,Greensburg,PA,Size L,16.04,3,UPS® Ground
Denver,Honolulu,HI,Size L,46.14,3,UPS® Ground
Denver,Humble,TX,Size L,14.74,2,UPS® Ground
Denver,Huntington,NY,Size L,17.1,3,UPS® Ground
Denver,Idaho Falls,ID,Size L,14.74,2,UPS® Ground
Denver,Jackson,TN,Size L,14.74,3,UPS® Ground
Denver,Jacksonville,NC,Size L,17.1,3,UPS® Ground
Denver,Jenkintown,PA,Size L,17.1,3,UPS® Ground
Denver,Johnson City,TN,Size L,16.04,3,UPS® Ground
Denver,Kingwood,TX,Size L,14.74,2,UPS® Ground
Denver,Lansing,MI,Size L,16.04,3,UPS® Ground
Denver,Lapeer,MI,Size L,16.04,3,UPS® Ground
Denver,Lawrenceville,GA,Size L,16.04,3,UPS® Ground
Denver,Lexington,NC,Size L,17.1,3,UPS® Ground
Denver,Lubbock,TX,Size L,11.36,2,UPS® Ground
Denver,Medina,OH,Size L,16.04,3,UPS® Ground
Denver,Macomb,MI,Size L,16.04,3,UPS® Ground
Denver,Magnolia,TX,Size L,14.74,2,UPS® Ground
Denver,Martinsburg,WV,Size L,17.1,3,UPS® Ground
Denver,Meridian,ID,Size L,14.74,2,UPS® Ground
Denver,Mobile,AL,Size L,16.04,3,UPS® Ground
Denver,Morrison,CO,Size L,9.41,1,UPS® Ground
Denver,Napa,CA,Size L,14.74,2,UPS® Ground
Denver,New Braunfels,TX,Size L,14.74,2,UPS® Ground
Denver,New Lenox,IL,Size L,14.74,2,UPS® Ground
Denver,New Orleans,LA,Size L,16.04,3,UPS® Ground
Denver,Newark,DE,Size L,17.1,3,UPS® Ground
Denver,Oakland,CA,Size L,14.74,2,UPS® Ground
Denver,Owasso,OK,Size L,11.36,2,UPS® Ground
Denver,Overland Park,KS,Size L,11.36,2,UPS® Ground
Denver,Panama City,FL,Size L,16.04,3,UPS® Ground
Denver,Panama City Beach,FL,Size L,16.04,3,UPS® Ground
Denver,Patchogue,NY,Size L,17.1,3,UPS® Ground
Denver,Port Clinton,OH,Size L,16.04,3,UPS® Ground
Denver,Paducah,KY,Size L,14.74,3,UPS® Ground
Denver,Palmetto,FL,Size L,17.1,3,UPS® Ground
Denver,Pearland,TX,Size L,14.74,2,UPS® Ground
Denver,Pella,IA,Size L,11.36,2,UPS® Ground
Denver,Pittsford,NY,Size L,16.04,4,UPS® Ground
Denver,Port Orange,FL,Size L,17.1,3,UPS® Ground
Denver,Ravenna,OH,Size L,16.04,3,UPS® Ground
Denver,Roaming Shores,OH,Size L,16.04,3,UPS® Ground
Denver,Richmond Hill,GA,Size L,16.04,3,UPS® Ground
Denver,Riverview,FL,Size L,17.1,3,UPS® Ground
Denver,Rochester,MN,Size L,14.74,3,UPS® Ground
Denver,Round Rock,TX,Size L,14.74,2,UPS® Ground
Denver,Saint Petersburg,FL,Size L,17.1,3,UPS® Ground
Denver,San Leandro,CA,Size L,14.74,2,UPS® Ground
Denver,Southington,CT,Size L,17.1,3,UPS® Ground
Denver,Spartanburg,SC,Size L,16.04,3,UPS® Ground
Denver,Surprise,AZ,Size L,14.74,2,UPS® Ground
Denver,Santa Barbara,CA,Size L,14.74,2,UPS® Ground
Denver,Shelton,CT,Size L,17.1,3,UPS® Ground
Denver,Spring Branch,TX,Size L,14.74,2,UPS® Ground
Denver,St. Louis,MO,Size L,14.74,2,UPS® Ground
Denver,Stroudsburg,PA,Size L,17.1,3,UPS® Ground
Denver,Sunapee,NH,Size L,17.1,3,UPS® Ground
Denver,Swedesboro,NJ,Size L,17.1,3,UPS® Ground
Denver,Syracuse,NY,Size L,17.1,3,UPS® Ground
Denver,Tomball,TX,Size L,14.74,2,UPS® Ground
Denver,Topeka,KS,Size L,11.36,2,UPS® Ground
Denver,Tuscaloosa,AL,Size L,16.04,3,UPS® Ground
Denver,Terre Haute,IN,Size L,14.74,3,UPS® Ground
Denver,Tinley Park,IL,Size L,14.74,2,UPS® Ground
Denver,Toms River,NJ,Size L,17.1,3,UPS® Ground
Denver,Tulare,CA,Size L,14.74,2,UPS® Ground
Denver,Vienna,VA,Size L,17.1,3,UPS® Ground
Denver,Walnut Creek,CA,Size L,14.74,2,UPS® Ground
Denver,Wayne,NJ,Size L,17.1,3,UPS® Ground
Denver,Waynesboro,VA,Size L,17.1,3,UPS® Ground
Denver,West Sacramento,CA,Size L,14.74,2,UPS® Ground
Denver,Yuba City,CA,Size L,14.74,2,UPS® Ground
Denver,Zachary,LA,Size L,14.74,3,UPS® Ground
Denver,Buford,GA,Size L,16.04,3,UPS® Ground
Denver,Modesto,CA,Size L,14.74,2,UPS® Ground
Denver,Winter Park,FL,Size L,17.1,3,UPS® Ground
Portland,Arvada,CO,Size L,16.04,3,UPS® Ground
Portland,Anchorage,AK,Size L,46.14,4,UPS® Ground
Portland,Birmingham,AL,Size L,18.12,5,UPS® Ground
Portland,Bozeman,MT,Size L,14.74,2,UPS® Ground
Portland,Conroe,TX,Size L,18.12,4,UPS® Ground
Portland,Carmel Valley,CA,Size L,14.74,3,UPS® Ground
Portland,Castle Rock,CO,Size L,16.04,3,UPS® Ground
Portland,Cedar Rapids,IA,Size L,17.1,4,UPS® Ground
Portland,Cooperstown,NY,Size L,18.12,4,UPS® Ground
Portland,Deland,FL,Size L,18.12,5,UPS® Ground
Portland,Fort Mill,SC,Size L,18.12,5,UPS® Ground
Portland,Fargo,ND,Size L,16.04,3,UPS® Ground
Portland,Glen Allen,VA,Size L,18.12,4,UPS® Ground
Portland,Grand Junction,CO,Size L,14.74,3,UPS® Ground
Portland,Highlands Ranch,CO,Size L,16.04,3,UPS® Ground
Portland,Joliet,IL,Size L,17.1,3,UPS® Ground
Portland,Kerrville,TX,Size L,17.1,4,UPS® Ground
Portland,Longmont,CO,Size L,14.74,3,UPS® Ground
Portland,Minneapolis,MN,Size L,17.1,4,UPS® Ground
Portland,Naperville,IL,Size L,17.1,3,UPS® Ground
Portland,Neosho,MO,Size L,17.1,4,UPS® Ground
Portland,Puyallup,WA,Size L,10.41,1,UPS® Ground
Portland,Queen Creek,AZ,Size L,16.04,3,UPS® Ground
Portland,Saline,MI,Size L,18.12,4,UPS® Ground
Portland,Sevierville,TN,Size L,18.12,4,UPS® Ground
Portland,Sterling Heights,MI,Size L,18.12,4,UPS® Ground
Portland,Thornton,CO,Size L,16.04,3,UPS® Ground
Portland,Ventura,CA,Size L,14.74,3,UPS® Ground
Portland,Wilmington,MA,Size L,18.12,4,UPS® Ground
Portland,Clermont,FL,Size L,18.12,5,UPS® Ground
Portland,Abilene,TX,Size L,17.1,4,UPS® Ground
Portland,Brick,NJ,Size L,18.12,4,UPS® Ground
Portland,Bentonville,AR,Size L,17.1,4,UPS® Ground
Portland,Bogart,GA,Size L,18.12,4,UPS® Ground
Portland,Boston,MA,Size L,18.12,4,UPS® Ground
Portland,Buffalo,NY,Size L,18.12,4,UPS® Ground
Portland,Cary,NC,Size L,18.12,5,UPS® Ground
Portland,Dallas,GA,Size L,18.12,4,UPS® Ground
Portland,Doylestown,PA,Size L,18.12,4,UPS® Ground
Portland,Eugene,OR,Size L,9.41,1,UPS® Ground
Portland,Edmond,OK,Size L,17.1,4,UPS® Ground
Portland,Forney,TX,Size L,17.1,4,UPS® Ground
Portland,Fuquay Varina,NC,Size L,18.12,5,UPS® Ground
Portland,Glendora,CA,Size L,14.74,3,UPS® Ground
Portland,Henrico,VA,Size L,18.12,4,UPS® Ground
Portland,Hockessin,DE,Size L,18.12,4,UPS® Ground
Portland,Holly Springs,NC,Size L,18.12,5,UPS® Ground
Portland,Irvine,CA,Size L,14.74,3,UPS® Ground
Portland,Lakeland,FL,Size L,18.12,5,UPS® Ground
Portland,Lawrence,KS,Size L,17.1,4,UPS® Ground
Portland,League City,TX,Size L,18.12,4,UPS® Ground
Portland,Mansfield,TX,Size L,17.1,4,UPS® Ground
Portland,Madison,WI,Size L,17.1,4,UPS® Ground
Portland,McKinney,TX,Size L,17.1,4,UPS® Ground
Portland,Mentor,OH,Size L,18.12,4,UPS® Ground
Portland,Mount Airy,MD,Size L,18.12,4,UPS® Ground
Portland,Norfolk,VA,Size L,18.12,4,UPS® Ground
Portland,Nampa,ID,Size L,11.36,2,UPS® Ground
Portland,Noblesville,IN,Size L,18.12,4,UPS® Ground
Portland,Orland Park,IL,Size L,17.1,3,UPS® Ground
Portland,Palm Harbor,FL,Size L,18.12,5,UPS® Ground
Portland,Petaluma,CA,Size L,11.36,2,UPS® Ground
Portland,Placentia,CA,Size L,14.74,3,UPS® Ground
Portland,Prescott,AZ,Size L,14.74,3,UPS® Ground
Portland,Richardson,TX,Size L,17.1,4,UPS® Ground
Portland,Roanoke,VA,Size L,18.12,5,UPS® Ground
Portland,Richmond,TX,Size L,18.12,4,UPS® Ground
Portland,Sanford,ME,Size L,18.12,4,UPS® Ground
Portland,Seminole,FL,Size L,18.12,5,UPS® Ground
Portland,Sheridan,WY,Size L,14.74,3,UPS® Ground
Portland,Sparks,NV,Size L,11.36,2,UPS® Ground
Portland,Traverse City,MI,Size L,18.12,4,UPS® Ground
Portland,Tulsa,OK,Size L,17.1,4,UPS® Ground
Portland,Wake Forest,NC,Size L,18.12,5,UPS® Ground
Portland,Waterloo,SC,Size L,18.12,5,UPS® Ground
Portland,Waukesha,WI,Size L,17.1,3,UPS® Ground
Portland,Wichita,KS,Size L,17.1,4,UPS® Ground
Portland,Winnsboro,TX,Size L,17.1,4,UPS® Ground
Portland,Woodbury,MN,Size L,17.1,4,UPS® Ground
Portland,Cumming,GA,Size L,18.12,4,UPS® Ground
Portland,Muskegon,MI,Size L,17.1,3,UPS® Ground
Portland,Akron,OH,Size L,18.12,4,UPS® Ground
Portland,Albany,OR,Size L,9.41,1,UPS® Ground
Portland,Alpharetta,GA,Size L,18.12,4,UPS® Ground
Portland,Asheville,NC,Size L,18.12,5,UPS® Ground
Portland,Bixby,OK,Size L,17.1,4,UPS® Ground
Portland,Boulder,CO,Size L,14.74,3,UPS® Ground
Portland,Bethlehem,PA,Size L,18.12,4,UPS® Ground
Portland,Brenham,TX,Size L,17.1,4,UPS® Ground
Portland,Broken Bow,OK,Size L,17.1,4,UPS® Ground
Portland,Cape Coral,FL,Size L,18.12,5,UPS® Ground
Portland,Chula Vista,CA,Size L,14.74,3,UPS® Ground
Portland,Crawfordville,FL,Size L,18.12,5,UPS® Ground
Portland,Cypress,TX,Size L,18.12,4,UPS® Ground
Portland,Clearwater,FL,Size L,18.12,5,UPS® Ground
Portland,Columbiana,AL,Size L,18.12,5,UPS® Ground
Portland,Columbus,GA,Size L,18.12,4,UPS® Ground
Portland,Commack,NY,Size L,18.12,4,UPS® Ground
Portland,Dublin,CA,Size L,14.74,2,UPS® Ground
Portland,Decatur,GA,Size L,18.12,4,UPS® Ground
Portland,Deltona,FL,Size L,18.12,5,UPS® Ground
Portland,Derry,NH,Size L,18.12,4,UPS® Ground
Portland,Douglassville,PA,Size L,18.12,4,UPS® Ground
Portland,Easton,PA,Size L,18.12,4,UPS® Ground
Portland,El Paso,TX,Size L,16.04,4,UPS® Ground
Portland,Escondido,CA,Size L,14.74,3,UPS® Ground
Portland,Fairport,NY,Size L,18.12,4,UPS® Ground
Portland,Flemington,NJ,Size L,18.12,4,UPS® Ground
Portland,Florence,SC,Size L,18.12,5,UPS® Ground
Portland,Fort Lauderdale,FL,Size L,18.12,5,UPS® Ground
Portland,Frisco,TX,Size L,17.1,4,UPS® Ground
Portland,Goodyear,AZ,Size L,16.04,3,UPS® Ground
Portland,Gays Mills,WI,Size L,17.1,5,UPS® Ground
Portland,Grafton,WI,Size L,17.1,3,UPS® Ground
Portland,Green Cove Springs,FL,Size L,18.12,5,UPS® Ground
Portland,Greensburg,PA,Size L,18.12,4,UPS® Ground
Portland,Honolulu,HI,Size L,46.14,3,UPS® Ground
Portland,Humble,TX,Size L,18.12,4,UPS® Ground
Portland,Huntington,NY,Size L,18.12,4,UPS® Ground
Portland,Idaho Falls,ID,Size L,14.74,2,UPS® Ground
Portland,Jackson,TN,Size L,18.12,4,UPS® Ground
Portland,Jacksonville,NC,Size L,18.12,5,UPS® Ground
Portland,Jenkintown,PA,Size L,18.12,4,UPS® Ground
Portland,Johnson City,TN,Size L,18.12,4,UPS® Ground
Portland,Kingwood,TX,Size L,18.12,4,UPS® Ground
Portland,Lansing,MI,Size L,18.12,4,UPS® Ground
Portland,Lapeer,MI,Size L,18.12,4,UPS® Ground
Portland,Lawrenceville,GA,Size L,18.12,4,UPS® Ground
Portland,Lexington,NC,Size L,18.12,5,UPS® Ground
Portland,Lubbock,TX,Size L,16.04,4,UPS® Ground
Portland,Medina,OH,Size L,18.12,4,UPS® Ground
Portland,Macomb,MI,Size L,18.12,4,UPS® Ground
Portland,Magnolia,TX,Size L,18.12,4,UPS® Ground
Portland,Martinsburg,WV,Size L,18.12,4,UPS® Ground
Portland,Meridian,ID,Size L,11.36,2,UPS® Ground
Portland,Mobile,AL,Size L,18.12,5,UPS® Ground
Portland,Morrison,CO,Size L,14.74,3,UPS® Ground
Portland,Napa,CA,Size L,14.74,2,UPS® Ground
Portland,New Braunfels,TX,Size L,17.1,4,UPS® Ground
Portland,New Lenox,IL,Size L,17.1,3,UPS® Ground
Portland,New Orleans,LA,Size L,18.12,5,UPS® Ground
Portland,Newark,DE,Size L,18.12,4,UPS® Ground
Portland,Oakland,CA,Size L,11.36,2,UPS® Ground
Portland,Owasso,OK,Size L,17.1,4,UPS® Ground
Portland,Overland Park,KS,Size L,17.1,4,UPS® Ground
Portland,Panama City,FL,Size L,18.12,5,UPS® Ground
Portland,Panama City Beach,FL,Size L,18.12,5,UPS® Ground
Portland,Patchogue,NY,Size L,18.12,4,UPS® Ground
Portland,Port Clinton,OH,Size L,18.12,4,UPS® Ground
Portland,Paducah,KY,Size L,18.12,4,UPS® Ground
Portland,Palmetto,FL,Size L,18.12,5,UPS® Ground
Portland,Pearland,TX,Size L,18.12,4,UPS® Ground
Portland,Pella,IA,Size L,17.1,4,UPS® Ground
Portland,Pittsford,NY,Size L,18.12,4,UPS® Ground
Portland,Port Orange,FL,Size L,18.12,5,UPS® Ground
Portland,Ravenna,OH,Size L,18.12,4,UPS® Ground
Portland,Roaming Shores,OH,Size L,18.12,4,UPS® Ground
Portland,Richmond Hill,GA,Size L,18.12,5,UPS® Ground
Portland,Riverview,FL,Size L,18.12,5,UPS® Ground
Portland,Rochester,MN,Size L,17.1,4,UPS® Ground
Portland,Round Rock,TX,Size L,17.1,4,UPS® Ground
Portland,Saint Petersburg,FL,Size L,18.12,5,UPS® Ground
Portland,San Leandro,CA,Size L,14.74,2,UPS® Ground
Portland,Southington,CT,Size L,18.12,4,UPS® Ground
Portland,Spartanburg,SC,Size L,18.12,5,UPS® Ground
Portland,Surprise,AZ,Size L,16.04,3,UPS® Ground
Portland,Santa Barbara,CA,Size L,14.74,3,UPS® Ground
Portland,Shelton,CT,Size L,18.12,4,UPS® Ground
Portland,Spring Branch,TX,Size L,17.1,4,UPS® Ground
Portland,St. Louis,MO,Size L,17.1,4,UPS® Ground
Portland,Stroudsburg,PA,Size L,18.12,4,UPS® Ground
Portland,Sunapee,NH,Size L,18.12,4,UPS® Ground
Portland,Swedesboro,NJ,Size L,18.12,4,UPS® Ground
Portland,Syracuse,NY,Size L,18.12,4,UPS® Ground
Portland,Tomball,TX,Size L,18.12,4,UPS® Ground
Portland,Topeka,KS,Size L,17.1,4,UPS® Ground
Portland,Tuscaloosa,AL,Size L,18.12,5,UPS® Ground
Portland,Terre Haute,IN,Size L,18.12,4,UPS® Ground
Portland,Tinley Park,IL,Size L,17.1,3,UPS® Ground
Portland,Toms River,NJ,Size L,18.12,4,UPS® Ground
Portland,Tulare,CA,Size L,14.74,2,UPS® Ground
Portland,Vienna,VA,Size L,18.12,4,UPS® Ground
Portland,Walnut Creek,CA,Size L,14.74,2,UPS® Ground
Portland,Wayne,NJ,Size L,18.12,4,UPS® Ground
Portland,Waynesboro,VA,Size L,18.12,5,UPS® Ground
Portland,West Sacramento,CA,Size L,11.36,2,UPS® Ground
Portland,Yuba City,CA,Size L,11.36,2,UPS® Ground
Portland,Zachary,LA,Size L,18.12,5,UPS® Ground
Portland,Buford,GA,Size L,18.12,4,UPS® Ground
Portland,Modesto,CA,Size L,11.36,2,UPS® Ground
Portland,Winter Park,FL,Size L,18.12,5,UPS® Ground
Boston,Arvada,CO,Size L,17.1,3,UPS® Ground
Boston,Anchorage,AK,Size L,46.14,4,UPS® Ground
Boston,Birmingham,AL,Size L,16.04,3,UPS® Ground
Boston,Bozeman,MT,Size L,18.12,4,UPS® Ground
Boston,Conroe,TX,Size L,17.1,3,UPS® Ground
Boston,Carmel Valley,CA,Size L,18.12,4,UPS® Ground
Boston,Castle Rock,CO,Size L,17.1,3,UPS® Ground
Boston,Cedar Rapids,IA,Size L,16.04,3,UPS® Ground
Boston,Cooperstown,NY,Size L,10.41,1,UPS® Ground
Boston,Deland,FL,Size L,16.04,3,UPS® Ground
Boston,Fort Mill,SC,Size L,14.74,2,UPS® Ground
Boston,Fargo,ND,Size L,16.04,3,UPS® Ground
Boston,Glen Allen,VA,Size L,11.36,2,UPS® Ground
Boston,Grand Junction,CO,Size L,18.12,5,UPS® Ground
Boston,Highlands Ranch,CO,Size L,17.1,3,UPS® Ground
Boston,Joliet,IL,Size L,14.74,2,UPS® Ground
Boston,Kerrville,TX,Size L,17.1,4,UPS® Ground
Boston,Longmont,CO,Size L,17.1,4,UPS® Ground
Boston,Minneapolis,MN,Size L,16.04,3,UPS® Ground
Boston,Naperville,IL,Size L,14.74,2,UPS® Ground
Boston,Neosho,MO,Size L,16.04,3,UPS® Ground
Boston,Puyallup,WA,Size L,18.12,4,UPS® Ground
Boston,Queen Creek,AZ,Size L,18.12,4,UPS® Ground
Boston,Saline,MI,Size L,14.74,2,UPS® Ground
Boston,Sevierville,TN,Size L,14.74,3,UPS® Ground
Boston,Sterling Heights,MI,Size L,14.74,2,UPS® Ground
Boston,Thornton,CO,Size L,17.1,3,UPS® Ground
Boston,Ventura,CA,Size L,18.12,4,UPS® Ground
Boston,Wilmington,MA,Size L,9.41,1,UPS® Ground
Boston,Clermont,FL,Size L,16.04,3,UPS® Ground
Boston,Abilene,TX,Size L,17.1,4,UPS® Ground
Boston,Brick,NJ,Size L,10.41,2,UPS® Ground
Boston,Bentonville,AR,Size L,16.04,4,UPS® Ground
Boston,Bogart,GA,Size L,14.74,3,UPS® Ground
Boston,Boston,MA,Size L,9.41,1,UPS® Ground
Boston,Buffalo,NY,Size L,11.36,2,UPS® Ground
Boston,Cary,NC,Size L,14.74,2,UPS® Ground
Boston,Dallas,GA,Size L,14.74,3,UPS® Ground
Boston,Doylestown,PA,Size L,10.41,2,UPS® Ground
Boston,Eugene,OR,Size L,18.12,4,UPS® Ground
Boston,Edmond,OK,Size L,17.1,3,UPS® Ground
Boston,Forney,TX,Size L,17.1,3,UPS® Ground
Boston,Fuquay Varina,NC,Size L,14.74,2,UPS® Ground
Boston,Glendora,CA,Size L,18.12,4,UPS® Ground
Boston,Henrico,VA,Size L,11.36,2,UPS® Ground
Boston,Hockessin,DE,Size L,11.36,2,UPS® Ground
Boston,Holly Springs,NC,Size L,14.74,2,UPS® Ground
Boston,Irvine,CA,Size L,18.12,4,UPS® Ground
Boston,Lakeland,FL,Size L,16.04,3,UPS® Ground
Boston,Lawrence,KS,Size L,16.04,3,UPS® Ground
Boston,League City,TX,Size L,17.1,3,UPS® Ground
Boston,Mansfield,TX,Size L,17.1,3,UPS® Ground
Boston,Madison,WI,Size L,14.74,3,UPS® Ground
Boston,McKinney,TX,Size L,17.1,3,UPS® Ground
Boston,Mentor,OH,Size L,11.36,2,UPS® Ground
Boston,Mount Airy,MD,Size L,11.36,2,UPS® Ground
Boston,Norfolk,VA,Size L,11.36,2,UPS® Ground
Boston,Nampa,ID,Size L,18.12,4,UPS® Ground
Boston,Noblesville,IN,Size L,14.74,2,UPS® Ground
Boston,Orland Park,IL,Size L,14.74,2,UPS® Ground
Boston,Palm Harbor,FL,Size L,16.04,3,UPS® Ground
Boston,Petaluma,CA,Size L,18.12,5,UPS® Ground
Boston,Placentia,CA,Size L,18.12,4,UPS® Ground
Boston,Prescott,AZ,Size L,18.12,4,UPS® Ground
Boston,Richardson,TX,Size L,17.1,3,UPS® Ground
Boston,Roanoke,VA,Size L,14.74,2,UPS® Ground
Boston,Richmond,TX,Size L,17.1,3,UPS® Ground
Boston,Sanford,ME,Size L,9.41,1,UPS® Ground
Boston,Seminole,FL,Size L,16.04,3,UPS® Ground
Boston,Sheridan,WY,Size L,17.1,5,UPS® Ground
Boston,Sparks,NV,Size L,18.12,4,UPS® Ground
Boston,Traverse City,MI,Size L,14.74,3,UPS® Ground
Boston,Tulsa,OK,Size L,16.04,3,UPS® Ground
Boston,Wake Forest,NC,Size L,14.74,2,UPS® Ground
Boston,Waterloo,SC,Size L,14.74,2,UPS® Ground
Boston,Waukesha,WI,Size L,14.74,3,UPS® Ground
Boston,Wichita,KS,Size L,17.1,3,UPS® Ground
Boston,Winnsboro,TX,Size L,17.1,3,UPS® Ground
Boston,Woodbury,MN,Size L,16.04,3,UPS® Ground
Boston,Cumming,GA,Size L,14.74,3,UPS® Ground
Boston,Muskegon,MI,Size L,14.74,3,UPS® Ground
Boston,Akron,OH,Size L,11.36,2,UPS® Ground
Boston,Albany,OR,Size L,18.12,4,UPS® Ground
Boston,Alpharetta,GA,Size L,14.74,3,UPS® Ground
Boston,Asheville,NC,Size L,14.74,2,UPS® Ground
Boston,Bixby,OK,Size L,17.1,3,UPS® Ground
Boston,Boulder,CO,Size L,17.1,4,UPS® Ground
Boston,Bethlehem,PA,Size L,10.41,2,UPS® Ground
Boston,Brenham,TX,Size L,17.1,3,UPS® Ground
Boston,Broken Bow,OK,Size L,17.1,3,UPS® Ground
Boston,Cape Coral,FL,Size L,16.04,3,UPS® Ground
Boston,Chula Vista,CA,Size L,18.12,4,UPS® Ground
Boston,Crawfordville,FL,Size L,16.04,3,UPS® Ground
Boston,Cypress,TX,Size L,17.1,3,UPS® Ground
Boston,Clearwater,FL,Size L,16.04,3,UPS® Ground
Boston,Columbiana,AL,Size L,16.04,3,UPS® Ground
Boston,Columbus,GA,Size L,16.04,3,UPS® Ground
Boston,Commack,NY,Size L,10.41,1,UPS® Ground
Boston,Dublin,CA,Size L,18.12,5,UPS® Ground
Boston,Decatur,GA,Size L,14.74,3,UPS® Ground
Boston,Deltona,FL,Size L,16.04,3,UPS® Ground
Boston,Derry,NH,Size L,9.41,1,UPS® Ground
Boston,Douglassville,PA,Size L,10.41,2,UPS® Ground
Boston,Easton,PA,Size L,10.41,2,UPS® Ground
Boston,El Paso,TX,Size L,18.12,4,UPS® Ground
Boston,Escondido,CA,Size L,18.12,4,UPS® Ground
Boston,Fairport,NY,Size L,11.36,2,UPS® Ground
Boston,Flemington,NJ,Size L,10.41,1,UPS® Ground
Boston,Florence,SC,Size L,14.74,2,UPS® Ground
Boston,Fort Lauderdale,FL,Size L,16.04,3,UPS® Ground
Boston,Frisco,TX,Size L,17.1,3,UPS® Ground
Boston,Goodyear,AZ,Size L,18.12,4,UPS® Ground
Boston,Gays Mills,WI,Size L,16.04,4,UPS® Ground
Boston,Grafton,WI,Size L,14.74,3,UPS® Ground
Boston,Green Cove Springs,FL,Size L,16.04,3,UPS® Ground
Boston,Greensburg,PA,Size L,11.36,2,UPS® Ground
Boston,Honolulu,HI,Size L,46.14,5,UPS® Ground
Boston,Humble,TX,Size L,17.1,3,UPS® Ground
Boston,Huntington,NY,Size L,10.41,1,UPS® Ground
Boston,Idaho Falls,ID,Size L,18.12,4,UPS® Ground
Boston,Jackson,TN,Size L,16.04,3,UPS® Ground
Boston,Jacksonville,NC,Size L,11.36,2,UPS® Ground
Boston,Jenkintown,PA,Size L,10.41,2,UPS® Ground
Boston,Johnson City,TN,Size L,14.74,3,UPS® Ground
Boston,Kingwood,TX,Size L,17.1,3,UPS® Ground
Boston,Lansing,MI,Size L,14.74,3,UPS® Ground
Boston,Lapeer,MI,Size L,14.74,2,UPS® Ground
Boston,Lawrenceville,GA,Size L,14.74,3,UPS® Ground
Boston,Lexington,NC,Size L,14.74,2,UPS® Ground
Boston,Lubbock,TX,Size L,17.1,4,UPS® Ground
Boston,Medina,OH,Size L,11.36,2,UPS® Ground
Boston,Macomb,MI,Size L,14.74,2,UPS® Ground
Boston,Magnolia,TX,Size L,17.1,3,UPS® Ground
Boston,Martinsburg,WV,Size L,11.36,2,UPS® Ground
Boston,Meridian,ID,Size L,18.12,4,UPS® Ground
Boston,Mobile,AL,Size L,16.04,3,UPS® Ground
Boston,Morrison,CO,Size L,17.1,3,UPS® Ground
Boston,Napa,CA,Size L,18.12,5,UPS® Ground
Boston,New Braunfels,TX,Size L,17.1,4,UPS® Ground
Boston,New Lenox,IL,Size L,14.74,2,UPS® Ground
Boston,New Orleans,LA,Size L,16.04,3,UPS® Ground
Boston,Newark,DE,Size L,11.36,2,UPS® Ground
Boston,Oakland,CA,Size L,18.12,5,UPS® Ground
Boston,Owasso,OK,Size L,17.1,3,UPS® Ground
Boston,Overland Park,KS,Size L,16.04,3,UPS® Ground
Boston,Panama City,FL,Size L,16.04,3,UPS® Ground
Boston,Panama City Beach,FL,Size L,16.04,3,UPS® Ground
Boston,Patchogue,NY,Size L,10.41,1,UPS® Ground
Boston,Port Clinton,OH,Size L,14.74,2,UPS® Ground
Boston,Paducah,KY,Size L,16.04,3,UPS® Ground
Boston,Palmetto,FL,Size L,16.04,3,UPS® Ground
Boston,Pearland,TX,Size L,17.1,3,UPS® Ground
Boston,Pella,IA,Size L,16.04,3,UPS® Ground
Boston,Pittsford,NY,Size L,11.36,2,UPS® Ground
Boston,Port Orange,FL,Size L,16.04,3,UPS® Ground
Boston,Ravenna,OH,Size L,11.36,2,UPS® Ground
Boston,Roaming Shores,OH,Size L,11.36,2,UPS® Ground
Boston,Richmond Hill,GA,Size L,14.74,3,UPS® Ground
Boston,Riverview,FL,Size L,16.04,3,UPS® Ground
Boston,Rochester,MN,Size L,16.04,3,UPS® Ground
Boston,Round Rock,TX,Size L,17.1,4,UPS® Ground
Boston,Saint Petersburg,FL,Size L,16.04,3,UPS® Ground
Boston,San Leandro,CA,Size L,18.12,5,UPS® Ground
Boston,Southington,CT,Size L,9.41,1,UPS® Ground
Boston,Spartanburg,SC,Size L,14.74,2,UPS® Ground
Boston,Surprise,AZ,Size L,18.12,4,UPS® Ground
Boston,Santa Barbara,CA,Size L,18.12,4,UPS® Ground
Boston,Shelton,CT,Size L,9.41,1,UPS® Ground
Boston,Spring Branch,TX,Size L,17.1,4,UPS® Ground
Boston,St. Louis,MO,Size L,16.04,3,UPS® Ground
Boston,Stroudsburg,PA,Size L,10.41,2,UPS® Ground
Boston,Sunapee,NH,Size L,9.41,1,UPS® Ground
Boston,Swedesboro,NJ,Size L,10.41,2,UPS® Ground
Boston,Syracuse,NY,Size L,10.41,1,UPS® Ground
Boston,Tomball,TX,Size L,17.1,3,UPS® Ground
Boston,Topeka,KS,Size L,16.04,3,UPS® Ground
Boston,Tuscaloosa,AL,Size L,16.04,3,UPS® Ground
Boston,Terre Haute,IN,Size L,14.74,2,UPS® Ground
Boston,Tinley Park,IL,Size L,14.74,2,UPS® Ground
Boston,Toms River,NJ,Size L,10.41,2,UPS® Ground
Boston,Tulare,CA,Size L,18.12,4,UPS® Ground
Boston,Vienna,VA,Size L,11.36,2,UPS® Ground
Boston,Walnut Creek,CA,Size L,18.12,5,UPS® Ground
Boston,Wayne,NJ,Size L,10.41,1,UPS® Ground
Boston,Waynesboro,VA,Size L,11.36,2,UPS® Ground
Boston,West Sacramento,CA,Size L,18.12,5,UPS® Ground
Boston,Yuba City,CA,Size L,18.12,5,UPS® Ground
Boston,Zachary,LA,Size L,16.04,4,UPS® Ground
Boston,Buford,GA,Size L,14.74,3,UPS® Ground
Boston,Modesto,CA,Size L,18.12,5,UPS® Ground
Boston,Winter Park,FL,Size L,16.04,3,UPS® Ground
Boise,Arvada,CO,Size L,14.74,2,UPS® Ground
Boise,Anchorage,AK,Size L,46.14,4,UPS® Ground
Boise,Birmingham,AL,Size L,17.1,4,UPS® Ground
Boise,Bozeman,MT,Size L,10.41,2,UPS® Ground
Boise,Conroe,TX,Size L,17.1,4,UPS® Ground
Boise,Carmel Valley,CA,Size L,14.74,2,UPS® Ground
Boise,Castle Rock,CO,Size L,14.74,2,UPS® Ground
Boise,Cedar Rapids,IA,Size L,16.04,3,UPS® Ground
Boise,Cooperstown,NY,Size L,18.12,5,UPS® Ground
Boise,Deland,FL,Size L,18.12,5,UPS® Ground
Boise,Fort Mill,SC,Size L,18.12,5,UPS® Ground
Boise,Fargo,ND,Size L,14.74,3,UPS® Ground
Boise,Glen Allen,VA,Size L,18.12,5,UPS® Ground
Boise,Grand Junction,CO,Size L,11.36,2,UPS® Ground
Boise,Highlands Ranch,CO,Size L,14.74,2,UPS® Ground
Boise,Joliet,IL,Size L,17.1,4,UPS® Ground
Boise,Kerrville,TX,Size L,16.04,4,UPS® Ground
Boise,Longmont,CO,Size L,11.36,2,UPS® Ground
Boise,Minneapolis,MN,Size L,16.04,4,UPS® Ground
Boise,Naperville,IL,Size L,17.1,4,UPS® Ground
Boise,Neosho,MO,Size L,16.04,3,UPS® Ground
Boise,Puyallup,WA,Size L,11.36,2,UPS® Ground
Boise,Queen Creek,AZ,Size L,14.74,3,UPS® Ground
Boise,Saline,MI,Size L,17.1,5,UPS® Ground
Boise,Sevierville,TN,Size L,17.1,4,UPS® Ground
Boise,Sterling Heights,MI,Size L,17.1,4,UPS® Ground
Boise,Thornton,CO,Size L,14.74,2,UPS® Ground
Boise,Ventura,CA,Size L,14.74,3,UPS® Ground
Boise,Wilmington,MA,Size L,18.12,5,UPS® Ground
Boise,Clermont,FL,Size L,18.12,5,UPS® Ground
Boise,Abilene,TX,Size L,16.04,3,UPS® Ground
Boise,Brick,NJ,Size L,18.12,5,UPS® Ground
Boise,Bentonville,AR,Size L,16.04,4,UPS® Ground
Boise,Bogart,GA,Size L,18.12,4,UPS® Ground
Boise,Boston,MA,Size L,18.12,5,UPS® Ground
Boise,Buffalo,NY,Size L,18.12,5,UPS® Ground
Boise,Cary,NC,Size L,18.12,5,UPS® Ground
Boise,Dallas,GA,Size L,17.1,4,UPS® Ground
Boise,Doylestown,PA,Size L,18.12,4,UPS® Ground
Boise,Eugene,OR,Size L,11.36,2,UPS® Ground
Boise,Edmond,OK,Size L,16.04,3,UPS® Ground
Boise,Forney,TX,Size L,16.04,3,UPS® Ground
Boise,Fuquay Varina,NC,Size L,18.12,5,UPS® Ground
Boise,Glendora,CA,Size L,14.74,2,UPS® Ground
Boise,Henrico,VA,Size L,18.12,5,UPS® Ground
Boise,Hockessin,DE,Size L,18.12,4,UPS® Ground
Boise,Holly Springs,NC,Size L,18.12,5,UPS® Ground
Boise,Irvine,CA,Size L,14.74,2,UPS® Ground
Boise,Lakeland,FL,Size L,18.12,5,UPS® Ground
Boise,Lawrence,KS,Size L,16.04,3,UPS® Ground
Boise,League City,TX,Size L,17.1,4,UPS® Ground
Boise,Mansfield,TX,Size L,16.04,3,UPS® Ground
Boise,Madison,WI,Size L,16.04,4,UPS® Ground
Boise,McKinney,TX,Size L,16.04,3,UPS® Ground
Boise,Mentor,OH,Size L,17.1,5,UPS® Ground
Boise,Mount Airy,MD,Size L,18.12,4,UPS® Ground
Boise,Norfolk,VA,Size L,18.12,5,UPS® Ground
Boise,Nampa,ID,Size L,9.41,1,UPS® Ground
Boise,Noblesville,IN,Size L,17.1,4,UPS® Ground
Boise,Orland Park,IL,Size L,17.1,4,UPS® Ground
Boise,Palm Harbor,FL,Size L,18.12,5,UPS® Ground
Boise,Petaluma,CA,Size L,11.36,2,UPS® Ground
Boise,Placentia,CA,Size L,14.74,2,UPS® Ground
Boise,Prescott,AZ,Size L,14.74,3,UPS® Ground
Boise,Richardson,TX,Size L,16.04,3,UPS® Ground
Boise,Roanoke,VA,Size L,18.12,5,UPS® Ground
Boise,Richmond,TX,Size L,17.1,4,UPS® Ground
Boise,Sanford,ME,Size L,18.12,5,UPS® Ground
Boise,Seminole,FL,Size L,18.12,5,UPS® Ground
Boise,Sheridan,WY,Size L,11.36,2,UPS® Ground
Boise,Sparks,NV,Size L,10.41,1,UPS® Ground
Boise,Traverse City,MI,Size L,17.1,5,UPS® Ground
Boise,Tulsa,OK,Size L,16.04,3,UPS® Ground
Boise,Wake Forest,NC,Size L,18.12,5,UPS® Ground
Boise,Waterloo,SC,Size L,18.12,5,UPS® Ground
Boise,Waukesha,WI,Size L,17.1,4,UPS® Ground
Boise,Wichita,KS,Size L,16.04,3,UPS® Ground
Boise,Winnsboro,TX,Size L,16.04,3,UPS® Ground
Boise,Woodbury,MN,Size L,16.04,4,UPS® Ground
Boise,Cumming,GA,Size L,18.12,4,UPS® Ground
Boise,Muskegon,MI,Size L,17.1,4,UPS® Ground
Boise,Akron,OH,Size L,17.1,5,UPS® Ground
Boise,Albany,OR,Size L,11.36,2,UPS® Ground
Boise,Alpharetta,GA,Size L,18.12,4,UPS® Ground
Boise,Asheville,NC,Size L,18.12,5,UPS® Ground
Boise,Bixby,OK,Size L,16.04,3,UPS® Ground
Boise,Boulder,CO,Size L,11.36,2,UPS® Ground
Boise,Bethlehem,PA,Size L,18.12,4,UPS® Ground
Boise,Brenham,TX,Size L,16.04,4,UPS® Ground
Boise,Broken Bow,OK,Size L,16.04,3,UPS® Ground
Boise,Cape Coral,FL,Size L,18.12,5,UPS® Ground
Boise,Chula Vista,CA,Size L,14.74,2,UPS® Ground
Boise,Crawfordville,FL,Size L,18.12,5,UPS® Ground
Boise,Cypress,TX,Size L,17.1,4,UPS® Ground
Boise,Clearwater,FL,Size L,18.12,5,UPS® Ground
Boise,Columbiana,AL,Size L,17.1,4,UPS® Ground
Boise,Columbus,GA,Size L,18.12,4,UPS® Ground
Boise,Commack,NY,Size L,18.12,5,UPS® Ground
Boise,Dublin,CA,Size L,11.36,2,UPS® Ground
Boise,Decatur,GA,Size L,18.12,4,UPS® Ground
Boise,Deltona,FL,Size L,18.12,5,UPS® Ground
Boise,Derry,NH,Size L,18.12,5,UPS® Ground
Boise,Douglassville,PA,Size L,18.12,4,UPS® Ground
Boise,Easton,PA,Size L,18.12,4,UPS® Ground
Boise,El Paso,TX,Size L,14.74,3,UPS® Ground
Boise,Escondido,CA,Size L,14.74,2,UPS® Ground
Boise,Fairport,NY,Size L,18.12,5,UPS® Ground
Boise,Flemington,NJ,Size L,18.12,5,UPS® Ground
Boise,Florence,SC,Size L,18.12,5,UPS® Ground
Boise,Fort Lauderdale,FL,Size L,18.12,5,UPS® Ground
Boise,Frisco,TX,Size L,16.04,3,UPS® Ground
Boise,Goodyear,AZ,Size L,14.74,3,UPS® Ground
Boise,Gays Mills,WI,Size L,16.04,5,UPS® Ground
Boise,Grafton,WI,Size L,16.04,4,UPS® Ground
Boise,Green Cove Springs,FL,Size L,18.12,5,UPS® Ground
Boise,Greensburg,PA,Size L,18.12,4,UPS® Ground
Boise,Honolulu,HI,Size L,46.14,3,UPS® Ground
Boise,Humble,TX,Size L,17.1,4,UPS® Ground
Boise,Huntington,NY,Size L,18.12,5,UPS® Ground
Boise,Idaho Falls,ID,Size L,10.41,1,UPS® Ground
Boise,Jackson,TN,Size L,17.1,4,UPS® Ground
Boise,Jacksonville,NC,Size L,18.12,5,UPS® Ground
Boise,Jenkintown,PA,Size L,18.12,4,UPS® Ground
Boise,Johnson City,TN,Size L,18.12,4,UPS® Ground
Boise,Kingwood,TX,Size L,17.1,4,UPS® Ground
Boise,Lansing,MI,Size L,17.1,4,UPS® Ground
Boise,Lapeer,MI,Size L,17.1,4,UPS® Ground
Boise,Lawrenceville,GA,Size L,18.12,4,UPS® Ground
Boise,Lexington,NC,Size L,18.12,5,UPS® Ground
Boise,Lubbock,TX,Size L,16.04,3,UPS® Ground
Boise,Medina,OH,Size L,17.1,5,UPS® Ground
Boise,Macomb,MI,Size L,17.1,4,UPS® Ground
Boise,Magnolia,TX,Size L,17.1,4,UPS® Ground
Boise,Martinsburg,WV,Size L,18.12,4,UPS® Ground
Boise,Meridian,ID,Size L,9.41,1,UPS® Ground
Boise,Mobile,AL,Size L,17.1,4,UPS® Ground
Boise,Morrison,CO,Size L,11.36,2,UPS® Ground
Boise,Napa,CA,Size L,11.36,2,UPS® Ground
Boise,New Braunfels,TX,Size L,16.04,4,UPS® Ground
Boise,New Lenox,IL,Size L,17.1,4,UPS® Ground
Boise,New Orleans,LA,Size L,17.1,4,UPS® Ground
Boise,Newark,DE,Size L,18.12,4,UPS® Ground
Boise,Oakland,CA,Size L,11.36,2,UPS® Ground
Boise,Owasso,OK,Size L,16.04,3,UPS® Ground
Boise,Overland Park,KS,Size L,16.04,3,UPS® Ground
Boise,Panama City,FL,Size L,18.12,5,UPS® Ground
Boise,Panama City Beach,FL,Size L,18.12,5,UPS® Ground
Boise,Patchogue,NY,Size L,18.12,5,UPS® Ground
Boise,Port Clinton,OH,Size L,17.1,4,UPS® Ground
Boise,Paducah,KY,Size L,17.1,4,UPS® Ground
Boise,Palmetto,FL,Size L,18.12,5,UPS® Ground
Boise,Pearland,TX,Size L,17.1,4,UPS® Ground
Boise,Pella,IA,Size L,16.04,3,UPS® Ground
Boise,Pittsford,NY,Size L,18.12,5,UPS® Ground
Boise,Port Orange,FL,Size L,18.12,5,UPS® Ground
Boise,Ravenna,OH,Size L,17.1,5,UPS® Ground
Boise,Roaming Shores,OH,Size L,17.1,5,UPS® Ground
Boise,Richmond Hill,GA,Size L,18.12,4,UPS® Ground
Boise,Riverview,FL,Size L,18.12,5,UPS® Ground
Boise,Rochester,MN,Size L,16.04,4,UPS® Ground
Boise,Round Rock,TX,Size L,16.04,3,UPS® Ground
Boise,Saint Petersburg,FL,Size L,18.12,5,UPS® Ground
Boise,San Leandro,CA,Size L,11.36,2,UPS® Ground
Boise,Southington,CT,Size L,18.12,5,UPS® Ground
Boise,Spartanburg,SC,Size L,18.12,5,UPS® Ground
Boise,Surprise,AZ,Size L,14.74,3,UPS® Ground
Boise,Santa Barbara,CA,Size L,14.74,3,UPS® Ground
Boise,Shelton,CT,Size L,18.12,5,UPS® Ground
Boise,Spring Branch,TX,Size L,16.04,4,UPS® Ground
Boise,St. Louis,MO,Size L,16.04,3,UPS® Ground
Boise,Stroudsburg,PA,Size L,18.12,4,UPS® Ground
Boise,Sunapee,NH,Size L,18.12,5,UPS® Ground
Boise,Swedesboro,NJ,Size L,18.12,4,UPS® Ground
Boise,Syracuse,NY,Size L,18.12,5,UPS® Ground
Boise,Tomball,TX,Size L,17.1,4,UPS® Ground
Boise,Topeka,KS,Size L,16.04,3,UPS® Ground
Boise,Tuscaloosa,AL,Size L,17.1,4,UPS® Ground
Boise,Terre Haute,IN,Size L,17.1,4,UPS® Ground
Boise,Tinley Park,IL,Size L,17.1,4,UPS® Ground
Boise,Toms River,NJ,Size L,18.12,5,UPS® Ground
Boise,Tulare,CA,Size L,11.36,3,UPS® Ground
Boise,Vienna,VA,Size L,18.12,4,UPS® Ground
Boise,Walnut Creek,CA,Size L,11.36,2,UPS® Ground
Boise,Wayne,NJ,Size L,18.12,5,UPS® Ground
Boise,Waynesboro,VA,Size L,18.12,5,UPS® Ground
Boise,West Sacramento,CA,Size L,11.36,2,UPS® Ground
Boise,Yuba City,CA,Size L,11.36,2,UPS® Ground
Boise,Zachary,LA,Size L,17.1,4,UPS® Ground
Boise,Buford,GA,Size L,18.12,4,UPS® Ground
Boise,Modesto,CA,Size L,11.36,2,UPS® Ground
Boise,Winter Park,FL,Size L,18.12,5,UPS® Ground
Indianapolis,Arvada,CO,Size L,14.74,2,UPS® Ground
Indianapolis,Anchorage,AK,Size L,46.14,3,UPS® Ground
Indianapolis,Birmingham,AL,Size L,11.36,2,UPS® Ground
Indianapolis,Bozeman,MT,Size L,16.04,3,UPS® Ground
Indianapolis,Conroe,TX,Size L,14.74,3,UPS® Ground
Indianapolis,Carmel Valley,CA,Size L,17.1,3,UPS® Ground
Indianapolis,Castle Rock,CO,Size L,14.74,2,UPS® Ground
Indianapolis,Cedar Rapids,IA,Size L,11.36,2,UPS® Ground
Indianapolis,Cooperstown,NY,Size L,14.74,2,UPS® Ground
Indianapolis,Deland,FL,Size L,14.74,2,UPS® Ground
Indianapolis,Fort Mill,SC,Size L,11.36,2,UPS® Ground
Indianapolis,Fargo,ND,Size L,14.74,2,UPS® Ground
Indianapolis,Glen Allen,VA,Size L,11.36,2,UPS® Ground
Indianapolis,Grand Junction,CO,Size L,16.04,3,UPS® Ground
Indianapolis,Highlands Ranch,CO,Size L,14.74,2,UPS® Ground
Indianapolis,Joliet,IL,Size L,9.41,1,UPS® Ground
Indianapolis,Kerrville,TX,Size L,16.04,3,UPS® Ground
Indianapolis,Longmont,CO,Size L,16.04,2,UPS® Ground
Indianapolis,Minneapolis,MN,Size L,14.74,2,UPS® Ground
Indianapolis,Naperville,IL,Size L,10.41,1,UPS® Ground
Indianapolis,Neosho,MO,Size L,11.36,2,UPS® Ground
Indianapolis,Puyallup,WA,Size L,18.12,3,UPS® Ground
Indianapolis,Queen Creek,AZ,Size L,17.1,3,UPS® Ground
Indianapolis,Saline,MI,Size L,10.41,2,UPS® Ground
Indianapolis,Sevierville,TN,Size L,10.41,2,UPS® Ground
Indianapolis,Sterling Heights,MI,Size L,10.41,2,UPS® Ground
Indianapolis,Thornton,CO,Size L,16.04,2,UPS® Ground
Indianapolis,Ventura,CA,Size L,18.12,3,UPS® Ground
Indianapolis,Wilmington,MA,Size L,14.74,3,UPS® Ground
Indianapolis,Clermont,FL,Size L,14.74,2,UPS® Ground
Indianapolis,Abilene,TX,Size L,14.74,2,UPS® Ground
Indianapolis,Brick,NJ,Size L,14.74,2,UPS® Ground
Indianapolis,Bentonville,AR,Size L,11.36,2,UPS® Ground
Indianapolis,Bogart,GA,Size L,11.36,2,UPS® Ground
Indianapolis,Boston,MA,Size L,14.74,3,UPS® Ground
Indianapolis,Buffalo,NY,Size L,11.36,2,UPS® Ground
Indianapolis,Cary,NC,Size L,11.36,2,UPS® Ground
Indianapolis,Dallas,GA,Size L,11.36,2,UPS® Ground
Indianapolis,Doylestown,PA,Size L,11.36,2,UPS® Ground
Indianapolis,Eugene,OR,Size L,18.12,3,UPS® Ground
Indianapolis,Edmond,OK,Size L,14.74,2,UPS® Ground
Indianapolis,Forney,TX,Size L,14.74,2,UPS® Ground
Indianapolis,Fuquay Varina,NC,Size L,11.36,2,UPS® Ground
Indianapolis,Glendora,CA,Size L,18.12,4,UPS® Ground
Indianapolis,Henrico,VA,Size L,11.36,2,UPS® Ground
Indianapolis,Hockessin,DE,Size L,11.36,2,UPS® Ground
Indianapolis,Holly Springs,NC,Size L,11.36,2,UPS® Ground
Indianapolis,Irvine,CA,Size L,18.12,3,UPS® Ground
Indianapolis,Lakeland,FL,Size L,14.74,2,UPS® Ground
Indianapolis,Lawrence,KS,Size L,11.36,2,UPS® Ground
Indianapolis,League City,TX,Size L,14.74,3,UPS® Ground
Indianapolis,Mansfield,TX,Size L,14.74,2,UPS® Ground
Indianapolis,Madison,WI,Size L,11.36,2,UPS® Ground
Indianapolis,McKinney,TX,Size L,16.04,2,UPS® Ground
Indianapolis,Mentor,OH,Size L,11.36,1,UPS® Ground
Indianapolis,Mount Airy,MD,Size L,11.36,2,UPS® Ground
Indianapolis,Norfolk,VA,Size L,11.36,2,UPS® Ground
Indianapolis,Nampa,ID,Size L,17.1,3,UPS® Ground
Indianapolis,Noblesville,IN,Size L,9.41,1,UPS® Ground
Indianapolis,Orland Park,IL,Size L,9.41,1,UPS® Ground
Indianapolis,Palm Harbor,FL,Size L,14.74,2,UPS® Ground
Indianapolis,Petaluma,CA,Size L,18.12,3,UPS® Ground
Indianapolis,Placentia,CA,Size L,18.12,3,UPS® Ground
Indianapolis,Prescott,AZ,Size L,17.1,4,UPS® Ground
Indianapolis,Richardson,TX,Size L,16.04,2,UPS® Ground
Indianapolis,Roanoke,VA,Size L,11.36,2,UPS® Ground
Indianapolis,Richmond,TX,Size L,14.74,3,UPS® Ground
Indianapolis,Sanford,ME,Size L,14.74,3,UPS® Ground
Indianapolis,Seminole,FL,Size L,14.74,2,UPS® Ground
Indianapolis,Sheridan,WY,Size L,16.04,3,UPS® Ground
Indianapolis,Sparks,NV,Size L,17.1,3,UPS® Ground
Indianapolis,Traverse City,MI,Size L,11.36,2,UPS® Ground
Indianapolis,Tulsa,OK,Size L,14.74,2,UPS® Ground
Indianapolis,Wake Forest,NC,Size L,11.36,2,UPS® Ground
Indianapolis,Waterloo,SC,Size L,11.36,2,UPS® Ground
Indianapolis,Waukesha,WI,Size L,10.41,2,UPS® Ground
Indianapolis,Wichita,KS,Size L,14.74,2,UPS® Ground
Indianapolis,Winnsboro,TX,Size L,14.74,2,UPS® Ground
Indianapolis,Woodbury,MN,Size L,11.36,2,UPS® Ground
Indianapolis,Cumming,GA,Size L,14.74,2,UPS® Ground
Indianapolis,Muskegon,MI,Size L,10.41,2,UPS® Ground
Indianapolis,Akron,OH,Size L,10.41,1,UPS® Ground
Indianapolis,Albany,OR,Size L,18.12,3,UPS® Ground
Indianapolis,Alpharetta,GA,Size L,14.74,2,UPS® Ground
Indianapolis,Asheville,NC,Size L,11.36,2,UPS® Ground
Indianapolis,Bixby,OK,Size L,14.74,2,UPS® Ground
Indianapolis,Boulder,CO,Size L,16.04,2,UPS® Ground
Indianapolis,Bethlehem,PA,Size L,14.74,2,UPS® Ground
Indianapolis,Brenham,TX,Size L,14.74,2,UPS® Ground
Indianapolis,Broken Bow,OK,Size L,14.74,2,UPS® Ground
Indianapolis,Cape Coral,FL,Size L,14.74,3,UPS® Ground
Indianapolis,Chula Vista,CA,Size L,17.1,3,UPS® Ground
Indianapolis,Crawfordville,FL,Size L,14.74,2,UPS® Ground
Indianapolis,Cypress,TX,Size L,14.74,3,UPS® Ground
Indianapolis,Clearwater,FL,Size L,14.74,2,UPS® Ground
Indianapolis,Columbiana,AL,Size L,11.36,2,UPS® Ground
Indianapolis,Columbus,GA,Size L,11.36,2,UPS® Ground
Indianapolis,Commack,NY,Size L,14.74,2,UPS® Ground
Indianapolis,Dublin,CA,Size L,18.12,3,UPS® Ground
Indianapolis,Decatur,GA,Size L,14.74,2,UPS® Ground
Indianapolis,Deltona,FL,Size L,14.74,2,UPS® Ground
Indianapolis,Derry,NH,Size L,14.74,3,UPS® Ground
Indianapolis,Douglassville,PA,Size L,11.36,2,UPS® Ground
Indianapolis,Easton,PA,Size L,14.74,2,UPS® Ground
Indianapolis,El Paso,TX,Size L,16.04,3,UPS® Ground
Indianapolis,Escondido,CA,Size L,17.1,4,UPS® Ground
Indianapolis,Fairport,NY,Size L,11.36,2,UPS® Ground
Indianapolis,Flemington,NJ,Size L,14.74,2,UPS® Ground
Indianapolis,Florence,SC,Size L,11.36,2,UPS® Ground
Indianapolis,Fort Lauderdale,FL,Size L,16.04,3,UPS® Ground
Indianapolis,Frisco,TX,Size L,16.04,2,UPS® Ground
Indianapolis,Goodyear,AZ,Size L,17.1,3,UPS® Ground
Indianapolis,Gays Mills,WI,Size L,11.36,3,UPS® Ground
Indianapolis,Grafton,WI,Size L,10.41,2,UPS® Ground
Indianapolis,Green Cove Springs,FL,Size L,14.74,2,UPS® Ground
Indianapolis,Greensburg,PA,Size L,11.36,2,UPS® Ground
Indianapolis,Honolulu,HI,Size L,46.14,5,UPS® Ground
Indianapolis,Humble,TX,Size L,14.74,3,UPS® Ground
Indianapolis,Huntington,NY,Size L,14.74,2,UPS® Ground
Indianapolis,Idaho Falls,ID,Size L,16.04,3,UPS® Ground
Indianapolis,Jackson,TN,Size L,11.36,2,UPS® Ground
Indianapolis,Jacksonville,NC,Size L,11.36,2,UPS® Ground
Indianapolis,Jenkintown,PA,Size L,14.74,2,UPS® Ground
Indianapolis,Johnson City,TN,Size L,11.36,2,UPS® Ground
Indianapolis,Kingwood,TX,Size L,14.74,3,UPS® Ground
Indianapolis,Lansing,MI,Size L,10.41,2,UPS® Ground
Indianapolis,Lapeer,MI,Size L,11.36,2,UPS® Ground
Indianapolis,Lawrenceville,GA,Size L,14.74,2,UPS® Ground
Indianapolis,Lexington,NC,Size L,11.36,2,UPS® Ground
Indianapolis,Lubbock,TX,Size L,14.74,3,UPS® Ground
Indianapolis,Medina,OH,Size L,11.36,1,UPS® Ground
Indianapolis,Macomb,MI,Size L,11.36,2,UPS® Ground
Indianapolis,Magnolia,TX,Size L,14.74,3,UPS® Ground
Indianapolis,Martinsburg,WV,Size L,11.36,2,UPS® Ground
Indianapolis,Meridian,ID,Size L,17.1,3,UPS® Ground
Indianapolis,Mobile,AL,Size L,14.74,2,UPS® Ground
Indianapolis,Morrison,CO,Size L,16.04,2,UPS® Ground
Indianapolis,Napa,CA,Size L,18.12,3,UPS® Ground
Indianapolis,New Braunfels,TX,Size L,14.74,3,UPS® Ground
Indianapolis,New Lenox,IL,Size L,9.41,1,UPS® Ground
Indianapolis,New Orleans,LA,Size L,14.74,2,UPS® Ground
Indianapolis,Newark,DE,Size L,11.36,2,UPS® Ground
Indianapolis,Oakland,CA,Size L,18.12,3,UPS® Ground
Indianapolis,Owasso,OK,Size L,14.74,2,UPS® Ground
Indianapolis,Overland Park,KS,Size L,11.36,2,UPS® Ground
Indianapolis,Panama City,FL,Size L,14.74,2,UPS® Ground
Indianapolis,Panama City Beach,FL,Size L,14.74,2,UPS® Ground
Indianapolis,Patchogue,NY,Size L,14.74,2,UPS® Ground
Indianapolis,Port Clinton,OH,Size L,10.41,1,UPS® Ground
Indianapolis,Paducah,KY,Size L,10.41,2,UPS® Ground
Indianapolis,Palmetto,FL,Size L,14.74,3,UPS® Ground
Indianapolis,Pearland,TX,Size L,14.74,3,UPS® Ground
Indianapolis,Pella,IA,Size L,11.36,2,UPS® Ground
Indianapolis,Pittsford,NY,Size L,11.36,2,UPS® Ground
Indianapolis,Port Orange,FL,Size L,14.74,2,UPS® Ground
Indianapolis,Ravenna,OH,Size L,11.36,1,UPS® Ground
Indianapolis,Roaming Shores,OH,Size L,11.36,1,UPS® Ground
Indianapolis,Richmond Hill,GA,Size L,14.74,2,UPS® Ground
Indianapolis,Riverview,FL,Size L,14.74,2,UPS® Ground
Indianapolis,Rochester,MN,Size L,11.36,2,UPS® Ground
Indianapolis,Round Rock,TX,Size L,16.04,2,UPS® Ground
Indianapolis,Saint Petersburg,FL,Size L,14.74,2,UPS® Ground
Indianapolis,San Leandro,CA,Size L,18.12,3,UPS® Ground
Indianapolis,Southington,CT,Size L,14.74,2,UPS® Ground
Indianapolis,Spartanburg,SC,Size L,11.36,2,UPS® Ground
Indianapolis,Surprise,AZ,Size L,17.1,3,UPS® Ground
Indianapolis,Santa Barbara,CA,Size L,18.12,3,UPS® Ground
Indianapolis,Shelton,CT,Size L,14.74,2,UPS® Ground
Indianapolis,Spring Branch,TX,Size L,16.04,3,UPS® Ground
Indianapolis,St. Louis,MO,Size L,10.41,1,UPS® Ground
Indianapolis,Stroudsburg,PA,Size L,11.36,2,UPS® Ground
Indianapolis,Sunapee,NH,Size L,14.74,3,UPS® Ground
Indianapolis,Swedesboro,NJ,Size L,14.74,2,UPS® Ground
Indianapolis,Syracuse,NY,Size L,11.36,2,UPS® Ground
Indianapolis,Tomball,TX,Size L,14.74,3,UPS® Ground
Indianapolis,Topeka,KS,Size L,11.36,2,UPS® Ground
Indianapolis,Tuscaloosa,AL,Size L,11.36,2,UPS® Ground
Indianapolis,Terre Haute,IN,Size L,9.41,1,UPS® Ground
Indianapolis,Tinley Park,IL,Size L,9.41,1,UPS® Ground
Indianapolis,Toms River,NJ,Size L,14.74,2,UPS® Ground
Indianapolis,Tulare,CA,Size L,18.12,4,UPS® Ground
Indianapolis,Vienna,VA,Size L,11.36,2,UPS® Ground
Indianapolis,Walnut Creek,CA,Size L,18.12,3,UPS® Ground
Indianapolis,Wayne,NJ,Size L,14.74,2,UPS® Ground
Indianapolis,Waynesboro,VA,Size L,11.36,2,UPS® Ground
Indianapolis,West Sacramento,CA,Size L,18.12,3,UPS® Ground
Indianapolis,Yuba City,CA,Size L,18.12,3,UPS® Ground
Indianapolis,Zachary,LA,Size L,14.74,2,UPS® Ground
Indianapolis,Buford,GA,Size L,11.36,2,UPS® Ground
Indianapolis,Modesto,CA,Size L,18.12,3,UPS® Ground
Indianapolis,Winter Park,FL,Size L,14.74,2,UPS® Ground
Phoenix,Arvada,CO,Size L,14.74,2,UPS® Ground
Phoenix,Anchorage,AK,Size L,46.14,4,UPS® Ground
Phoenix,Birmingham,AL,Size L,17.1,3,UPS® Ground
Phoenix,Bozeman,MT,Size L,14.74,3,UPS® Ground
Phoenix,Conroe,TX,Size L,16.04,3,UPS® Ground
Phoenix,Carmel Valley,CA,Size L,11.36,2,UPS® Ground
Phoenix,Castle Rock,CO,Size L,14.74,2,UPS® Ground
Phoenix,Cedar Rapids,IA,Size L,16.04,3,UPS® Ground
Phoenix,Cooperstown,NY,Size L,18.12,4,UPS® Ground
Phoenix,Deland,FL,Size L,18.12,3,UPS® Ground
Phoenix,Fort Mill,SC,Size L,17.1,4,UPS® Ground
Phoenix,Fargo,ND,Size L,16.04,4,UPS® Ground
Phoenix,Glen Allen,VA,Size L,18.12,4,UPS® Ground
Phoenix,Grand Junction,CO,Size L,11.36,2,UPS® Ground
Phoenix,Highlands Ranch,CO,Size L,14.74,2,UPS® Ground
Phoenix,Joliet,IL,Size L,17.1,3,UPS® Ground
Phoenix,Kerrville,TX,Size L,14.74,3,UPS® Ground
Phoenix,Longmont,CO,Size L,14.74,2,UPS® Ground
Phoenix,Minneapolis,MN,Size L,16.04,3,UPS® Ground
Phoenix,Naperville,IL,Size L,17.1,3,UPS® Ground
Phoenix,Neosho,MO,Size L,16.04,3,UPS® Ground
Phoenix,Puyallup,WA,Size L,17.1,3,UPS® Ground
Phoenix,Queen Creek,AZ,Size L,9.41,1,UPS® Ground
Phoenix,Saline,MI,Size L,17.1,3,UPS® Ground
Phoenix,Sevierville,TN,Size L,17.1,4,UPS® Ground
Phoenix,Sterling Heights,MI,Size L,17.1,3,UPS® Ground
Phoenix,Thornton,CO,Size L,14.74,2,UPS® Ground
Phoenix,Ventura,CA,Size L,14.74,2,UPS® Ground
Phoenix,Wilmington,MA,Size L,18.12,4,UPS® Ground
Phoenix,Clermont,FL,Size L,18.12,3,UPS® Ground
Phoenix,Abilene,TX,Size L,14.74,3,UPS® Ground
Phoenix,Brick,NJ,Size L,18.12,4,UPS® Ground
Phoenix,Bentonville,AR,Size L,16.04,3,UPS® Ground
Phoenix,Bogart,GA,Size L,17.1,4,UPS® Ground
Phoenix,Boston,MA,Size L,18.12,4,UPS® Ground
Phoenix,Buffalo,NY,Size L,18.12,4,UPS® Ground
Phoenix,Cary,NC,Size L,18.12,4,UPS® Ground
Phoenix,Dallas,GA,Size L,17.1,4,UPS® Ground
Phoenix,Doylestown,PA,Size L,18.12,4,UPS® Ground
Phoenix,Eugene,OR,Size L,14.74,3,UPS® Ground
Phoenix,Edmond,OK,Size L,14.74,3,UPS® Ground
Phoenix,Forney,TX,Size L,14.74,3,UPS® Ground
Phoenix,Fuquay Varina,NC,Size L,18.12,4,UPS® Ground
Phoenix,Glendora,CA,Size L,14.74,2,UPS® Ground
Phoenix,Henrico,VA,Size L,18.12,4,UPS® Ground
Phoenix,Hockessin,DE,Size L,18.12,4,UPS® Ground
Phoenix,Holly Springs,NC,Size L,18.12,4,UPS® Ground
Phoenix,Irvine,CA,Size L,14.74,2,UPS® Ground
Phoenix,Lakeland,FL,Size L,18.12,3,UPS® Ground
Phoenix,Lawrence,KS,Size L,16.04,3,UPS® Ground
Phoenix,League City,TX,Size L,16.04,3,UPS® Ground
Phoenix,Mansfield,TX,Size L,14.74,3,UPS® Ground
Phoenix,Madison,WI,Size L,16.04,3,UPS® Ground
Phoenix,McKinney,TX,Size L,14.74,3,UPS® Ground
Phoenix,Mentor,OH,Size L,17.1,3,UPS® Ground
Phoenix,Mount Airy,MD,Size L,18.12,4,UPS® Ground
Phoenix,Norfolk,VA,Size L,18.12,4,UPS® Ground
Phoenix,Nampa,ID,Size L,14.74,3,UPS® Ground
Phoenix,Noblesville,IN,Size L,17.1,3,UPS® Ground
Phoenix,Orland Park,IL,Size L,17.1,3,UPS® Ground
Phoenix,Palm Harbor,FL,Size L,17.1,3,UPS® Ground
Phoenix,Petaluma,CA,Size L,16.04,2,UPS® Ground
Phoenix,Placentia,CA,Size L,14.74,2,UPS® Ground
Phoenix,Prescott,AZ,Size L,9.41,1,UPS® Ground
Phoenix,Richardson,TX,Size L,14.74,3,UPS® Ground
Phoenix,Roanoke,VA,Size L,17.1,3,UPS® Ground
Phoenix,Richmond,TX,Size L,16.04,3,UPS® Ground
Phoenix,Sanford,ME,Size L,18.12,4,UPS® Ground
Phoenix,Seminole,FL,Size L,18.12,3,UPS® Ground
Phoenix,Sheridan,WY,Size L,14.74,3,UPS® Ground
Phoenix,Sparks,NV,Size L,14.74,2,UPS® Ground
Phoenix,Traverse City,MI,Size L,17.1,3,UPS® Ground
Phoenix,Tulsa,OK,Size L,14.74,3,UPS® Ground
Phoenix,Wake Forest,NC,Size L,18.12,4,UPS® Ground
Phoenix,Waterloo,SC,Size L,17.1,4,UPS® Ground
Phoenix,Waukesha,WI,Size L,17.1,3,UPS® Ground
Phoenix,Wichita,KS,Size L,14.74,3,UPS® Ground
Phoenix,Winnsboro,TX,Size L,14.74,3,UPS® Ground
Phoenix,Woodbury,MN,Size L,16.04,3,UPS® Ground
Phoenix,Cumming,GA,Size L,17.1,4,UPS® Ground
Phoenix,Muskegon,MI,Size L,17.1,3,UPS® Ground
Phoenix,Akron,OH,Size L,17.1,3,UPS® Ground
Phoenix,Albany,OR,Size L,14.74,3,UPS® Ground
Phoenix,Alpharetta,GA,Size L,17.1,4,UPS® Ground
Phoenix,Asheville,NC,Size L,17.1,4,UPS® Ground
Phoenix,Bixby,OK,Size L,14.74,3,UPS® Ground
Phoenix,Boulder,CO,Size L,11.36,2,UPS® Ground
Phoenix,Bethlehem,PA,Size L,18.12,4,UPS® Ground
Phoenix,Brenham,TX,Size L,14.74,3,UPS® Ground
Phoenix,Broken Bow,OK,Size L,14.74,3,UPS® Ground
Phoenix,Cape Coral,FL,Size L,18.12,4,UPS® Ground
Phoenix,Chula Vista,CA,Size L,10.41,2,UPS® Ground
Phoenix,Crawfordville,FL,Size L,17.1,3,UPS® Ground
Phoenix,Cypress,TX,Size L,16.04,3,UPS® Ground
Phoenix,Clearwater,FL,Size L,18.12,3,UPS® Ground
Phoenix,Columbiana,AL,Size L,17.1,3,UPS® Ground
Phoenix,Columbus,GA,Size L,17.1,4,UPS® Ground
Phoenix,Commack,NY,Size L,18.12,4,UPS® Ground
Phoenix,Dublin,CA,Size L,14.74,2,UPS® Ground
Phoenix,Decatur,GA,Size L,17.1,4,UPS® Ground
Phoenix,Deltona,FL,Size L,18.12,3,UPS® Ground
Phoenix,Derry,NH,Size L,18.12,4,UPS® Ground
Phoenix,Douglassville,PA,Size L,18.12,4,UPS® Ground
Phoenix,Easton,PA,Size L,18.12,4,UPS® Ground
Phoenix,El Paso,TX,Size L,11.36,2,UPS® Ground
Phoenix,Escondido,CA,Size L,11.36,2,UPS® Ground
Phoenix,Fairport,NY,Size L,18.12,4,UPS® Ground
Phoenix,Flemington,NJ,Size L,18.12,4,UPS® Ground
Phoenix,Florence,SC,Size L,18.12,4,UPS® Ground
Phoenix,Fort Lauderdale,FL,Size L,18.12,4,UPS® Ground
Phoenix,Frisco,TX,Size L,14.74,3,UPS® Ground
Phoenix,Goodyear,AZ,Size L,9.41,1,UPS® Ground
Phoenix,Gays Mills,WI,Size L,16.04,4,UPS® Ground
Phoenix,Grafton,WI,Size L,17.1,3,UPS® Ground
Phoenix,Green Cove Springs,FL,Size L,17.1,3,UPS® Ground
Phoenix,Greensburg,PA,Size L,18.12,4,UPS® Ground
Phoenix,Honolulu,HI,Size L,46.14,3,UPS® Ground
Phoenix,Humble,TX,Size L,16.04,3,UPS® Ground
Phoenix,Huntington,NY,Size L,18.12,4,UPS® Ground
Phoenix,Idaho Falls,ID,Size L,14.74,2,UPS® Ground
Phoenix,Jackson,TN,Size L,16.04,4,UPS® Ground
Phoenix,Jacksonville,NC,Size L,18.12,4,UPS® Ground
Phoenix,Jenkintown,PA,Size L,18.12,4,UPS® Ground
Phoenix,Johnson City,TN,Size L,17.1,4,UPS® Ground
Phoenix,Kingwood,TX,Size L,16.04,3,UPS® Ground
Phoenix,Lansing,MI,Size L,17.1,3,UPS® Ground
Phoenix,Lapeer,MI,Size L,17.1,3,UPS® Ground
Phoenix,Lawrenceville,GA,Size L,17.1,4,UPS® Ground
Phoenix,Lexington,NC,Size L,18.12,4,UPS® Ground
Phoenix,Lubbock,TX,Size L,11.36,2,UPS® Ground
Phoenix,Medina,OH,Size L,17.1,3,UPS® Ground
Phoenix,Macomb,MI,Size L,17.1,3,UPS® Ground
Phoenix,Magnolia,TX,Size L,16.04,3,UPS® Ground
Phoenix,Martinsburg,WV,Size L,18.12,4,UPS® Ground
Phoenix,Meridian,ID,Size L,14.74,3,UPS® Ground
Phoenix,Mobile,AL,Size L,17.1,3,UPS® Ground
Phoenix,Morrison,CO,Size L,11.36,2,UPS® Ground
Phoenix,Napa,CA,Size L,14.74,2,UPS® Ground
Phoenix,New Braunfels,TX,Size L,14.74,3,UPS® Ground
Phoenix,New Lenox,IL,Size L,17.1,3,UPS® Ground
Phoenix,New Orleans,LA,Size L,16.04,3,UPS® Ground
Phoenix,Newark,DE,Size L,18.12,4,UPS® Ground
Phoenix,Oakland,CA,Size L,14.74,2,UPS® Ground
Phoenix,Owasso,OK,Size L,14.74,3,UPS® Ground
Phoenix,Overland Park,KS,Size L,16.04,3,UPS® Ground
Phoenix,Panama City,FL,Size L,17.1,4,UPS® Ground
Phoenix,Panama City Beach,FL,Size L,17.1,4,UPS® Ground
Phoenix,Patchogue,NY,Size L,18.12,4,UPS® Ground
Phoenix,Port Clinton,OH,Size L,17.1,3,UPS® Ground
Phoenix,Paducah,KY,Size L,16.04,3,UPS® Ground
Phoenix,Palmetto,FL,Size L,18.12,4,UPS® Ground
Phoenix,Pearland,TX,Size L,16.04,3,UPS® Ground
Phoenix,Pella,IA,Size L,16.04,3,UPS® Ground
Phoenix,Pittsford,NY,Size L,18.12,4,UPS® Ground
Phoenix,Port Orange,FL,Size L,17.1,3,UPS® Ground
Phoenix,Ravenna,OH,Size L,17.1,3,UPS® Ground
Phoenix,Roaming Shores,OH,Size L,17.1,3,UPS® Ground
Phoenix,Richmond Hill,GA,Size L,17.1,3,UPS® Ground
Phoenix,Riverview,FL,Size L,18.12,3,UPS® Ground
Phoenix,Rochester,MN,Size L,16.04,3,UPS® Ground
Phoenix,Round Rock,TX,Size L,16.04,3,UPS® Ground
Phoenix,Saint Petersburg,FL,Size L,18.12,3,UPS® Ground
Phoenix,San Leandro,CA,Size L,14.74,2,UPS® Ground
Phoenix,Southington,CT,Size L,18.12,4,UPS® Ground
Phoenix,Spartanburg,SC,Size L,17.1,4,UPS® Ground
Phoenix,Surprise,AZ,Size L,9.41,1,UPS® Ground
Phoenix,Santa Barbara,CA,Size L,11.36,2,UPS® Ground
Phoenix,Shelton,CT,Size L,18.12,4,UPS® Ground
Phoenix,Spring Branch,TX,Size L,14.74,3,UPS® Ground
Phoenix,St. Louis,MO,Size L,16.04,3,UPS® Ground
Phoenix,Stroudsburg,PA,Size L,18.12,4,UPS® Ground
Phoenix,Sunapee,NH,Size L,18.12,4,UPS® Ground
Phoenix,Swedesboro,NJ,Size L,18.12,4,UPS® Ground
Phoenix,Syracuse,NY,Size L,18.12,4,UPS® Ground
Phoenix,Tomball,TX,Size L,16.04,3,UPS® Ground
Phoenix,Topeka,KS,Size L,14.74,3,UPS® Ground
Phoenix,Tuscaloosa,AL,Size L,16.04,3,UPS® Ground
Phoenix,Terre Haute,IN,Size L,16.04,3,UPS® Ground
Phoenix,Tinley Park,IL,Size L,17.1,3,UPS® Ground
Phoenix,Toms River,NJ,Size L,18.12,4,UPS® Ground
Phoenix,Tulare,CA,Size L,11.36,2,UPS® Ground
Phoenix,Vienna,VA,Size L,18.12,3,UPS® Ground
Phoenix,Walnut Creek,CA,Size L,14.74,2,UPS® Ground
Phoenix,Wayne,NJ,Size L,18.12,4,UPS® Ground
Phoenix,Waynesboro,VA,Size L,18.12,4,UPS® Ground
Phoenix,West Sacramento,CA,Size L,14.74,2,UPS® Ground
Phoenix,Yuba City,CA,Size L,14.74,2,UPS® Ground
Phoenix,Zachary,LA,Size L,16.04,3,UPS® Ground
Phoenix,Buford,GA,Size L,17.1,4,UPS® Ground
Phoenix,Modesto,CA,Size L,11.36,2,UPS® Ground
Phoenix,Winter Park,FL,Size L,18.12,3,UPS® Ground
Saint Louis,Arvada,CO,Size L,14.74,2,UPS® Ground
Saint Louis,Anchorage,AK,Size L,46.14,4,UPS® Ground
Saint Louis,Birmingham,AL,Size L,11.36,2,UPS® Ground
Saint Louis,Bozeman,MT,Size L,16.04,3,UPS® Ground
Saint Louis,Conroe,TX,Size L,14.74,2,UPS® Ground
Saint Louis,Carmel Valley,CA,Size L,17.1,3,UPS® Ground
Saint Louis,Castle Rock,CO,Size L,14.74,2,UPS® Ground
Saint Louis,Cedar Rapids,IA,Size L,10.41,2,UPS® Ground
Saint Louis,Cooperstown,NY,Size L,14.74,3,UPS® Ground
Saint Louis,Deland,FL,Size L,14.74,3,UPS® Ground
Saint Louis,Fort Mill,SC,Size L,11.36,2,UPS® Ground
Saint Louis,Fargo,ND,Size L,14.74,3,UPS® Ground
Saint Louis,Glen Allen,VA,Size L,14.74,2,UPS® Ground
Saint Louis,Grand Junction,CO,Size L,14.74,2,UPS® Ground
Saint Louis,Highlands Ranch,CO,Size L,14.74,2,UPS® Ground
Saint Louis,Joliet,IL,Size L,10.41,1,UPS® Ground
Saint Louis,Kerrville,TX,Size L,14.74,3,UPS® Ground
Saint Louis,Longmont,CO,Size L,14.74,2,UPS® Ground
Saint Louis,Minneapolis,MN,Size L,11.36,2,UPS® Ground
Saint Louis,Naperville,IL,Size L,10.41,1,UPS® Ground
Saint Louis,Neosho,MO,Size L,10.41,2,UPS® Ground
Saint Louis,Puyallup,WA,Size L,18.12,4,UPS® Ground
Saint Louis,Queen Creek,AZ,Size L,16.04,3,UPS® Ground
Saint Louis,Saline,MI,Size L,11.36,2,UPS® Ground
Saint Louis,Sevierville,TN,Size L,11.36,2,UPS® Ground
Saint Louis,Sterling Heights,MI,Size L,11.36,2,UPS® Ground
Saint Louis,Thornton,CO,Size L,14.74,2,UPS® Ground
Saint Louis,Ventura,CA,Size L,17.1,3,UPS® Ground
Saint Louis,Wilmington,MA,Size L,16.04,3,UPS® Ground
Saint Louis,Clermont,FL,Size L,14.74,3,UPS® Ground
Saint Louis,Abilene,TX,Size L,14.74,2,UPS® Ground
Saint Louis,Brick,NJ,Size L,14.74,3,UPS® Ground
Saint Louis,Bentonville,AR,Size L,10.41,2,UPS® Ground
Saint Louis,Bogart,GA,Size L,11.36,2,UPS® Ground
Saint Louis,Boston,MA,Size L,16.04,3,UPS® Ground
Saint Louis,Buffalo,NY,Size L,14.74,3,UPS® Ground
Saint Louis,Cary,NC,Size L,14.74,2,UPS® Ground
Saint Louis,Dallas,GA,Size L,11.36,2,UPS® Ground
Saint Louis,Doylestown,PA,Size L,14.74,3,UPS® Ground
Saint Louis,Eugene,OR,Size L,17.1,4,UPS® Ground
Saint Louis,Edmond,OK,Size L,11.36,2,UPS® Ground
Saint Louis,Forney,TX,Size L,11.36,2,UPS® Ground
Saint Louis,Fuquay Varina,NC,Size L,14.74,2,UPS® Ground
Saint Louis,Glendora,CA,Size L,17.1,3,UPS® Ground
Saint Louis,Henrico,VA,Size L,14.74,2,UPS® Ground
Saint Louis,Hockessin,DE,Size L,14.74,3,UPS® Ground
Saint Louis,Holly Springs,NC,Size L,14.74,2,UPS® Ground
Saint Louis,Irvine,CA,Size L,17.1,3,UPS® Ground
Saint Louis,Lakeland,FL,Size L,14.74,3,UPS® Ground
Saint Louis,Lawrence,KS,Size L,10.41,1,UPS® Ground
Saint Louis,League City,TX,Size L,14.74,2,UPS® Ground
Saint Louis,Mansfield,TX,Size L,14.74,2,UPS® Ground
Saint Louis,Madison,WI,Size L,11.36,2,UPS® Ground
Saint Louis,McKinney,TX,Size L,14.74,2,UPS® Ground
Saint Louis,Mentor,OH,Size L,11.36,2,UPS® Ground
Saint Louis,Mount Airy,MD,Size L,14.74,3,UPS® Ground
Saint Louis,Norfolk,VA,Size L,14.74,2,UPS® Ground
Saint Louis,Nampa,ID,Size L,17.1,3,UPS® Ground
Saint Louis,Noblesville,IN,Size L,10.41,1,UPS® Ground
Saint Louis,Orland Park,IL,Size L,10.41,1,UPS® Ground
Saint Louis,Palm Harbor,FL,Size L,14.74,3,UPS® Ground
Saint Louis,Petaluma,CA,Size L,17.1,4,UPS® Ground
Saint Louis,Placentia,CA,Size L,17.1,3,UPS® Ground
Saint Louis,Prescott,AZ,Size L,16.04,3,UPS® Ground
Saint Louis,Richardson,TX,Size L,14.74,2,UPS® Ground
Saint Louis,Roanoke,VA,Size L,11.36,2,UPS® Ground
Saint Louis,Richmond,TX,Size L,14.74,2,UPS® Ground
Saint Louis,Sanford,ME,Size L,16.04,3,UPS® Ground
Saint Louis,Seminole,FL,Size L,14.74,3,UPS® Ground
Saint Louis,Sheridan,WY,Size L,14.74,3,UPS® Ground
Saint Louis,Sparks,NV,Size L,17.1,3,UPS® Ground
Saint Louis,Traverse City,MI,Size L,11.36,2,UPS® Ground
Saint Louis,Tulsa,OK,Size L,11.36,2,UPS® Ground
Saint Louis,Wake Forest,NC,Size L,14.74,2,UPS® Ground
Saint Louis,Waterloo,SC,Size L,11.36,2,UPS® Ground
Saint Louis,Waukesha,WI,Size L,11.36,2,UPS® Ground
Saint Louis,Wichita,KS,Size L,11.36,2,UPS® Ground
Saint Louis,Winnsboro,TX,Size L,11.36,2,UPS® Ground
Saint Louis,Woodbury,MN,Size L,11.36,2,UPS® Ground
Saint Louis,Cumming,GA,Size L,11.36,2,UPS® Ground
Saint Louis,Muskegon,MI,Size L,11.36,2,UPS® Ground
Saint Louis,Akron,OH,Size L,11.36,2,UPS® Ground
Saint Louis,Albany,OR,Size L,17.1,4,UPS® Ground
Saint Louis,Alpharetta,GA,Size L,11.36,2,UPS® Ground
Saint Louis,Asheville,NC,Size L,11.36,2,UPS® Ground
Saint Louis,Bixby,OK,Size L,11.36,2,UPS® Ground
Saint Louis,Boulder,CO,Size L,14.74,2,UPS® Ground
Saint Louis,Bethlehem,PA,Size L,14.74,3,UPS® Ground
Saint Louis,Brenham,TX,Size L,14.74,3,UPS® Ground
Saint Louis,Broken Bow,OK,Size L,11.36,2,UPS® Ground
Saint Louis,Cape Coral,FL,Size L,14.74,3,UPS® Ground
Saint Louis,Chula Vista,CA,Size L,17.1,3,UPS® Ground
Saint Louis,Crawfordville,FL,Size L,14.74,3,UPS® Ground
Saint Louis,Cypress,TX,Size L,14.74,2,UPS® Ground
Saint Louis,Clearwater,FL,Size L,14.74,3,UPS® Ground
Saint Louis,Columbiana,AL,Size L,11.36,2,UPS® Ground
Saint Louis,Columbus,GA,Size L,11.36,2,UPS® Ground
Saint Louis,Commack,NY,Size L,14.74,3,UPS® Ground
Saint Louis,Dublin,CA,Size L,17.1,4,UPS® Ground
Saint Louis,Decatur,GA,Size L,11.36,2,UPS® Ground
Saint Louis,Deltona,FL,Size L,14.74,3,UPS® Ground
Saint Louis,Derry,NH,Size L,16.04,3,UPS® Ground
Saint Louis,Douglassville,PA,Size L,14.74,3,UPS® Ground
Saint Louis,Easton,PA,Size L,14.74,3,UPS® Ground
Saint Louis,El Paso,TX,Size L,16.04,3,UPS® Ground
Saint Louis,Escondido,CA,Size L,17.1,3,UPS® Ground
Saint Louis,Fairport,NY,Size L,14.74,3,UPS® Ground
Saint Louis,Flemington,NJ,Size L,14.74,3,UPS® Ground
Saint Louis,Florence,SC,Size L,14.74,2,UPS® Ground
Saint Louis,Fort Lauderdale,FL,Size L,16.04,3,UPS® Ground
Saint Louis,Frisco,TX,Size L,14.74,2,UPS® Ground
Saint Louis,Goodyear,AZ,Size L,17.1,3,UPS® Ground
Saint Louis,Gays Mills,WI,Size L,11.36,3,UPS® Ground
Saint Louis,Grafton,WI,Size L,11.36,2,UPS® Ground
Saint Louis,Green Cove Springs,FL,Size L,14.74,3,UPS® Ground
Saint Louis,Greensburg,PA,Size L,11.36,2,UPS® Ground
Saint Louis,Honolulu,HI,Size L,46.14,5,UPS® Ground
Saint Louis,Humble,TX,Size L,14.74,2,UPS® Ground
Saint Louis,Huntington,NY,Size L,14.74,3,UPS® Ground
Saint Louis,Idaho Falls,ID,Size L,16.04,3,UPS® Ground
Saint Louis,Jackson,TN,Size L,10.41,2,UPS® Ground
Saint Louis,Jacksonville,NC,Size L,14.74,2,UPS® Ground
Saint Louis,Jenkintown,PA,Size L,14.74,3,UPS® Ground
Saint Louis,Johnson City,TN,Size L,11.36,2,UPS® Ground
Saint Louis,Kingwood,TX,Size L,14.74,2,UPS® Ground
Saint Louis,Lansing,MI,Size L,11.36,2,UPS® Ground
Saint Louis,Lapeer,MI,Size L,11.36,2,UPS® Ground
Saint Louis,Lawrenceville,GA,Size L,11.36,2,UPS® Ground
Saint Louis,Lexington,NC,Size L,14.74,2,UPS® Ground
Saint Louis,Lubbock,TX,Size L,14.74,3,UPS® Ground
Saint Louis,Medina,OH,Size L,11.36,2,UPS® Ground
Saint Louis,Macomb,MI,Size L,11.36,2,UPS® Ground
Saint Louis,Magnolia,TX,Size L,14.74,2,UPS® Ground
Saint Louis,Martinsburg,WV,Size L,14.74,2,UPS® Ground
Saint Louis,Meridian,ID,Size L,17.1,3,UPS® Ground
Saint Louis,Mobile,AL,Size L,11.36,2,UPS® Ground
Saint Louis,Morrison,CO,Size L,14.74,2,UPS® Ground
Saint Louis,Napa,CA,Size L,17.1,4,UPS® Ground
Saint Louis,New Braunfels,TX,Size L,14.74,3,UPS® Ground
Saint Louis,New Lenox,IL,Size L,10.41,1,UPS® Ground
Saint Louis,New Orleans,LA,Size L,11.36,2,UPS® Ground
Saint Louis,Newark,DE,Size L,14.74,3,UPS® Ground
Saint Louis,Oakland,CA,Size L,17.1,4,UPS® Ground
Saint Louis,Owasso,OK,Size L,11.36,2,UPS® Ground
Saint Louis,Overland Park,KS,Size L,10.41,1,UPS® Ground
Saint Louis,Panama City,FL,Size L,14.74,2,UPS® Ground
Saint Louis,Panama City Beach,FL,Size L,14.74,2,UPS® Ground
Saint Louis,Patchogue,NY,Size L,14.74,3,UPS® Ground
Saint Louis,Port Clinton,OH,Size L,11.36,2,UPS® Ground
Saint Louis,Paducah,KY,Size L,10.41,1,UPS® Ground
Saint Louis,Palmetto,FL,Size L,14.74,3,UPS® Ground
Saint Louis,Pearland,TX,Size L,14.74,2,UPS® Ground
Saint Louis,Pella,IA,Size L,11.36,2,UPS® Ground
Saint Louis,Pittsford,NY,Size L,14.74,3,UPS® Ground
Saint Louis,Port Orange,FL,Size L,14.74,3,UPS® Ground
Saint Louis,Ravenna,OH,Size L,11.36,2,UPS® Ground
Saint Louis,Roaming Shores,OH,Size L,11.36,2,UPS® Ground
Saint Louis,Richmond Hill,GA,Size L,14.74,2,UPS® Ground
Saint Louis,Riverview,FL,Size L,14.74,3,UPS® Ground
Saint Louis,Rochester,MN,Size L,11.36,2,UPS® Ground
Saint Louis,Round Rock,TX,Size L,14.74,2,UPS® Ground
Saint Louis,Saint Petersburg,FL,Size L,14.74,3,UPS® Ground
Saint Louis,San Leandro,CA,Size L,17.1,4,UPS® Ground
Saint Louis,Southington,CT,Size L,14.74,3,UPS® Ground
Saint Louis,Spartanburg,SC,Size L,11.36,2,UPS® Ground
Saint Louis,Surprise,AZ,Size L,17.1,3,UPS® Ground
Saint Louis,Santa Barbara,CA,Size L,17.1,3,UPS® Ground
Saint Louis,Shelton,CT,Size L,14.74,3,UPS® Ground
Saint Louis,Spring Branch,TX,Size L,14.74,2,UPS® Ground
Saint Louis,St. Louis,MO,Size L,9.41,1,UPS® Ground
Saint Louis,Stroudsburg,PA,Size L,14.74,3,UPS® Ground
Saint Louis,Sunapee,NH,Size L,14.74,3,UPS® Ground
Saint Louis,Swedesboro,NJ,Size L,14.74,3,UPS® Ground
Saint Louis,Syracuse,NY,Size L,14.74,3,UPS® Ground
Saint Louis,Tomball,TX,Size L,14.74,2,UPS® Ground
Saint Louis,Topeka,KS,Size L,11.36,2,UPS® Ground
Saint Louis,Tuscaloosa,AL,Size L,11.36,2,UPS® Ground
Saint Louis,Terre Haute,IN,Size L,10.41,2,UPS® Ground
Saint Louis,Tinley Park,IL,Size L,10.41,1,UPS® Ground
Saint Louis,Toms River,NJ,Size L,14.74,3,UPS® Ground
Saint Louis,Tulare,CA,Size L,17.1,3,UPS® Ground
Saint Louis,Vienna,VA,Size L,14.74,3,UPS® Ground
Saint Louis,Walnut Creek,CA,Size L,17.1,4,UPS® Ground
Saint Louis,Wayne,NJ,Size L,14.74,3,UPS® Ground
Saint Louis,Waynesboro,VA,Size L,14.74,2,UPS® Ground
Saint Louis,West Sacramento,CA,Size L,17.1,4,UPS® Ground
Saint Louis,Yuba City,CA,Size L,17.1,4,UPS® Ground
Saint Louis,Zachary,LA,Size L,11.36,2,UPS® Ground
Saint Louis,Buford,GA,Size L,11.36,2,UPS® Ground
Saint Louis,Modesto,CA,Size L,17.1,4,UPS® Ground
Saint Louis,Winter Park,FL,Size L,14.74,3,UPS® Ground
Harrisburg,Arvada,CO,Size L,17.1,3,UPS® Ground
Harrisburg,Anchorage,AK,Size L,46.14,4,UPS® Ground
Harrisburg,Birmingham,AL,Size L,14.74,2,UPS® Ground
Harrisburg,Bozeman,MT,Size L,18.12,3,UPS® Ground
Harrisburg,Conroe,TX,Size L,16.04,3,UPS® Ground
Harrisburg,Carmel Valley,CA,Size L,18.12,4,UPS® Ground
Harrisburg,Castle Rock,CO,Size L,17.1,3,UPS® Ground
Harrisburg,Cedar Rapids,IA,Size L,14.74,2,UPS® Ground
Harrisburg,Cooperstown,NY,Size L,10.41,2,UPS® Ground
Harrisburg,Deland,FL,Size L,14.74,2,UPS® Ground
Harrisburg,Fort Mill,SC,Size L,11.36,2,UPS® Ground
Harrisburg,Fargo,ND,Size L,16.04,2,UPS® Ground
Harrisburg,Glen Allen,VA,Size L,10.41,1,UPS® Ground
Harrisburg,Grand Junction,CO,Size L,17.1,4,UPS® Ground
Harrisburg,Highlands Ranch,CO,Size L,17.1,3,UPS® Ground
Harrisburg,Joliet,IL,Size L,14.74,2,UPS® Ground
Harrisburg,Kerrville,TX,Size L,17.1,4,UPS® Ground
Harrisburg,Longmont,CO,Size L,17.1,3,UPS® Ground
Harrisburg,Minneapolis,MN,Size L,14.74,2,UPS® Ground
Harrisburg,Naperville,IL,Size L,14.74,2,UPS® Ground
Harrisburg,Neosho,MO,Size L,14.74,3,UPS® Ground
Harrisburg,Puyallup,WA,Size L,18.12,4,UPS® Ground
Harrisburg,Queen Creek,AZ,Size L,18.12,3,UPS® Ground
Harrisburg,Saline,MI,Size L,14.74,2,UPS® Ground
Harrisburg,Sevierville,TN,Size L,11.36,2,UPS® Ground
Harrisburg,Sterling Heights,MI,Size L,14.74,2,UPS® Ground
Harrisburg,Thornton,CO,Size L,17.1,3,UPS® Ground
Harrisburg,Ventura,CA,Size L,18.12,4,UPS® Ground
Harrisburg,Wilmington,MA,Size L,11.36,2,UPS® Ground
Harrisburg,Clermont,FL,Size L,14.74,2,UPS® Ground
Harrisburg,Abilene,TX,Size L,16.04,3,UPS® Ground
Harrisburg,Brick,NJ,Size L,9.41,1,UPS® Ground
Harrisburg,Bentonville,AR,Size L,14.74,3,UPS® Ground
Harrisburg,Bogart,GA,Size L,11.36,2,UPS® Ground
Harrisburg,Boston,MA,Size L,11.36,2,UPS® Ground
Harrisburg,Buffalo,NY,Size L,10.41,2,UPS® Ground
Harrisburg,Cary,NC,Size L,11.36,2,UPS® Ground
Harrisburg,Dallas,GA,Size L,11.36,2,UPS® Ground
Harrisburg,Doylestown,PA,Size L,9.41,1,UPS® Ground
Harrisburg,Eugene,OR,Size L,18.12,4,UPS® Ground
Harrisburg,Edmond,OK,Size L,16.04,3,UPS® Ground
Harrisburg,Forney,TX,Size L,16.04,3,UPS® Ground
Harrisburg,Fuquay Varina,NC,Size L,11.36,2,UPS® Ground
Harrisburg,Glendora,CA,Size L,18.12,4,UPS® Ground
Harrisburg,Henrico,VA,Size L,10.41,1,UPS® Ground
Harrisburg,Hockessin,DE,Size L,9.41,1,UPS® Ground
Harrisburg,Holly Springs,NC,Size L,11.36,2,UPS® Ground
Harrisburg,Irvine,CA,Size L,18.12,4,UPS® Ground
Harrisburg,Lakeland,FL,Size L,14.74,2,UPS® Ground
Harrisburg,Lawrence,KS,Size L,14.74,3,UPS® Ground
Harrisburg,League City,TX,Size L,16.04,3,UPS® Ground
Harrisburg,Mansfield,TX,Size L,16.04,3,UPS® Ground
Harrisburg,Madison,WI,Size L,14.74,2,UPS® Ground
Harrisburg,McKinney,TX,Size L,16.04,3,UPS® Ground
Harrisburg,Mentor,OH,Size L,11.36,1,UPS® Ground
Harrisburg,Mount Airy,MD,Size L,9.41,1,UPS® Ground
Harrisburg,Norfolk,VA,Size L,10.41,1,UPS® Ground
Harrisburg,Nampa,ID,Size L,18.12,3,UPS® Ground
Harrisburg,Noblesville,IN,Size L,11.36,2,UPS® Ground
Harrisburg,Orland Park,IL,Size L,14.74,2,UPS® Ground
Harrisburg,Palm Harbor,FL,Size L,14.74,2,UPS® Ground
Harrisburg,Petaluma,CA,Size L,18.12,4,UPS® Ground
Harrisburg,Placentia,CA,Size L,18.12,4,UPS® Ground
Harrisburg,Prescott,AZ,Size L,18.12,3,UPS® Ground
Harrisburg,Richardson,TX,Size L,16.04,3,UPS® Ground
Harrisburg,Roanoke,VA,Size L,11.36,2,UPS® Ground
Harrisburg,Richmond,TX,Size L,16.04,3,UPS® Ground
Harrisburg,Sanford,ME,Size L,11.36,2,UPS® Ground
Harrisburg,Seminole,FL,Size L,14.74,2,UPS® Ground
Harrisburg,Sheridan,WY,Size L,17.1,4,UPS® Ground
Harrisburg,Sparks,NV,Size L,18.12,3,UPS® Ground
Harrisburg,Traverse City,MI,Size L,11.36,2,UPS® Ground
Harrisburg,Tulsa,OK,Size L,16.04,2,UPS® Ground
Harrisburg,Wake Forest,NC,Size L,11.36,2,UPS® Ground
Harrisburg,Waterloo,SC,Size L,11.36,2,UPS® Ground
Harrisburg,Waukesha,WI,Size L,14.74,2,UPS® Ground
Harrisburg,Wichita,KS,Size L,16.04,3,UPS® Ground
Harrisburg,Winnsboro,TX,Size L,16.04,3,UPS® Ground
Harrisburg,Woodbury,MN,Size L,14.74,2,UPS® Ground
Harrisburg,Cumming,GA,Size L,14.74,2,UPS® Ground
Harrisburg,Muskegon,MI,Size L,11.36,2,UPS® Ground
Harrisburg,Akron,OH,Size L,10.41,1,UPS® Ground
Harrisburg,Albany,OR,Size L,18.12,4,UPS® Ground
Harrisburg,Alpharetta,GA,Size L,14.74,2,UPS® Ground
Harrisburg,Asheville,NC,Size L,11.36,2,UPS® Ground
Harrisburg,Bixby,OK,Size L,16.04,2,UPS® Ground
Harrisburg,Boulder,CO,Size L,17.1,3,UPS® Ground
Harrisburg,Bethlehem,PA,Size L,9.41,1,UPS® Ground
Harrisburg,Brenham,TX,Size L,16.04,3,UPS® Ground
Harrisburg,Broken Bow,OK,Size L,16.04,3,UPS® Ground
Harrisburg,Cape Coral,FL,Size L,14.74,2,UPS® Ground
Harrisburg,Chula Vista,CA,Size L,18.12,4,UPS® Ground
Harrisburg,Crawfordville,FL,Size L,14.74,2,UPS® Ground
Harrisburg,Cypress,TX,Size L,16.04,3,UPS® Ground
Harrisburg,Clearwater,FL,Size L,14.74,2,UPS® Ground
Harrisburg,Columbiana,AL,Size L,14.74,2,UPS® Ground
Harrisburg,Columbus,GA,Size L,14.74,2,UPS® Ground
Harrisburg,Commack,NY,Size L,10.41,1,UPS® Ground
Harrisburg,Dublin,CA,Size L,18.12,4,UPS® Ground
Harrisburg,Decatur,GA,Size L,14.74,2,UPS® Ground
Harrisburg,Deltona,FL,Size L,14.74,2,UPS® Ground
Harrisburg,Derry,NH,Size L,11.36,2,UPS® Ground
Harrisburg,Douglassville,PA,Size L,9.41,1,UPS® Ground
Harrisburg,Easton,PA,Size L,9.41,1,UPS® Ground
Harrisburg,El Paso,TX,Size L,17.1,3,UPS® Ground
Harrisburg,Escondido,CA,Size L,18.12,4,UPS® Ground
Harrisburg,Fairport,NY,Size L,10.41,2,UPS® Ground
Harrisburg,Flemington,NJ,Size L,9.41,1,UPS® Ground
Harrisburg,Florence,SC,Size L,11.36,2,UPS® Ground
Harrisburg,Fort Lauderdale,FL,Size L,14.74,2,UPS® Ground
Harrisburg,Frisco,TX,Size L,16.04,3,UPS® Ground
Harrisburg,Goodyear,AZ,Size L,18.12,3,UPS® Ground
Harrisburg,Gays Mills,WI,Size L,14.74,3,UPS® Ground
Harrisburg,Grafton,WI,Size L,14.74,2,UPS® Ground
Harrisburg,Green Cove Springs,FL,Size L,14.74,2,UPS® Ground
Harrisburg,Greensburg,PA,Size L,9.41,1,UPS® Ground
Harrisburg,Honolulu,HI,Size L,46.14,5,UPS® Ground
Harrisburg,Humble,TX,Size L,16.04,3,UPS® Ground
Harrisburg,Huntington,NY,Size L,10.41,1,UPS® Ground
Harrisburg,Idaho Falls,ID,Size L,17.1,3,UPS® Ground
Harrisburg,Jackson,TN,Size L,14.74,2,UPS® Ground
Harrisburg,Jacksonville,NC,Size L,11.36,2,UPS® Ground
Harrisburg,Jenkintown,PA,Size L,9.41,1,UPS® Ground
Harrisburg,Johnson City,TN,Size L,11.36,2,UPS® Ground
Harrisburg,Kingwood,TX,Size L,16.04,3,UPS® Ground
Harrisburg,Lansing,MI,Size L,11.36,2,UPS® Ground
Harrisburg,Lapeer,MI,Size L,11.36,2,UPS® Ground
Harrisburg,Lawrenceville,GA,Size L,14.74,2,UPS® Ground
Harrisburg,Lexington,NC,Size L,11.36,2,UPS® Ground
Harrisburg,Lubbock,TX,Size L,17.1,3,UPS® Ground
Harrisburg,Medina,OH,Size L,11.36,1,UPS® Ground
Harrisburg,Macomb,MI,Size L,14.74,2,UPS® Ground
Harrisburg,Magnolia,TX,Size L,16.04,3,UPS® Ground
Harrisburg,Martinsburg,WV,Size L,9.41,1,UPS® Ground
Harrisburg,Meridian,ID,Size L,18.12,3,UPS® Ground
Harrisburg,Mobile,AL,Size L,14.74,2,UPS® Ground
Harrisburg,Morrison,CO,Size L,17.1,3,UPS® Ground
Harrisburg,Napa,CA,Size L,18.12,4,UPS® Ground
Harrisburg,New Braunfels,TX,Size L,17.1,3,UPS® Ground
Harrisburg,New Lenox,IL,Size L,14.74,2,UPS® Ground
Harrisburg,New Orleans,LA,Size L,16.04,3,UPS® Ground
Harrisburg,Newark,DE,Size L,9.41,1,UPS® Ground
Harrisburg,Oakland,CA,Size L,18.12,4,UPS® Ground
Harrisburg,Owasso,OK,Size L,16.04,2,UPS® Ground
Harrisburg,Overland Park,KS,Size L,14.74,3,UPS® Ground
Harrisburg,Panama City,FL,Size L,14.74,2,UPS® Ground
Harrisburg,Panama City Beach,FL,Size L,14.74,2,UPS® Ground
Harrisburg,Patchogue,NY,Size L,10.41,1,UPS® Ground
Harrisburg,Port Clinton,OH,Size L,11.36,2,UPS® Ground
Harrisburg,Paducah,KY,Size L,14.74,2,UPS® Ground
Harrisburg,Palmetto,FL,Size L,14.74,2,UPS® Ground
Harrisburg,Pearland,TX,Size L,16.04,3,UPS® Ground
Harrisburg,Pella,IA,Size L,14.74,2,UPS® Ground
Harrisburg,Pittsford,NY,Size L,10.41,2,UPS® Ground
Harrisburg,Port Orange,FL,Size L,14.74,2,UPS® Ground
Harrisburg,Ravenna,OH,Size L,11.36,1,UPS® Ground
Harrisburg,Roaming Shores,OH,Size L,11.36,1,UPS® Ground
Harrisburg,Richmond Hill,GA,Size L,11.36,2,UPS® Ground
Harrisburg,Riverview,FL,Size L,14.74,2,UPS® Ground
Harrisburg,Rochester,MN,Size L,14.74,2,UPS® Ground
Harrisburg,Round Rock,TX,Size L,16.04,3,UPS® Ground
Harrisburg,Saint Petersburg,FL,Size L,14.74,2,UPS® Ground
Harrisburg,San Leandro,CA,Size L,18.12,4,UPS® Ground
Harrisburg,Southington,CT,Size L,10.41,1,UPS® Ground
Harrisburg,Spartanburg,SC,Size L,11.36,2,UPS® Ground
Harrisburg,Surprise,AZ,Size L,18.12,3,UPS® Ground
Harrisburg,Santa Barbara,CA,Size L,18.12,4,UPS® Ground
Harrisburg,Shelton,CT,Size L,10.41,1,UPS® Ground
Harrisburg,Spring Branch,TX,Size L,17.1,3,UPS® Ground
Harrisburg,St. Louis,MO,Size L,14.74,2,UPS® Ground
Harrisburg,Stroudsburg,PA,Size L,9.41,1,UPS® Ground
Harrisburg,Sunapee,NH,Size L,11.36,2,UPS® Ground
Harrisburg,Swedesboro,NJ,Size L,9.41,1,UPS® Ground
Harrisburg,Syracuse,NY,Size L,10.41,2,UPS® Ground
Harrisburg,Tomball,TX,Size L,16.04,3,UPS® Ground
Harrisburg,Topeka,KS,Size L,14.74,3,UPS® Ground
Harrisburg,Tuscaloosa,AL,Size L,14.74,2,UPS® Ground
Harrisburg,Terre Haute,IN,Size L,11.36,2,UPS® Ground
Harrisburg,Tinley Park,IL,Size L,14.74,2,UPS® Ground
Harrisburg,Toms River,NJ,Size L,9.41,1,UPS® Ground
Harrisburg,Tulare,CA,Size L,18.12,4,UPS® Ground
Harrisburg,Vienna,VA,Size L,9.41,1,UPS® Ground
Harrisburg,Walnut Creek,CA,Size L,18.12,4,UPS® Ground
Harrisburg,Wayne,NJ,Size L,9.41,1,UPS® Ground
Harrisburg,Waynesboro,VA,Size L,10.41,1,UPS® Ground
Harrisburg,West Sacramento,CA,Size L,18.12,4,UPS® Ground
Harrisburg,Yuba City,CA,Size L,18.12,4,UPS® Ground
Harrisburg,Zachary,LA,Size L,16.04,3,UPS® Ground
Harrisburg,Buford,GA,Size L,11.36,2,UPS® Ground
Harrisburg,Modesto,CA,Size L,18.12,4,UPS® Ground
Harrisburg,Winter Park,FL,Size L,14.74,2,UPS® Ground
Louisville,Arvada,CO,Size L,16.04,2,UPS® Ground
Louisville,Anchorage,AK,Size L,46.14,3,UPS® Ground
Louisville,Birmingham,AL,Size L,11.36,1,UPS® Ground
Louisville,Bozeman,MT,Size L,17.1,3,UPS® Ground
Louisville,Conroe,TX,Size L,14.74,3,UPS® Ground
Louisville,Carmel Valley,CA,Size L,17.1,3,UPS® Ground
Louisville,Castle Rock,CO,Size L,16.04,2,UPS® Ground
Louisville,Cedar Rapids,IA,Size L,11.36,2,UPS® Ground
Louisville,Cooperstown,NY,Size L,14.74,2,UPS® Ground
Louisville,Deland,FL,Size L,14.74,2,UPS® Ground
Louisville,Fort Mill,SC,Size L,11.36,2,UPS® Ground
Louisville,Fargo,ND,Size L,14.74,2,UPS® Ground
Louisville,Glen Allen,VA,Size L,11.36,2,UPS® Ground
Louisville,Grand Junction,CO,Size L,16.04,4,UPS® Ground
Louisville,Highlands Ranch,CO,Size L,16.04,2,UPS® Ground
Louisville,Joliet,IL,Size L,11.36,1,UPS® Ground
Louisville,Kerrville,TX,Size L,16.04,3,UPS® Ground
Louisville,Longmont,CO,Size L,16.04,3,UPS® Ground
Louisville,Minneapolis,MN,Size L,14.74,2,UPS® Ground
Louisville,Naperville,IL,Size L,11.36,1,UPS® Ground
Louisville,Neosho,MO,Size L,11.36,2,UPS® Ground
Louisville,Puyallup,WA,Size L,18.12,4,UPS® Ground
Louisville,Queen Creek,AZ,Size L,17.1,3,UPS® Ground
Louisville,Saline,MI,Size L,11.36,2,UPS® Ground
Louisville,Sevierville,TN,Size L,10.41,1,UPS® Ground
Louisville,Sterling Heights,MI,Size L,11.36,2,UPS® Ground
Louisville,Thornton,CO,Size L,16.04,2,UPS® Ground
Louisville,Ventura,CA,Size L,18.12,3,UPS® Ground
Louisville,Wilmington,MA,Size L,14.74,3,UPS® Ground
Louisville,Clermont,FL,Size L,14.74,2,UPS® Ground
Louisville,Abilene,TX,Size L,14.74,2,UPS® Ground
Louisville,Brick,NJ,Size L,14.74,3,UPS® Ground
Louisville,Bentonville,AR,Size L,11.36,2,UPS® Ground
Louisville,Bogart,GA,Size L,11.36,2,UPS® Ground
Louisville,Boston,MA,Size L,14.74,3,UPS® Ground
Louisville,Buffalo,NY,Size L,11.36,2,UPS® Ground
Louisville,Cary,NC,Size L,11.36,2,UPS® Ground
Louisville,Dallas,GA,Size L,11.36,2,UPS® Ground
Louisville,Doylestown,PA,Size L,11.36,2,UPS® Ground
Louisville,Eugene,OR,Size L,18.12,4,UPS® Ground
Louisville,Edmond,OK,Size L,14.74,2,UPS® Ground
Louisville,Forney,TX,Size L,14.74,2,UPS® Ground
Louisville,Fuquay Varina,NC,Size L,11.36,2,UPS® Ground
Louisville,Glendora,CA,Size L,18.12,4,UPS® Ground
Louisville,Henrico,VA,Size L,11.36,2,UPS® Ground
Louisville,Hockessin,DE,Size L,11.36,2,UPS® Ground
Louisville,Holly Springs,NC,Size L,11.36,2,UPS® Ground
Louisville,Irvine,CA,Size L,18.12,3,UPS® Ground
Louisville,Lakeland,FL,Size L,14.74,2,UPS® Ground
Louisville,Lawrence,KS,Size L,11.36,2,UPS® Ground
Louisville,League City,TX,Size L,16.04,3,UPS® Ground
Louisville,Mansfield,TX,Size L,14.74,2,UPS® Ground
Louisville,Madison,WI,Size L,11.36,2,UPS® Ground
Louisville,McKinney,TX,Size L,14.74,2,UPS® Ground
Louisville,Mentor,OH,Size L,11.36,2,UPS® Ground
Louisville,Mount Airy,MD,Size L,11.36,2,UPS® Ground
Louisville,Norfolk,VA,Size L,11.36,2,UPS® Ground
Louisville,Nampa,ID,Size L,17.1,3,UPS® Ground
Louisville,Noblesville,IN,Size L,9.41,1,UPS® Ground
Louisville,Orland Park,IL,Size L,11.36,1,UPS® Ground
Louisville,Palm Harbor,FL,Size L,14.74,2,UPS® Ground
Louisville,Petaluma,CA,Size L,18.12,4,UPS® Ground
Louisville,Placentia,CA,Size L,18.12,3,UPS® Ground
Louisville,Prescott,AZ,Size L,17.1,3,UPS® Ground
Louisville,Richardson,TX,Size L,14.74,2,UPS® Ground
Louisville,Roanoke,VA,Size L,11.36,2,UPS® Ground
Louisville,Richmond,TX,Size L,14.74,3,UPS® Ground
Louisville,Sanford,ME,Size L,14.74,3,UPS® Ground
Louisville,Seminole,FL,Size L,14.74,2,UPS® Ground
Louisville,Sheridan,WY,Size L,16.04,4,UPS® Ground
Louisville,Sparks,NV,Size L,17.1,3,UPS® Ground
Louisville,Traverse City,MI,Size L,11.36,2,UPS® Ground
Louisville,Tulsa,OK,Size L,11.36,2,UPS® Ground
Louisville,Wake Forest,NC,Size L,11.36,2,UPS® Ground
Louisville,Waterloo,SC,Size L,11.36,2,UPS® Ground
Louisville,Waukesha,WI,Size L,11.36,2,UPS® Ground
Louisville,Wichita,KS,Size L,14.74,2,UPS® Ground
Louisville,Winnsboro,TX,Size L,14.74,2,UPS® Ground
Louisville,Woodbury,MN,Size L,14.74,2,UPS® Ground
Louisville,Cumming,GA,Size L,11.36,2,UPS® Ground
Louisville,Muskegon,MI,Size L,11.36,2,UPS® Ground
Louisville,Akron,OH,Size L,10.41,2,UPS® Ground
Louisville,Albany,OR,Size L,18.12,4,UPS® Ground
Louisville,Alpharetta,GA,Size L,11.36,2,UPS® Ground
Louisville,Asheville,NC,Size L,10.41,2,UPS® Ground
Louisville,Bixby,OK,Size L,11.36,2,UPS® Ground
Louisville,Boulder,CO,Size L,16.04,3,UPS® Ground
Louisville,Bethlehem,PA,Size L,11.36,2,UPS® Ground
Louisville,Brenham,TX,Size L,14.74,2,UPS® Ground
Louisville,Broken Bow,OK,Size L,11.36,2,UPS® Ground
Louisville,Cape Coral,FL,Size L,14.74,2,UPS® Ground
Louisville,Chula Vista,CA,Size L,17.1,3,UPS® Ground
Louisville,Crawfordville,FL,Size L,11.36,2,UPS® Ground
Louisville,Cypress,TX,Size L,14.74,3,UPS® Ground
Louisville,Clearwater,FL,Size L,14.74,2,UPS® Ground
Louisville,Columbiana,AL,Size L,11.36,1,UPS® Ground
Louisville,Columbus,GA,Size L,11.36,2,UPS® Ground
Louisville,Commack,NY,Size L,14.74,2,UPS® Ground
Louisville,Dublin,CA,Size L,18.12,4,UPS® Ground
Louisville,Decatur,GA,Size L,11.36,2,UPS® Ground
Louisville,Deltona,FL,Size L,14.74,2,UPS® Ground
Louisville,Derry,NH,Size L,14.74,3,UPS® Ground
Louisville,Douglassville,PA,Size L,11.36,2,UPS® Ground
Louisville,Easton,PA,Size L,11.36,2,UPS® Ground
Louisville,El Paso,TX,Size L,16.04,3,UPS® Ground
Louisville,Escondido,CA,Size L,18.12,4,UPS® Ground
Louisville,Fairport,NY,Size L,11.36,2,UPS® Ground
Louisville,Flemington,NJ,Size L,14.74,3,UPS® Ground
Louisville,Florence,SC,Size L,11.36,2,UPS® Ground
Louisville,Fort Lauderdale,FL,Size L,16.04,2,UPS® Ground
Louisville,Frisco,TX,Size L,14.74,2,UPS® Ground
Louisville,Goodyear,AZ,Size L,17.1,3,UPS® Ground
Louisville,Gays Mills,WI,Size L,11.36,3,UPS® Ground
Louisville,Grafton,WI,Size L,11.36,2,UPS® Ground
Louisville,Green Cove Springs,FL,Size L,14.74,2,UPS® Ground
Louisville,Greensburg,PA,Size L,11.36,2,UPS® Ground
Louisville,Honolulu,HI,Size L,46.14,5,UPS® Ground
Louisville,Humble,TX,Size L,14.74,3,UPS® Ground
Louisville,Huntington,NY,Size L,14.74,2,UPS® Ground
Louisville,Idaho Falls,ID,Size L,16.04,3,UPS® Ground
Louisville,Jackson,TN,Size L,10.41,1,UPS® Ground
Louisville,Jacksonville,NC,Size L,11.36,2,UPS® Ground
Louisville,Jenkintown,PA,Size L,11.36,2,UPS® Ground
Louisville,Johnson City,TN,Size L,10.41,2,UPS® Ground
Louisville,Kingwood,TX,Size L,14.74,3,UPS® Ground
Louisville,Lansing,MI,Size L,11.36,2,UPS® Ground
Louisville,Lapeer,MI,Size L,11.36,2,UPS® Ground
Louisville,Lawrenceville,GA,Size L,11.36,2,UPS® Ground
Louisville,Lexington,NC,Size L,11.36,2,UPS® Ground
Louisville,Lubbock,TX,Size L,14.74,2,UPS® Ground
Louisville,Medina,OH,Size L,10.41,2,UPS® Ground
Louisville,Macomb,MI,Size L,11.36,2,UPS® Ground
Louisville,Magnolia,TX,Size L,14.74,3,UPS® Ground
Louisville,Martinsburg,WV,Size L,11.36,2,UPS® Ground
Louisville,Meridian,ID,Size L,17.1,3,UPS® Ground
Louisville,Mobile,AL,Size L,11.36,2,UPS® Ground
Louisville,Morrison,CO,Size L,16.04,2,UPS® Ground
Louisville,Napa,CA,Size L,18.12,4,UPS® Ground
Louisville,New Braunfels,TX,Size L,14.74,3,UPS® Ground
Louisville,New Lenox,IL,Size L,11.36,1,UPS® Ground
Louisville,New Orleans,LA,Size L,14.74,2,UPS® Ground
Louisville,Newark,DE,Size L,11.36,2,UPS® Ground
Louisville,Oakland,CA,Size L,18.12,4,UPS® Ground
Louisville,Owasso,OK,Size L,11.36,2,UPS® Ground
Louisville,Overland Park,KS,Size L,11.36,2,UPS® Ground
Louisville,Panama City,FL,Size L,11.36,2,UPS® Ground
Louisville,Panama City Beach,FL,Size L,11.36,2,UPS® Ground
Louisville,Patchogue,NY,Size L,14.74,2,UPS® Ground
Louisville,Port Clinton,OH,Size L,10.41,2,UPS® Ground
Louisville,Paducah,KY,Size L,10.41,1,UPS® Ground
Louisville,Palmetto,FL,Size L,14.74,2,UPS® Ground
Louisville,Pearland,TX,Size L,16.04,3,UPS® Ground
Louisville,Pella,IA,Size L,11.36,2,UPS® Ground
Louisville,Pittsford,NY,Size L,11.36,2,UPS® Ground
Louisville,Port Orange,FL,Size L,14.74,2,UPS® Ground
Louisville,Ravenna,OH,Size L,10.41,2,UPS® Ground
Louisville,Roaming Shores,OH,Size L,11.36,2,UPS® Ground
Louisville,Richmond Hill,GA,Size L,11.36,2,UPS® Ground
Louisville,Riverview,FL,Size L,14.74,2,UPS® Ground
Louisville,Rochester,MN,Size L,11.36,2,UPS® Ground
Louisville,Round Rock,TX,Size L,14.74,2,UPS® Ground
Louisville,Saint Petersburg,FL,Size L,14.74,2,UPS® Ground
Louisville,San Leandro,CA,Size L,18.12,4,UPS® Ground
Louisville,Southington,CT,Size L,14.74,3,UPS® Ground
Louisville,Spartanburg,SC,Size L,11.36,2,UPS® Ground
Louisville,Surprise,AZ,Size L,17.1,3,UPS® Ground
Louisville,Santa Barbara,CA,Size L,18.12,3,UPS® Ground
Louisville,Shelton,CT,Size L,14.74,3,UPS® Ground
Louisville,Spring Branch,TX,Size L,16.04,3,UPS® Ground
Louisville,St. Louis,MO,Size L,10.41,2,UPS® Ground
Louisville,Stroudsburg,PA,Size L,11.36,2,UPS® Ground
Louisville,Sunapee,NH,Size L,14.74,3,UPS® Ground
Louisville,Swedesboro,NJ,Size L,11.36,2,UPS® Ground
Louisville,Syracuse,NY,Size L,11.36,2,UPS® Ground
Louisville,Tomball,TX,Size L,14.74,3,UPS® Ground
Louisville,Topeka,KS,Size L,11.36,2,UPS® Ground
Louisville,Tuscaloosa,AL,Size L,11.36,2,UPS® Ground
Louisville,Terre Haute,IN,Size L,9.41,1,UPS® Ground
Louisville,Tinley Park,IL,Size L,11.36,1,UPS® Ground
Louisville,Toms River,NJ,Size L,14.74,3,UPS® Ground
Louisville,Tulare,CA,Size L,18.12,4,UPS® Ground
Louisville,Vienna,VA,Size L,11.36,2,UPS® Ground
Louisville,Walnut Creek,CA,Size L,18.12,4,UPS® Ground
Louisville,Wayne,NJ,Size L,14.74,3,UPS® Ground
Louisville,Waynesboro,VA,Size L,11.36,2,UPS® Ground
Louisville,West Sacramento,CA,Size L,18.12,4,UPS® Ground
Louisville,Yuba City,CA,Size L,18.12,4,UPS® Ground
Louisville,Zachary,LA,Size L,14.74,2,UPS® Ground
Louisville,Buford,GA,Size L,11.36,2,UPS® Ground
Louisville,Modesto,CA,Size L,18.12,4,UPS® Ground
Louisville,Winter Park,FL,Size L,14.74,2,UPS® Ground
Nashville,Arvada,CO,Size L,16.04,3,UPS® Ground
Nashville,Anchorage,AK,Size L,46.14,3,UPS® Ground
Nashville,Birmingham,AL,Size L,10.41,1,UPS® Ground
Nashville,Bozeman,MT,Size L,17.1,3,UPS® Ground
Nashville,Conroe,TX,Size L,14.74,2,UPS® Ground
Nashville,Carmel Valley,CA,Size L,17.1,3,UPS® Ground
Nashville,Castle Rock,CO,Size L,14.74,3,UPS® Ground
Nashville,Cedar Rapids,IA,Size L,11.36,2,UPS® Ground
Nashville,Cooperstown,NY,Size L,14.74,2,UPS® Ground
Nashville,Deland,FL,Size L,14.74,2,UPS® Ground
Nashville,Fort Mill,SC,Size L,11.36,2,UPS® Ground
Nashville,Fargo,ND,Size L,14.74,3,UPS® Ground
Nashville,Glen Allen,VA,Size L,11.36,2,UPS® Ground
Nashville,Grand Junction,CO,Size L,16.04,3,UPS® Ground
Nashville,Highlands Ranch,CO,Size L,14.74,3,UPS® Ground
Nashville,Joliet,IL,Size L,11.36,2,UPS® Ground
Nashville,Kerrville,TX,Size L,14.74,3,UPS® Ground
Nashville,Longmont,CO,Size L,16.04,3,UPS® Ground
Nashville,Minneapolis,MN,Size L,14.74,2,UPS® Ground
Nashville,Naperville,IL,Size L,11.36,2,UPS® Ground
Nashville,Neosho,MO,Size L,11.36,2,UPS® Ground
Nashville,Puyallup,WA,Size L,18.12,5,UPS® Ground
Nashville,Queen Creek,AZ,Size L,17.1,4,UPS® Ground
Nashville,Saline,MI,Size L,11.36,2,UPS® Ground
Nashville,Sevierville,TN,Size L,10.41,1,UPS® Ground
Nashville,Sterling Heights,MI,Size L,11.36,2,UPS® Ground
Nashville,Thornton,CO,Size L,16.04,3,UPS® Ground
Nashville,Ventura,CA,Size L,18.12,3,UPS® Ground
Nashville,Wilmington,MA,Size L,14.74,2,UPS® Ground
Nashville,Clermont,FL,Size L,14.74,2,UPS® Ground
Nashville,Abilene,TX,Size L,14.74,2,UPS® Ground
Nashville,Brick,NJ,Size L,14.74,2,UPS® Ground
Nashville,Bentonville,AR,Size L,11.36,2,UPS® Ground
Nashville,Bogart,GA,Size L,10.41,2,UPS® Ground
Nashville,Boston,MA,Size L,14.74,2,UPS® Ground
Nashville,Buffalo,NY,Size L,14.74,2,UPS® Ground
Nashville,Cary,NC,Size L,11.36,2,UPS® Ground
Nashville,Dallas,GA,Size L,10.41,2,UPS® Ground
Nashville,Doylestown,PA,Size L,14.74,2,UPS® Ground
Nashville,Eugene,OR,Size L,18.12,5,UPS® Ground
Nashville,Edmond,OK,Size L,14.74,2,UPS® Ground
Nashville,Forney,TX,Size L,11.36,2,UPS® Ground
Nashville,Fuquay Varina,NC,Size L,11.36,2,UPS® Ground
Nashville,Glendora,CA,Size L,17.1,3,UPS® Ground
Nashville,Henrico,VA,Size L,11.36,2,UPS® Ground
Nashville,Hockessin,DE,Size L,14.74,2,UPS® Ground
Nashville,Holly Springs,NC,Size L,11.36,2,UPS® Ground
Nashville,Irvine,CA,Size L,17.1,3,UPS® Ground
Nashville,Lakeland,FL,Size L,14.74,2,UPS® Ground
Nashville,Lawrence,KS,Size L,11.36,2,UPS® Ground
Nashville,League City,TX,Size L,14.74,2,UPS® Ground
Nashville,Mansfield,TX,Size L,14.74,2,UPS® Ground
Nashville,Madison,WI,Size L,11.36,2,UPS® Ground
Nashville,McKinney,TX,Size L,14.74,2,UPS® Ground
Nashville,Mentor,OH,Size L,11.36,2,UPS® Ground
Nashville,Mount Airy,MD,Size L,11.36,2,UPS® Ground
Nashville,Norfolk,VA,Size L,11.36,2,UPS® Ground
Nashville,Nampa,ID,Size L,17.1,3,UPS® Ground
Nashville,Noblesville,IN,Size L,10.41,2,UPS® Ground
Nashville,Orland Park,IL,Size L,11.36,2,UPS® Ground
Nashville,Palm Harbor,FL,Size L,11.36,2,UPS® Ground
Nashville,Petaluma,CA,Size L,18.12,4,UPS® Ground
Nashville,Placentia,CA,Size L,17.1,3,UPS® Ground
Nashville,Prescott,AZ,Size L,17.1,4,UPS® Ground
Nashville,Richardson,TX,Size L,14.74,2,UPS® Ground
Nashville,Roanoke,VA,Size L,11.36,2,UPS® Ground
Nashville,Richmond,TX,Size L,14.74,2,UPS® Ground
Nashville,Sanford,ME,Size L,16.04,2,UPS® Ground
Nashville,Seminole,FL,Size L,14.74,2,UPS® Ground
Nashville,Sheridan,WY,Size L,16.04,4,UPS® Ground
Nashville,Sparks,NV,Size L,17.1,4,UPS® Ground
Nashville,Traverse City,MI,Size L,11.36,2,UPS® Ground
Nashville,Tulsa,OK,Size L,11.36,2,UPS® Ground
Nashville,Wake Forest,NC,Size L,11.36,2,UPS® Ground
Nashville,Waterloo,SC,Size L,10.41,2,UPS® Ground
Nashville,Waukesha,WI,Size L,11.36,2,UPS® Ground
Nashville,Wichita,KS,Size L,11.36,2,UPS® Ground
Nashville,Winnsboro,TX,Size L,11.36,2,UPS® Ground
Nashville,Woodbury,MN,Size L,14.74,2,UPS® Ground
Nashville,Cumming,GA,Size L,10.41,2,UPS® Ground
Nashville,Muskegon,MI,Size L,11.36,2,UPS® Ground
Nashville,Akron,OH,Size L,11.36,2,UPS® Ground
Nashville,Albany,OR,Size L,18.12,5,UPS® Ground
Nashville,Alpharetta,GA,Size L,10.41,2,UPS® Ground
Nashville,Asheville,NC,Size L,10.41,2,UPS® Ground
Nashville,Bixby,OK,Size L,11.36,2,UPS® Ground
Nashville,Boulder,CO,Size L,16.04,3,UPS® Ground
Nashville,Bethlehem,PA,Size L,14.74,2,UPS® Ground
Nashville,Brenham,TX,Size L,14.74,3,UPS® Ground
Nashville,Broken Bow,OK,Size L,11.36,2,UPS® Ground
Nashville,Cape Coral,FL,Size L,14.74,2,UPS® Ground
Nashville,Chula Vista,CA,Size L,17.1,3,UPS® Ground
Nashville,Crawfordville,FL,Size L,11.36,2,UPS® Ground
Nashville,Cypress,TX,Size L,14.74,2,UPS® Ground
Nashville,Clearwater,FL,Size L,14.74,2,UPS® Ground
Nashville,Columbiana,AL,Size L,9.41,1,UPS® Ground
Nashville,Columbus,GA,Size L,10.41,2,UPS® Ground
Nashville,Commack,NY,Size L,14.74,2,UPS® Ground
Nashville,Dublin,CA,Size L,18.12,4,UPS® Ground
Nashville,Decatur,GA,Size L,10.41,2,UPS® Ground
Nashville,Deltona,FL,Size L,14.74,2,UPS® Ground
Nashville,Derry,NH,Size L,14.74,2,UPS® Ground
Nashville,Douglassville,PA,Size L,14.74,2,UPS® Ground
Nashville,Easton,PA,Size L,14.74,2,UPS® Ground
Nashville,El Paso,TX,Size L,16.04,3,UPS® Ground
Nashville,Escondido,CA,Size L,17.1,3,UPS® Ground
Nashville,Fairport,NY,Size L,14.74,2,UPS® Ground
Nashville,Flemington,NJ,Size L,14.74,2,UPS® Ground
Nashville,Florence,SC,Size L,11.36,2,UPS® Ground
Nashville,Fort Lauderdale,FL,Size L,14.74,2,UPS® Ground
Nashville,Frisco,TX,Size L,14.74,2,UPS® Ground
Nashville,Goodyear,AZ,Size L,17.1,4,UPS® Ground
Nashville,Gays Mills,WI,Size L,11.36,3,UPS® Ground
Nashville,Grafton,WI,Size L,11.36,2,UPS® Ground
Nashville,Green Cove Springs,FL,Size L,11.36,2,UPS® Ground
Nashville,Greensburg,PA,Size L,11.36,2,UPS® Ground
Nashville,Honolulu,HI,Size L,46.14,6,UPS® Ground
Nashville,Humble,TX,Size L,14.74,2,UPS® Ground
Nashville,Huntington,NY,Size L,14.74,2,UPS® Ground
Nashville,Idaho Falls,ID,Size L,16.04,3,UPS® Ground
Nashville,Jackson,TN,Size L,9.41,1,UPS® Ground
Nashville,Jacksonville,NC,Size L,11.36,2,UPS® Ground
Nashville,Jenkintown,PA,Size L,14.74,2,UPS® Ground
Nashville,Johnson City,TN,Size L,10.41,1,UPS® Ground
Nashville,Kingwood,TX,Size L,14.74,2,UPS® Ground
Nashville,Lansing,MI,Size L,11.36,2,UPS® Ground
Nashville,Lapeer,MI,Size L,11.36,2,UPS® Ground
Nashville,Lawrenceville,GA,Size L,10.41,2,UPS® Ground
Nashville,Lexington,NC,Size L,11.36,2,UPS® Ground
Nashville,Lubbock,TX,Size L,14.74,3,UPS® Ground
Nashville,Medina,OH,Size L,11.36,2,UPS® Ground
Nashville,Macomb,MI,Size L,11.36,2,UPS® Ground
Nashville,Magnolia,TX,Size L,14.74,2,UPS® Ground
Nashville,Martinsburg,WV,Size L,11.36,2,UPS® Ground
Nashville,Meridian,ID,Size L,17.1,3,UPS® Ground
Nashville,Mobile,AL,Size L,11.36,2,UPS® Ground
Nashville,Morrison,CO,Size L,16.04,3,UPS® Ground
Nashville,Napa,CA,Size L,18.12,4,UPS® Ground
Nashville,New Braunfels,TX,Size L,14.74,3,UPS® Ground
Nashville,New Lenox,IL,Size L,11.36,2,UPS® Ground
Nashville,New Orleans,LA,Size L,11.36,2,UPS® Ground
Nashville,Newark,DE,Size L,14.74,2,UPS® Ground
Nashville,Oakland,CA,Size L,18.12,4,UPS® Ground
Nashville,Owasso,OK,Size L,11.36,2,UPS® Ground
Nashville,Overland Park,KS,Size L,11.36,2,UPS® Ground
Nashville,Panama City,FL,Size L,11.36,2,UPS® Ground
Nashville,Panama City Beach,FL,Size L,11.36,2,UPS® Ground
Nashville,Patchogue,NY,Size L,14.74,2,UPS® Ground
Nashville,Port Clinton,OH,Size L,11.36,2,UPS® Ground
Nashville,Paducah,KY,Size L,9.41,1,UPS® Ground
Nashville,Palmetto,FL,Size L,14.74,2,UPS® Ground
Nashville,Pearland,TX,Size L,14.74,2,UPS® Ground
Nashville,Pella,IA,Size L,11.36,2,UPS® Ground
Nashville,Pittsford,NY,Size L,14.74,2,UPS® Ground
Nashville,Port Orange,FL,Size L,11.36,2,UPS® Ground
Nashville,Ravenna,OH,Size L,11.36,2,UPS® Ground
Nashville,Roaming Shores,OH,Size L,11.36,2,UPS® Ground
Nashville,Richmond Hill,GA,Size L,11.36,2,UPS® Ground
Nashville,Riverview,FL,Size L,14.74,2,UPS® Ground
Nashville,Rochester,MN,Size L,14.74,2,UPS® Ground
Nashville,Round Rock,TX,Size L,14.74,2,UPS® Ground
Nashville,Saint Petersburg,FL,Size L,14.74,2,UPS® Ground
Nashville,San Leandro,CA,Size L,18.12,4,UPS® Ground
Nashville,Southington,CT,Size L,14.74,2,UPS® Ground
Nashville,Spartanburg,SC,Size L,10.41,2,UPS® Ground
Nashville,Surprise,AZ,Size L,17.1,4,UPS® Ground
Nashville,Santa Barbara,CA,Size L,18.12,3,UPS® Ground
Nashville,Shelton,CT,Size L,14.74,2,UPS® Ground
Nashville,Spring Branch,TX,Size L,14.74,2,UPS® Ground
Nashville,St. Louis,MO,Size L,10.41,1,UPS® Ground
Nashville,Stroudsburg,PA,Size L,14.74,2,UPS® Ground
Nashville,Sunapee,NH,Size L,14.74,2,UPS® Ground
Nashville,Swedesboro,NJ,Size L,14.74,2,UPS® Ground
Nashville,Syracuse,NY,Size L,14.74,2,UPS® Ground
Nashville,Tomball,TX,Size L,14.74,2,UPS® Ground
Nashville,Topeka,KS,Size L,11.36,2,UPS® Ground
Nashville,Tuscaloosa,AL,Size L,10.41,2,UPS® Ground
Nashville,Terre Haute,IN,Size L,10.41,2,UPS® Ground
Nashville,Tinley Park,IL,Size L,11.36,2,UPS® Ground
Nashville,Toms River,NJ,Size L,14.74,2,UPS® Ground
Nashville,Tulare,CA,Size L,17.1,3,UPS® Ground
Nashville,Vienna,VA,Size L,11.36,2,UPS® Ground
Nashville,Walnut Creek,CA,Size L,18.12,4,UPS® Ground
Nashville,Wayne,NJ,Size L,14.74,2,UPS® Ground
Nashville,Waynesboro,VA,Size L,11.36,2,UPS® Ground
Nashville,West Sacramento,CA,Size L,18.12,4,UPS® Ground
Nashville,Yuba City,CA,Size L,18.12,4,UPS® Ground
Nashville,Zachary,LA,Size L,11.36,2,UPS® Ground
Nashville,Buford,GA,Size L,10.41,2,UPS® Ground
Nashville,Modesto,CA,Size L,18.12,4,UPS® Ground
Nashville,Winter Park,FL,Size L,14.74,2,UPS® Ground
Greensboro,Brooklyn,NY,Size L,11.36,2,UPS® Ground
Greensboro,Phoenix,AZ,Size L,18.12,3,UPS® Ground
Greensboro,Houston,TX,Size L,16.04,3,UPS® Ground
Greensboro,San Antonio,TX,Size L,16.04,3,UPS® Ground
Greensboro,Jacksonville,FL,Size L,11.36,2,UPS® Ground
Greensboro,Chicago,IL,Size L,11.36,2,UPS® Ground
Greensboro,Dallas,TX,Size L,14.74,3,UPS® Ground
Greensboro,Wilmington,DE,Size L,11.36,2,UPS® Ground
Greensboro,Austin,TX,Size L,16.04,3,UPS® Ground
Greensboro,Canton,OH,Size L,11.36,2,UPS® Ground
Greensboro,Charlotte,NC,Size L,9.41,1,UPS® Ground
Greensboro,New York,NY,Size L,11.36,2,UPS® Ground
Greensboro,Atlanta,GA,Size L,11.36,2,UPS® Ground
Greensboro,Franklin,TN,Size L,11.36,2,UPS® Ground
Greensboro,Lexington,KY,Size L,10.41,2,UPS® Ground
Greensboro,Orlando,FL,Size L,11.36,2,UPS® Ground
Greensboro,Rochester,NY,Size L,11.36,3,UPS® Ground
Greensboro,Las Vegas,NV,Size L,18.12,4,UPS® Ground
Greensboro,Louisville,KY,Size L,11.36,2,UPS® Ground
Greensboro,Marietta,GA,Size L,11.36,2,UPS® Ground
Greensboro,Colorado Springs,CO,Size L,16.04,3,UPS® Ground
Greensboro,Columbus,OH,Size L,11.36,2,UPS® Ground
Greensboro,Marble Falls,TX,Size L,16.04,3,UPS® Ground
Greensboro,Tampa,FL,Size L,11.36,2,UPS® Ground
Greensboro,San Diego,CA,Size L,18.12,4,UPS® Ground
Greensboro,Columbia,SC,Size L,10.41,1,UPS® Ground
Greensboro,Greenville,SC,Size L,10.41,1,UPS® Ground
Greensboro,Lebanon,TN,Size L,11.36,2,UPS® Ground
Greensboro,Salem,OR,Size L,18.12,4,UPS® Ground
Greensboro,Cleveland,OH,Size L,11.36,2,UPS® Ground
Greensboro,Denver,CO,Size L,16.04,3,UPS® Ground
Greensboro,Omaha,NE,Size L,14.74,3,UPS® Ground
Greensboro,Portland,OR,Size L,18.12,4,UPS® Ground
Greensboro,Raleigh,NC,Size L,9.41,1,UPS® Ground
Greensboro,Richmond,VA,Size L,10.41,1,UPS® Ground
Greensboro,Jackson,MS,Size L,14.74,2,UPS® Ground
Greensboro,Albany,NY,Size L,11.36,2,UPS® Ground
Greensboro,Fort Worth,TX,Size L,16.04,3,UPS® Ground
Greensboro,Oklahoma City,OK,Size L,14.74,3,UPS® Ground
Greensboro,Chesapeake,VA,Size L,10.41,2,UPS® Ground
Greensboro,Miami,FL,Size L,14.74,2,UPS® Ground
Greensboro,Milford,CT,Size L,11.36,2,UPS® Ground
Greensboro,Pittsburgh,PA,Size L,11.36,2,UPS® Ground
Greensboro,San Francisco,CA,Size L,18.12,4,UPS® Ground
Greensboro,San Jose,CA,Size L,18.12,4,UPS® Ground
Greensboro,Tucson,AZ,Size L,17.1,3,UPS® Ground
Greensboro,Virginia Beach,VA,Size L,10.41,2,UPS® Ground
Greensboro,Albuquerque,NM,Size L,17.1,4,UPS® Ground
Greensboro,Gilbert,AZ,Size L,18.12,3,UPS® Ground
Greensboro,Springfield,IL,Size L,11.36,2,UPS® Ground
Greensboro,Alexandria,VA,Size L,10.41,2,UPS® Ground
Greensboro,Kansas City,MO,Size L,14.74,3,UPS® Ground
Greensboro,Knoxville,TN,Size L,10.41,2,UPS® Ground
Greensboro,Lakewood,CO,Size L,16.04,3,UPS® Ground
Greensboro,Nashville,TN,Size L,11.36,2,UPS® Ground
Greensboro,Saint Louis,MO,Size L,14.74,2,UPS® Ground
Greensboro,Seattle,WA,Size L,18.12,5,UPS® Ground
Greensboro,Arlington,TX,Size L,16.04,3,UPS® Ground
Greensboro,Aurora,CO,Size L,16.04,3,UPS® Ground
Greensboro,Boise,ID,Size L,18.12,4,UPS® Ground
Greensboro,Indianapolis,IN,Size L,11.36,2,UPS® Ground
Greensboro,Naples,CO,Size L,17.1,,UPS® Ground
Greensboro,Reno,NV,Size L,18.12,4,UPS® Ground
Greensboro,Riverside,CA,Size L,18.12,4,UPS® Ground
Greensboro,Bismarck,ND,Size L,16.04,4,UPS® Ground
Greensboro,Fresno,TX,Size L,14.74,3,UPS® Ground
Greensboro,Lincoln,RI,Size L,11.36,2,UPS® Ground
Greensboro,Los Angeles,CA,Size L,18.12,4,UPS® Ground
Greensboro,Mansfield,MA,Size L,14.74,2,UPS® Ground
Greensboro,Milwaukee,WI,Size L,14.74,2,UPS® Ground
Greensboro,Madison,IN,Size L,11.36,2,UPS® Ground
Greensboro,Mesa,AZ,Size L,18.12,3,UPS® Ground
Greensboro,Monroe,NC,Size L,9.41,1,UPS® Ground
Greensboro,Philadelphia,PA,Size L,11.36,2,UPS® Ground
Greensboro,Staten Island,NY,Size L,11.36,2,UPS® Ground
Greensboro,Washington,DC,Size L,10.41,2,UPS® Ground
Greensboro,Baltimore,MD,Size L,10.41,2,UPS® Ground
Greensboro,Decatur,IL,Size L,11.36,2,UPS® Ground
Greensboro,Durham,NC,Size L,9.41,1,UPS® Ground
Greensboro,Fayetteville,AR,Size L,14.74,2,UPS® Ground
Greensboro,Glendale,AZ,Size L,18.12,3,UPS® Ground
Greensboro,Midland,GA,Size L,11.36,2,UPS® Ground
Greensboro,Scottsdale,AZ,Size L,18.12,3,UPS® Ground
Greensboro,Woodstock,GA,Size L,11.36,2,UPS® Ground
Greensboro,Chandler,AZ,Size L,18.12,3,UPS® Ground
Greensboro,Cincinnati,OH,Size L,11.36,2,UPS® Ground
Greensboro,Covington,LA,Size L,14.74,2,UPS® Ground
Greensboro,Fort Myers,FL,Size L,14.74,2,UPS® Ground
Greensboro,Greensboro,NC,Size L,9.41,1,UPS® Ground
Greensboro,Henderson,TX,Size L,14.74,3,UPS® Ground
Greensboro,Hamilton,MI,Size L,14.74,2,UPS® Ground
Greensboro,Lewisburg,PA,Size L,11.36,2,UPS® Ground
Greensboro,Littleton,CO,Size L,16.04,3,UPS® Ground
Greensboro,Mount Pleasant,SC,Size L,10.41,1,UPS® Ground
Greensboro,Pasadena,MD,Size L,10.41,2,UPS® Ground
Greensboro,Plano,TX,Size L,16.04,3,UPS® Ground
Greensboro,Sanford,NC,Size L,9.41,1,UPS® Ground
Greensboro,Wayne,ME,Size L,14.74,2,UPS® Ground
Greensboro,Ashland,PA,Size L,11.36,2,UPS® Ground
Greensboro,Burlington,WI,Size L,14.74,2,UPS® Ground
Greensboro,Centerville,IA,Size L,14.74,3,UPS® Ground
Greensboro,Clayton,NC,Size L,10.41,1,UPS® Ground
Greensboro,Encinitas,CA,Size L,18.12,4,UPS® Ground
Greensboro,Fort Collins,CO,Size L,17.1,3,UPS® Ground
Greensboro,Golden,CO,Size L,16.04,3,UPS® Ground
Greensboro,Hudson,NC,Size L,9.41,1,UPS® Ground
Greensboro,Katy,TX,Size L,16.04,3,UPS® Ground
Greensboro,Lancaster,SC,Size L,9.41,1,UPS® Ground
Greensboro,Newark,NJ,Size L,11.36,2,UPS® Ground
Greensboro,Parker,CO,Size L,16.04,3,UPS® Ground
Greensboro,Plymouth,MA,Size L,14.74,2,UPS® Ground
Greensboro,Rancho Cucamonga,CA,Size L,18.12,4,UPS® Ground
Greensboro,Rockville,MD,Size L,10.41,2,UPS® Ground
Greensboro,Sacramento,CA,Size L,18.12,5,UPS® Ground
Greensboro,Tallahassee,FL,Size L,11.36,2,UPS® Ground
Greensboro,The Villages,FL,Size L,11.36,2,UPS® Ground
Greensboro,Westfield,IN,Size L,11.36,2,UPS® Ground
Greensboro,Waterloo,IA,Size L,14.74,3,UPS® Ground
Greensboro,West Chester,PA,Size L,11.36,2,UPS® Ground
Greensboro,Bend,OR,Size L,18.12,5,UPS® Ground
Greensboro,Amarillo,TX,Size L,16.04,3,UPS® Ground
Greensboro,Auburn,MA,Size L,11.36,2,UPS® Ground
Greensboro,Bakersfield,CA,Size L,18.12,4,UPS® Ground
Greensboro,Boca Raton,FL,Size L,14.74,2,UPS® Ground
Greensboro,Benton,LA,Size L,14.74,2,UPS® Ground
Greensboro,Bradenton,FL,Size L,14.74,2,UPS® Ground
Greensboro,Dayton,OH,Size L,11.36,2,UPS® Ground
Greensboro,Duluth,MN,Size L,14.74,3,UPS® Ground
Greensboro,Englewood,CO,Size L,16.04,3,UPS® Ground
Greensboro,Fort Wayne,IN,Size L,11.36,2,UPS® Ground
Greensboro,Frederick,MD,Size L,10.41,2,UPS® Ground
Greensboro,Fredericksburg,VA,Size L,10.41,2,UPS® Ground
Greensboro,Gainesville,FL,Size L,11.36,2,UPS® Ground
Greensboro,Grand Rapids,MI,Size L,11.36,2,UPS® Ground
Greensboro,Green Bay,WI,Size L,14.74,3,UPS® Ground
Greensboro,Morgantown,WV,Size L,10.41,2,UPS® Ground
Greensboro,Pensacola,FL,Size L,11.36,2,UPS® Ground
Greensboro,Princeton,MA,Size L,11.36,2,UPS® Ground
Greensboro,Peoria,AZ,Size L,18.12,3,UPS® Ground
Greensboro,Saint Paul,MN,Size L,14.74,3,UPS® Ground
Greensboro,Savannah,GA,Size L,10.41,2,UPS® Ground
Greensboro,Seaford,NY,Size L,11.36,2,UPS® Ground
Greensboro,Seymour,IN,Size L,11.36,2,UPS® Ground
Greensboro,Spokane,WA,Size L,18.12,5,UPS® Ground
Greensboro,Windsor,CO,Size L,17.1,3,UPS® Ground
Greensboro,Winston-Salem,NC,Size L,9.41,1,UPS® Ground
Greensboro,Worcester,MA,Size L,11.36,2,UPS® Ground
Greensboro,York,PA,Size L,11.36,2,UPS® Ground
Greensboro,Antioch,TN,Size L,11.36,2,UPS® Ground
Greensboro,Athens,GA,Size L,10.41,2,UPS® Ground
Greensboro,Corona,CA,Size L,18.12,4,UPS® Ground
Greensboro,Fairfield,CA,Size L,18.12,4,UPS® Ground
Greensboro,Germantown,MD,Size L,10.41,2,UPS® Ground
Greensboro,Hillsboro,OR,Size L,18.12,5,UPS® Ground
Greensboro,Hope Mills,NC,Size L,9.41,1,UPS® Ground
Greensboro,Hendersonville,NC,Size L,10.41,1,UPS® Ground
Greensboro,Holly Springs,MS,Size L,11.36,2,UPS® Ground
Greensboro,Homer,AK,Size L,46.14,3,UPS® Ground
Greensboro,Laurel,MD,Size L,10.41,2,UPS® Ground
Greensboro,Long Beach,CA,Size L,18.12,4,UPS® Ground
Greensboro,Manteca,CA,Size L,18.12,4,UPS® Ground
Greensboro,Maryville,TN,Size L,10.41,2,UPS® Ground
Greensboro,Magnolia,MS,Size L,14.74,2,UPS® Ground
Greensboro,Memphis,TN,Size L,11.36,2,UPS® Ground
Greensboro,Milton,MA,Size L,14.74,2,UPS® Ground
Greensboro,Montgomery,TX,Size L,14.74,3,UPS® Ground
Greensboro,Myrtle Beach,SC,Size L,9.41,1,UPS® Ground
Greensboro,New Market,AL,Size L,11.36,2,UPS® Ground
Greensboro,Ocala,FL,Size L,11.36,2,UPS® Ground
Greensboro,Olathe,KS,Size L,14.74,3,UPS® Ground
Greensboro,Oxford,MI,Size L,11.36,2,UPS® Ground
Greensboro,Palm Beach Gardens,FL,Size L,14.74,2,UPS® Ground
Greensboro,Roseville,CA,Size L,18.12,5,UPS® Ground
Greensboro,Roswell,GA,Size L,11.36,2,UPS® Ground
Greensboro,Rockwall,TX,Size L,16.04,3,UPS® Ground
Greensboro,Spring,TX,Size L,14.74,3,UPS® Ground
Greensboro,Salisbury,MA,Size L,14.74,2,UPS® Ground
Greensboro,Santa Rosa,CA,Size L,18.12,4,UPS® Ground
Greensboro,Sarasota,FL,Size L,14.74,2,UPS® Ground
Greensboro,Vancouver,WA,Size L,18.12,5,UPS® Ground
Greensboro,Westminster,MD,Size L,10.41,2,UPS® Ground
Greensboro,Canton,GA,Size L,11.36,2,UPS® Ground
Greensboro,Columbia,MO,Size L,14.74,2,UPS® Ground
Greensboro,Naples,FL,Size L,14.74,2,UPS® Ground
Greensboro,Fresno,CA,Size L,18.12,4,UPS® Ground
Greensboro,Cleveland,TN,Size L,10.41,2,UPS® Ground
Greensboro,Henderson,NV,Size L,18.12,4,UPS® Ground
Greensboro,Lincoln,NE,Size L,14.74,3,UPS® Ground
Greensboro,Wilmington,NC,Size L,10.41,1,UPS® Ground
Greensboro,Arvada,CO,Size L,16.04,3,UPS® Ground
Greensboro,Anchorage,AK,Size L,46.14,3,UPS® Ground
Greensboro,Birmingham,AL,Size L,11.36,2,UPS® Ground
Greensboro,Bozeman,MT,Size L,18.12,4,UPS® Ground
Greensboro,Conroe,TX,Size L,14.74,3,UPS® Ground
Greensboro,Carmel Valley,CA,Size L,18.12,4,UPS® Ground
Greensboro,Castle Rock,CO,Size L,16.04,3,UPS® Ground
Greensboro,Cedar Rapids,IA,Size L,14.74,3,UPS® Ground
Greensboro,Cooperstown,NY,Size L,11.36,2,UPS® Ground
Greensboro,Deland,FL,Size L,11.36,2,UPS® Ground
Greensboro,Fort Mill,SC,Size L,9.41,1,UPS® Ground
Greensboro,Fargo,ND,Size L,16.04,4,UPS® Ground
Greensboro,Glen Allen,VA,Size L,9.41,1,UPS® Ground
Greensboro,Grand Junction,CO,Size L,17.1,4,UPS® Ground
Greensboro,Highlands Ranch,CO,Size L,16.04,3,UPS® Ground
Greensboro,Joliet,IL,Size L,11.36,2,UPS® Ground
Greensboro,Kerrville,TX,Size L,16.04,3,UPS® Ground
Greensboro,Longmont,CO,Size L,17.1,3,UPS® Ground
Greensboro,Minneapolis,MN,Size L,14.74,3,UPS® Ground
Greensboro,Naperville,IL,Size L,14.74,2,UPS® Ground
Greensboro,Neosho,MO,Size L,14.74,3,UPS® Ground
Greensboro,Puyallup,WA,Size L,18.12,5,UPS® Ground
Greensboro,Queen Creek,AZ,Size L,18.12,3,UPS® Ground
Greensboro,Saline,MI,Size L,11.36,2,UPS® Ground
Greensboro,Sevierville,TN,Size L,10.41,2,UPS® Ground
Greensboro,Sterling Heights,MI,Size L,11.36,2,UPS® Ground
Greensboro,Thornton,CO,Size L,16.04,3,UPS® Ground
Greensboro,Ventura,CA,Size L,18.12,4,UPS® Ground
Greensboro,Wilmington,MA,Size L,14.74,2,UPS® Ground
Greensboro,Clermont,FL,Size L,11.36,2,UPS® Ground
Greensboro,Abilene,TX,Size L,16.04,3,UPS® Ground
Greensboro,Brick,NJ,Size L,11.36,2,UPS® Ground
Greensboro,Bentonville,AR,Size L,14.74,2,UPS® Ground
Greensboro,Bogart,GA,Size L,10.41,2,UPS® Ground
Greensboro,Boston,MA,Size L,14.74,2,UPS® Ground
Greensboro,Buffalo,NY,Size L,11.36,2,UPS® Ground
Greensboro,Cary,NC,Size L,10.41,1,UPS® Ground
Greensboro,Dallas,GA,Size L,11.36,2,UPS® Ground
Greensboro,Doylestown,PA,Size L,11.36,2,UPS® Ground
Greensboro,Eugene,OR,Size L,18.12,5,UPS® Ground
Greensboro,Edmond,OK,Size L,14.74,3,UPS® Ground
Greensboro,Forney,TX,Size L,14.74,3,UPS® Ground
Greensboro,Fuquay Varina,NC,Size L,10.41,1,UPS® Ground
Greensboro,Glendora,CA,Size L,18.12,4,UPS® Ground
Greensboro,Henrico,VA,Size L,10.41,1,UPS® Ground
Greensboro,Hockessin,DE,Size L,11.36,2,UPS® Ground
Greensboro,Holly Springs,NC,Size L,10.41,1,UPS® Ground
Greensboro,Irvine,CA,Size L,18.12,4,UPS® Ground
Greensboro,Lakeland,FL,Size L,11.36,2,UPS® Ground
Greensboro,Lawrence,KS,Size L,14.74,3,UPS® Ground
Greensboro,League City,TX,Size L,14.74,3,UPS® Ground
Greensboro,Mansfield,TX,Size L,16.04,3,UPS® Ground
Greensboro,Madison,WI,Size L,14.74,2,UPS® Ground
Greensboro,McKinney,TX,Size L,16.04,3,UPS® Ground
Greensboro,Mentor,OH,Size L,11.36,2,UPS® Ground
Greensboro,Mount Airy,MD,Size L,10.41,2,UPS® Ground
Greensboro,Norfolk,VA,Size L,10.41,2,UPS® Ground
Greensboro,Nampa,ID,Size L,18.12,4,UPS® Ground
Greensboro,Noblesville,IN,Size L,11.36,2,UPS® Ground
Greensboro,Orland Park,IL,Size L,11.36,2,UPS® Ground
Greensboro,Palm Harbor,FL,Size L,11.36,2,UPS® Ground
Greensboro,Petaluma,CA,Size L,18.12,4,UPS® Ground
Greensboro,Placentia,CA,Size L,18.12,4,UPS® Ground
Greensboro,Prescott,AZ,Size L,18.12,3,UPS® Ground
Greensboro,Richardson,TX,Size L,16.04,3,UPS® Ground
Greensboro,Roanoke,VA,Size L,9.41,1,UPS® Ground
Greensboro,Richmond,TX,Size L,16.04,3,UPS® Ground
Greensboro,Sanford,ME,Size L,14.74,2,UPS® Ground
Greensboro,Seminole,FL,Size L,11.36,2,UPS® Ground
Greensboro,Sheridan,WY,Size L,17.1,4,UPS® Ground
Greensboro,Sparks,NV,Size L,18.12,4,UPS® Ground
Greensboro,Traverse City,MI,Size L,14.74,2,UPS® Ground
Greensboro,Tulsa,OK,Size L,14.74,3,UPS® Ground
Greensboro,Wake Forest,NC,Size L,10.41,1,UPS® Ground
Greensboro,Waterloo,SC,Size L,9.41,1,UPS® Ground
Greensboro,Waukesha,WI,Size L,14.74,2,UPS® Ground
Greensboro,Wichita,KS,Size L,14.74,3,UPS® Ground
Greensboro,Winnsboro,TX,Size L,14.74,3,UPS® Ground
Greensboro,Woodbury,MN,Size L,14.74,3,UPS® Ground
Greensboro,Cumming,GA,Size L,11.36,2,UPS® Ground
Greensboro,Muskegon,MI,Size L,14.74,2,UPS® Ground
Greensboro,Akron,OH,Size L,11.36,2,UPS® Ground
Greensboro,Albany,OR,Size L,18.12,5,UPS® Ground
Greensboro,Alpharetta,GA,Size L,11.36,2,UPS® Ground
Greensboro,Asheville,NC,Size L,10.41,1,UPS® Ground
Greensboro,Bixby,OK,Size L,14.74,3,UPS® Ground
Greensboro,Boulder,CO,Size L,16.04,3,UPS® Ground
Greensboro,Bethlehem,PA,Size L,11.36,2,UPS® Ground
Greensboro,Brenham,TX,Size L,16.04,3,UPS® Ground
Greensboro,Broken Bow,OK,Size L,14.74,3,UPS® Ground
Greensboro,Cape Coral,FL,Size L,14.74,2,UPS® Ground
Greensboro,Chula Vista,CA,Size L,18.12,4,UPS® Ground
Greensboro,Crawfordville,FL,Size L,11.36,2,UPS® Ground
Greensboro,Cypress,TX,Size L,16.04,3,UPS® Ground
Greensboro,Clearwater,FL,Size L,11.36,2,UPS® Ground
Greensboro,Columbiana,AL,Size L,11.36,2,UPS® Ground
Greensboro,Columbus,GA,Size L,11.36,2,UPS® Ground
Greensboro,Commack,NY,Size L,11.36,2,UPS® Ground
Greensboro,Dublin,CA,Size L,18.12,4,UPS® Ground
Greensboro,Decatur,GA,Size L,11.36,2,UPS® Ground
Greensboro,Deltona,FL,Size L,11.36,2,UPS® Ground
Greensboro,Derry,NH,Size L,14.74,2,UPS® Ground
Greensboro,Douglassville,PA,Size L,11.36,2,UPS® Ground
Greensboro,Easton,PA,Size L,11.36,2,UPS® Ground
Greensboro,El Paso,TX,Size L,17.1,3,UPS® Ground
Greensboro,Escondido,CA,Size L,18.12,4,UPS® Ground
Greensboro,Fairport,NY,Size L,11.36,3,UPS® Ground
Greensboro,Flemington,NJ,Size L,11.36,2,UPS® Ground
Greensboro,Florence,SC,Size L,9.41,1,UPS® Ground
Greensboro,Fort Lauderdale,FL,Size L,14.74,2,UPS® Ground
Greensboro,Frisco,TX,Size L,16.04,3,UPS® Ground
Greensboro,Goodyear,AZ,Size L,18.12,3,UPS® Ground
Greensboro,Gays Mills,WI,Size L,14.74,4,UPS® Ground
Greensboro,Grafton,WI,Size L,14.74,2,UPS® Ground
Greensboro,Green Cove Springs,FL,Size L,11.36,2,UPS® Ground
Greensboro,Greensburg,PA,Size L,10.41,2,UPS® Ground
Greensboro,Honolulu,HI,Size L,46.14,5,UPS® Ground
Greensboro,Humble,TX,Size L,14.74,3,UPS® Ground
Greensboro,Huntington,NY,Size L,11.36,2,UPS® Ground
Greensboro,Idaho Falls,ID,Size L,17.1,4,UPS® Ground
Greensboro,Jackson,TN,Size L,11.36,2,UPS® Ground
Greensboro,Jacksonville,NC,Size L,10.41,1,UPS® Ground
Greensboro,Jenkintown,PA,Size L,11.36,2,UPS® Ground
Greensboro,Johnson City,TN,Size L,9.41,1,UPS® Ground
Greensboro,Kingwood,TX,Size L,14.74,3,UPS® Ground
Greensboro,Lansing,MI,Size L,11.36,2,UPS® Ground
Greensboro,Lapeer,MI,Size L,11.36,2,UPS® Ground
Greensboro,Lawrenceville,GA,Size L,11.36,2,UPS® Ground
Greensboro,Lexington,NC,Size L,9.41,1,UPS® Ground
Greensboro,Lubbock,TX,Size L,16.04,3,UPS® Ground
Greensboro,Medina,OH,Size L,11.36,2,UPS® Ground
Greensboro,Macomb,MI,Size L,11.36,2,UPS® Ground
Greensboro,Magnolia,TX,Size L,14.74,3,UPS® Ground
Greensboro,Martinsburg,WV,Size L,10.41,2,UPS® Ground
Greensboro,Meridian,ID,Size L,18.12,4,UPS® Ground
Greensboro,Mobile,AL,Size L,11.36,2,UPS® Ground
Greensboro,Morrison,CO,Size L,16.04,3,UPS® Ground
Greensboro,Napa,CA,Size L,18.12,4,UPS® Ground
Greensboro,New Braunfels,TX,Size L,16.04,3,UPS® Ground
Greensboro,New Lenox,IL,Size L,11.36,2,UPS® Ground
Greensboro,New Orleans,LA,Size L,14.74,2,UPS® Ground
Greensboro,Newark,DE,Size L,11.36,2,UPS® Ground
Greensboro,Oakland,CA,Size L,18.12,4,UPS® Ground
Greensboro,Owasso,OK,Size L,14.74,3,UPS® Ground
Greensboro,Overland Park,KS,Size L,14.74,3,UPS® Ground
Greensboro,Panama City,FL,Size L,11.36,2,UPS® Ground
Greensboro,Panama City Beach,FL,Size L,11.36,2,UPS® Ground
Greensboro,Patchogue,NY,Size L,11.36,2,UPS® Ground
Greensboro,Port Clinton,OH,Size L,11.36,2,UPS® Ground
Greensboro,Paducah,KY,Size L,11.36,2,UPS® Ground
Greensboro,Palmetto,FL,Size L,14.74,2,UPS® Ground
Greensboro,Pearland,TX,Size L,14.74,3,UPS® Ground
Greensboro,Pella,IA,Size L,14.74,3,UPS® Ground
Greensboro,Pittsford,NY,Size L,11.36,3,UPS® Ground
Greensboro,Port Orange,FL,Size L,11.36,2,UPS® Ground
Greensboro,Ravenna,OH,Size L,11.36,2,UPS® Ground
Greensboro,Roaming Shores,OH,Size L,11.36,2,UPS® Ground
Greensboro,Richmond Hill,GA,Size L,11.36,2,UPS® Ground
Greensboro,Riverview,FL,Size L,11.36,2,UPS® Ground
Greensboro,Rochester,MN,Size L,14.74,3,UPS® Ground
Greensboro,Round Rock,TX,Size L,16.04,3,UPS® Ground
Greensboro,Saint Petersburg,FL,Size L,11.36,2,UPS® Ground
Greensboro,San Leandro,CA,Size L,18.12,4,UPS® Ground
Greensboro,Southington,CT,Size L,11.36,2,UPS® Ground
Greensboro,Spartanburg,SC,Size L,9.41,1,UPS® Ground
Greensboro,Surprise,AZ,Size L,18.12,3,UPS® Ground
Greensboro,Santa Barbara,CA,Size L,18.12,4,UPS® Ground
Greensboro,Shelton,CT,Size L,11.36,2,UPS® Ground
Greensboro,Spring Branch,TX,Size L,16.04,3,UPS® Ground
Greensboro,St. Louis,MO,Size L,14.74,2,UPS® Ground
Greensboro,Stroudsburg,PA,Size L,11.36,2,UPS® Ground
Greensboro,Sunapee,NH,Size L,14.74,2,UPS® Ground
Greensboro,Swedesboro,NJ,Size L,11.36,2,UPS® Ground
Greensboro,Syracuse,NY,Size L,11.36,2,UPS® Ground
Greensboro,Tomball,TX,Size L,14.74,3,UPS® Ground
Greensboro,Topeka,KS,Size L,14.74,3,UPS® Ground
Greensboro,Tuscaloosa,AL,Size L,11.36,2,UPS® Ground
Greensboro,Terre Haute,IN,Size L,11.36,2,UPS® Ground
Greensboro,Tinley Park,IL,Size L,11.36,2,UPS® Ground
Greensboro,Toms River,NJ,Size L,11.36,2,UPS® Ground
Greensboro,Tulare,CA,Size L,18.12,4,UPS® Ground
Greensboro,Vienna,VA,Size L,10.41,2,UPS® Ground
Greensboro,Walnut Creek,CA,Size L,18.12,4,UPS® Ground
Greensboro,Wayne,NJ,Size L,11.36,2,UPS® Ground
Greensboro,Waynesboro,VA,Size L,10.41,1,UPS® Ground
Greensboro,West Sacramento,CA,Size L,18.12,5,UPS® Ground
Greensboro,Yuba City,CA,Size L,18.12,5,UPS® Ground
Greensboro,Zachary,LA,Size L,14.74,2,UPS® Ground
Greensboro,Buford,GA,Size L,10.41,2,UPS® Ground
Greensboro,Modesto,CA,Size L,18.12,4,UPS® Ground
Greensboro,Winter Park,FL,Size L,11.36,2,UPS® Ground
Ontario,Antioch,IL,Size L,18.12,3,UPS® Ground
Ontario,Algonquin,IL,Size L,18.12,3,UPS® Ground
Ontario,Allen,TX,Size L,17.1,3,UPS® Ground
Ontario,Ames,IA,Size L,17.1,4,UPS® Ground
Ontario,Anaheim,CA,Size L,9.41,1,UPS® Ground
Ontario,Aptos,CA,Size L,14.74,2,UPS® Ground
Ontario,Astoria,NY,Size L,18.12,4,UPS® Ground
Ontario,Bloomington,IN,Size L,17.1,4,UPS® Ground
Ontario,Bremerton,WA,Size L,16.04,3,UPS® Ground
Ontario,Brunswick,OH,Size L,18.12,4,UPS® Ground
Ontario,Burke,VA,Size L,18.12,4,UPS® Ground
Ontario,Bedford,IN,Size L,17.1,4,UPS® Ground
Ontario,Benton,LA,Size L,17.1,4,UPS® Ground
Ontario,Billings,MT,Size L,14.74,3,UPS® Ground
Ontario,Birdsboro,PA,Size L,18.12,4,UPS® Ground
Ontario,Bothell,WA,Size L,16.04,3,UPS® Ground
Ontario,Bowie,MD,Size L,18.12,4,UPS® Ground
Ontario,Brentwood,TN,Size L,18.12,4,UPS® Ground
Ontario,Bronx,NY,Size L,18.12,4,UPS® Ground
Ontario,Brookfield,WI,Size L,17.1,4,UPS® Ground
Ontario,Canton,OH,Size L,18.12,4,UPS® Ground
Ontario,Celina,TX,Size L,17.1,3,UPS® Ground
Ontario,Chapel Hill,NC,Size L,18.12,4,UPS® Ground
Ontario,Claremore,OK,Size L,16.04,3,UPS® Ground
Ontario,Clovis,CA,Size L,10.41,1,UPS® Ground
Ontario,Cocoa,FL,Size L,18.12,4,UPS® Ground
Ontario,Callahan,FL,Size L,18.12,4,UPS® Ground
Ontario,Carmel,IN,Size L,17.1,4,UPS® Ground
Ontario,Cedar Park,TX,Size L,16.04,3,UPS® Ground
Ontario,Centennial,CO,Size L,14.74,2,UPS® Ground
Ontario,Centerville,MA,Size L,18.12,4,UPS® Ground
Ontario,Charleston,SC,Size L,18.12,4,UPS® Ground
Ontario,Charlottesville,VA,Size L,18.12,4,UPS® Ground
Ontario,Clarkesville,GA,Size L,18.12,4,UPS® Ground
Ontario,Clayton,NC,Size L,18.12,4,UPS® Ground
Ontario,Clifton,NJ,Size L,18.12,4,UPS® Ground
Ontario,Collinsville,OK,Size L,16.04,3,UPS® Ground
Ontario,Columbia,TN,Size L,17.1,4,UPS® Ground
Ontario,Concord,NC,Size L,18.12,4,UPS® Ground
Ontario,Cookeville,TN,Size L,18.12,4,UPS® Ground
Ontario,Corpus Christi,TX,Size L,16.04,3,UPS® Ground
Ontario,Corrales,NM,Size L,14.74,2,UPS® Ground
Ontario,Corydon,IN,Size L,18.12,4,UPS® Ground
Ontario,Cranston,RI,Size L,18.12,5,UPS® Ground
Ontario,Dekalb,IL,Size L,18.12,3,UPS® Ground
Ontario,Delaware,OH,Size L,18.12,4,UPS® Ground
Ontario,Delmar,NY,Size L,18.12,5,UPS® Ground
Ontario,Des Moines,IA,Size L,17.1,4,UPS® Ground
Ontario,Dickson,TN,Size L,18.12,4,UPS® Ground
Ontario,Downers Grove,IL,Size L,18.12,3,UPS® Ground
Ontario,Dripping Springs,TX,Size L,16.04,3,UPS® Ground
Ontario,Eustis,FL,Size L,18.12,4,UPS® Ground
Ontario,East Hampton,NY,Size L,18.12,4,UPS® Ground
Ontario,Fenton,MO,Size L,17.1,4,UPS® Ground
Ontario,Fayetteville,AR,Size L,17.1,3,UPS® Ground
Ontario,Flower Mound,TX,Size L,17.1,3,UPS® Ground
Ontario,Franklin,OH,Size L,18.12,4,UPS® Ground
Ontario,Friendswood,TX,Size L,17.1,3,UPS® Ground
Ontario,Gainesville,FL,Size L,18.12,4,UPS® Ground
Ontario,Gainesville,GA,Size L,18.12,4,UPS® Ground
Ontario,Glendale,CA,Size L,9.41,1,UPS® Ground
Ontario,Greenville,SC,Size L,18.12,4,UPS® Ground
Ontario,Greenville,MI,Size L,18.12,4,UPS® Ground
Ontario,Gaithersburg,MD,Size L,18.12,4,UPS® Ground
Ontario,Garner,NC,Size L,18.12,4,UPS® Ground
Ontario,Gastonia,NC,Size L,18.12,4,UPS® Ground
Ontario,Granada Hills,CA,Size L,9.41,1,UPS® Ground
Ontario,Granbury,TX,Size L,17.1,3,UPS® Ground
Ontario,Griffin,GA,Size L,18.12,4,UPS® Ground
Ontario,Harpers Ferry,WV,Size L,18.12,4,UPS® Ground
Ontario,Haverhill,MA,Size L,18.12,4,UPS® Ground
Ontario,Hayward,CA,Size L,14.74,2,UPS® Ground
Ontario,Herriman,UT,Size L,14.74,2,UPS® Ground
Ontario,Hillsboro,OR,Size L,14.74,3,UPS® Ground
Ontario,Hoboken,NJ,Size L,18.12,4,UPS® Ground
Ontario,Huntley,IL,Size L,18.12,3,UPS® Ground
Ontario,Hagerstown,MD,Size L,18.12,4,UPS® Ground
Ontario,Hamilton,OH,Size L,18.12,4,UPS® Ground
Ontario,Harrisburg,PA,Size L,18.12,4,UPS® Ground
Ontario,Hendersonville,NC,Size L,18.12,4,UPS® Ground
Ontario,Hendersonville,TN,Size L,18.12,4,UPS® Ground
Ontario,Holland,MI,Size L,18.12,4,UPS® Ground
Ontario,Indian Trail,NC,Size L,18.12,4,UPS® Ground
Ontario,Jersey City,NJ,Size L,18.12,4,UPS® Ground
Ontario,Johnstown,PA,Size L,18.12,4,UPS® Ground
Ontario,Kalamazoo,MI,Size L,18.12,4,UPS® Ground
Ontario,Keatchie,LA,Size L,17.1,4,UPS® Ground
Ontario,Kennewick,WA,Size L,14.74,3,UPS® Ground
Ontario,Kingsport,TN,Size L,18.12,4,UPS® Ground
Ontario,Lake Elsinore,CA,Size L,10.41,1,UPS® Ground
Ontario,Lebanon,OH,Size L,18.12,4,UPS® Ground
Ontario,Little Rock,AR,Size L,17.1,3,UPS® Ground
Ontario,Livonia,MI,Size L,18.12,4,UPS® Ground
Ontario,Los Alamos,NM,Size L,14.74,2,UPS® Ground
Ontario,Loveland,CO,Size L,14.74,2,UPS® Ground
Ontario,La Mesa,CA,Size L,10.41,1,UPS® Ground
Ontario,La Quinta,CA,Size L,10.41,1,UPS® Ground
Ontario,Lake Oswego,OR,Size L,14.74,3,UPS® Ground
Ontario,Lake Saint Louis,MO,Size L,17.1,4,UPS® Ground
Ontario,Lake in the Hills,IL,Size L,18.12,3,UPS® Ground
Ontario,Lakeway,TX,Size L,16.04,3,UPS® Ground
Ontario,Lancaster,NY,Size L,18.12,5,UPS® Ground
Ontario,Leander,TX,Size L,16.04,3,UPS® Ground
Ontario,Lees Summit,MO,Size L,16.04,4,UPS® Ground
Ontario,Lenoir,NC,Size L,18.12,4,UPS® Ground
Ontario,Lewis Center,OH,Size L,18.12,4,UPS® Ground
Ontario,Lexington,IN,Size L,18.12,4,UPS® Ground
Ontario,Lodi,CA,Size L,11.36,2,UPS® Ground
Ontario,Lynden,WA,Size L,14.74,3,UPS® Ground
Ontario,Methuen,MA,Size L,18.12,4,UPS® Ground
Ontario,Milford,CT,Size L,18.12,5,UPS® Ground
Ontario,Mineola,TX,Size L,16.04,3,UPS® Ground
Ontario,Missoula,MT,Size L,14.74,3,UPS® Ground
Ontario,Mansfield,OH,Size L,18.12,4,UPS® Ground
Ontario,McDonough,GA,Size L,18.12,4,UPS® Ground
Ontario,Merritt Island,FL,Size L,18.12,4,UPS® Ground
Ontario,Midlothian,VA,Size L,18.12,4,UPS® Ground
Ontario,Millington,TN,Size L,17.1,4,UPS® Ground
Ontario,Milton,FL,Size L,18.12,4,UPS® Ground
Ontario,Moab,UT,Size L,11.36,3,UPS® Ground
Ontario,Monroe,NC,Size L,18.12,4,UPS® Ground
Ontario,Mooresville,IN,Size L,18.12,4,UPS® Ground
Ontario,Morganton,NC,Size L,18.12,4,UPS® Ground
Ontario,Murfreesboro,TN,Size L,17.1,4,UPS® Ground
Ontario,Newburgh,NY,Size L,18.12,5,UPS® Ground
Ontario,Navarre,FL,Size L,18.12,4,UPS® Ground
Ontario,New Market,AL,Size L,17.1,4,UPS® Ground
Ontario,Newnan,GA,Size L,18.12,4,UPS® Ground
Ontario,Norman,OK,Size L,16.04,3,UPS® Ground
Ontario,Novi,MI,Size L,18.12,4,UPS® Ground
Ontario,Ormond Beach,FL,Size L,18.12,4,UPS® Ground
Ontario,Owensboro,KY,Size L,17.1,4,UPS® Ground
Ontario,Oconto,WI,Size L,17.1,4,UPS® Ground
Ontario,Old Bridge,NJ,Size L,18.12,4,UPS® Ground
Ontario,Olympia,WA,Size L,14.74,3,UPS® Ground
Ontario,Oregon City,OR,Size L,14.74,3,UPS® Ground
Ontario,Oxford,MI,Size L,18.12,4,UPS® Ground
Ontario,Peachtree City,GA,Size L,18.12,4,UPS® Ground
Ontario,Pleasanton,CA,Size L,14.74,2,UPS® Ground
Ontario,Poughkeepsie,NY,Size L,18.12,5,UPS® Ground
Ontario,Pagosa Springs,CO,Size L,14.74,3,UPS® Ground
Ontario,Pasadena,CA,Size L,9.41,1,UPS® Ground
Ontario,Pasadena,TX,Size L,17.1,3,UPS® Ground
Ontario,Pasco,WA,Size L,14.74,3,UPS® Ground
Ontario,Pawtucket,RI,Size L,18.12,5,UPS® Ground
Ontario,Pembroke,MA,Size L,18.12,4,UPS® Ground
Ontario,Perrysburg,OH,Size L,18.12,4,UPS® Ground
Ontario,Plant City,FL,Size L,18.12,4,UPS® Ground
Ontario,Port Orchard,WA,Size L,16.04,3,UPS® Ground
Ontario,Prescott Valley,AZ,Size L,11.36,2,UPS® Ground
Ontario,Princeton,NJ,Size L,18.12,4,UPS® Ground
Ontario,Quincy,MA,Size L,18.12,4,UPS® Ground
Ontario,Redwood City,CA,Size L,11.36,2,UPS® Ground
Ontario,Rohnert Park,CA,Size L,11.36,2,UPS® Ground
Ontario,Rigby,ID,Size L,14.74,3,UPS® Ground
Ontario,Ripon,WI,Size L,17.1,4,UPS® Ground
Ontario,Rogers,AR,Size L,17.1,3,UPS® Ground
Ontario,Rowlett,TX,Size L,17.1,3,UPS® Ground
Ontario,Rydal,PA,Size L,18.12,4,UPS® Ground
Ontario,Shepherdsville,KY,Size L,18.12,4,UPS® Ground
Ontario,Shreveport,LA,Size L,16.04,4,UPS® Ground
Ontario,Stamford,CT,Size L,18.12,5,UPS® Ground
Ontario,Salt Lake City,UT,Size L,14.74,2,UPS® Ground
Ontario,Sanford,NC,Size L,18.12,4,UPS® Ground
Ontario,Santa Ana,CA,Size L,9.41,1,UPS® Ground
Ontario,Santa Cruz,CA,Size L,14.74,2,UPS® Ground
Ontario,Santa Fe,NM,Size L,14.74,2,UPS® Ground
Ontario,Sarver,PA,Size L,18.12,4,UPS® Ground
Ontario,Schenectady,NY,Size L,18.12,5,UPS® Ground
Ontario,Sierra Vista,AZ,Size L,11.36,2,UPS® Ground
Ontario,Silver Spring,MD,Size L,18.12,4,UPS® Ground
Ontario,South Jordan,UT,Size L,14.74,2,UPS® Ground
Ontario,Springfield,MO,Size L,16.04,4,UPS® Ground
Ontario,Summerville,SC,Size L,18.12,4,UPS® Ground
Ontario,Sumter,SC,Size L,18.12,4,UPS® Ground
Ontario,Sun City,AZ,Size L,11.36,2,UPS® Ground
Ontario,Syosset,NY,Size L,18.12,4,UPS® Ground
Ontario,Taunton,MA,Size L,18.12,4,UPS® Ground
Ontario,Texarkana,TX,Size L,16.04,3,UPS® Ground
Ontario,Toledo,OH,Size L,18.12,4,UPS® Ground
Ontario,Urbana,OH,Size L,18.12,4,UPS® Ground
Ontario,Valparaiso,IN,Size L,18.12,4,UPS® Ground
Ontario,Waco,TX,Size L,16.04,3,UPS® Ground
Ontario,West Lafayette,IN,Size L,17.1,4,UPS® Ground
Ontario,Winter Garden,FL,Size L,18.12,4,UPS® Ground
Ontario,Winter Haven,FL,Size L,18.12,4,UPS® Ground
Ontario,Wylie,TX,Size L,17.1,3,UPS® Ground
Ontario,Waldorf,MD,Size L,18.12,4,UPS® Ground
Ontario,Wesley Chapel,FL,Size L,18.12,4,UPS® Ground
Ontario,West Palm Beach,FL,Size L,18.12,4,UPS® Ground
Ontario,Williamsburg,VA,Size L,18.12,4,UPS® Ground
Ontario,Woodbridge,VA,Size L,18.12,4,UPS® Ground
Ontario,Woodside,CA,Size L,11.36,2,UPS® Ground
Ontario,Yorba Linda,CA,Size L,9.41,1,UPS® Ground
Ontario,Queens Village,NY,Size L,18.12,4,UPS® Ground
Oklahoma City,Antioch,IL,Size L,14.74,2,UPS® Ground
Oklahoma City,Algonquin,IL,Size L,14.74,2,UPS® Ground
Oklahoma City,Allen,TX,Size L,10.41,2,UPS® Ground
Oklahoma City,Ames,IA,Size L,11.36,2,UPS® Ground
Oklahoma City,Anaheim,CA,Size L,16.04,3,UPS® Ground
Oklahoma City,Aptos,CA,Size L,16.04,4,UPS® Ground
Oklahoma City,Astoria,NY,Size L,16.04,4,UPS® Ground
Oklahoma City,Bloomington,IN,Size L,14.74,3,UPS® Ground
Oklahoma City,Bremerton,WA,Size L,17.1,4,UPS® Ground
Oklahoma City,Brunswick,OH,Size L,14.74,3,UPS® Ground
Oklahoma City,Burke,VA,Size L,16.04,3,UPS® Ground
Oklahoma City,Bedford,IN,Size L,14.74,3,UPS® Ground
Oklahoma City,Benton,LA,Size L,11.36,2,UPS® Ground
Oklahoma City,Billings,MT,Size L,14.74,3,UPS® Ground
Oklahoma City,Birdsboro,PA,Size L,16.04,3,UPS® Ground
Oklahoma City,Bothell,WA,Size L,17.1,4,UPS® Ground
Oklahoma City,Bowie,MD,Size L,16.04,3,UPS® Ground
Oklahoma City,Brentwood,TN,Size L,11.36,2,UPS® Ground
Oklahoma City,Bronx,NY,Size L,16.04,4,UPS® Ground
Oklahoma City,Brookfield,WI,Size L,14.74,2,UPS® Ground
Oklahoma City,Canton,OH,Size L,14.74,3,UPS® Ground
Oklahoma City,Celina,TX,Size L,10.41,2,UPS® Ground
Oklahoma City,Chapel Hill,NC,Size L,16.04,3,UPS® Ground
Oklahoma City,Claremore,OK,Size L,9.41,1,UPS® Ground
Oklahoma City,Clovis,CA,Size L,16.04,4,UPS® Ground
Oklahoma City,Cocoa,FL,Size L,16.04,3,UPS® Ground
Oklahoma City,Callahan,FL,Size L,14.74,3,UPS® Ground
Oklahoma City,Carmel,IN,Size L,14.74,3,UPS® Ground
Oklahoma City,Cedar Park,TX,Size L,11.36,2,UPS® Ground
Oklahoma City,Centennial,CO,Size L,11.36,2,UPS® Ground
Oklahoma City,Centerville,MA,Size L,17.1,4,UPS® Ground
Oklahoma City,Charleston,SC,Size L,16.04,3,UPS® Ground
Oklahoma City,Charlottesville,VA,Size L,16.04,3,UPS® Ground
Oklahoma City,Clarkesville,GA,Size L,14.74,3,UPS® Ground
Oklahoma City,Clayton,NC,Size L,16.04,3,UPS® Ground
Oklahoma City,Clifton,NJ,Size L,16.04,4,UPS® Ground
Oklahoma City,Collinsville,OK,Size L,9.41,1,UPS® Ground
Oklahoma City,Columbia,TN,Size L,11.36,2,UPS® Ground
Oklahoma City,Concord,NC,Size L,14.74,3,UPS® Ground
Oklahoma City,Cookeville,TN,Size L,14.74,2,UPS® Ground
Oklahoma City,Corpus Christi,TX,Size L,11.36,2,UPS® Ground
Oklahoma City,Corrales,NM,Size L,11.36,2,UPS® Ground
Oklahoma City,Corydon,IN,Size L,14.74,3,UPS® Ground
Oklahoma City,Cranston,RI,Size L,17.1,4,UPS® Ground
Oklahoma City,Dekalb,IL,Size L,14.74,2,UPS® Ground
Oklahoma City,Delaware,OH,Size L,14.74,3,UPS® Ground
Oklahoma City,Delmar,NY,Size L,16.04,3,UPS® Ground
Oklahoma City,Des Moines,IA,Size L,11.36,2,UPS® Ground
Oklahoma City,Dickson,TN,Size L,11.36,2,UPS® Ground
Oklahoma City,Downers Grove,IL,Size L,14.74,2,UPS® Ground
Oklahoma City,Dripping Springs,TX,Size L,11.36,2,UPS® Ground
Oklahoma City,Eustis,FL,Size L,16.04,3,UPS® Ground
Oklahoma City,East Hampton,NY,Size L,17.1,4,UPS® Ground
Oklahoma City,Fenton,MO,Size L,11.36,2,UPS® Ground
Oklahoma City,Fayetteville,AR,Size L,11.36,2,UPS® Ground
Oklahoma City,Flower Mound,TX,Size L,10.41,2,UPS® Ground
Oklahoma City,Franklin,OH,Size L,14.74,3,UPS® Ground
Oklahoma City,Friendswood,TX,Size L,11.36,2,UPS® Ground
Oklahoma City,Gainesville,FL,Size L,14.74,3,UPS® Ground
Oklahoma City,Gainesville,GA,Size L,14.74,3,UPS® Ground
Oklahoma City,Glendale,CA,Size L,16.04,3,UPS® Ground
Oklahoma City,Greenville,SC,Size L,14.74,3,UPS® Ground
Oklahoma City,Greenville,MI,Size L,14.74,3,UPS® Ground
Oklahoma City,Gaithersburg,MD,Size L,16.04,3,UPS® Ground
Oklahoma City,Garner,NC,Size L,16.04,3,UPS® Ground
Oklahoma City,Gastonia,NC,Size L,14.74,3,UPS® Ground
Oklahoma City,Granada Hills,CA,Size L,16.04,3,UPS® Ground
Oklahoma City,Granbury,TX,Size L,10.41,2,UPS® Ground
Oklahoma City,Griffin,GA,Size L,14.74,3,UPS® Ground
Oklahoma City,Harpers Ferry,WV,Size L,16.04,3,UPS® Ground
Oklahoma City,Haverhill,MA,Size L,17.1,4,UPS® Ground
Oklahoma City,Hayward,CA,Size L,16.04,4,UPS® Ground
Oklahoma City,Herriman,UT,Size L,14.74,3,UPS® Ground
Oklahoma City,Hillsboro,OR,Size L,17.1,4,UPS® Ground
Oklahoma City,Hoboken,NJ,Size L,16.04,4,UPS® Ground
Oklahoma City,Huntley,IL,Size L,14.74,2,UPS® Ground
Oklahoma City,Hagerstown,MD,Size L,16.04,3,UPS® Ground
Oklahoma City,Hamilton,OH,Size L,14.74,3,UPS® Ground
Oklahoma City,Harrisburg,PA,Size L,16.04,3,UPS® Ground
Oklahoma City,Hendersonville,NC,Size L,14.74,3,UPS® Ground
Oklahoma City,Hendersonville,TN,Size L,11.36,2,UPS® Ground
Oklahoma City,Holland,MI,Size L,14.74,3,UPS® Ground
Oklahoma City,Indian Trail,NC,Size L,14.74,3,UPS® Ground
Oklahoma City,Jersey City,NJ,Size L,16.04,4,UPS® Ground
Oklahoma City,Johnstown,PA,Size L,16.04,3,UPS® Ground
Oklahoma City,Kalamazoo,MI,Size L,14.74,3,UPS® Ground
Oklahoma City,Keatchie,LA,Size L,11.36,3,UPS® Ground
Oklahoma City,Kennewick,WA,Size L,16.04,3,UPS® Ground
Oklahoma City,Kingsport,TN,Size L,14.74,3,UPS® Ground
Oklahoma City,Lake Elsinore,CA,Size L,16.04,3,UPS® Ground
Oklahoma City,Lebanon,OH,Size L,14.74,3,UPS® Ground
Oklahoma City,Little Rock,AR,Size L,10.41,2,UPS® Ground
Oklahoma City,Livonia,MI,Size L,14.74,3,UPS® Ground
Oklahoma City,Los Alamos,NM,Size L,11.36,2,UPS® Ground
Oklahoma City,Loveland,CO,Size L,11.36,2,UPS® Ground
Oklahoma City,La Mesa,CA,Size L,16.04,3,UPS® Ground
Oklahoma City,La Quinta,CA,Size L,16.04,3,UPS® Ground
Oklahoma City,Lake Oswego,OR,Size L,17.1,4,UPS® Ground
Oklahoma City,Lake Saint Louis,MO,Size L,11.36,2,UPS® Ground
Oklahoma City,Lake in the Hills,IL,Size L,14.74,2,UPS® Ground
Oklahoma City,Lakeway,TX,Size L,11.36,2,UPS® Ground
Oklahoma City,Lancaster,NY,Size L,16.04,3,UPS® Ground
Oklahoma City,Leander,TX,Size L,11.36,2,UPS® Ground
Oklahoma City,Lees Summit,MO,Size L,11.36,2,UPS® Ground
Oklahoma City,Lenoir,NC,Size L,14.74,3,UPS® Ground
Oklahoma City,Lewis Center,OH,Size L,14.74,3,UPS® Ground
Oklahoma City,Lexington,IN,Size L,14.74,3,UPS® Ground
Oklahoma City,Lodi,CA,Size L,16.04,4,UPS® Ground
Oklahoma City,Lynden,WA,Size L,17.1,4,UPS® Ground
Oklahoma City,Methuen,MA,Size L,17.1,4,UPS® Ground
Oklahoma City,Milford,CT,Size L,17.1,3,UPS® Ground
Oklahoma City,Mineola,TX,Size L,10.41,2,UPS® Ground
Oklahoma City,Missoula,MT,Size L,16.04,3,UPS® Ground
Oklahoma City,Mansfield,OH,Size L,14.74,3,UPS® Ground
Oklahoma City,McDonough,GA,Size L,14.74,3,UPS® Ground
Oklahoma City,Merritt Island,FL,Size L,16.04,3,UPS® Ground
Oklahoma City,Midlothian,VA,Size L,16.04,3,UPS® Ground
Oklahoma City,Millington,TN,Size L,11.36,2,UPS® Ground
Oklahoma City,Milton,FL,Size L,14.74,3,UPS® Ground
Oklahoma City,Moab,UT,Size L,14.74,4,UPS® Ground
Oklahoma City,Monroe,NC,Size L,14.74,3,UPS® Ground
Oklahoma City,Mooresville,IN,Size L,14.74,3,UPS® Ground
Oklahoma City,Morganton,NC,Size L,14.74,3,UPS® Ground
Oklahoma City,Murfreesboro,TN,Size L,14.74,2,UPS® Ground
Oklahoma City,Newburgh,NY,Size L,16.04,4,UPS® Ground
Oklahoma City,Navarre,FL,Size L,14.74,3,UPS® Ground
Oklahoma City,New Market,AL,Size L,14.74,2,UPS® Ground
Oklahoma City,Newnan,GA,Size L,14.74,3,UPS® Ground
Oklahoma City,Norman,OK,Size L,9.41,1,UPS® Ground
Oklahoma City,Novi,MI,Size L,14.74,3,UPS® Ground
Oklahoma City,Ormond Beach,FL,Size L,16.04,3,UPS® Ground
Oklahoma City,Owensboro,KY,Size L,11.36,2,UPS® Ground
Oklahoma City,Oconto,WI,Size L,14.74,3,UPS® Ground
Oklahoma City,Old Bridge,NJ,Size L,16.04,4,UPS® Ground
Oklahoma City,Olympia,WA,Size L,17.1,4,UPS® Ground
Oklahoma City,Oregon City,OR,Size L,17.1,4,UPS® Ground
Oklahoma City,Oxford,MI,Size L,14.74,3,UPS® Ground
Oklahoma City,Peachtree City,GA,Size L,14.74,3,UPS® Ground
Oklahoma City,Pleasanton,CA,Size L,16.04,4,UPS® Ground
Oklahoma City,Poughkeepsie,NY,Size L,16.04,4,UPS® Ground
Oklahoma City,Pagosa Springs,CO,Size L,11.36,2,UPS® Ground
Oklahoma City,Pasadena,CA,Size L,16.04,3,UPS® Ground
Oklahoma City,Pasadena,TX,Size L,11.36,2,UPS® Ground
Oklahoma City,Pasco,WA,Size L,16.04,3,UPS® Ground
Oklahoma City,Pawtucket,RI,Size L,17.1,4,UPS® Ground
Oklahoma City,Pembroke,MA,Size L,17.1,4,UPS® Ground
Oklahoma City,Perrysburg,OH,Size L,14.74,3,UPS® Ground
Oklahoma City,Plant City,FL,Size L,16.04,3,UPS® Ground
Oklahoma City,Port Orchard,WA,Size L,17.1,4,UPS® Ground
Oklahoma City,Prescott Valley,AZ,Size L,14.74,3,UPS® Ground
Oklahoma City,Princeton,NJ,Size L,16.04,4,UPS® Ground
Oklahoma City,Quincy,MA,Size L,17.1,4,UPS® Ground
Oklahoma City,Redwood City,CA,Size L,16.04,4,UPS® Ground
Oklahoma City,Rohnert Park,CA,Size L,17.1,4,UPS® Ground
Oklahoma City,Rigby,ID,Size L,14.74,4,UPS® Ground
Oklahoma City,Ripon,WI,Size L,14.74,2,UPS® Ground
Oklahoma City,Rogers,AR,Size L,11.36,2,UPS® Ground
Oklahoma City,Rowlett,TX,Size L,10.41,2,UPS® Ground
Oklahoma City,Rydal,PA,Size L,16.04,3,UPS® Ground
Oklahoma City,Shepherdsville,KY,Size L,14.74,3,UPS® Ground
Oklahoma City,Shreveport,LA,Size L,10.41,2,UPS® Ground
Oklahoma City,Stamford,CT,Size L,16.04,3,UPS® Ground
Oklahoma City,Salt Lake City,UT,Size L,14.74,3,UPS® Ground
Oklahoma City,Sanford,NC,Size L,16.04,3,UPS® Ground
Oklahoma City,Santa Ana,CA,Size L,16.04,3,UPS® Ground
Oklahoma City,Santa Cruz,CA,Size L,16.04,4,UPS® Ground
Oklahoma City,Santa Fe,NM,Size L,11.36,2,UPS® Ground
Oklahoma City,Sarver,PA,Size L,16.04,3,UPS® Ground
Oklahoma City,Schenectady,NY,Size L,16.04,3,UPS® Ground
Oklahoma City,Sierra Vista,AZ,Size L,14.74,3,UPS® Ground
Oklahoma City,Silver Spring,MD,Size L,16.04,3,UPS® Ground
Oklahoma City,South Jordan,UT,Size L,14.74,3,UPS® Ground
Oklahoma City,Springfield,MO,Size L,10.41,2,UPS® Ground
Oklahoma City,Summerville,SC,Size L,16.04,3,UPS® Ground
Oklahoma City,Sumter,SC,Size L,14.74,3,UPS® Ground
Oklahoma City,Sun City,AZ,Size L,14.74,3,UPS® Ground
Oklahoma City,Syosset,NY,Size L,16.04,4,UPS® Ground
Oklahoma City,Taunton,MA,Size L,17.1,4,UPS® Ground
Oklahoma City,Texarkana,TX,Size L,10.41,2,UPS® Ground
Oklahoma City,Toledo,OH,Size L,14.74,3,UPS® Ground
Oklahoma City,Urbana,OH,Size L,14.74,3,UPS® Ground
Oklahoma City,Valparaiso,IN,Size L,14.74,2,UPS® Ground
Oklahoma City,Waco,TX,Size L,10.41,2,UPS® Ground
Oklahoma City,West Lafayette,IN,Size L,14.74,2,UPS® Ground
Oklahoma City,Winter Garden,FL,Size L,16.04,3,UPS® Ground
Oklahoma City,Winter Haven,FL,Size L,16.04,3,UPS® Ground
Oklahoma City,Wylie,TX,Size L,10.41,2,UPS® Ground
Oklahoma City,Waldorf,MD,Size L,16.04,3,UPS® Ground
Oklahoma City,Wesley Chapel,FL,Size L,16.04,3,UPS® Ground
Oklahoma City,West Palm Beach,FL,Size L,16.04,3,UPS® Ground
Oklahoma City,Williamsburg,VA,Size L,16.04,3,UPS® Ground
Oklahoma City,Woodbridge,VA,Size L,16.04,3,UPS® Ground
Oklahoma City,Woodside,CA,Size L,16.04,4,UPS® Ground
Oklahoma City,Yorba Linda,CA,Size L,16.04,3,UPS® Ground
Oklahoma City,Queens Village,NY,Size L,16.04,4,UPS® Ground
Stockton,Antioch,IL,Size L,17.1,3,UPS® Ground
Stockton,Algonquin,IL,Size L,17.1,3,UPS® Ground
Stockton,Allen,TX,Size L,16.04,4,UPS® Ground
Stockton,Ames,IA,Size L,16.04,4,UPS® Ground
Stockton,Anaheim,CA,Size L,11.36,2,UPS® Ground
Stockton,Aptos,CA,Size L,10.41,1,UPS® Ground
Stockton,Astoria,NY,Size L,18.12,4,UPS® Ground
Stockton,Bloomington,IN,Size L,18.12,4,UPS® Ground
Stockton,Bremerton,WA,Size L,14.74,2,UPS® Ground
Stockton,Brunswick,OH,Size L,18.12,4,UPS® Ground
Stockton,Burke,VA,Size L,18.12,4,UPS® Ground
Stockton,Bedford,IN,Size L,18.12,4,UPS® Ground
Stockton,Benton,LA,Size L,17.1,4,UPS® Ground
Stockton,Billings,MT,Size L,14.74,3,UPS® Ground
Stockton,Birdsboro,PA,Size L,18.12,4,UPS® Ground
Stockton,Bothell,WA,Size L,16.04,2,UPS® Ground
Stockton,Bowie,MD,Size L,18.12,4,UPS® Ground
Stockton,Brentwood,TN,Size L,18.12,4,UPS® Ground
Stockton,Bronx,NY,Size L,18.12,4,UPS® Ground
Stockton,Brookfield,WI,Size L,17.1,3,UPS® Ground
Stockton,Canton,OH,Size L,18.12,4,UPS® Ground
Stockton,Celina,TX,Size L,16.04,4,UPS® Ground
Stockton,Chapel Hill,NC,Size L,18.12,5,UPS® Ground
Stockton,Claremore,OK,Size L,16.04,4,UPS® Ground
Stockton,Clovis,CA,Size L,9.41,1,UPS® Ground
Stockton,Cocoa,FL,Size L,18.12,5,UPS® Ground
Stockton,Callahan,FL,Size L,18.12,5,UPS® Ground
Stockton,Carmel,IN,Size L,18.12,3,UPS® Ground
Stockton,Cedar Park,TX,Size L,17.1,3,UPS® Ground
Stockton,Centennial,CO,Size L,14.74,3,UPS® Ground
Stockton,Centerville,MA,Size L,18.12,5,UPS® Ground
Stockton,Charleston,SC,Size L,18.12,5,UPS® Ground
Stockton,Charlottesville,VA,Size L,18.12,4,UPS® Ground
Stockton,Clarkesville,GA,Size L,18.12,4,UPS® Ground
Stockton,Clayton,NC,Size L,18.12,5,UPS® Ground
Stockton,Clifton,NJ,Size L,18.12,4,UPS® Ground
Stockton,Collinsville,OK,Size L,16.04,4,UPS® Ground
Stockton,Columbia,TN,Size L,18.12,4,UPS® Ground
Stockton,Concord,NC,Size L,18.12,5,UPS® Ground
Stockton,Cookeville,TN,Size L,18.12,4,UPS® Ground
Stockton,Corpus Christi,TX,Size L,17.1,3,UPS® Ground
Stockton,Corrales,NM,Size L,14.74,3,UPS® Ground
Stockton,Corydon,IN,Size L,18.12,4,UPS® Ground
Stockton,Cranston,RI,Size L,18.12,5,UPS® Ground
Stockton,Dekalb,IL,Size L,17.1,3,UPS® Ground
Stockton,Delaware,OH,Size L,18.12,4,UPS® Ground
Stockton,Delmar,NY,Size L,18.12,4,UPS® Ground
Stockton,Des Moines,IA,Size L,17.1,4,UPS® Ground
Stockton,Dickson,TN,Size L,18.12,4,UPS® Ground
Stockton,Downers Grove,IL,Size L,17.1,3,UPS® Ground
Stockton,Dripping Springs,TX,Size L,17.1,3,UPS® Ground
Stockton,Eustis,FL,Size L,18.12,5,UPS® Ground
Stockton,East Hampton,NY,Size L,18.12,4,UPS® Ground
Stockton,Fenton,MO,Size L,17.1,4,UPS® Ground
Stockton,Fayetteville,AR,Size L,17.1,4,UPS® Ground
Stockton,Flower Mound,TX,Size L,16.04,4,UPS® Ground
Stockton,Franklin,OH,Size L,18.12,3,UPS® Ground
Stockton,Friendswood,TX,Size L,17.1,4,UPS® Ground
Stockton,Gainesville,FL,Size L,18.12,5,UPS® Ground
Stockton,Gainesville,GA,Size L,18.12,4,UPS® Ground
Stockton,Glendale,CA,Size L,10.41,2,UPS® Ground
Stockton,Greenville,SC,Size L,18.12,5,UPS® Ground
Stockton,Greenville,MI,Size L,18.12,3,UPS® Ground
Stockton,Gaithersburg,MD,Size L,18.12,4,UPS® Ground
Stockton,Garner,NC,Size L,18.12,5,UPS® Ground
Stockton,Gastonia,NC,Size L,18.12,5,UPS® Ground
Stockton,Granada Hills,CA,Size L,11.36,2,UPS® Ground
Stockton,Granbury,TX,Size L,17.1,4,UPS® Ground
Stockton,Griffin,GA,Size L,18.12,4,UPS® Ground
Stockton,Harpers Ferry,WV,Size L,18.12,4,UPS® Ground
Stockton,Haverhill,MA,Size L,18.12,5,UPS® Ground
Stockton,Hayward,CA,Size L,10.41,1,UPS® Ground
Stockton,Herriman,UT,Size L,11.36,2,UPS® Ground
Stockton,Hillsboro,OR,Size L,11.36,2,UPS® Ground
Stockton,Hoboken,NJ,Size L,18.12,4,UPS® Ground
Stockton,Huntley,IL,Size L,17.1,3,UPS® Ground
Stockton,Hagerstown,MD,Size L,18.12,4,UPS® Ground
Stockton,Hamilton,OH,Size L,18.12,3,UPS® Ground
Stockton,Harrisburg,PA,Size L,18.12,4,UPS® Ground
Stockton,Hendersonville,NC,Size L,18.12,5,UPS® Ground
Stockton,Hendersonville,TN,Size L,18.12,4,UPS® Ground
Stockton,Holland,MI,Size L,18.12,3,UPS® Ground
Stockton,Indian Trail,NC,Size L,18.12,5,UPS® Ground
Stockton,Jersey City,NJ,Size L,18.12,4,UPS® Ground
Stockton,Johnstown,PA,Size L,18.12,4,UPS® Ground
Stockton,Kalamazoo,MI,Size L,18.12,3,UPS® Ground
Stockton,Keatchie,LA,Size L,17.1,4,UPS® Ground
Stockton,Kennewick,WA,Size L,11.36,2,UPS® Ground
Stockton,Kingsport,TN,Size L,18.12,4,UPS® Ground
Stockton,Lake Elsinore,CA,Size L,11.36,2,UPS® Ground
Stockton,Lebanon,OH,Size L,18.12,3,UPS® Ground
Stockton,Little Rock,AR,Size L,17.1,4,UPS® Ground
Stockton,Livonia,MI,Size L,18.12,3,UPS® Ground
Stockton,Los Alamos,NM,Size L,14.74,3,UPS® Ground
Stockton,Loveland,CO,Size L,14.74,3,UPS® Ground
Stockton,La Mesa,CA,Size L,11.36,2,UPS® Ground
Stockton,La Quinta,CA,Size L,11.36,2,UPS® Ground
Stockton,Lake Oswego,OR,Size L,11.36,2,UPS® Ground
Stockton,Lake Saint Louis,MO,Size L,17.1,4,UPS® Ground
Stockton,Lake in the Hills,IL,Size L,17.1,3,UPS® Ground
Stockton,Lakeway,TX,Size L,17.1,3,UPS® Ground
Stockton,Lancaster,NY,Size L,18.12,4,UPS® Ground
Stockton,Leander,TX,Size L,17.1,3,UPS® Ground
Stockton,Lees Summit,MO,Size L,17.1,4,UPS® Ground
Stockton,Lenoir,NC,Size L,18.12,5,UPS® Ground
Stockton,Lewis Center,OH,Size L,18.12,4,UPS® Ground
Stockton,Lexington,IN,Size L,18.12,4,UPS® Ground
Stockton,Lodi,CA,Size L,9.41,1,UPS® Ground
Stockton,Lynden,WA,Size L,16.04,2,UPS® Ground
Stockton,Methuen,MA,Size L,18.12,5,UPS® Ground
Stockton,Milford,CT,Size L,18.12,5,UPS® Ground
Stockton,Mineola,TX,Size L,17.1,4,UPS® Ground
Stockton,Missoula,MT,Size L,14.74,3,UPS® Ground
Stockton,Mansfield,OH,Size L,18.12,4,UPS® Ground
Stockton,McDonough,GA,Size L,18.12,4,UPS® Ground
Stockton,Merritt Island,FL,Size L,18.12,5,UPS® Ground
Stockton,Midlothian,VA,Size L,18.12,4,UPS® Ground
Stockton,Millington,TN,Size L,17.1,4,UPS® Ground
Stockton,Milton,FL,Size L,18.12,5,UPS® Ground
Stockton,Moab,UT,Size L,11.36,3,UPS® Ground
Stockton,Monroe,NC,Size L,18.12,5,UPS® Ground
Stockton,Mooresville,IN,Size L,18.12,3,UPS® Ground
Stockton,Morganton,NC,Size L,18.12,5,UPS® Ground
Stockton,Murfreesboro,TN,Size L,18.12,4,UPS® Ground
Stockton,Newburgh,NY,Size L,18.12,5,UPS® Ground
Stockton,Navarre,FL,Size L,18.12,5,UPS® Ground
Stockton,New Market,AL,Size L,18.12,5,UPS® Ground
Stockton,Newnan,GA,Size L,18.12,4,UPS® Ground
Stockton,Norman,OK,Size L,16.04,4,UPS® Ground
Stockton,Novi,MI,Size L,18.12,3,UPS® Ground
Stockton,Ormond Beach,FL,Size L,18.12,5,UPS® Ground
Stockton,Owensboro,KY,Size L,18.12,4,UPS® Ground
Stockton,Oconto,WI,Size L,17.1,3,UPS® Ground
Stockton,Old Bridge,NJ,Size L,18.12,4,UPS® Ground
Stockton,Olympia,WA,Size L,14.74,2,UPS® Ground
Stockton,Oregon City,OR,Size L,11.36,2,UPS® Ground
Stockton,Oxford,MI,Size L,18.12,4,UPS® Ground
Stockton,Peachtree City,GA,Size L,18.12,4,UPS® Ground
Stockton,Pleasanton,CA,Size L,10.41,1,UPS® Ground
Stockton,Poughkeepsie,NY,Size L,18.12,5,UPS® Ground
Stockton,Pagosa Springs,CO,Size L,14.74,3,UPS® Ground
Stockton,Pasadena,CA,Size L,11.36,2,UPS® Ground
Stockton,Pasadena,TX,Size L,17.1,4,UPS® Ground
Stockton,Pasco,WA,Size L,11.36,2,UPS® Ground
Stockton,Pawtucket,RI,Size L,18.12,5,UPS® Ground
Stockton,Pembroke,MA,Size L,18.12,5,UPS® Ground
Stockton,Perrysburg,OH,Size L,18.12,3,UPS® Ground
Stockton,Plant City,FL,Size L,18.12,5,UPS® Ground
Stockton,Port Orchard,WA,Size L,14.74,2,UPS® Ground
Stockton,Prescott Valley,AZ,Size L,11.36,2,UPS® Ground
Stockton,Princeton,NJ,Size L,18.12,4,UPS® Ground
Stockton,Quincy,MA,Size L,18.12,5,UPS® Ground
Stockton,Redwood City,CA,Size L,9.41,1,UPS® Ground
Stockton,Rohnert Park,CA,Size L,10.41,1,UPS® Ground
Stockton,Rigby,ID,Size L,11.36,3,UPS® Ground
Stockton,Ripon,WI,Size L,17.1,3,UPS® Ground
Stockton,Rogers,AR,Size L,17.1,4,UPS® Ground
Stockton,Rowlett,TX,Size L,16.04,4,UPS® Ground
Stockton,Rydal,PA,Size L,18.12,4,UPS® Ground
Stockton,Shepherdsville,KY,Size L,18.12,3,UPS® Ground
Stockton,Shreveport,LA,Size L,17.1,4,UPS® Ground
Stockton,Stamford,CT,Size L,18.12,5,UPS® Ground
Stockton,Salt Lake City,UT,Size L,11.36,2,UPS® Ground
Stockton,Sanford,NC,Size L,18.12,5,UPS® Ground
Stockton,Santa Ana,CA,Size L,11.36,2,UPS® Ground
Stockton,Santa Cruz,CA,Size L,10.41,1,UPS® Ground
Stockton,Santa Fe,NM,Size L,14.74,3,UPS® Ground
Stockton,Sarver,PA,Size L,18.12,4,UPS® Ground
Stockton,Schenectady,NY,Size L,18.12,4,UPS® Ground
Stockton,Sierra Vista,AZ,Size L,14.74,2,UPS® Ground
Stockton,Silver Spring,MD,Size L,18.12,4,UPS® Ground
Stockton,South Jordan,UT,Size L,11.36,2,UPS® Ground
Stockton,Springfield,MO,Size L,17.1,4,UPS® Ground
Stockton,Summerville,SC,Size L,18.12,5,UPS® Ground
Stockton,Sumter,SC,Size L,18.12,5,UPS® Ground
Stockton,Sun City,AZ,Size L,11.36,2,UPS® Ground
Stockton,Syosset,NY,Size L,18.12,4,UPS® Ground
Stockton,Taunton,MA,Size L,18.12,5,UPS® Ground
Stockton,Texarkana,TX,Size L,17.1,4,UPS® Ground
Stockton,Toledo,OH,Size L,18.12,3,UPS® Ground
Stockton,Urbana,OH,Size L,18.12,4,UPS® Ground
Stockton,Valparaiso,IN,Size L,17.1,3,UPS® Ground
Stockton,Waco,TX,Size L,17.1,4,UPS® Ground
Stockton,West Lafayette,IN,Size L,17.1,3,UPS® Ground
Stockton,Winter Garden,FL,Size L,18.12,5,UPS® Ground
Stockton,Winter Haven,FL,Size L,18.12,5,UPS® Ground
Stockton,Wylie,TX,Size L,16.04,4,UPS® Ground
Stockton,Waldorf,MD,Size L,18.12,4,UPS® Ground
Stockton,Wesley Chapel,FL,Size L,18.12,5,UPS® Ground
Stockton,West Palm Beach,FL,Size L,18.12,5,UPS® Ground
Stockton,Williamsburg,VA,Size L,18.12,4,UPS® Ground
Stockton,Woodbridge,VA,Size L,18.12,4,UPS® Ground
Stockton,Woodside,CA,Size L,9.41,1,UPS® Ground
Stockton,Yorba Linda,CA,Size L,11.36,2,UPS® Ground
Stockton,Queens Village,NY,Size L,18.12,4,UPS® Ground
Austin,Antioch,IL,Size L,16.04,2,UPS® Ground
Austin,Algonquin,IL,Size L,14.74,2,UPS® Ground
Austin,Allen,TX,Size L,10.41,1,UPS® Ground
Austin,Ames,IA,Size L,14.74,3,UPS® Ground
Austin,Anaheim,CA,Size L,16.04,3,UPS® Ground
Austin,Aptos,CA,Size L,17.1,4,UPS® Ground
Austin,Astoria,NY,Size L,17.1,3,UPS® Ground
Austin,Bloomington,IN,Size L,14.74,3,UPS® Ground
Austin,Bremerton,WA,Size L,18.12,4,UPS® Ground
Austin,Brunswick,OH,Size L,16.04,3,UPS® Ground
Austin,Burke,VA,Size L,16.04,3,UPS® Ground
Austin,Bedford,IN,Size L,14.74,3,UPS® Ground
Austin,Benton,LA,Size L,10.41,1,UPS® Ground
Austin,Billings,MT,Size L,16.04,3,UPS® Ground
Austin,Birdsboro,PA,Size L,16.04,3,UPS® Ground
Austin,Bothell,WA,Size L,18.12,4,UPS® Ground
Austin,Bowie,MD,Size L,16.04,3,UPS® Ground
Austin,Brentwood,TN,Size L,14.74,2,UPS® Ground
Austin,Bronx,NY,Size L,17.1,3,UPS® Ground
Austin,Brookfield,WI,Size L,16.04,2,UPS® Ground
Austin,Canton,OH,Size L,16.04,3,UPS® Ground
Austin,Celina,TX,Size L,10.41,1,UPS® Ground
Austin,Chapel Hill,NC,Size L,16.04,3,UPS® Ground
Austin,Claremore,OK,Size L,11.36,2,UPS® Ground
Austin,Clovis,CA,Size L,16.04,4,UPS® Ground
Austin,Cocoa,FL,Size L,16.04,2,UPS® Ground
Austin,Callahan,FL,Size L,14.74,2,UPS® Ground
Austin,Carmel,IN,Size L,14.74,3,UPS® Ground
Austin,Cedar Park,TX,Size L,9.41,1,UPS® Ground
Austin,Centennial,CO,Size L,14.74,2,UPS® Ground
Austin,Centerville,MA,Size L,17.1,3,UPS® Ground
Austin,Charleston,SC,Size L,16.04,3,UPS® Ground
Austin,Charlottesville,VA,Size L,16.04,3,UPS® Ground
Austin,Clarkesville,GA,Size L,14.74,3,UPS® Ground
Austin,Clayton,NC,Size L,16.04,3,UPS® Ground
Austin,Clifton,NJ,Size L,17.1,3,UPS® Ground
Austin,Collinsville,OK,Size L,11.36,2,UPS® Ground
Austin,Columbia,TN,Size L,14.74,2,UPS® Ground
Austin,Concord,NC,Size L,16.04,3,UPS® Ground
Austin,Cookeville,TN,Size L,14.74,2,UPS® Ground
Austin,Corpus Christi,TX,Size L,10.41,1,UPS® Ground
Austin,Corrales,NM,Size L,14.74,2,UPS® Ground
Austin,Corydon,IN,Size L,14.74,3,UPS® Ground
Austin,Cranston,RI,Size L,17.1,3,UPS® Ground
Austin,Dekalb,IL,Size L,14.74,2,UPS® Ground
Austin,Delaware,OH,Size L,16.04,3,UPS® Ground
Austin,Delmar,NY,Size L,17.1,4,UPS® Ground
Austin,Des Moines,IA,Size L,14.74,3,UPS® Ground
Austin,Dickson,TN,Size L,14.74,2,UPS® Ground
Austin,Downers Grove,IL,Size L,16.04,2,UPS® Ground
Austin,Dripping Springs,TX,Size L,9.41,1,UPS® Ground
Austin,Eustis,FL,Size L,16.04,2,UPS® Ground
Austin,East Hampton,NY,Size L,17.1,3,UPS® Ground
Austin,Fenton,MO,Size L,14.74,2,UPS® Ground
Austin,Fayetteville,AR,Size L,11.36,2,UPS® Ground
Austin,Flower Mound,TX,Size L,10.41,1,UPS® Ground
Austin,Franklin,OH,Size L,14.74,3,UPS® Ground
Austin,Friendswood,TX,Size L,10.41,1,UPS® Ground
Austin,Gainesville,FL,Size L,14.74,2,UPS® Ground
Austin,Gainesville,GA,Size L,14.74,3,UPS® Ground
Austin,Glendale,CA,Size L,16.04,3,UPS® Ground
Austin,Greenville,SC,Size L,14.74,3,UPS® Ground
Austin,Greenville,MI,Size L,16.04,3,UPS® Ground
Austin,Gaithersburg,MD,Size L,16.04,3,UPS® Ground
Austin,Garner,NC,Size L,16.04,3,UPS® Ground
Austin,Gastonia,NC,Size L,16.04,3,UPS® Ground
Austin,Granada Hills,CA,Size L,16.04,3,UPS® Ground
Austin,Granbury,TX,Size L,10.41,1,UPS® Ground
Austin,Griffin,GA,Size L,14.74,3,UPS® Ground
Austin,Harpers Ferry,WV,Size L,16.04,3,UPS® Ground
Austin,Haverhill,MA,Size L,17.1,3,UPS® Ground
Austin,Hayward,CA,Size L,17.1,4,UPS® Ground
Austin,Herriman,UT,Size L,16.04,3,UPS® Ground
Austin,Hillsboro,OR,Size L,17.1,4,UPS® Ground
Austin,Hoboken,NJ,Size L,17.1,3,UPS® Ground
Austin,Huntley,IL,Size L,14.74,2,UPS® Ground
Austin,Hagerstown,MD,Size L,16.04,3,UPS® Ground
Austin,Hamilton,OH,Size L,14.74,3,UPS® Ground
Austin,Harrisburg,PA,Size L,16.04,3,UPS® Ground
Austin,Hendersonville,NC,Size L,14.74,3,UPS® Ground
Austin,Hendersonville,TN,Size L,14.74,2,UPS® Ground
Austin,Holland,MI,Size L,16.04,3,UPS® Ground
Austin,Indian Trail,NC,Size L,16.04,3,UPS® Ground
Austin,Jersey City,NJ,Size L,17.1,3,UPS® Ground
Austin,Johnstown,PA,Size L,16.04,3,UPS® Ground
Austin,Kalamazoo,MI,Size L,16.04,3,UPS® Ground
Austin,Keatchie,LA,Size L,10.41,1,UPS® Ground
Austin,Kennewick,WA,Size L,17.1,4,UPS® Ground
Austin,Kingsport,TN,Size L,14.74,2,UPS® Ground
Austin,Lake Elsinore,CA,Size L,16.04,3,UPS® Ground
Austin,Lebanon,OH,Size L,14.74,3,UPS® Ground
Austin,Little Rock,AR,Size L,11.36,2,UPS® Ground
Austin,Livonia,MI,Size L,16.04,3,UPS® Ground
Austin,Los Alamos,NM,Size L,14.74,2,UPS® Ground
Austin,Loveland,CO,Size L,14.74,2,UPS® Ground
Austin,La Mesa,CA,Size L,16.04,3,UPS® Ground
Austin,La Quinta,CA,Size L,16.04,3,UPS® Ground
Austin,Lake Oswego,OR,Size L,17.1,4,UPS® Ground
Austin,Lake Saint Louis,MO,Size L,14.74,2,UPS® Ground
Austin,Lake in the Hills,IL,Size L,14.74,2,UPS® Ground
Austin,Lakeway,TX,Size L,9.41,1,UPS® Ground
Austin,Lancaster,NY,Size L,16.04,4,UPS® Ground
Austin,Leander,TX,Size L,9.41,1,UPS® Ground
Austin,Lees Summit,MO,Size L,14.74,2,UPS® Ground
Austin,Lenoir,NC,Size L,16.04,3,UPS® Ground
Austin,Lewis Center,OH,Size L,16.04,3,UPS® Ground
Austin,Lexington,IN,Size L,14.74,3,UPS® Ground
Austin,Lodi,CA,Size L,17.1,4,UPS® Ground
Austin,Lynden,WA,Size L,17.1,4,UPS® Ground
Austin,Methuen,MA,Size L,17.1,3,UPS® Ground
Austin,Milford,CT,Size L,17.1,3,UPS® Ground
Austin,Mineola,TX,Size L,10.41,1,UPS® Ground
Austin,Missoula,MT,Size L,17.1,3,UPS® Ground
Austin,Mansfield,OH,Size L,16.04,3,UPS® Ground
Austin,McDonough,GA,Size L,14.74,3,UPS® Ground
Austin,Merritt Island,FL,Size L,16.04,2,UPS® Ground
Austin,Midlothian,VA,Size L,16.04,3,UPS® Ground
Austin,Millington,TN,Size L,14.74,2,UPS® Ground
Austin,Milton,FL,Size L,14.74,2,UPS® Ground
Austin,Moab,UT,Size L,14.74,4,UPS® Ground
Austin,Monroe,NC,Size L,16.04,3,UPS® Ground
Austin,Mooresville,IN,Size L,14.74,3,UPS® Ground
Austin,Morganton,NC,Size L,16.04,3,UPS® Ground
Austin,Murfreesboro,TN,Size L,14.74,2,UPS® Ground
Austin,Newburgh,NY,Size L,17.1,5,UPS® Ground
Austin,Navarre,FL,Size L,14.74,2,UPS® Ground
Austin,New Market,AL,Size L,14.74,2,UPS® Ground
Austin,Newnan,GA,Size L,14.74,3,UPS® Ground
Austin,Norman,OK,Size L,11.36,2,UPS® Ground
Austin,Novi,MI,Size L,16.04,3,UPS® Ground
Austin,Ormond Beach,FL,Size L,14.74,2,UPS® Ground
Austin,Owensboro,KY,Size L,14.74,2,UPS® Ground
Austin,Oconto,WI,Size L,16.04,2,UPS® Ground
Austin,Old Bridge,NJ,Size L,17.1,3,UPS® Ground
Austin,Olympia,WA,Size L,17.1,4,UPS® Ground
Austin,Oregon City,OR,Size L,17.1,4,UPS® Ground
Austin,Oxford,MI,Size L,16.04,3,UPS® Ground
Austin,Peachtree City,GA,Size L,14.74,3,UPS® Ground
Austin,Pleasanton,CA,Size L,17.1,4,UPS® Ground
Austin,Poughkeepsie,NY,Size L,17.1,5,UPS® Ground
Austin,Pagosa Springs,CO,Size L,14.74,2,UPS® Ground
Austin,Pasadena,CA,Size L,16.04,3,UPS® Ground
Austin,Pasadena,TX,Size L,10.41,1,UPS® Ground
Austin,Pasco,WA,Size L,17.1,4,UPS® Ground
Austin,Pawtucket,RI,Size L,17.1,3,UPS® Ground
Austin,Pembroke,MA,Size L,17.1,3,UPS® Ground
Austin,Perrysburg,OH,Size L,16.04,3,UPS® Ground
Austin,Plant City,FL,Size L,14.74,2,UPS® Ground
Austin,Port Orchard,WA,Size L,18.12,4,UPS® Ground
Austin,Prescott Valley,AZ,Size L,14.74,3,UPS® Ground
Austin,Princeton,NJ,Size L,17.1,3,UPS® Ground
Austin,Quincy,MA,Size L,17.1,3,UPS® Ground
Austin,Redwood City,CA,Size L,17.1,4,UPS® Ground
Austin,Rohnert Park,CA,Size L,17.1,4,UPS® Ground
Austin,Rigby,ID,Size L,16.04,4,UPS® Ground
Austin,Ripon,WI,Size L,16.04,2,UPS® Ground
Austin,Rogers,AR,Size L,11.36,2,UPS® Ground
Austin,Rowlett,TX,Size L,10.41,1,UPS® Ground
Austin,Rydal,PA,Size L,17.1,3,UPS® Ground
Austin,Shepherdsville,KY,Size L,14.74,3,UPS® Ground
Austin,Shreveport,LA,Size L,10.41,1,UPS® Ground
Austin,Stamford,CT,Size L,17.1,3,UPS® Ground
Austin,Salt Lake City,UT,Size L,16.04,3,UPS® Ground
Austin,Sanford,NC,Size L,16.04,3,UPS® Ground
Austin,Santa Ana,CA,Size L,16.04,3,UPS® Ground
Austin,Santa Cruz,CA,Size L,17.1,4,UPS® Ground
Austin,Santa Fe,NM,Size L,14.74,2,UPS® Ground
Austin,Sarver,PA,Size L,16.04,3,UPS® Ground
Austin,Schenectady,NY,Size L,17.1,4,UPS® Ground
Austin,Sierra Vista,AZ,Size L,14.74,3,UPS® Ground
Austin,Silver Spring,MD,Size L,16.04,3,UPS® Ground
Austin,South Jordan,UT,Size L,16.04,3,UPS® Ground
Austin,Springfield,MO,Size L,11.36,2,UPS® Ground
Austin,Summerville,SC,Size L,16.04,3,UPS® Ground
Austin,Sumter,SC,Size L,16.04,3,UPS® Ground
Austin,Sun City,AZ,Size L,14.74,3,UPS® Ground
Austin,Syosset,NY,Size L,17.1,3,UPS® Ground
Austin,Taunton,MA,Size L,17.1,3,UPS® Ground
Austin,Texarkana,TX,Size L,10.41,1,UPS® Ground
Austin,Toledo,OH,Size L,16.04,3,UPS® Ground
Austin,Urbana,OH,Size L,16.04,3,UPS® Ground
Austin,Valparaiso,IN,Size L,14.74,3,UPS® Ground
Austin,Waco,TX,Size L,9.41,1,UPS® Ground
Austin,West Lafayette,IN,Size L,14.74,3,UPS® Ground
Austin,Winter Garden,FL,Size L,16.04,2,UPS® Ground
Austin,Winter Haven,FL,Size L,14.74,2,UPS® Ground
Austin,Wylie,TX,Size L,10.41,1,UPS® Ground
Austin,Waldorf,MD,Size L,16.04,3,UPS® Ground
Austin,Wesley Chapel,FL,Size L,14.74,2,UPS® Ground
Austin,West Palm Beach,FL,Size L,16.04,2,UPS® Ground
Austin,Williamsburg,VA,Size L,16.04,3,UPS® Ground
Austin,Woodbridge,VA,Size L,16.04,3,UPS® Ground
Austin,Woodside,CA,Size L,17.1,4,UPS® Ground
Austin,Yorba Linda,CA,Size L,16.04,3,UPS® Ground
Austin,Queens Village,NY,Size L,17.1,3,UPS® Ground
Atlanta,Antioch,IL,Size L,14.74,2,UPS® Ground
Atlanta,Algonquin,IL,Size L,14.74,2,UPS® Ground
Atlanta,Allen,TX,Size L,14.74,2,UPS® Ground
Atlanta,Ames,IA,Size L,14.74,3,UPS® Ground
Atlanta,Anaheim,CA,Size L,18.12,3,UPS® Ground
Atlanta,Aptos,CA,Size L,18.12,4,UPS® Ground
Atlanta,Astoria,NY,Size L,14.74,2,UPS® Ground
Atlanta,Bloomington,IN,Size L,11.36,2,UPS® Ground
Atlanta,Bremerton,WA,Size L,18.12,4,UPS® Ground
Atlanta,Brunswick,OH,Size L,11.36,2,UPS® Ground
Atlanta,Burke,VA,Size L,11.36,2,UPS® Ground
Atlanta,Bedford,IN,Size L,11.36,2,UPS® Ground
Atlanta,Benton,LA,Size L,11.36,2,UPS® Ground
Atlanta,Billings,MT,Size L,17.1,3,UPS® Ground
Atlanta,Birdsboro,PA,Size L,14.74,2,UPS® Ground
Atlanta,Bothell,WA,Size L,18.12,4,UPS® Ground
Atlanta,Bowie,MD,Size L,14.74,2,UPS® Ground
Atlanta,Brentwood,TN,Size L,10.41,2,UPS® Ground
Atlanta,Bronx,NY,Size L,14.74,2,UPS® Ground
Atlanta,Brookfield,WI,Size L,14.74,2,UPS® Ground
Atlanta,Canton,OH,Size L,11.36,2,UPS® Ground
Atlanta,Celina,TX,Size L,14.74,2,UPS® Ground
Atlanta,Chapel Hill,NC,Size L,11.36,2,UPS® Ground
Atlanta,Claremore,OK,Size L,14.74,2,UPS® Ground
Atlanta,Clovis,CA,Size L,18.12,4,UPS® Ground
Atlanta,Cocoa,FL,Size L,11.36,2,UPS® Ground
Atlanta,Callahan,FL,Size L,10.41,1,UPS® Ground
Atlanta,Carmel,IN,Size L,11.36,2,UPS® Ground
Atlanta,Cedar Park,TX,Size L,14.74,2,UPS® Ground
Atlanta,Centennial,CO,Size L,16.04,3,UPS® Ground
Atlanta,Centerville,MA,Size L,14.74,2,UPS® Ground
Atlanta,Charleston,SC,Size L,10.41,2,UPS® Ground
Atlanta,Charlottesville,VA,Size L,11.36,2,UPS® Ground
Atlanta,Clarkesville,GA,Size L,9.41,1,UPS® Ground
Atlanta,Clayton,NC,Size L,11.36,2,UPS® Ground
Atlanta,Clifton,NJ,Size L,14.74,2,UPS® Ground
Atlanta,Collinsville,OK,Size L,14.74,2,UPS® Ground
Atlanta,Columbia,TN,Size L,10.41,2,UPS® Ground
Atlanta,Concord,NC,Size L,10.41,2,UPS® Ground
Atlanta,Cookeville,TN,Size L,10.41,2,UPS® Ground
Atlanta,Corpus Christi,TX,Size L,14.74,2,UPS® Ground
Atlanta,Corrales,NM,Size L,16.04,3,UPS® Ground
Atlanta,Corydon,IN,Size L,11.36,2,UPS® Ground
Atlanta,Cranston,RI,Size L,14.74,2,UPS® Ground
Atlanta,Dekalb,IL,Size L,14.74,2,UPS® Ground
Atlanta,Delaware,OH,Size L,11.36,2,UPS® Ground
Atlanta,Delmar,NY,Size L,14.74,2,UPS® Ground
Atlanta,Des Moines,IA,Size L,14.74,2,UPS® Ground
Atlanta,Dickson,TN,Size L,10.41,2,UPS® Ground
Atlanta,Downers Grove,IL,Size L,11.36,2,UPS® Ground
Atlanta,Dripping Springs,TX,Size L,14.74,2,UPS® Ground
Atlanta,Eustis,FL,Size L,11.36,2,UPS® Ground
Atlanta,East Hampton,NY,Size L,14.74,2,UPS® Ground
Atlanta,Fenton,MO,Size L,11.36,2,UPS® Ground
Atlanta,Fayetteville,AR,Size L,11.36,2,UPS® Ground
Atlanta,Flower Mound,TX,Size L,14.74,2,UPS® Ground
Atlanta,Franklin,OH,Size L,11.36,2,UPS® Ground
Atlanta,Friendswood,TX,Size L,14.74,2,UPS® Ground
Atlanta,Gainesville,FL,Size L,11.36,2,UPS® Ground
Atlanta,Gainesville,GA,Size L,9.41,1,UPS® Ground
Atlanta,Glendale,CA,Size L,18.12,3,UPS® Ground
Atlanta,Greenville,SC,Size L,9.41,1,UPS® Ground
Atlanta,Greenville,MI,Size L,14.74,2,UPS® Ground
Atlanta,Gaithersburg,MD,Size L,11.36,2,UPS® Ground
Atlanta,Garner,NC,Size L,11.36,2,UPS® Ground
Atlanta,Gastonia,NC,Size L,10.41,1,UPS® Ground
Atlanta,Granada Hills,CA,Size L,18.12,3,UPS® Ground
Atlanta,Granbury,TX,Size L,14.74,2,UPS® Ground
Atlanta,Griffin,GA,Size L,9.41,1,UPS® Ground
Atlanta,Harpers Ferry,WV,Size L,11.36,2,UPS® Ground
Atlanta,Haverhill,MA,Size L,14.74,2,UPS® Ground
Atlanta,Hayward,CA,Size L,18.12,4,UPS® Ground
Atlanta,Herriman,UT,Size L,17.1,3,UPS® Ground
Atlanta,Hillsboro,OR,Size L,18.12,4,UPS® Ground
Atlanta,Hoboken,NJ,Size L,14.74,2,UPS® Ground
Atlanta,Huntley,IL,Size L,14.74,2,UPS® Ground
Atlanta,Hagerstown,MD,Size L,11.36,2,UPS® Ground
Atlanta,Hamilton,OH,Size L,11.36,2,UPS® Ground
Atlanta,Harrisburg,PA,Size L,14.74,2,UPS® Ground
Atlanta,Hendersonville,NC,Size L,9.41,2,UPS® Ground
Atlanta,Hendersonville,TN,Size L,10.41,2,UPS® Ground
Atlanta,Holland,MI,Size L,14.74,2,UPS® Ground
Atlanta,Indian Trail,NC,Size L,10.41,2,UPS® Ground
Atlanta,Jersey City,NJ,Size L,14.74,2,UPS® Ground
Atlanta,Johnstown,PA,Size L,11.36,2,UPS® Ground
Atlanta,Kalamazoo,MI,Size L,11.36,2,UPS® Ground
Atlanta,Keatchie,LA,Size L,11.36,3,UPS® Ground
Atlanta,Kennewick,WA,Size L,18.12,4,UPS® Ground
Atlanta,Kingsport,TN,Size L,10.41,2,UPS® Ground
Atlanta,Lake Elsinore,CA,Size L,18.12,3,UPS® Ground
Atlanta,Lebanon,OH,Size L,11.36,2,UPS® Ground
Atlanta,Little Rock,AR,Size L,11.36,2,UPS® Ground
Atlanta,Livonia,MI,Size L,14.74,2,UPS® Ground
Atlanta,Los Alamos,NM,Size L,16.04,3,UPS® Ground
Atlanta,Loveland,CO,Size L,16.04,3,UPS® Ground
Atlanta,La Mesa,CA,Size L,18.12,3,UPS® Ground
Atlanta,La Quinta,CA,Size L,17.1,3,UPS® Ground
Atlanta,Lake Oswego,OR,Size L,18.12,4,UPS® Ground
Atlanta,Lake Saint Louis,MO,Size L,11.36,2,UPS® Ground
Atlanta,Lake in the Hills,IL,Size L,14.74,2,UPS® Ground
Atlanta,Lakeway,TX,Size L,14.74,2,UPS® Ground
Atlanta,Lancaster,NY,Size L,14.74,2,UPS® Ground
Atlanta,Leander,TX,Size L,14.74,2,UPS® Ground
Atlanta,Lees Summit,MO,Size L,14.74,2,UPS® Ground
Atlanta,Lenoir,NC,Size L,10.41,2,UPS® Ground
Atlanta,Lewis Center,OH,Size L,11.36,2,UPS® Ground
Atlanta,Lexington,IN,Size L,11.36,2,UPS® Ground
Atlanta,Lodi,CA,Size L,18.12,4,UPS® Ground
Atlanta,Lynden,WA,Size L,18.12,4,UPS® Ground
Atlanta,Methuen,MA,Size L,14.74,2,UPS® Ground
Atlanta,Milford,CT,Size L,14.74,2,UPS® Ground
Atlanta,Mineola,TX,Size L,14.74,2,UPS® Ground
Atlanta,Missoula,MT,Size L,17.1,3,UPS® Ground
Atlanta,Mansfield,OH,Size L,11.36,2,UPS® Ground
Atlanta,McDonough,GA,Size L,9.41,1,UPS® Ground
Atlanta,Merritt Island,FL,Size L,11.36,2,UPS® Ground
Atlanta,Midlothian,VA,Size L,11.36,2,UPS® Ground
Atlanta,Millington,TN,Size L,11.36,2,UPS® Ground
Atlanta,Milton,FL,Size L,10.41,1,UPS® Ground
Atlanta,Moab,UT,Size L,17.1,4,UPS® Ground
Atlanta,Monroe,NC,Size L,10.41,2,UPS® Ground
Atlanta,Mooresville,IN,Size L,11.36,2,UPS® Ground
Atlanta,Morganton,NC,Size L,10.41,2,UPS® Ground
Atlanta,Murfreesboro,TN,Size L,10.41,2,UPS® Ground
Atlanta,Newburgh,NY,Size L,14.74,2,UPS® Ground
Atlanta,Navarre,FL,Size L,10.41,1,UPS® Ground
Atlanta,New Market,AL,Size L,9.41,1,UPS® Ground
Atlanta,Newnan,GA,Size L,9.41,1,UPS® Ground
Atlanta,Norman,OK,Size L,14.74,2,UPS® Ground
Atlanta,Novi,MI,Size L,14.74,2,UPS® Ground
Atlanta,Ormond Beach,FL,Size L,11.36,2,UPS® Ground
Atlanta,Owensboro,KY,Size L,10.41,2,UPS® Ground
Atlanta,Oconto,WI,Size L,14.74,2,UPS® Ground
Atlanta,Old Bridge,NJ,Size L,14.74,2,UPS® Ground
Atlanta,Olympia,WA,Size L,18.12,4,UPS® Ground
Atlanta,Oregon City,OR,Size L,18.12,4,UPS® Ground
Atlanta,Oxford,MI,Size L,14.74,2,UPS® Ground
Atlanta,Peachtree City,GA,Size L,9.41,1,UPS® Ground
Atlanta,Pleasanton,CA,Size L,18.12,4,UPS® Ground
Atlanta,Poughkeepsie,NY,Size L,14.74,2,UPS® Ground
Atlanta,Pagosa Springs,CO,Size L,16.04,3,UPS® Ground
Atlanta,Pasadena,CA,Size L,18.12,3,UPS® Ground
Atlanta,Pasadena,TX,Size L,14.74,2,UPS® Ground
Atlanta,Pasco,WA,Size L,18.12,4,UPS® Ground
Atlanta,Pawtucket,RI,Size L,14.74,2,UPS® Ground
Atlanta,Pembroke,MA,Size L,14.74,2,UPS® Ground
Atlanta,Perrysburg,OH,Size L,11.36,2,UPS® Ground
Atlanta,Plant City,FL,Size L,11.36,2,UPS® Ground
Atlanta,Port Orchard,WA,Size L,18.12,4,UPS® Ground
Atlanta,Prescott Valley,AZ,Size L,17.1,3,UPS® Ground
Atlanta,Princeton,NJ,Size L,14.74,2,UPS® Ground
Atlanta,Quincy,MA,Size L,14.74,2,UPS® Ground
Atlanta,Redwood City,CA,Size L,18.12,4,UPS® Ground
Atlanta,Rohnert Park,CA,Size L,18.12,4,UPS® Ground
Atlanta,Rigby,ID,Size L,17.1,4,UPS® Ground
Atlanta,Ripon,WI,Size L,14.74,2,UPS® Ground
Atlanta,Rogers,AR,Size L,11.36,2,UPS® Ground
Atlanta,Rowlett,TX,Size L,14.74,2,UPS® Ground
Atlanta,Rydal,PA,Size L,14.74,2,UPS® Ground
Atlanta,Shepherdsville,KY,Size L,11.36,2,UPS® Ground
Atlanta,Shreveport,LA,Size L,11.36,2,UPS® Ground
Atlanta,Stamford,CT,Size L,14.74,2,UPS® Ground
Atlanta,Salt Lake City,UT,Size L,17.1,3,UPS® Ground
Atlanta,Sanford,NC,Size L,11.36,2,UPS® Ground
Atlanta,Santa Ana,CA,Size L,18.12,3,UPS® Ground
Atlanta,Santa Cruz,CA,Size L,18.12,4,UPS® Ground
Atlanta,Santa Fe,NM,Size L,16.04,3,UPS® Ground
Atlanta,Sarver,PA,Size L,11.36,2,UPS® Ground
Atlanta,Schenectady,NY,Size L,14.74,2,UPS® Ground
Atlanta,Sierra Vista,AZ,Size L,17.1,3,UPS® Ground
Atlanta,Silver Spring,MD,Size L,11.36,2,UPS® Ground
Atlanta,South Jordan,UT,Size L,17.1,3,UPS® Ground
Atlanta,Springfield,MO,Size L,11.36,2,UPS® Ground
Atlanta,Summerville,SC,Size L,10.41,2,UPS® Ground
Atlanta,Sumter,SC,Size L,10.41,2,UPS® Ground
Atlanta,Sun City,AZ,Size L,17.1,3,UPS® Ground
Atlanta,Syosset,NY,Size L,14.74,2,UPS® Ground
Atlanta,Taunton,MA,Size L,14.74,2,UPS® Ground
Atlanta,Texarkana,TX,Size L,11.36,2,UPS® Ground
Atlanta,Toledo,OH,Size L,11.36,2,UPS® Ground
Atlanta,Urbana,OH,Size L,11.36,2,UPS® Ground
Atlanta,Valparaiso,IN,Size L,11.36,2,UPS® Ground
Atlanta,Waco,TX,Size L,14.74,2,UPS® Ground
Atlanta,West Lafayette,IN,Size L,11.36,2,UPS® Ground
Atlanta,Winter Garden,FL,Size L,11.36,2,UPS® Ground
Atlanta,Winter Haven,FL,Size L,11.36,2,UPS® Ground
Atlanta,Wylie,TX,Size L,14.74,2,UPS® Ground
Atlanta,Waldorf,MD,Size L,11.36,2,UPS® Ground
Atlanta,Wesley Chapel,FL,Size L,11.36,2,UPS® Ground
Atlanta,West Palm Beach,FL,Size L,11.36,2,UPS® Ground
Atlanta,Williamsburg,VA,Size L,11.36,2,UPS® Ground
Atlanta,Woodbridge,VA,Size L,11.36,2,UPS® Ground
Atlanta,Woodside,CA,Size L,18.12,4,UPS® Ground
Atlanta,Yorba Linda,CA,Size L,18.12,3,UPS® Ground
Atlanta,Queens Village,NY,Size L,14.74,2,UPS® Ground
Columbus,Antioch,IL,Size L,11.36,1,UPS® Ground
Columbus,Algonquin,IL,Size L,11.36,1,UPS® Ground
Columbus,Allen,TX,Size L,16.04,2,UPS® Ground
Columbus,Ames,IA,Size L,14.74,2,UPS® Ground
Columbus,Anaheim,CA,Size L,18.12,3,UPS® Ground
Columbus,Aptos,CA,Size L,18.12,4,UPS® Ground
Columbus,Astoria,NY,Size L,11.36,2,UPS® Ground
Columbus,Bloomington,IN,Size L,10.41,1,UPS® Ground
Columbus,Bremerton,WA,Size L,18.12,4,UPS® Ground
Columbus,Brunswick,OH,Size L,10.41,1,UPS® Ground
Columbus,Burke,VA,Size L,11.36,2,UPS® Ground
Columbus,Bedford,IN,Size L,10.41,1,UPS® Ground
Columbus,Benton,LA,Size L,14.74,3,UPS® Ground
Columbus,Billings,MT,Size L,17.1,3,UPS® Ground
Columbus,Birdsboro,PA,Size L,11.36,2,UPS® Ground
Columbus,Bothell,WA,Size L,18.12,4,UPS® Ground
Columbus,Bowie,MD,Size L,11.36,2,UPS® Ground
Columbus,Brentwood,TN,Size L,11.36,2,UPS® Ground
Columbus,Bronx,NY,Size L,11.36,2,UPS® Ground
Columbus,Brookfield,WI,Size L,11.36,2,UPS® Ground
Columbus,Canton,OH,Size L,9.41,1,UPS® Ground
Columbus,Celina,TX,Size L,16.04,2,UPS® Ground
Columbus,Chapel Hill,NC,Size L,11.36,2,UPS® Ground
Columbus,Claremore,OK,Size L,14.74,3,UPS® Ground
Columbus,Clovis,CA,Size L,18.12,4,UPS® Ground
Columbus,Cocoa,FL,Size L,14.74,2,UPS® Ground
Columbus,Callahan,FL,Size L,14.74,2,UPS® Ground
Columbus,Carmel,IN,Size L,10.41,1,UPS® Ground
Columbus,Cedar Park,TX,Size L,16.04,2,UPS® Ground
Columbus,Centennial,CO,Size L,16.04,3,UPS® Ground
Columbus,Centerville,MA,Size L,14.74,2,UPS® Ground
Columbus,Charleston,SC,Size L,11.36,2,UPS® Ground
Columbus,Charlottesville,VA,Size L,10.41,2,UPS® Ground
Columbus,Clarkesville,GA,Size L,11.36,2,UPS® Ground
Columbus,Clayton,NC,Size L,11.36,2,UPS® Ground
Columbus,Clifton,NJ,Size L,11.36,2,UPS® Ground
Columbus,Collinsville,OK,Size L,14.74,3,UPS® Ground
Columbus,Columbia,TN,Size L,11.36,2,UPS® Ground
Columbus,Concord,NC,Size L,11.36,2,UPS® Ground
Columbus,Cookeville,TN,Size L,10.41,2,UPS® Ground
Columbus,Corpus Christi,TX,Size L,16.04,3,UPS® Ground
Columbus,Corrales,NM,Size L,16.04,4,UPS® Ground
Columbus,Corydon,IN,Size L,10.41,1,UPS® Ground
Columbus,Cranston,RI,Size L,14.74,2,UPS® Ground
Columbus,Dekalb,IL,Size L,11.36,1,UPS® Ground
Columbus,Delaware,OH,Size L,9.41,1,UPS® Ground
Columbus,Delmar,NY,Size L,11.36,2,UPS® Ground
Columbus,Des Moines,IA,Size L,11.36,2,UPS® Ground
Columbus,Dickson,TN,Size L,11.36,2,UPS® Ground
Columbus,Downers Grove,IL,Size L,11.36,1,UPS® Ground
Columbus,Dripping Springs,TX,Size L,16.04,2,UPS® Ground
Columbus,Eustis,FL,Size L,14.74,2,UPS® Ground
Columbus,East Hampton,NY,Size L,11.36,2,UPS® Ground
Columbus,Fenton,MO,Size L,11.36,2,UPS® Ground
Columbus,Fayetteville,AR,Size L,14.74,3,UPS® Ground
Columbus,Flower Mound,TX,Size L,16.04,2,UPS® Ground
Columbus,Franklin,OH,Size L,9.41,1,UPS® Ground
Columbus,Friendswood,TX,Size L,14.74,3,UPS® Ground
Columbus,Gainesville,FL,Size L,14.74,2,UPS® Ground
Columbus,Gainesville,GA,Size L,11.36,2,UPS® Ground
Columbus,Glendale,CA,Size L,18.12,3,UPS® Ground
Columbus,Greenville,SC,Size L,11.36,2,UPS® Ground
Columbus,Greenville,MI,Size L,10.41,1,UPS® Ground
Columbus,Gaithersburg,MD,Size L,11.36,2,UPS® Ground
Columbus,Garner,NC,Size L,11.36,2,UPS® Ground
Columbus,Gastonia,NC,Size L,11.36,2,UPS® Ground
Columbus,Granada Hills,CA,Size L,18.12,3,UPS® Ground
Columbus,Granbury,TX,Size L,16.04,2,UPS® Ground
Columbus,Griffin,GA,Size L,11.36,2,UPS® Ground
Columbus,Harpers Ferry,WV,Size L,10.41,2,UPS® Ground
Columbus,Haverhill,MA,Size L,14.74,2,UPS® Ground
Columbus,Hayward,CA,Size L,18.12,4,UPS® Ground
Columbus,Herriman,UT,Size L,17.1,3,UPS® Ground
Columbus,Hillsboro,OR,Size L,18.12,4,UPS® Ground
Columbus,Hoboken,NJ,Size L,11.36,2,UPS® Ground
Columbus,Huntley,IL,Size L,11.36,1,UPS® Ground
Columbus,Hagerstown,MD,Size L,10.41,2,UPS® Ground
Columbus,Hamilton,OH,Size L,9.41,1,UPS® Ground
Columbus,Harrisburg,PA,Size L,11.36,2,UPS® Ground
Columbus,Hendersonville,NC,Size L,11.36,2,UPS® Ground
Columbus,Hendersonville,TN,Size L,11.36,2,UPS® Ground
Columbus,Holland,MI,Size L,11.36,1,UPS® Ground
Columbus,Indian Trail,NC,Size L,11.36,2,UPS® Ground
Columbus,Jersey City,NJ,Size L,11.36,2,UPS® Ground
Columbus,Johnstown,PA,Size L,10.41,2,UPS® Ground
Columbus,Kalamazoo,MI,Size L,10.41,1,UPS® Ground
Columbus,Keatchie,LA,Size L,14.74,3,UPS® Ground
Columbus,Kennewick,WA,Size L,18.12,4,UPS® Ground
Columbus,Kingsport,TN,Size L,10.41,2,UPS® Ground
Columbus,Lake Elsinore,CA,Size L,18.12,3,UPS® Ground
Columbus,Lebanon,OH,Size L,9.41,1,UPS® Ground
Columbus,Little Rock,AR,Size L,14.74,3,UPS® Ground
Columbus,Livonia,MI,Size L,10.41,1,UPS® Ground
Columbus,Los Alamos,NM,Size L,16.04,4,UPS® Ground
Columbus,Loveland,CO,Size L,16.04,3,UPS® Ground
Columbus,La Mesa,CA,Size L,18.12,3,UPS® Ground
Columbus,La Quinta,CA,Size L,18.12,3,UPS® Ground
Columbus,Lake Oswego,OR,Size L,18.12,3,UPS® Ground
Columbus,Lake Saint Louis,MO,Size L,11.36,2,UPS® Ground
Columbus,Lake in the Hills,IL,Size L,11.36,1,UPS® Ground
Columbus,Lakeway,TX,Size L,16.04,2,UPS® Ground
Columbus,Lancaster,NY,Size L,11.36,2,UPS® Ground
Columbus,Leander,TX,Size L,16.04,2,UPS® Ground
Columbus,Lees Summit,MO,Size L,11.36,2,UPS® Ground
Columbus,Lenoir,NC,Size L,11.36,2,UPS® Ground
Columbus,Lewis Center,OH,Size L,9.41,1,UPS® Ground
Columbus,Lexington,IN,Size L,10.41,1,UPS® Ground
Columbus,Lodi,CA,Size L,18.12,4,UPS® Ground
Columbus,Lynden,WA,Size L,18.12,4,UPS® Ground
Columbus,Methuen,MA,Size L,14.74,2,UPS® Ground
Columbus,Milford,CT,Size L,11.36,2,UPS® Ground
Columbus,Mineola,TX,Size L,14.74,2,UPS® Ground
Columbus,Missoula,MT,Size L,17.1,3,UPS® Ground
Columbus,Mansfield,OH,Size L,9.41,1,UPS® Ground
Columbus,McDonough,GA,Size L,11.36,2,UPS® Ground
Columbus,Merritt Island,FL,Size L,14.74,2,UPS® Ground
Columbus,Midlothian,VA,Size L,11.36,2,UPS® Ground
Columbus,Millington,TN,Size L,11.36,2,UPS® Ground
Columbus,Milton,FL,Size L,14.74,2,UPS® Ground
Columbus,Moab,UT,Size L,17.1,4,UPS® Ground
Columbus,Monroe,NC,Size L,11.36,2,UPS® Ground
Columbus,Mooresville,IN,Size L,9.41,1,UPS® Ground
Columbus,Morganton,NC,Size L,11.36,2,UPS® Ground
Columbus,Murfreesboro,TN,Size L,11.36,2,UPS® Ground
Columbus,Newburgh,NY,Size L,11.36,2,UPS® Ground
Columbus,Navarre,FL,Size L,14.74,2,UPS® Ground
Columbus,New Market,AL,Size L,11.36,2,UPS® Ground
Columbus,Newnan,GA,Size L,11.36,2,UPS® Ground
Columbus,Norman,OK,Size L,14.74,3,UPS® Ground
Columbus,Novi,MI,Size L,10.41,1,UPS® Ground
Columbus,Ormond Beach,FL,Size L,14.74,2,UPS® Ground
Columbus,Owensboro,KY,Size L,10.41,1,UPS® Ground
Columbus,Oconto,WI,Size L,11.36,2,UPS® Ground
Columbus,Old Bridge,NJ,Size L,11.36,2,UPS® Ground
Columbus,Olympia,WA,Size L,18.12,4,UPS® Ground
Columbus,Oregon City,OR,Size L,18.12,3,UPS® Ground
Columbus,Oxford,MI,Size L,10.41,1,UPS® Ground
Columbus,Peachtree City,GA,Size L,11.36,2,UPS® Ground
Columbus,Pleasanton,CA,Size L,18.12,4,UPS® Ground
Columbus,Poughkeepsie,NY,Size L,11.36,2,UPS® Ground
Columbus,Pagosa Springs,CO,Size L,16.04,4,UPS® Ground
Columbus,Pasadena,CA,Size L,18.12,3,UPS® Ground
Columbus,Pasadena,TX,Size L,14.74,3,UPS® Ground
Columbus,Pasco,WA,Size L,18.12,4,UPS® Ground
Columbus,Pawtucket,RI,Size L,14.74,2,UPS® Ground
Columbus,Pembroke,MA,Size L,14.74,2,UPS® Ground
Columbus,Perrysburg,OH,Size L,9.41,1,UPS® Ground
Columbus,Plant City,FL,Size L,14.74,2,UPS® Ground
Columbus,Port Orchard,WA,Size L,18.12,4,UPS® Ground
Columbus,Prescott Valley,AZ,Size L,17.1,4,UPS® Ground
Columbus,Princeton,NJ,Size L,11.36,2,UPS® Ground
Columbus,Quincy,MA,Size L,14.74,2,UPS® Ground
Columbus,Redwood City,CA,Size L,18.12,4,UPS® Ground
Columbus,Rohnert Park,CA,Size L,18.12,4,UPS® Ground
Columbus,Rigby,ID,Size L,17.1,5,UPS® Ground
Columbus,Ripon,WI,Size L,11.36,2,UPS® Ground
Columbus,Rogers,AR,Size L,14.74,3,UPS® Ground
Columbus,Rowlett,TX,Size L,16.04,2,UPS® Ground
Columbus,Rydal,PA,Size L,11.36,2,UPS® Ground
Columbus,Shepherdsville,KY,Size L,10.41,1,UPS® Ground
Columbus,Shreveport,LA,Size L,14.74,3,UPS® Ground
Columbus,Stamford,CT,Size L,11.36,2,UPS® Ground
Columbus,Salt Lake City,UT,Size L,17.1,3,UPS® Ground
Columbus,Sanford,NC,Size L,11.36,2,UPS® Ground
Columbus,Santa Ana,CA,Size L,18.12,3,UPS® Ground
Columbus,Santa Cruz,CA,Size L,18.12,4,UPS® Ground
Columbus,Santa Fe,NM,Size L,16.04,4,UPS® Ground
Columbus,Sarver,PA,Size L,10.41,1,UPS® Ground
Columbus,Schenectady,NY,Size L,11.36,2,UPS® Ground
Columbus,Sierra Vista,AZ,Size L,17.1,4,UPS® Ground
Columbus,Silver Spring,MD,Size L,11.36,2,UPS® Ground
Columbus,South Jordan,UT,Size L,17.1,3,UPS® Ground
Columbus,Springfield,MO,Size L,11.36,2,UPS® Ground
Columbus,Summerville,SC,Size L,11.36,2,UPS® Ground
Columbus,Sumter,SC,Size L,11.36,2,UPS® Ground
Columbus,Sun City,AZ,Size L,17.1,4,UPS® Ground
Columbus,Syosset,NY,Size L,14.74,2,UPS® Ground
Columbus,Taunton,MA,Size L,14.74,2,UPS® Ground
Columbus,Texarkana,TX,Size L,14.74,2,UPS® Ground
Columbus,Toledo,OH,Size L,9.41,1,UPS® Ground
Columbus,Urbana,OH,Size L,9.41,1,UPS® Ground
Columbus,Valparaiso,IN,Size L,11.36,1,UPS® Ground
Columbus,Waco,TX,Size L,14.74,2,UPS® Ground
Columbus,West Lafayette,IN,Size L,10.41,1,UPS® Ground
Columbus,Winter Garden,FL,Size L,14.74,2,UPS® Ground
Columbus,Winter Haven,FL,Size L,14.74,2,UPS® Ground
Columbus,Wylie,TX,Size L,16.04,2,UPS® Ground
Columbus,Waldorf,MD,Size L,11.36,2,UPS® Ground
Columbus,Wesley Chapel,FL,Size L,14.74,2,UPS® Ground
Columbus,West Palm Beach,FL,Size L,16.04,2,UPS® Ground
Columbus,Williamsburg,VA,Size L,11.36,2,UPS® Ground
Columbus,Woodbridge,VA,Size L,11.36,2,UPS® Ground
Columbus,Woodside,CA,Size L,18.12,4,UPS® Ground
Columbus,Yorba Linda,CA,Size L,18.12,3,UPS® Ground
Columbus,Queens Village,NY,Size L,11.36,2,UPS® Ground
Philadelphia,Antioch,IL,Size L,14.74,2,UPS® Ground
Philadelphia,Algonquin,IL,Size L,14.74,2,UPS® Ground
Philadelphia,Allen,TX,Size L,16.04,3,UPS® Ground
Philadelphia,Ames,IA,Size L,16.04,2,UPS® Ground
Philadelphia,Anaheim,CA,Size L,18.12,4,UPS® Ground
Philadelphia,Aptos,CA,Size L,18.12,4,UPS® Ground
Philadelphia,Astoria,NY,Size L,9.41,1,UPS® Ground
Philadelphia,Bloomington,IN,Size L,14.74,2,UPS® Ground
Philadelphia,Bremerton,WA,Size L,18.12,4,UPS® Ground
Philadelphia,Brunswick,OH,Size L,11.36,2,UPS® Ground
Philadelphia,Burke,VA,Size L,9.41,1,UPS® Ground
Philadelphia,Bedford,IN,Size L,14.74,2,UPS® Ground
Philadelphia,Benton,LA,Size L,16.04,3,UPS® Ground
Philadelphia,Billings,MT,Size L,17.1,4,UPS® Ground
Philadelphia,Birdsboro,PA,Size L,9.41,1,UPS® Ground
Philadelphia,Bothell,WA,Size L,18.12,4,UPS® Ground
Philadelphia,Bowie,MD,Size L,9.41,1,UPS® Ground
Philadelphia,Brentwood,TN,Size L,14.74,2,UPS® Ground
Philadelphia,Bronx,NY,Size L,9.41,1,UPS® Ground
Philadelphia,Brookfield,WI,Size L,14.74,2,UPS® Ground
Philadelphia,Canton,OH,Size L,11.36,2,UPS® Ground
Philadelphia,Celina,TX,Size L,16.04,3,UPS® Ground
Philadelphia,Chapel Hill,NC,Size L,11.36,2,UPS® Ground
Philadelphia,Claremore,OK,Size L,16.04,2,UPS® Ground
Philadelphia,Clovis,CA,Size L,18.12,4,UPS® Ground
Philadelphia,Cocoa,FL,Size L,14.74,2,UPS® Ground
Philadelphia,Callahan,FL,Size L,14.74,2,UPS® Ground
Philadelphia,Carmel,IN,Size L,11.36,2,UPS® Ground
Philadelphia,Cedar Park,TX,Size L,17.1,3,UPS® Ground
Philadelphia,Centennial,CO,Size L,17.1,3,UPS® Ground
Philadelphia,Centerville,MA,Size L,10.41,2,UPS® Ground
Philadelphia,Charleston,SC,Size L,11.36,2,UPS® Ground
Philadelphia,Charlottesville,VA,Size L,10.41,1,UPS® Ground
Philadelphia,Clarkesville,GA,Size L,14.74,2,UPS® Ground
Philadelphia,Clayton,NC,Size L,11.36,2,UPS® Ground
Philadelphia,Clifton,NJ,Size L,9.41,1,UPS® Ground
Philadelphia,Collinsville,OK,Size L,16.04,2,UPS® Ground
Philadelphia,Columbia,TN,Size L,14.74,2,UPS® Ground
Philadelphia,Concord,NC,Size L,11.36,2,UPS® Ground
Philadelphia,Cookeville,TN,Size L,14.74,2,UPS® Ground
Philadelphia,Corpus Christi,TX,Size L,17.1,3,UPS® Ground
Philadelphia,Corrales,NM,Size L,17.1,4,UPS® Ground
Philadelphia,Corydon,IN,Size L,14.74,2,UPS® Ground
Philadelphia,Cranston,RI,Size L,10.41,2,UPS® Ground
Philadelphia,Dekalb,IL,Size L,14.74,2,UPS® Ground
Philadelphia,Delaware,OH,Size L,11.36,2,UPS® Ground
Philadelphia,Delmar,NY,Size L,10.41,1,UPS® Ground
Philadelphia,Des Moines,IA,Size L,14.74,2,UPS® Ground
Philadelphia,Dickson,TN,Size L,14.74,2,UPS® Ground
Philadelphia,Downers Grove,IL,Size L,14.74,2,UPS® Ground
Philadelphia,Dripping Springs,TX,Size L,17.1,3,UPS® Ground
Philadelphia,Eustis,FL,Size L,14.74,2,UPS® Ground
Philadelphia,East Hampton,NY,Size L,10.41,1,UPS® Ground
Philadelphia,Fenton,MO,Size L,14.74,2,UPS® Ground
Philadelphia,Fayetteville,AR,Size L,16.04,3,UPS® Ground
Philadelphia,Flower Mound,TX,Size L,16.04,3,UPS® Ground
Philadelphia,Franklin,OH,Size L,11.36,2,UPS® Ground
Philadelphia,Friendswood,TX,Size L,16.04,3,UPS® Ground
Philadelphia,Gainesville,FL,Size L,14.74,2,UPS® Ground
Philadelphia,Gainesville,GA,Size L,14.74,2,UPS® Ground
Philadelphia,Glendale,CA,Size L,18.12,4,UPS® Ground
Philadelphia,Greenville,SC,Size L,11.36,2,UPS® Ground
Philadelphia,Greenville,MI,Size L,11.36,2,UPS® Ground
Philadelphia,Gaithersburg,MD,Size L,10.41,1,UPS® Ground
Philadelphia,Garner,NC,Size L,11.36,2,UPS® Ground
Philadelphia,Gastonia,NC,Size L,11.36,2,UPS® Ground
Philadelphia,Granada Hills,CA,Size L,18.12,4,UPS® Ground
Philadelphia,Granbury,TX,Size L,16.04,3,UPS® Ground
Philadelphia,Griffin,GA,Size L,14.74,2,UPS® Ground
Philadelphia,Harpers Ferry,WV,Size L,10.41,1,UPS® Ground
Philadelphia,Haverhill,MA,Size L,10.41,2,UPS® Ground
Philadelphia,Hayward,CA,Size L,18.12,4,UPS® Ground
Philadelphia,Herriman,UT,Size L,18.12,3,UPS® Ground
Philadelphia,Hillsboro,OR,Size L,18.12,4,UPS® Ground
Philadelphia,Hoboken,NJ,Size L,9.41,1,UPS® Ground
Philadelphia,Huntley,IL,Size L,14.74,2,UPS® Ground
Philadelphia,Hagerstown,MD,Size L,9.41,1,UPS® Ground
Philadelphia,Hamilton,OH,Size L,11.36,2,UPS® Ground
Philadelphia,Harrisburg,PA,Size L,9.41,1,UPS® Ground
Philadelphia,Hendersonville,NC,Size L,11.36,2,UPS® Ground
Philadelphia,Hendersonville,TN,Size L,14.74,2,UPS® Ground
Philadelphia,Holland,MI,Size L,14.74,2,UPS® Ground
Philadelphia,Indian Trail,NC,Size L,11.36,2,UPS® Ground
Philadelphia,Jersey City,NJ,Size L,9.41,1,UPS® Ground
Philadelphia,Johnstown,PA,Size L,10.41,1,UPS® Ground
Philadelphia,Kalamazoo,MI,Size L,11.36,2,UPS® Ground
Philadelphia,Keatchie,LA,Size L,16.04,3,UPS® Ground
Philadelphia,Kennewick,WA,Size L,18.12,4,UPS® Ground
Philadelphia,Kingsport,TN,Size L,11.36,2,UPS® Ground
Philadelphia,Lake Elsinore,CA,Size L,18.12,4,UPS® Ground
Philadelphia,Lebanon,OH,Size L,11.36,2,UPS® Ground
Philadelphia,Little Rock,AR,Size L,16.04,3,UPS® Ground
Philadelphia,Livonia,MI,Size L,11.36,2,UPS® Ground
Philadelphia,Los Alamos,NM,Size L,17.1,4,UPS® Ground
Philadelphia,Loveland,CO,Size L,17.1,3,UPS® Ground
Philadelphia,La Mesa,CA,Size L,18.12,4,UPS® Ground
Philadelphia,La Quinta,CA,Size L,18.12,4,UPS® Ground
Philadelphia,Lake Oswego,OR,Size L,18.12,4,UPS® Ground
Philadelphia,Lake Saint Louis,MO,Size L,14.74,2,UPS® Ground
Philadelphia,Lake in the Hills,IL,Size L,14.74,2,UPS® Ground
Philadelphia,Lakeway,TX,Size L,17.1,3,UPS® Ground
Philadelphia,Lancaster,NY,Size L,10.41,2,UPS® Ground
Philadelphia,Leander,TX,Size L,17.1,3,UPS® Ground
Philadelphia,Lees Summit,MO,Size L,16.04,3,UPS® Ground
Philadelphia,Lenoir,NC,Size L,11.36,2,UPS® Ground
Philadelphia,Lewis Center,OH,Size L,11.36,2,UPS® Ground
Philadelphia,Lexington,IN,Size L,14.74,2,UPS® Ground
Philadelphia,Lodi,CA,Size L,18.12,4,UPS® Ground
Philadelphia,Lynden,WA,Size L,18.12,4,UPS® Ground
Philadelphia,Methuen,MA,Size L,10.41,2,UPS® Ground
Philadelphia,Milford,CT,Size L,10.41,1,UPS® Ground
Philadelphia,Mineola,TX,Size L,16.04,3,UPS® Ground
Philadelphia,Missoula,MT,Size L,18.12,4,UPS® Ground
Philadelphia,Mansfield,OH,Size L,11.36,2,UPS® Ground
Philadelphia,McDonough,GA,Size L,14.74,2,UPS® Ground
Philadelphia,Merritt Island,FL,Size L,14.74,2,UPS® Ground
Philadelphia,Midlothian,VA,Size L,10.41,1,UPS® Ground
Philadelphia,Millington,TN,Size L,14.74,2,UPS® Ground
Philadelphia,Milton,FL,Size L,14.74,2,UPS® Ground
Philadelphia,Moab,UT,Size L,18.12,4,UPS® Ground
Philadelphia,Monroe,NC,Size L,11.36,2,UPS® Ground
Philadelphia,Mooresville,IN,Size L,14.74,2,UPS® Ground
Philadelphia,Morganton,NC,Size L,11.36,2,UPS® Ground
Philadelphia,Murfreesboro,TN,Size L,14.74,2,UPS® Ground
Philadelphia,Newburgh,NY,Size L,9.41,1,UPS® Ground
Philadelphia,Navarre,FL,Size L,14.74,2,UPS® Ground
Philadelphia,New Market,AL,Size L,14.74,2,UPS® Ground
Philadelphia,Newnan,GA,Size L,14.74,2,UPS® Ground
Philadelphia,Norman,OK,Size L,16.04,3,UPS® Ground
Philadelphia,Novi,MI,Size L,11.36,2,UPS® Ground
Philadelphia,Ormond Beach,FL,Size L,14.74,2,UPS® Ground
Philadelphia,Owensboro,KY,Size L,14.74,2,UPS® Ground
Philadelphia,Oconto,WI,Size L,14.74,2,UPS® Ground
Philadelphia,Old Bridge,NJ,Size L,9.41,1,UPS® Ground
Philadelphia,Olympia,WA,Size L,18.12,4,UPS® Ground
Philadelphia,Oregon City,OR,Size L,18.12,4,UPS® Ground
Philadelphia,Oxford,MI,Size L,11.36,2,UPS® Ground
Philadelphia,Peachtree City,GA,Size L,14.74,2,UPS® Ground
Philadelphia,Pleasanton,CA,Size L,18.12,4,UPS® Ground
Philadelphia,Poughkeepsie,NY,Size L,9.41,1,UPS® Ground
Philadelphia,Pagosa Springs,CO,Size L,17.1,4,UPS® Ground
Philadelphia,Pasadena,CA,Size L,18.12,4,UPS® Ground
Philadelphia,Pasadena,TX,Size L,16.04,3,UPS® Ground
Philadelphia,Pasco,WA,Size L,18.12,4,UPS® Ground
Philadelphia,Pawtucket,RI,Size L,10.41,2,UPS® Ground
Philadelphia,Pembroke,MA,Size L,10.41,2,UPS® Ground
Philadelphia,Perrysburg,OH,Size L,11.36,2,UPS® Ground
Philadelphia,Plant City,FL,Size L,14.74,2,UPS® Ground
Philadelphia,Port Orchard,WA,Size L,18.12,4,UPS® Ground
Philadelphia,Prescott Valley,AZ,Size L,18.12,3,UPS® Ground
Philadelphia,Princeton,NJ,Size L,9.41,1,UPS® Ground
Philadelphia,Quincy,MA,Size L,10.41,2,UPS® Ground
Philadelphia,Redwood City,CA,Size L,18.12,4,UPS® Ground
Philadelphia,Rohnert Park,CA,Size L,18.12,4,UPS® Ground
Philadelphia,Rigby,ID,Size L,18.12,5,UPS® Ground
Philadelphia,Ripon,WI,Size L,14.74,2,UPS® Ground
Philadelphia,Rogers,AR,Size L,16.04,3,UPS® Ground
Philadelphia,Rowlett,TX,Size L,16.04,3,UPS® Ground
Philadelphia,Rydal,PA,Size L,9.41,1,UPS® Ground
Philadelphia,Shepherdsville,KY,Size L,14.74,2,UPS® Ground
Philadelphia,Shreveport,LA,Size L,16.04,3,UPS® Ground
Philadelphia,Stamford,CT,Size L,9.41,1,UPS® Ground
Philadelphia,Salt Lake City,UT,Size L,18.12,3,UPS® Ground
Philadelphia,Sanford,NC,Size L,11.36,2,UPS® Ground
Philadelphia,Santa Ana,CA,Size L,18.12,4,UPS® Ground
Philadelphia,Santa Cruz,CA,Size L,18.12,4,UPS® Ground
Philadelphia,Santa Fe,NM,Size L,17.1,4,UPS® Ground
Philadelphia,Sarver,PA,Size L,10.41,1,UPS® Ground
Philadelphia,Schenectady,NY,Size L,10.41,1,UPS® Ground
Philadelphia,Sierra Vista,AZ,Size L,18.12,3,UPS® Ground
Philadelphia,Silver Spring,MD,Size L,9.41,1,UPS® Ground
Philadelphia,South Jordan,UT,Size L,18.12,3,UPS® Ground
Philadelphia,Springfield,MO,Size L,14.74,3,UPS® Ground
Philadelphia,Summerville,SC,Size L,11.36,2,UPS® Ground
Philadelphia,Sumter,SC,Size L,11.36,2,UPS® Ground
Philadelphia,Sun City,AZ,Size L,18.12,3,UPS® Ground
Philadelphia,Syosset,NY,Size L,10.41,1,UPS® Ground
Philadelphia,Taunton,MA,Size L,10.41,2,UPS® Ground
Philadelphia,Texarkana,TX,Size L,16.04,3,UPS® Ground
Philadelphia,Toledo,OH,Size L,11.36,2,UPS® Ground
Philadelphia,Urbana,OH,Size L,11.36,2,UPS® Ground
Philadelphia,Valparaiso,IN,Size L,14.74,2,UPS® Ground
Philadelphia,Waco,TX,Size L,16.04,3,UPS® Ground
Philadelphia,West Lafayette,IN,Size L,14.74,2,UPS® Ground
Philadelphia,Winter Garden,FL,Size L,14.74,2,UPS® Ground
Philadelphia,Winter Haven,FL,Size L,14.74,2,UPS® Ground
Philadelphia,Wylie,TX,Size L,16.04,3,UPS® Ground
Philadelphia,Waldorf,MD,Size L,9.41,1,UPS® Ground
Philadelphia,Wesley Chapel,FL,Size L,14.74,2,UPS® Ground
Philadelphia,West Palm Beach,FL,Size L,16.04,2,UPS® Ground
Philadelphia,Williamsburg,VA,Size L,10.41,1,UPS® Ground
Philadelphia,Woodbridge,VA,Size L,9.41,1,UPS® Ground
Philadelphia,Woodside,CA,Size L,18.12,4,UPS® Ground
Philadelphia,Yorba Linda,CA,Size L,18.12,4,UPS® Ground
Philadelphia,Queens Village,NY,Size L,10.41,1,UPS® Ground
Dallas,Antioch,IL,Size L,14.74,2,UPS® Ground
Dallas,Algonquin,IL,Size L,14.74,2,UPS® Ground
Dallas,Allen,TX,Size L,9.41,1,UPS® Ground
Dallas,Ames,IA,Size L,14.74,2,UPS® Ground
Dallas,Anaheim,CA,Size L,16.04,3,UPS® Ground
Dallas,Aptos,CA,Size L,17.1,3,UPS® Ground
Dallas,Astoria,NY,Size L,16.04,3,UPS® Ground
Dallas,Bloomington,IN,Size L,14.74,3,UPS® Ground
Dallas,Bremerton,WA,Size L,17.1,4,UPS® Ground
Dallas,Brunswick,OH,Size L,14.74,3,UPS® Ground
Dallas,Burke,VA,Size L,16.04,3,UPS® Ground
Dallas,Bedford,IN,Size L,14.74,3,UPS® Ground
Dallas,Benton,LA,Size L,10.41,1,UPS® Ground
Dallas,Billings,MT,Size L,16.04,3,UPS® Ground
Dallas,Birdsboro,PA,Size L,16.04,3,UPS® Ground
Dallas,Bothell,WA,Size L,17.1,4,UPS® Ground
Dallas,Bowie,MD,Size L,16.04,3,UPS® Ground
Dallas,Brentwood,TN,Size L,14.74,2,UPS® Ground
Dallas,Bronx,NY,Size L,16.04,3,UPS® Ground
Dallas,Brookfield,WI,Size L,14.74,3,UPS® Ground
Dallas,Canton,OH,Size L,16.04,3,UPS® Ground
Dallas,Celina,TX,Size L,9.41,1,UPS® Ground
Dallas,Chapel Hill,NC,Size L,16.04,3,UPS® Ground
Dallas,Claremore,OK,Size L,10.41,1,UPS® Ground
Dallas,Clovis,CA,Size L,16.04,3,UPS® Ground
Dallas,Cocoa,FL,Size L,16.04,3,UPS® Ground
Dallas,Callahan,FL,Size L,14.74,2,UPS® Ground
Dallas,Carmel,IN,Size L,14.74,3,UPS® Ground
Dallas,Cedar Park,TX,Size L,10.41,1,UPS® Ground
Dallas,Centennial,CO,Size L,14.74,2,UPS® Ground
Dallas,Centerville,MA,Size L,17.1,3,UPS® Ground
Dallas,Charleston,SC,Size L,14.74,2,UPS® Ground
Dallas,Charlottesville,VA,Size L,16.04,3,UPS® Ground
Dallas,Clarkesville,GA,Size L,14.74,2,UPS® Ground
Dallas,Clayton,NC,Size L,16.04,3,UPS® Ground
Dallas,Clifton,NJ,Size L,16.04,3,UPS® Ground
Dallas,Collinsville,OK,Size L,10.41,1,UPS® Ground
Dallas,Columbia,TN,Size L,11.36,2,UPS® Ground
Dallas,Concord,NC,Size L,14.74,3,UPS® Ground
Dallas,Cookeville,TN,Size L,14.74,2,UPS® Ground
Dallas,Corpus Christi,TX,Size L,11.36,2,UPS® Ground
Dallas,Corrales,NM,Size L,14.74,2,UPS® Ground
Dallas,Corydon,IN,Size L,14.74,3,UPS® Ground
Dallas,Cranston,RI,Size L,17.1,3,UPS® Ground
Dallas,Dekalb,IL,Size L,14.74,2,UPS® Ground
Dallas,Delaware,OH,Size L,14.74,3,UPS® Ground
Dallas,Delmar,NY,Size L,17.1,4,UPS® Ground
Dallas,Des Moines,IA,Size L,14.74,2,UPS® Ground
Dallas,Dickson,TN,Size L,14.74,2,UPS® Ground
Dallas,Downers Grove,IL,Size L,14.74,2,UPS® Ground
Dallas,Dripping Springs,TX,Size L,10.41,1,UPS® Ground
Dallas,Eustis,FL,Size L,14.74,2,UPS® Ground
Dallas,East Hampton,NY,Size L,17.1,3,UPS® Ground
Dallas,Fenton,MO,Size L,11.36,2,UPS® Ground
Dallas,Fayetteville,AR,Size L,11.36,2,UPS® Ground
Dallas,Flower Mound,TX,Size L,9.41,1,UPS® Ground
Dallas,Franklin,OH,Size L,14.74,3,UPS® Ground
Dallas,Friendswood,TX,Size L,10.41,1,UPS® Ground
Dallas,Gainesville,FL,Size L,14.74,2,UPS® Ground
Dallas,Gainesville,GA,Size L,14.74,2,UPS® Ground
Dallas,Glendale,CA,Size L,16.04,3,UPS® Ground
Dallas,Greenville,SC,Size L,14.74,2,UPS® Ground
Dallas,Greenville,MI,Size L,14.74,3,UPS® Ground
Dallas,Gaithersburg,MD,Size L,16.04,3,UPS® Ground
Dallas,Garner,NC,Size L,16.04,3,UPS® Ground
Dallas,Gastonia,NC,Size L,14.74,3,UPS® Ground
Dallas,Granada Hills,CA,Size L,16.04,3,UPS® Ground
Dallas,Granbury,TX,Size L,9.41,1,UPS® Ground
Dallas,Griffin,GA,Size L,14.74,2,UPS® Ground
Dallas,Harpers Ferry,WV,Size L,16.04,3,UPS® Ground
Dallas,Haverhill,MA,Size L,17.1,3,UPS® Ground
Dallas,Hayward,CA,Size L,17.1,3,UPS® Ground
Dallas,Herriman,UT,Size L,16.04,3,UPS® Ground
Dallas,Hillsboro,OR,Size L,17.1,4,UPS® Ground
Dallas,Hoboken,NJ,Size L,16.04,3,UPS® Ground
Dallas,Huntley,IL,Size L,14.74,2,UPS® Ground
Dallas,Hagerstown,MD,Size L,16.04,3,UPS® Ground
Dallas,Hamilton,OH,Size L,14.74,3,UPS® Ground
Dallas,Harrisburg,PA,Size L,16.04,3,UPS® Ground
Dallas,Hendersonville,NC,Size L,14.74,3,UPS® Ground
Dallas,Hendersonville,TN,Size L,14.74,2,UPS® Ground
Dallas,Holland,MI,Size L,14.74,3,UPS® Ground
Dallas,Indian Trail,NC,Size L,14.74,3,UPS® Ground
Dallas,Jersey City,NJ,Size L,16.04,3,UPS® Ground
Dallas,Johnstown,PA,Size L,16.04,3,UPS® Ground
Dallas,Kalamazoo,MI,Size L,14.74,3,UPS® Ground
Dallas,Keatchie,LA,Size L,10.41,1,UPS® Ground
Dallas,Kennewick,WA,Size L,17.1,4,UPS® Ground
Dallas,Kingsport,TN,Size L,14.74,2,UPS® Ground
Dallas,Lake Elsinore,CA,Size L,16.04,3,UPS® Ground
Dallas,Lebanon,OH,Size L,14.74,3,UPS® Ground
Dallas,Little Rock,AR,Size L,11.36,1,UPS® Ground
Dallas,Livonia,MI,Size L,14.74,3,UPS® Ground
Dallas,Los Alamos,NM,Size L,14.74,2,UPS® Ground
Dallas,Loveland,CO,Size L,14.74,2,UPS® Ground
Dallas,La Mesa,CA,Size L,16.04,3,UPS® Ground
Dallas,La Quinta,CA,Size L,16.04,3,UPS® Ground
Dallas,Lake Oswego,OR,Size L,17.1,4,UPS® Ground
Dallas,Lake Saint Louis,MO,Size L,11.36,2,UPS® Ground
Dallas,Lake in the Hills,IL,Size L,14.74,2,UPS® Ground
Dallas,Lakeway,TX,Size L,10.41,1,UPS® Ground
Dallas,Lancaster,NY,Size L,16.04,4,UPS® Ground
Dallas,Leander,TX,Size L,10.41,1,UPS® Ground
Dallas,Lees Summit,MO,Size L,11.36,2,UPS® Ground
Dallas,Lenoir,NC,Size L,14.74,3,UPS® Ground
Dallas,Lewis Center,OH,Size L,14.74,3,UPS® Ground
Dallas,Lexington,IN,Size L,14.74,3,UPS® Ground
Dallas,Lodi,CA,Size L,16.04,3,UPS® Ground
Dallas,Lynden,WA,Size L,17.1,4,UPS® Ground
Dallas,Methuen,MA,Size L,17.1,3,UPS® Ground
Dallas,Milford,CT,Size L,17.1,3,UPS® Ground
Dallas,Mineola,TX,Size L,9.41,1,UPS® Ground
Dallas,Missoula,MT,Size L,16.04,3,UPS® Ground
Dallas,Mansfield,OH,Size L,14.74,3,UPS® Ground
Dallas,McDonough,GA,Size L,14.74,2,UPS® Ground
Dallas,Merritt Island,FL,Size L,16.04,3,UPS® Ground
Dallas,Midlothian,VA,Size L,16.04,3,UPS® Ground
Dallas,Millington,TN,Size L,11.36,2,UPS® Ground
Dallas,Milton,FL,Size L,14.74,2,UPS® Ground
Dallas,Moab,UT,Size L,14.74,4,UPS® Ground
Dallas,Monroe,NC,Size L,14.74,3,UPS® Ground
Dallas,Mooresville,IN,Size L,14.74,3,UPS® Ground
Dallas,Morganton,NC,Size L,14.74,3,UPS® Ground
Dallas,Murfreesboro,TN,Size L,14.74,2,UPS® Ground
Dallas,Newburgh,NY,Size L,17.1,5,UPS® Ground
Dallas,Navarre,FL,Size L,14.74,2,UPS® Ground
Dallas,New Market,AL,Size L,14.74,2,UPS® Ground
Dallas,Newnan,GA,Size L,14.74,2,UPS® Ground
Dallas,Norman,OK,Size L,10.41,1,UPS® Ground
Dallas,Novi,MI,Size L,14.74,3,UPS® Ground
Dallas,Ormond Beach,FL,Size L,14.74,2,UPS® Ground
Dallas,Owensboro,KY,Size L,14.74,2,UPS® Ground
Dallas,Oconto,WI,Size L,14.74,3,UPS® Ground
Dallas,Old Bridge,NJ,Size L,16.04,3,UPS® Ground
Dallas,Olympia,WA,Size L,17.1,4,UPS® Ground
Dallas,Oregon City,OR,Size L,17.1,4,UPS® Ground
Dallas,Oxford,MI,Size L,14.74,3,UPS® Ground
Dallas,Peachtree City,GA,Size L,14.74,2,UPS® Ground
Dallas,Pleasanton,CA,Size L,17.1,3,UPS® Ground
Dallas,Poughkeepsie,NY,Size L,16.04,5,UPS® Ground
Dallas,Pagosa Springs,CO,Size L,14.74,2,UPS® Ground
Dallas,Pasadena,CA,Size L,16.04,3,UPS® Ground
Dallas,Pasadena,TX,Size L,10.41,1,UPS® Ground
Dallas,Pasco,WA,Size L,17.1,4,UPS® Ground
Dallas,Pawtucket,RI,Size L,17.1,3,UPS® Ground
Dallas,Pembroke,MA,Size L,17.1,3,UPS® Ground
Dallas,Perrysburg,OH,Size L,14.74,3,UPS® Ground
Dallas,Plant City,FL,Size L,14.74,2,UPS® Ground
Dallas,Port Orchard,WA,Size L,17.1,4,UPS® Ground
Dallas,Prescott Valley,AZ,Size L,14.74,3,UPS® Ground
Dallas,Princeton,NJ,Size L,16.04,3,UPS® Ground
Dallas,Quincy,MA,Size L,17.1,3,UPS® Ground
Dallas,Redwood City,CA,Size L,17.1,3,UPS® Ground
Dallas,Rohnert Park,CA,Size L,17.1,3,UPS® Ground
Dallas,Rigby,ID,Size L,16.04,4,UPS® Ground
Dallas,Ripon,WI,Size L,14.74,3,UPS® Ground
Dallas,Rogers,AR,Size L,11.36,2,UPS® Ground
Dallas,Rowlett,TX,Size L,9.41,1,UPS® Ground
Dallas,Rydal,PA,Size L,16.04,3,UPS® Ground
Dallas,Shepherdsville,KY,Size L,14.74,3,UPS® Ground
Dallas,Shreveport,LA,Size L,10.41,1,UPS® Ground
Dallas,Stamford,CT,Size L,17.1,3,UPS® Ground
Dallas,Salt Lake City,UT,Size L,16.04,3,UPS® Ground
Dallas,Sanford,NC,Size L,16.04,3,UPS® Ground
Dallas,Santa Ana,CA,Size L,16.04,3,UPS® Ground
Dallas,Santa Cruz,CA,Size L,17.1,3,UPS® Ground
Dallas,Santa Fe,NM,Size L,14.74,2,UPS® Ground
Dallas,Sarver,PA,Size L,16.04,3,UPS® Ground
Dallas,Schenectady,NY,Size L,17.1,4,UPS® Ground
Dallas,Sierra Vista,AZ,Size L,14.74,3,UPS® Ground
Dallas,Silver Spring,MD,Size L,16.04,3,UPS® Ground
Dallas,South Jordan,UT,Size L,16.04,3,UPS® Ground
Dallas,Springfield,MO,Size L,11.36,2,UPS® Ground
Dallas,Summerville,SC,Size L,14.74,2,UPS® Ground
Dallas,Sumter,SC,Size L,14.74,2,UPS® Ground
Dallas,Sun City,AZ,Size L,16.04,3,UPS® Ground
Dallas,Syosset,NY,Size L,17.1,3,UPS® Ground
Dallas,Taunton,MA,Size L,17.1,3,UPS® Ground
Dallas,Texarkana,TX,Size L,9.41,1,UPS® Ground
Dallas,Toledo,OH,Size L,14.74,3,UPS® Ground
Dallas,Urbana,OH,Size L,14.74,3,UPS® Ground
Dallas,Valparaiso,IN,Size L,14.74,3,UPS® Ground
Dallas,Waco,TX,Size L,9.41,1,UPS® Ground
Dallas,West Lafayette,IN,Size L,14.74,3,UPS® Ground
Dallas,Winter Garden,FL,Size L,14.74,2,UPS® Ground
Dallas,Winter Haven,FL,Size L,14.74,2,UPS® Ground
Dallas,Wylie,TX,Size L,9.41,1,UPS® Ground
Dallas,Waldorf,MD,Size L,16.04,3,UPS® Ground
Dallas,Wesley Chapel,FL,Size L,14.74,2,UPS® Ground
Dallas,West Palm Beach,FL,Size L,16.04,3,UPS® Ground
Dallas,Williamsburg,VA,Size L,16.04,3,UPS® Ground
Dallas,Woodbridge,VA,Size L,16.04,3,UPS® Ground
Dallas,Woodside,CA,Size L,17.1,3,UPS® Ground
Dallas,Yorba Linda,CA,Size L,16.04,3,UPS® Ground
Dallas,Queens Village,NY,Size L,16.04,3,UPS® Ground
Jacksonville,Antioch,IL,Size L,14.74,2,UPS® Ground
Jacksonville,Algonquin,IL,Size L,14.74,2,UPS® Ground
Jacksonville,Allen,TX,Size L,14.74,3,UPS® Ground
Jacksonville,Ames,IA,Size L,16.04,4,UPS® Ground
Jacksonville,Anaheim,CA,Size L,18.12,4,UPS® Ground
Jacksonville,Aptos,CA,Size L,18.12,4,UPS® Ground
Jacksonville,Astoria,NY,Size L,14.74,2,UPS® Ground
Jacksonville,Bloomington,IN,Size L,14.74,3,UPS® Ground
Jacksonville,Bremerton,WA,Size L,18.12,4,UPS® Ground
Jacksonville,Brunswick,OH,Size L,14.74,2,UPS® Ground
Jacksonville,Burke,VA,Size L,14.74,2,UPS® Ground
Jacksonville,Bedford,IN,Size L,14.74,3,UPS® Ground
Jacksonville,Benton,LA,Size L,14.74,2,UPS® Ground
Jacksonville,Billings,MT,Size L,17.1,4,UPS® Ground
Jacksonville,Birdsboro,PA,Size L,14.74,2,UPS® Ground
Jacksonville,Bothell,WA,Size L,18.12,4,UPS® Ground
Jacksonville,Bowie,MD,Size L,14.74,2,UPS® Ground
Jacksonville,Brentwood,TN,Size L,11.36,2,UPS® Ground
Jacksonville,Bronx,NY,Size L,14.74,2,UPS® Ground
Jacksonville,Brookfield,WI,Size L,14.74,3,UPS® Ground
Jacksonville,Canton,OH,Size L,14.74,2,UPS® Ground
Jacksonville,Celina,TX,Size L,14.74,3,UPS® Ground
Jacksonville,Chapel Hill,NC,Size L,11.36,2,UPS® Ground
Jacksonville,Claremore,OK,Size L,14.74,2,UPS® Ground
Jacksonville,Clovis,CA,Size L,18.12,4,UPS® Ground
Jacksonville,Cocoa,FL,Size L,10.41,1,UPS® Ground
Jacksonville,Callahan,FL,Size L,9.41,1,UPS® Ground
Jacksonville,Carmel,IN,Size L,14.74,3,UPS® Ground
Jacksonville,Cedar Park,TX,Size L,14.74,2,UPS® Ground
Jacksonville,Centennial,CO,Size L,17.1,3,UPS® Ground
Jacksonville,Centerville,MA,Size L,16.04,3,UPS® Ground
Jacksonville,Charleston,SC,Size L,10.41,2,UPS® Ground
Jacksonville,Charlottesville,VA,Size L,11.36,2,UPS® Ground
Jacksonville,Clarkesville,GA,Size L,11.36,2,UPS® Ground
Jacksonville,Clayton,NC,Size L,11.36,2,UPS® Ground
Jacksonville,Clifton,NJ,Size L,14.74,2,UPS® Ground
Jacksonville,Collinsville,OK,Size L,14.74,2,UPS® Ground
Jacksonville,Columbia,TN,Size L,11.36,2,UPS® Ground
Jacksonville,Concord,NC,Size L,11.36,2,UPS® Ground
Jacksonville,Cookeville,TN,Size L,11.36,2,UPS® Ground
Jacksonville,Corpus Christi,TX,Size L,14.74,2,UPS® Ground
Jacksonville,Corrales,NM,Size L,17.1,4,UPS® Ground
Jacksonville,Corydon,IN,Size L,14.74,3,UPS® Ground
Jacksonville,Cranston,RI,Size L,14.74,3,UPS® Ground
Jacksonville,Dekalb,IL,Size L,14.74,2,UPS® Ground
Jacksonville,Delaware,OH,Size L,14.74,2,UPS® Ground
Jacksonville,Delmar,NY,Size L,14.74,2,UPS® Ground
Jacksonville,Des Moines,IA,Size L,16.04,4,UPS® Ground
Jacksonville,Dickson,TN,Size L,11.36,2,UPS® Ground
Jacksonville,Downers Grove,IL,Size L,14.74,2,UPS® Ground
Jacksonville,Dripping Springs,TX,Size L,14.74,2,UPS® Ground
Jacksonville,Eustis,FL,Size L,9.41,1,UPS® Ground
Jacksonville,East Hampton,NY,Size L,14.74,2,UPS® Ground
Jacksonville,Fenton,MO,Size L,14.74,2,UPS® Ground
Jacksonville,Fayetteville,AR,Size L,14.74,2,UPS® Ground
Jacksonville,Flower Mound,TX,Size L,14.74,3,UPS® Ground
Jacksonville,Franklin,OH,Size L,14.74,2,UPS® Ground
Jacksonville,Friendswood,TX,Size L,14.74,3,UPS® Ground
Jacksonville,Gainesville,FL,Size L,9.41,1,UPS® Ground
Jacksonville,Gainesville,GA,Size L,11.36,2,UPS® Ground
Jacksonville,Glendale,CA,Size L,18.12,4,UPS® Ground
Jacksonville,Greenville,SC,Size L,11.36,2,UPS® Ground
Jacksonville,Greenville,MI,Size L,14.74,2,UPS® Ground
Jacksonville,Gaithersburg,MD,Size L,14.74,2,UPS® Ground
Jacksonville,Garner,NC,Size L,11.36,2,UPS® Ground
Jacksonville,Gastonia,NC,Size L,11.36,2,UPS® Ground
Jacksonville,Granada Hills,CA,Size L,18.12,4,UPS® Ground
Jacksonville,Granbury,TX,Size L,14.74,3,UPS® Ground
Jacksonville,Griffin,GA,Size L,11.36,2,UPS® Ground
Jacksonville,Harpers Ferry,WV,Size L,14.74,2,UPS® Ground
Jacksonville,Haverhill,MA,Size L,16.04,3,UPS® Ground
Jacksonville,Hayward,CA,Size L,18.12,4,UPS® Ground
Jacksonville,Herriman,UT,Size L,18.12,5,UPS® Ground
Jacksonville,Hillsboro,OR,Size L,18.12,4,UPS® Ground
Jacksonville,Hoboken,NJ,Size L,14.74,2,UPS® Ground
Jacksonville,Huntley,IL,Size L,14.74,2,UPS® Ground
Jacksonville,Hagerstown,MD,Size L,14.74,2,UPS® Ground
Jacksonville,Hamilton,OH,Size L,14.74,2,UPS® Ground
Jacksonville,Harrisburg,PA,Size L,14.74,2,UPS® Ground
Jacksonville,Hendersonville,NC,Size L,11.36,2,UPS® Ground
Jacksonville,Hendersonville,TN,Size L,11.36,2,UPS® Ground
Jacksonville,Holland,MI,Size L,14.74,2,UPS® Ground
Jacksonville,Indian Trail,NC,Size L,11.36,2,UPS® Ground
Jacksonville,Jersey City,NJ,Size L,14.74,2,UPS® Ground
Jacksonville,Johnstown,PA,Size L,14.74,2,UPS® Ground
Jacksonville,Kalamazoo,MI,Size L,14.74,2,UPS® Ground
Jacksonville,Keatchie,LA,Size L,14.74,3,UPS® Ground
Jacksonville,Kennewick,WA,Size L,18.12,4,UPS® Ground
Jacksonville,Kingsport,TN,Size L,11.36,2,UPS® Ground
Jacksonville,Lake Elsinore,CA,Size L,18.12,4,UPS® Ground
Jacksonville,Lebanon,OH,Size L,14.74,2,UPS® Ground
Jacksonville,Little Rock,AR,Size L,14.74,2,UPS® Ground
Jacksonville,Livonia,MI,Size L,14.74,2,UPS® Ground
Jacksonville,Los Alamos,NM,Size L,17.1,4,UPS® Ground
Jacksonville,Loveland,CO,Size L,17.1,3,UPS® Ground
Jacksonville,La Mesa,CA,Size L,18.12,4,UPS® Ground
Jacksonville,La Quinta,CA,Size L,17.1,4,UPS® Ground
Jacksonville,Lake Oswego,OR,Size L,18.12,4,UPS® Ground
Jacksonville,Lake Saint Louis,MO,Size L,14.74,2,UPS® Ground
Jacksonville,Lake in the Hills,IL,Size L,14.74,2,UPS® Ground
Jacksonville,Lakeway,TX,Size L,14.74,2,UPS® Ground
Jacksonville,Lancaster,NY,Size L,14.74,3,UPS® Ground
Jacksonville,Leander,TX,Size L,14.74,2,UPS® Ground
Jacksonville,Lees Summit,MO,Size L,14.74,2,UPS® Ground
Jacksonville,Lenoir,NC,Size L,11.36,2,UPS® Ground
Jacksonville,Lewis Center,OH,Size L,14.74,2,UPS® Ground
Jacksonville,Lexington,IN,Size L,14.74,3,UPS® Ground
Jacksonville,Lodi,CA,Size L,18.12,4,UPS® Ground
Jacksonville,Lynden,WA,Size L,18.12,4,UPS® Ground
Jacksonville,Methuen,MA,Size L,16.04,3,UPS® Ground
Jacksonville,Milford,CT,Size L,14.74,3,UPS® Ground
Jacksonville,Mineola,TX,Size L,14.74,3,UPS® Ground
Jacksonville,Missoula,MT,Size L,18.12,4,UPS® Ground
Jacksonville,Mansfield,OH,Size L,14.74,2,UPS® Ground
Jacksonville,McDonough,GA,Size L,11.36,2,UPS® Ground
Jacksonville,Merritt Island,FL,Size L,10.41,1,UPS® Ground
Jacksonville,Midlothian,VA,Size L,11.36,2,UPS® Ground
Jacksonville,Millington,TN,Size L,11.36,2,UPS® Ground
Jacksonville,Milton,FL,Size L,11.36,1,UPS® Ground
Jacksonville,Moab,UT,Size L,17.1,6,UPS® Ground
Jacksonville,Monroe,NC,Size L,11.36,2,UPS® Ground
Jacksonville,Mooresville,IN,Size L,14.74,3,UPS® Ground
Jacksonville,Morganton,NC,Size L,11.36,2,UPS® Ground
Jacksonville,Murfreesboro,TN,Size L,11.36,2,UPS® Ground
Jacksonville,Newburgh,NY,Size L,14.74,2,UPS® Ground
Jacksonville,Navarre,FL,Size L,11.36,1,UPS® Ground
Jacksonville,New Market,AL,Size L,11.36,2,UPS® Ground
Jacksonville,Newnan,GA,Size L,11.36,2,UPS® Ground
Jacksonville,Norman,OK,Size L,14.74,2,UPS® Ground
Jacksonville,Novi,MI,Size L,14.74,2,UPS® Ground
Jacksonville,Ormond Beach,FL,Size L,9.41,1,UPS® Ground
Jacksonville,Owensboro,KY,Size L,11.36,2,UPS® Ground
Jacksonville,Oconto,WI,Size L,14.74,3,UPS® Ground
Jacksonville,Old Bridge,NJ,Size L,14.74,2,UPS® Ground
Jacksonville,Olympia,WA,Size L,18.12,4,UPS® Ground
Jacksonville,Oregon City,OR,Size L,18.12,4,UPS® Ground
Jacksonville,Oxford,MI,Size L,14.74,2,UPS® Ground
Jacksonville,Peachtree City,GA,Size L,11.36,2,UPS® Ground
Jacksonville,Pleasanton,CA,Size L,18.12,4,UPS® Ground
Jacksonville,Poughkeepsie,NY,Size L,14.74,2,UPS® Ground
Jacksonville,Pagosa Springs,CO,Size L,17.1,4,UPS® Ground
Jacksonville,Pasadena,CA,Size L,18.12,4,UPS® Ground
Jacksonville,Pasadena,TX,Size L,14.74,3,UPS® Ground
Jacksonville,Pasco,WA,Size L,18.12,4,UPS® Ground
Jacksonville,Pawtucket,RI,Size L,14.74,3,UPS® Ground
Jacksonville,Pembroke,MA,Size L,16.04,3,UPS® Ground
Jacksonville,Perrysburg,OH,Size L,14.74,2,UPS® Ground
Jacksonville,Plant City,FL,Size L,10.41,1,UPS® Ground
Jacksonville,Port Orchard,WA,Size L,18.12,4,UPS® Ground
Jacksonville,Prescott Valley,AZ,Size L,17.1,3,UPS® Ground
Jacksonville,Princeton,NJ,Size L,14.74,2,UPS® Ground
Jacksonville,Quincy,MA,Size L,16.04,3,UPS® Ground
Jacksonville,Redwood City,CA,Size L,18.12,4,UPS® Ground
Jacksonville,Rohnert Park,CA,Size L,18.12,4,UPS® Ground
Jacksonville,Rigby,ID,Size L,18.12,6,UPS® Ground
Jacksonville,Ripon,WI,Size L,14.74,3,UPS® Ground
Jacksonville,Rogers,AR,Size L,14.74,2,UPS® Ground
Jacksonville,Rowlett,TX,Size L,14.74,3,UPS® Ground
Jacksonville,Rydal,PA,Size L,14.74,2,UPS® Ground
Jacksonville,Shepherdsville,KY,Size L,14.74,2,UPS® Ground
Jacksonville,Shreveport,LA,Size L,14.74,2,UPS® Ground
Jacksonville,Stamford,CT,Size L,14.74,3,UPS® Ground
Jacksonville,Salt Lake City,UT,Size L,18.12,5,UPS® Ground
Jacksonville,Sanford,NC,Size L,11.36,2,UPS® Ground
Jacksonville,Santa Ana,CA,Size L,18.12,4,UPS® Ground
Jacksonville,Santa Cruz,CA,Size L,18.12,4,UPS® Ground
Jacksonville,Santa Fe,NM,Size L,17.1,4,UPS® Ground
Jacksonville,Sarver,PA,Size L,14.74,2,UPS® Ground
Jacksonville,Schenectady,NY,Size L,14.74,2,UPS® Ground
Jacksonville,Sierra Vista,AZ,Size L,17.1,3,UPS® Ground
Jacksonville,Silver Spring,MD,Size L,14.74,2,UPS® Ground
Jacksonville,South Jordan,UT,Size L,18.12,5,UPS® Ground
Jacksonville,Springfield,MO,Size L,14.74,2,UPS® Ground
Jacksonville,Summerville,SC,Size L,10.41,2,UPS® Ground
Jacksonville,Sumter,SC,Size L,10.41,2,UPS® Ground
Jacksonville,Sun City,AZ,Size L,18.12,3,UPS® Ground
Jacksonville,Syosset,NY,Size L,14.74,2,UPS® Ground
Jacksonville,Taunton,MA,Size L,14.74,3,UPS® Ground
Jacksonville,Texarkana,TX,Size L,14.74,3,UPS® Ground
Jacksonville,Toledo,OH,Size L,14.74,2,UPS® Ground
Jacksonville,Urbana,OH,Size L,14.74,2,UPS® Ground
Jacksonville,Valparaiso,IN,Size L,14.74,3,UPS® Ground
Jacksonville,Waco,TX,Size L,14.74,3,UPS® Ground
Jacksonville,West Lafayette,IN,Size L,14.74,3,UPS® Ground
Jacksonville,Winter Garden,FL,Size L,10.41,1,UPS® Ground
Jacksonville,Winter Haven,FL,Size L,10.41,1,UPS® Ground
Jacksonville,Wylie,TX,Size L,14.74,3,UPS® Ground
Jacksonville,Waldorf,MD,Size L,14.74,2,UPS® Ground
Jacksonville,Wesley Chapel,FL,Size L,10.41,1,UPS® Ground
Jacksonville,West Palm Beach,FL,Size L,11.36,1,UPS® Ground
Jacksonville,Williamsburg,VA,Size L,11.36,2,UPS® Ground
Jacksonville,Woodbridge,VA,Size L,14.74,2,UPS® Ground
Jacksonville,Woodside,CA,Size L,18.12,4,UPS® Ground
Jacksonville,Yorba Linda,CA,Size L,18.12,4,UPS® Ground
Jacksonville,Queens Village,NY,Size L,14.74,2,UPS® Ground
Chicago,Antioch,IL,Size L,9.41,1,UPS® Ground
Chicago,Algonquin,IL,Size L,9.41,1,UPS® Ground
Chicago,Allen,TX,Size L,14.74,2,UPS® Ground
Chicago,Ames,IA,Size L,11.36,2,UPS® Ground
Chicago,Anaheim,CA,Size L,17.1,3,UPS® Ground
Chicago,Aptos,CA,Size L,18.12,4,UPS® Ground
Chicago,Astoria,NY,Size L,14.74,2,UPS® Ground
Chicago,Bloomington,IN,Size L,10.41,2,UPS® Ground
Chicago,Bremerton,WA,Size L,17.1,4,UPS® Ground
Chicago,Brunswick,OH,Size L,11.36,2,UPS® Ground
Chicago,Burke,VA,Size L,11.36,3,UPS® Ground
Chicago,Bedford,IN,Size L,10.41,2,UPS® Ground
Chicago,Benton,LA,Size L,14.74,3,UPS® Ground
Chicago,Billings,MT,Size L,16.04,4,UPS® Ground
Chicago,Birdsboro,PA,Size L,14.74,2,UPS® Ground
Chicago,Bothell,WA,Size L,17.1,4,UPS® Ground
Chicago,Bowie,MD,Size L,14.74,2,UPS® Ground
Chicago,Brentwood,TN,Size L,11.36,2,UPS® Ground
Chicago,Bronx,NY,Size L,14.74,2,UPS® Ground
Chicago,Brookfield,WI,Size L,9.41,1,UPS® Ground
Chicago,Canton,OH,Size L,11.36,2,UPS® Ground
Chicago,Celina,TX,Size L,14.74,2,UPS® Ground
Chicago,Chapel Hill,NC,Size L,14.74,2,UPS® Ground
Chicago,Claremore,OK,Size L,11.36,2,UPS® Ground
Chicago,Clovis,CA,Size L,17.1,4,UPS® Ground
Chicago,Cocoa,FL,Size L,16.04,2,UPS® Ground
Chicago,Callahan,FL,Size L,14.74,2,UPS® Ground
Chicago,Carmel,IN,Size L,10.41,1,UPS® Ground
Chicago,Cedar Park,TX,Size L,14.74,2,UPS® Ground
Chicago,Centennial,CO,Size L,14.74,2,UPS® Ground
Chicago,Centerville,MA,Size L,14.74,3,UPS® Ground
Chicago,Charleston,SC,Size L,14.74,3,UPS® Ground
Chicago,Charlottesville,VA,Size L,11.36,3,UPS® Ground
Chicago,Clarkesville,GA,Size L,11.36,2,UPS® Ground
Chicago,Clayton,NC,Size L,14.74,2,UPS® Ground
Chicago,Clifton,NJ,Size L,14.74,2,UPS® Ground
Chicago,Collinsville,OK,Size L,11.36,2,UPS® Ground
Chicago,Columbia,TN,Size L,11.36,2,UPS® Ground
Chicago,Concord,NC,Size L,11.36,2,UPS® Ground
Chicago,Cookeville,TN,Size L,11.36,2,UPS® Ground
Chicago,Corpus Christi,TX,Size L,16.04,3,UPS® Ground
Chicago,Corrales,NM,Size L,16.04,4,UPS® Ground
Chicago,Corydon,IN,Size L,10.41,2,UPS® Ground
Chicago,Cranston,RI,Size L,14.74,3,UPS® Ground
Chicago,Dekalb,IL,Size L,9.41,1,UPS® Ground
Chicago,Delaware,OH,Size L,11.36,2,UPS® Ground
Chicago,Delmar,NY,Size L,14.74,2,UPS® Ground
Chicago,Des Moines,IA,Size L,11.36,1,UPS® Ground
Chicago,Dickson,TN,Size L,11.36,2,UPS® Ground
Chicago,Downers Grove,IL,Size L,9.41,1,UPS® Ground
Chicago,Dripping Springs,TX,Size L,14.74,2,UPS® Ground
Chicago,Eustis,FL,Size L,16.04,2,UPS® Ground
Chicago,East Hampton,NY,Size L,14.74,2,UPS® Ground
Chicago,Fenton,MO,Size L,11.36,1,UPS® Ground
Chicago,Fayetteville,AR,Size L,11.36,2,UPS® Ground
Chicago,Flower Mound,TX,Size L,14.74,2,UPS® Ground
Chicago,Franklin,OH,Size L,11.36,2,UPS® Ground
Chicago,Friendswood,TX,Size L,14.74,3,UPS® Ground
Chicago,Gainesville,FL,Size L,14.74,2,UPS® Ground
Chicago,Gainesville,GA,Size L,11.36,2,UPS® Ground
Chicago,Glendale,CA,Size L,17.1,3,UPS® Ground
Chicago,Greenville,SC,Size L,11.36,2,UPS® Ground
Chicago,Greenville,MI,Size L,10.41,1,UPS® Ground
Chicago,Gaithersburg,MD,Size L,11.36,2,UPS® Ground
Chicago,Garner,NC,Size L,14.74,2,UPS® Ground
Chicago,Gastonia,NC,Size L,11.36,2,UPS® Ground
Chicago,Granada Hills,CA,Size L,17.1,3,UPS® Ground
Chicago,Granbury,TX,Size L,14.74,2,UPS® Ground
Chicago,Griffin,GA,Size L,14.74,2,UPS® Ground
Chicago,Harpers Ferry,WV,Size L,11.36,2,UPS® Ground
Chicago,Haverhill,MA,Size L,14.74,3,UPS® Ground
Chicago,Hayward,CA,Size L,18.12,4,UPS® Ground
Chicago,Herriman,UT,Size L,16.04,3,UPS® Ground
Chicago,Hillsboro,OR,Size L,17.1,4,UPS® Ground
Chicago,Hoboken,NJ,Size L,14.74,2,UPS® Ground
Chicago,Huntley,IL,Size L,9.41,1,UPS® Ground
Chicago,Hagerstown,MD,Size L,11.36,2,UPS® Ground
Chicago,Hamilton,OH,Size L,11.36,2,UPS® Ground
Chicago,Harrisburg,PA,Size L,11.36,2,UPS® Ground
Chicago,Hendersonville,NC,Size L,11.36,2,UPS® Ground
Chicago,Hendersonville,TN,Size L,11.36,2,UPS® Ground
Chicago,Holland,MI,Size L,9.41,1,UPS® Ground
Chicago,Indian Trail,NC,Size L,11.36,2,UPS® Ground
Chicago,Jersey City,NJ,Size L,14.74,2,UPS® Ground
Chicago,Johnstown,PA,Size L,11.36,2,UPS® Ground
Chicago,Kalamazoo,MI,Size L,9.41,1,UPS® Ground
Chicago,Keatchie,LA,Size L,14.74,3,UPS® Ground
Chicago,Kennewick,WA,Size L,17.1,4,UPS® Ground
Chicago,Kingsport,TN,Size L,11.36,2,UPS® Ground
Chicago,Lake Elsinore,CA,Size L,17.1,3,UPS® Ground
Chicago,Lebanon,OH,Size L,11.36,2,UPS® Ground
Chicago,Little Rock,AR,Size L,11.36,2,UPS® Ground
Chicago,Livonia,MI,Size L,10.41,1,UPS® Ground
Chicago,Los Alamos,NM,Size L,16.04,4,UPS® Ground
Chicago,Loveland,CO,Size L,14.74,3,UPS® Ground
Chicago,La Mesa,CA,Size L,17.1,3,UPS® Ground
Chicago,La Quinta,CA,Size L,17.1,4,UPS® Ground
Chicago,Lake Oswego,OR,Size L,17.1,3,UPS® Ground
Chicago,Lake Saint Louis,MO,Size L,11.36,1,UPS® Ground
Chicago,Lake in the Hills,IL,Size L,9.41,1,UPS® Ground
Chicago,Lakeway,TX,Size L,14.74,2,UPS® Ground
Chicago,Lancaster,NY,Size L,11.36,2,UPS® Ground
Chicago,Leander,TX,Size L,14.74,2,UPS® Ground
Chicago,Lees Summit,MO,Size L,11.36,2,UPS® Ground
Chicago,Lenoir,NC,Size L,11.36,2,UPS® Ground
Chicago,Lewis Center,OH,Size L,11.36,2,UPS® Ground
Chicago,Lexington,IN,Size L,10.41,2,UPS® Ground
Chicago,Lodi,CA,Size L,17.1,4,UPS® Ground
Chicago,Lynden,WA,Size L,17.1,4,UPS® Ground
Chicago,Methuen,MA,Size L,14.74,3,UPS® Ground
Chicago,Milford,CT,Size L,14.74,2,UPS® Ground
Chicago,Mineola,TX,Size L,14.74,2,UPS® Ground
Chicago,Missoula,MT,Size L,16.04,4,UPS® Ground
Chicago,Mansfield,OH,Size L,10.41,2,UPS® Ground
Chicago,McDonough,GA,Size L,14.74,2,UPS® Ground
Chicago,Merritt Island,FL,Size L,16.04,2,UPS® Ground
Chicago,Midlothian,VA,Size L,14.74,3,UPS® Ground
Chicago,Millington,TN,Size L,11.36,2,UPS® Ground
Chicago,Milton,FL,Size L,14.74,2,UPS® Ground
Chicago,Moab,UT,Size L,16.04,4,UPS® Ground
Chicago,Monroe,NC,Size L,14.74,2,UPS® Ground
Chicago,Mooresville,IN,Size L,10.41,1,UPS® Ground
Chicago,Morganton,NC,Size L,11.36,2,UPS® Ground
Chicago,Murfreesboro,TN,Size L,11.36,2,UPS® Ground
Chicago,Newburgh,NY,Size L,14.74,3,UPS® Ground
Chicago,Navarre,FL,Size L,14.74,2,UPS® Ground
Chicago,New Market,AL,Size L,11.36,2,UPS® Ground
Chicago,Newnan,GA,Size L,14.74,2,UPS® Ground
Chicago,Norman,OK,Size L,14.74,2,UPS® Ground
Chicago,Novi,MI,Size L,10.41,1,UPS® Ground
Chicago,Ormond Beach,FL,Size L,14.74,2,UPS® Ground
Chicago,Owensboro,KY,Size L,10.41,2,UPS® Ground
Chicago,Oconto,WI,Size L,10.41,1,UPS® Ground
Chicago,Old Bridge,NJ,Size L,14.74,2,UPS® Ground
Chicago,Olympia,WA,Size L,17.1,4,UPS® Ground
Chicago,Oregon City,OR,Size L,17.1,3,UPS® Ground
Chicago,Oxford,MI,Size L,10.41,2,UPS® Ground
Chicago,Peachtree City,GA,Size L,14.74,2,UPS® Ground
Chicago,Pleasanton,CA,Size L,18.12,4,UPS® Ground
Chicago,Poughkeepsie,NY,Size L,14.74,3,UPS® Ground
Chicago,Pagosa Springs,CO,Size L,14.74,4,UPS® Ground
Chicago,Pasadena,CA,Size L,17.1,3,UPS® Ground
Chicago,Pasadena,TX,Size L,14.74,3,UPS® Ground
Chicago,Pasco,WA,Size L,17.1,4,UPS® Ground
Chicago,Pawtucket,RI,Size L,14.74,3,UPS® Ground
Chicago,Pembroke,MA,Size L,14.74,3,UPS® Ground
Chicago,Perrysburg,OH,Size L,10.41,1,UPS® Ground
Chicago,Plant City,FL,Size L,14.74,2,UPS® Ground
Chicago,Port Orchard,WA,Size L,17.1,4,UPS® Ground
Chicago,Prescott Valley,AZ,Size L,16.04,3,UPS® Ground
Chicago,Princeton,NJ,Size L,14.74,2,UPS® Ground
Chicago,Quincy,MA,Size L,14.74,3,UPS® Ground
Chicago,Redwood City,CA,Size L,18.12,4,UPS® Ground
Chicago,Rohnert Park,CA,Size L,18.12,4,UPS® Ground
Chicago,Rigby,ID,Size L,16.04,5,UPS® Ground
Chicago,Ripon,WI,Size L,10.41,1,UPS® Ground
Chicago,Rogers,AR,Size L,11.36,2,UPS® Ground
Chicago,Rowlett,TX,Size L,14.74,2,UPS® Ground
Chicago,Rydal,PA,Size L,14.74,2,UPS® Ground
Chicago,Shepherdsville,KY,Size L,10.41,2,UPS® Ground
Chicago,Shreveport,LA,Size L,14.74,3,UPS® Ground
Chicago,Stamford,CT,Size L,14.74,2,UPS® Ground
Chicago,Salt Lake City,UT,Size L,16.04,3,UPS® Ground
Chicago,Sanford,NC,Size L,14.74,2,UPS® Ground
Chicago,Santa Ana,CA,Size L,17.1,3,UPS® Ground
Chicago,Santa Cruz,CA,Size L,18.12,4,UPS® Ground
Chicago,Santa Fe,NM,Size L,16.04,4,UPS® Ground
Chicago,Sarver,PA,Size L,11.36,2,UPS® Ground
Chicago,Schenectady,NY,Size L,14.74,2,UPS® Ground
Chicago,Sierra Vista,AZ,Size L,17.1,3,UPS® Ground
Chicago,Silver Spring,MD,Size L,,,
Chicago,South Jordan,UT,Size L,16.04,3,UPS® Ground
Chicago,Springfield,MO,Size L,11.36,2,UPS® Ground
Chicago,Summerville,SC,Size L,14.74,3,UPS® Ground
Chicago,Sumter,SC,Size L,14.74,2,UPS® Ground
Chicago,Sun City,AZ,Size L,17.1,3,UPS® Ground
Chicago,Syosset,NY,Size L,14.74,2,UPS® Ground
Chicago,Taunton,MA,Size L,14.74,3,UPS® Ground
Chicago,Texarkana,TX,Size L,14.74,2,UPS® Ground
Chicago,Toledo,OH,Size L,10.41,1,UPS® Ground
Chicago,Urbana,OH,Size L,11.36,2,UPS® Ground
Chicago,Valparaiso,IN,Size L,9.41,1,UPS® Ground
Chicago,Waco,TX,Size L,14.74,2,UPS® Ground
Chicago,West Lafayette,IN,Size L,9.41,1,UPS® Ground
Chicago,Winter Garden,FL,Size L,16.04,2,UPS® Ground
Chicago,Winter Haven,FL,Size L,16.04,2,UPS® Ground
Chicago,Wylie,TX,Size L,14.74,2,UPS® Ground
Chicago,Waldorf,MD,Size L,14.74,2,UPS® Ground
Chicago,Wesley Chapel,FL,Size L,14.74,2,UPS® Ground
Chicago,West Palm Beach,FL,Size L,16.04,3,UPS® Ground
Chicago,Williamsburg,VA,Size L,14.74,3,UPS® Ground
Chicago,Woodbridge,VA,Size L,11.36,3,UPS® Ground
Chicago,Woodside,CA,Size L,18.12,4,UPS® Ground
Chicago,Yorba Linda,CA,Size L,17.1,3,UPS® Ground
Chicago,Queens Village,NY,Size L,14.74,2,UPS® Ground
Denver,Antioch,IL,Size L,14.74,2,UPS® Ground
Denver,Algonquin,IL,Size L,14.74,2,UPS® Ground
Denver,Allen,TX,Size L,14.74,2,UPS® Ground
Denver,Ames,IA,Size L,11.36,2,UPS® Ground
Denver,Anaheim,CA,Size L,14.74,2,UPS® Ground
Denver,Aptos,CA,Size L,14.74,2,UPS® Ground
Denver,Astoria,NY,Size L,17.1,3,UPS® Ground
Denver,Bloomington,IN,Size L,14.74,3,UPS® Ground
Denver,Bremerton,WA,Size L,16.04,3,UPS® Ground
Denver,Brunswick,OH,Size L,16.04,3,UPS® Ground
Denver,Burke,VA,Size L,17.1,3,UPS® Ground
Denver,Bedford,IN,Size L,14.74,3,UPS® Ground
Denver,Benton,LA,Size L,14.74,2,UPS® Ground
Denver,Billings,MT,Size L,11.36,2,UPS® Ground
Denver,Birdsboro,PA,Size L,17.1,3,UPS® Ground
Denver,Bothell,WA,Size L,14.74,3,UPS® Ground
Denver,Bowie,MD,Size L,17.1,3,UPS® Ground
Denver,Brentwood,TN,Size L,16.04,3,UPS® Ground
Denver,Bronx,NY,Size L,17.1,3,UPS® Ground
Denver,Brookfield,WI,Size L,14.74,2,UPS® Ground
Denver,Canton,OH,Size L,16.04,3,UPS® Ground
Denver,Celina,TX,Size L,14.74,2,UPS® Ground
Denver,Chapel Hill,NC,Size L,17.1,3,UPS® Ground
Denver,Claremore,OK,Size L,11.36,2,UPS® Ground
Denver,Clovis,CA,Size L,14.74,2,UPS® Ground
Denver,Cocoa,FL,Size L,17.1,3,UPS® Ground
Denver,Callahan,FL,Size L,17.1,3,UPS® Ground
Denver,Carmel,IN,Size L,16.04,3,UPS® Ground
Denver,Cedar Park,TX,Size L,14.74,2,UPS® Ground
Denver,Centennial,CO,Size L,9.41,1,UPS® Ground
Denver,Centerville,MA,Size L,17.1,3,UPS® Ground
Denver,Charleston,SC,Size L,17.1,3,UPS® Ground
Denver,Charlottesville,VA,Size L,17.1,3,UPS® Ground
Denver,Clarkesville,GA,Size L,16.04,3,UPS® Ground
Denver,Clayton,NC,Size L,17.1,3,UPS® Ground
Denver,Clifton,NJ,Size L,17.1,3,UPS® Ground
Denver,Collinsville,OK,Size L,11.36,2,UPS® Ground
Denver,Columbia,TN,Size L,14.74,3,UPS® Ground
Denver,Concord,NC,Size L,16.04,3,UPS® Ground
Denver,Cookeville,TN,Size L,16.04,3,UPS® Ground
Denver,Corpus Christi,TX,Size L,14.74,2,UPS® Ground
Denver,Corrales,NM,Size L,11.36,2,UPS® Ground
Denver,Corydon,IN,Size L,16.04,3,UPS® Ground
Denver,Cranston,RI,Size L,17.1,3,UPS® Ground
Denver,Dekalb,IL,Size L,14.74,2,UPS® Ground
Denver,Delaware,OH,Size L,16.04,3,UPS® Ground
Denver,Delmar,NY,Size L,17.1,3,UPS® Ground
Denver,Des Moines,IA,Size L,14.74,2,UPS® Ground
Denver,Dickson,TN,Size L,16.04,3,UPS® Ground
Denver,Downers Grove,IL,Size L,14.74,2,UPS® Ground
Denver,Dripping Springs,TX,Size L,14.74,2,UPS® Ground
Denver,Eustis,FL,Size L,17.1,3,UPS® Ground
Denver,East Hampton,NY,Size L,17.1,3,UPS® Ground
Denver,Fenton,MO,Size L,14.74,2,UPS® Ground
Denver,Fayetteville,AR,Size L,14.74,3,UPS® Ground
Denver,Flower Mound,TX,Size L,14.74,2,UPS® Ground
Denver,Franklin,OH,Size L,16.04,3,UPS® Ground
Denver,Friendswood,TX,Size L,14.74,2,UPS® Ground
Denver,Gainesville,FL,Size L,17.1,3,UPS® Ground
Denver,Gainesville,GA,Size L,16.04,3,UPS® Ground
Denver,Glendale,CA,Size L,14.74,2,UPS® Ground
Denver,Greenville,SC,Size L,16.04,3,UPS® Ground
Denver,Greenville,MI,Size L,16.04,2,UPS® Ground
Denver,Gaithersburg,MD,Size L,17.1,3,UPS® Ground
Denver,Garner,NC,Size L,17.1,3,UPS® Ground
Denver,Gastonia,NC,Size L,16.04,3,UPS® Ground
Denver,Granada Hills,CA,Size L,14.74,2,UPS® Ground
Denver,Granbury,TX,Size L,14.74,2,UPS® Ground
Denver,Griffin,GA,Size L,16.04,3,UPS® Ground
Denver,Harpers Ferry,WV,Size L,17.1,3,UPS® Ground
Denver,Haverhill,MA,Size L,17.1,3,UPS® Ground
Denver,Hayward,CA,Size L,14.74,2,UPS® Ground
Denver,Herriman,UT,Size L,11.36,2,UPS® Ground
Denver,Hillsboro,OR,Size L,16.04,3,UPS® Ground
Denver,Hoboken,NJ,Size L,17.1,3,UPS® Ground
Denver,Huntley,IL,Size L,14.74,2,UPS® Ground
Denver,Hagerstown,MD,Size L,17.1,3,UPS® Ground
Denver,Hamilton,OH,Size L,16.04,3,UPS® Ground
Denver,Harrisburg,PA,Size L,17.1,3,UPS® Ground
Denver,Hendersonville,NC,Size L,16.04,3,UPS® Ground
Denver,Hendersonville,TN,Size L,16.04,3,UPS® Ground
Denver,Holland,MI,Size L,16.04,2,UPS® Ground
Denver,Indian Trail,NC,Size L,16.04,3,UPS® Ground
Denver,Jersey City,NJ,Size L,17.1,3,UPS® Ground
Denver,Johnstown,PA,Size L,16.04,3,UPS® Ground
Denver,Kalamazoo,MI,Size L,16.04,2,UPS® Ground
Denver,Keatchie,LA,Size L,14.74,3,UPS® Ground
Denver,Kennewick,WA,Size L,14.74,2,UPS® Ground
Denver,Kingsport,TN,Size L,16.04,3,UPS® Ground
Denver,Lake Elsinore,CA,Size L,14.74,2,UPS® Ground
Denver,Lebanon,OH,Size L,16.04,3,UPS® Ground
Denver,Little Rock,AR,Size L,14.74,3,UPS® Ground
Denver,Livonia,MI,Size L,16.04,3,UPS® Ground
Denver,Los Alamos,NM,Size L,11.36,2,UPS® Ground
Denver,Loveland,CO,Size L,9.41,1,UPS® Ground
Denver,La Mesa,CA,Size L,14.74,2,UPS® Ground
Denver,La Quinta,CA,Size L,14.74,2,UPS® Ground
Denver,Lake Oswego,OR,Size L,14.74,3,UPS® Ground
Denver,Lake Saint Louis,MO,Size L,14.74,2,UPS® Ground
Denver,Lake in the Hills,IL,Size L,14.74,2,UPS® Ground
Denver,Lakeway,TX,Size L,14.74,2,UPS® Ground
Denver,Lancaster,NY,Size L,16.04,4,UPS® Ground
Denver,Leander,TX,Size L,14.74,2,UPS® Ground
Denver,Lees Summit,MO,Size L,14.74,2,UPS® Ground
Denver,Lenoir,NC,Size L,16.04,3,UPS® Ground
Denver,Lewis Center,OH,Size L,16.04,3,UPS® Ground
Denver,Lexington,IN,Size L,16.04,3,UPS® Ground
Denver,Lodi,CA,Size L,14.74,2,UPS® Ground
Denver,Lynden,WA,Size L,16.04,3,UPS® Ground
Denver,Methuen,MA,Size L,17.1,3,UPS® Ground
Denver,Milford,CT,Size L,17.1,3,UPS® Ground
Denver,Mineola,TX,Size L,14.74,2,UPS® Ground
Denver,Missoula,MT,Size L,14.74,2,UPS® Ground
Denver,Mansfield,OH,Size L,16.04,3,UPS® Ground
Denver,McDonough,GA,Size L,16.04,3,UPS® Ground
Denver,Merritt Island,FL,Size L,17.1,3,UPS® Ground
Denver,Midlothian,VA,Size L,17.1,3,UPS® Ground
Denver,Millington,TN,Size L,14.74,3,UPS® Ground
Denver,Milton,FL,Size L,16.04,3,UPS® Ground
Denver,Moab,UT,Size L,11.36,2,UPS® Ground
Denver,Monroe,NC,Size L,16.04,3,UPS® Ground
Denver,Mooresville,IN,Size L,16.04,3,UPS® Ground
Denver,Morganton,NC,Size L,16.04,3,UPS® Ground
Denver,Murfreesboro,TN,Size L,16.04,3,UPS® Ground
Denver,Newburgh,NY,Size L,17.1,3,UPS® Ground
Denver,Navarre,FL,Size L,16.04,3,UPS® Ground
Denver,New Market,AL,Size L,16.04,3,UPS® Ground
Denver,Newnan,GA,Size L,16.04,3,UPS® Ground
Denver,Norman,OK,Size L,11.36,2,UPS® Ground
Denver,Novi,MI,Size L,16.04,3,UPS® Ground
Denver,Ormond Beach,FL,Size L,17.1,3,UPS® Ground
Denver,Owensboro,KY,Size L,14.74,3,UPS® Ground
Denver,Oconto,WI,Size L,14.74,3,UPS® Ground
Denver,Old Bridge,NJ,Size L,17.1,3,UPS® Ground
Denver,Olympia,WA,Size L,16.04,3,UPS® Ground
Denver,Oregon City,OR,Size L,14.74,3,UPS® Ground
Denver,Oxford,MI,Size L,16.04,3,UPS® Ground
Denver,Peachtree City,GA,Size L,16.04,3,UPS® Ground
Denver,Pleasanton,CA,Size L,14.74,2,UPS® Ground
Denver,Poughkeepsie,NY,Size L,17.1,3,UPS® Ground
Denver,Pagosa Springs,CO,Size L,10.41,1,UPS® Ground
Denver,Pasadena,CA,Size L,14.74,2,UPS® Ground
Denver,Pasadena,TX,Size L,14.74,2,UPS® Ground
Denver,Pasco,WA,Size L,14.74,2,UPS® Ground
Denver,Pawtucket,RI,Size L,17.1,3,UPS® Ground
Denver,Pembroke,MA,Size L,17.1,3,UPS® Ground
Denver,Perrysburg,OH,Size L,16.04,3,UPS® Ground
Denver,Plant City,FL,Size L,17.1,3,UPS® Ground
Denver,Port Orchard,WA,Size L,16.04,3,UPS® Ground
Denver,Prescott Valley,AZ,Size L,11.36,2,UPS® Ground
Denver,Princeton,NJ,Size L,17.1,3,UPS® Ground
Denver,Quincy,MA,Size L,17.1,3,UPS® Ground
Denver,Redwood City,CA,Size L,14.74,2,UPS® Ground
Denver,Rohnert Park,CA,Size L,14.74,2,UPS® Ground
Denver,Rigby,ID,Size L,14.74,3,UPS® Ground
Denver,Ripon,WI,Size L,14.74,2,UPS® Ground
Denver,Rogers,AR,Size L,14.74,3,UPS® Ground
Denver,Rowlett,TX,Size L,14.74,2,UPS® Ground
Denver,Rydal,PA,Size L,17.1,3,UPS® Ground
Denver,Shepherdsville,KY,Size L,16.04,3,UPS® Ground
Denver,Shreveport,LA,Size L,14.74,2,UPS® Ground
Denver,Stamford,CT,Size L,17.1,3,UPS® Ground
Denver,Salt Lake City,UT,Size L,11.36,2,UPS® Ground
Denver,Sanford,NC,Size L,17.1,3,UPS® Ground
Denver,Santa Ana,CA,Size L,14.74,2,UPS® Ground
Denver,Santa Cruz,CA,Size L,14.74,2,UPS® Ground
Denver,Santa Fe,NM,Size L,11.36,2,UPS® Ground
Denver,Sarver,PA,Size L,16.04,3,UPS® Ground
Denver,Schenectady,NY,Size L,17.1,3,UPS® Ground
Denver,Sierra Vista,AZ,Size L,14.74,2,UPS® Ground
Denver,Silver Spring,MD,Size L,17.1,3,UPS® Ground
Denver,South Jordan,UT,Size L,11.36,2,UPS® Ground
Denver,Springfield,MO,Size L,14.74,2,UPS® Ground
Denver,Summerville,SC,Size L,17.1,3,UPS® Ground
Denver,Sumter,SC,Size L,17.1,3,UPS® Ground
Denver,Sun City,AZ,Size L,14.74,2,UPS® Ground
Denver,Syosset,NY,Size L,17.1,3,UPS® Ground
Denver,Taunton,MA,Size L,17.1,3,UPS® Ground
Denver,Texarkana,TX,Size L,14.74,2,UPS® Ground
Denver,Toledo,OH,Size L,16.04,3,UPS® Ground
Denver,Urbana,OH,Size L,16.04,3,UPS® Ground
Denver,Valparaiso,IN,Size L,14.74,2,UPS® Ground
Denver,Waco,TX,Size L,14.74,2,UPS® Ground
Denver,West Lafayette,IN,Size L,14.74,2,UPS® Ground
Denver,Winter Garden,FL,Size L,17.1,3,UPS® Ground
Denver,Winter Haven,FL,Size L,17.1,3,UPS® Ground
Denver,Wylie,TX,Size L,14.74,2,UPS® Ground
Denver,Waldorf,MD,Size L,17.1,3,UPS® Ground
Denver,Wesley Chapel,FL,Size L,17.1,3,UPS® Ground
Denver,West Palm Beach,FL,Size L,17.1,3,UPS® Ground
Denver,Williamsburg,VA,Size L,17.1,3,UPS® Ground
Denver,Woodbridge,VA,Size L,17.1,3,UPS® Ground
Denver,Woodside,CA,Size L,14.74,2,UPS® Ground
Denver,Yorba Linda,CA,Size L,14.74,2,UPS® Ground
Denver,Queens Village,NY,Size L,17.1,3,UPS® Ground
Portland,Antioch,IL,Size L,17.1,3,UPS® Ground
Portland,Algonquin,IL,Size L,17.1,3,UPS® Ground
Portland,Allen,TX,Size L,17.1,4,UPS® Ground
Portland,Ames,IA,Size L,17.1,4,UPS® Ground
Portland,Anaheim,CA,Size L,14.74,3,UPS® Ground
Portland,Aptos,CA,Size L,14.74,2,UPS® Ground
Portland,Astoria,NY,Size L,18.12,4,UPS® Ground
Portland,Bloomington,IN,Size L,18.12,4,UPS® Ground
Portland,Bremerton,WA,Size L,10.41,1,UPS® Ground
Portland,Brunswick,OH,Size L,18.12,4,UPS® Ground
Portland,Burke,VA,Size L,18.12,4,UPS® Ground
Portland,Bedford,IN,Size L,18.12,4,UPS® Ground
Portland,Benton,LA,Size L,17.1,5,UPS® Ground
Portland,Billings,MT,Size L,14.74,2,UPS® Ground
Portland,Birdsboro,PA,Size L,18.12,4,UPS® Ground
Portland,Bothell,WA,Size L,9.41,1,UPS® Ground
Portland,Bowie,MD,Size L,18.12,4,UPS® Ground
Portland,Brentwood,TN,Size L,18.12,4,UPS® Ground
Portland,Bronx,NY,Size L,18.12,4,UPS® Ground
Portland,Brookfield,WI,Size L,17.1,3,UPS® Ground
Portland,Canton,OH,Size L,18.12,4,UPS® Ground
Portland,Celina,TX,Size L,17.1,4,UPS® Ground
Portland,Chapel Hill,NC,Size L,18.12,5,UPS® Ground
Portland,Claremore,OK,Size L,17.1,4,UPS® Ground
Portland,Clovis,CA,Size L,14.74,2,UPS® Ground
Portland,Cocoa,FL,Size L,18.12,5,UPS® Ground
Portland,Callahan,FL,Size L,18.12,5,UPS® Ground
Portland,Carmel,IN,Size L,18.12,4,UPS® Ground
Portland,Cedar Park,TX,Size L,17.1,4,UPS® Ground
Portland,Centennial,CO,Size L,16.04,3,UPS® Ground
Portland,Centerville,MA,Size L,18.12,4,UPS® Ground
Portland,Charleston,SC,Size L,18.12,5,UPS® Ground
Portland,Charlottesville,VA,Size L,18.12,4,UPS® Ground
Portland,Clarkesville,GA,Size L,18.12,4,UPS® Ground
Portland,Clayton,NC,Size L,18.12,5,UPS® Ground
Portland,Clifton,NJ,Size L,18.12,4,UPS® Ground
Portland,Collinsville,OK,Size L,17.1,4,UPS® Ground
Portland,Columbia,TN,Size L,18.12,4,UPS® Ground
Portland,Concord,NC,Size L,18.12,5,UPS® Ground
Portland,Cookeville,TN,Size L,18.12,4,UPS® Ground
Portland,Corpus Christi,TX,Size L,18.12,4,UPS® Ground
Portland,Corrales,NM,Size L,16.04,4,UPS® Ground
Portland,Corydon,IN,Size L,18.12,4,UPS® Ground
Portland,Cranston,RI,Size L,18.12,4,UPS® Ground
Portland,Dekalb,IL,Size L,17.1,3,UPS® Ground
Portland,Delaware,OH,Size L,18.12,4,UPS® Ground
Portland,Delmar,NY,Size L,18.12,4,UPS® Ground
Portland,Des Moines,IA,Size L,17.1,4,UPS® Ground
Portland,Dickson,TN,Size L,18.12,4,UPS® Ground
Portland,Downers Grove,IL,Size L,17.1,3,UPS® Ground
Portland,Dripping Springs,TX,Size L,17.1,4,UPS® Ground
Portland,Eustis,FL,Size L,18.12,5,UPS® Ground
Portland,East Hampton,NY,Size L,18.12,4,UPS® Ground
Portland,Fenton,MO,Size L,17.1,4,UPS® Ground
Portland,Fayetteville,AR,Size L,17.1,4,UPS® Ground
Portland,Flower Mound,TX,Size L,17.1,4,UPS® Ground
Portland,Franklin,OH,Size L,18.12,4,UPS® Ground
Portland,Friendswood,TX,Size L,18.12,4,UPS® Ground
Portland,Gainesville,FL,Size L,18.12,5,UPS® Ground
Portland,Gainesville,GA,Size L,18.12,4,UPS® Ground
Portland,Glendale,CA,Size L,14.74,3,UPS® Ground
Portland,Greenville,SC,Size L,18.12,5,UPS® Ground
Portland,Greenville,MI,Size L,18.12,3,UPS® Ground
Portland,Gaithersburg,MD,Size L,18.12,4,UPS® Ground
Portland,Garner,NC,Size L,18.12,5,UPS® Ground
Portland,Gastonia,NC,Size L,18.12,5,UPS® Ground
Portland,Granada Hills,CA,Size L,14.74,3,UPS® Ground
Portland,Granbury,TX,Size L,17.1,4,UPS® Ground
Portland,Griffin,GA,Size L,18.12,4,UPS® Ground
Portland,Harpers Ferry,WV,Size L,18.12,4,UPS® Ground
Portland,Haverhill,MA,Size L,18.12,4,UPS® Ground
Portland,Hayward,CA,Size L,14.74,2,UPS® Ground
Portland,Herriman,UT,Size L,14.74,2,UPS® Ground
Portland,Hillsboro,OR,Size L,9.41,1,UPS® Ground
Portland,Hoboken,NJ,Size L,18.12,4,UPS® Ground
Portland,Huntley,IL,Size L,17.1,3,UPS® Ground
Portland,Hagerstown,MD,Size L,18.12,4,UPS® Ground
Portland,Hamilton,OH,Size L,18.12,4,UPS® Ground
Portland,Harrisburg,PA,Size L,18.12,4,UPS® Ground
Portland,Hendersonville,NC,Size L,18.12,5,UPS® Ground
Portland,Hendersonville,TN,Size L,18.12,4,UPS® Ground
Portland,Holland,MI,Size L,17.1,3,UPS® Ground
Portland,Indian Trail,NC,Size L,18.12,5,UPS® Ground
Portland,Jersey City,NJ,Size L,18.12,4,UPS® Ground
Portland,Johnstown,PA,Size L,18.12,4,UPS® Ground
Portland,Kalamazoo,MI,Size L,18.12,3,UPS® Ground
Portland,Keatchie,LA,Size L,17.1,6,UPS® Ground
Portland,Kennewick,WA,Size L,10.41,2,UPS® Ground
Portland,Kingsport,TN,Size L,18.12,4,UPS® Ground
Portland,Lake Elsinore,CA,Size L,14.74,3,UPS® Ground
Portland,Lebanon,OH,Size L,18.12,4,UPS® Ground
Portland,Little Rock,AR,Size L,17.1,4,UPS® Ground
Portland,Livonia,MI,Size L,18.12,4,UPS® Ground
Portland,Los Alamos,NM,Size L,16.04,4,UPS® Ground
Portland,Loveland,CO,Size L,14.74,3,UPS® Ground
Portland,La Mesa,CA,Size L,14.74,3,UPS® Ground
Portland,La Quinta,CA,Size L,14.74,3,UPS® Ground
Portland,Lake Oswego,OR,Size L,9.41,1,UPS® Ground
Portland,Lake Saint Louis,MO,Size L,17.1,4,UPS® Ground
Portland,Lake in the Hills,IL,Size L,17.1,3,UPS® Ground
Portland,Lakeway,TX,Size L,17.1,4,UPS® Ground
Portland,Lancaster,NY,Size L,18.12,4,UPS® Ground
Portland,Leander,TX,Size L,17.1,4,UPS® Ground
Portland,Lees Summit,MO,Size L,17.1,4,UPS® Ground
Portland,Lenoir,NC,Size L,18.12,5,UPS® Ground
Portland,Lewis Center,OH,Size L,18.12,4,UPS® Ground
Portland,Lexington,IN,Size L,18.12,4,UPS® Ground
Portland,Lodi,CA,Size L,11.36,2,UPS® Ground
Portland,Lynden,WA,Size L,10.41,1,UPS® Ground
Portland,Methuen,MA,Size L,18.12,4,UPS® Ground
Portland,Milford,CT,Size L,18.12,4,UPS® Ground
Portland,Mineola,TX,Size L,17.1,4,UPS® Ground
Portland,Missoula,MT,Size L,14.74,2,UPS® Ground
Portland,Mansfield,OH,Size L,18.12,4,UPS® Ground
Portland,McDonough,GA,Size L,18.12,4,UPS® Ground
Portland,Merritt Island,FL,Size L,18.12,5,UPS® Ground
Portland,Midlothian,VA,Size L,18.12,4,UPS® Ground
Portland,Millington,TN,Size L,18.12,4,UPS® Ground
Portland,Milton,FL,Size L,18.12,5,UPS® Ground
Portland,Moab,UT,Size L,14.74,3,UPS® Ground
Portland,Monroe,NC,Size L,18.12,5,UPS® Ground
Portland,Mooresville,IN,Size L,18.12,4,UPS® Ground
Portland,Morganton,NC,Size L,18.12,5,UPS® Ground
Portland,Murfreesboro,TN,Size L,18.12,4,UPS® Ground
Portland,Newburgh,NY,Size L,18.12,4,UPS® Ground
Portland,Navarre,FL,Size L,18.12,5,UPS® Ground
Portland,New Market,AL,Size L,18.12,5,UPS® Ground
Portland,Newnan,GA,Size L,18.12,4,UPS® Ground
Portland,Norman,OK,Size L,17.1,4,UPS® Ground
Portland,Novi,MI,Size L,18.12,4,UPS® Ground
Portland,Ormond Beach,FL,Size L,18.12,5,UPS® Ground
Portland,Owensboro,KY,Size L,18.12,4,UPS® Ground
Portland,Oconto,WI,Size L,17.1,4,UPS® Ground
Portland,Old Bridge,NJ,Size L,18.12,4,UPS® Ground
Portland,Olympia,WA,Size L,9.41,1,UPS® Ground
Portland,Oregon City,OR,Size L,9.41,1,UPS® Ground
Portland,Oxford,MI,Size L,18.12,4,UPS® Ground
Portland,Peachtree City,GA,Size L,18.12,4,UPS® Ground
Portland,Pleasanton,CA,Size L,14.74,2,UPS® Ground
Portland,Poughkeepsie,NY,Size L,18.12,5,UPS® Ground
Portland,Pagosa Springs,CO,Size L,16.04,3,UPS® Ground
Portland,Pasadena,CA,Size L,14.74,3,UPS® Ground
Portland,Pasadena,TX,Size L,18.12,4,UPS® Ground
Portland,Pasco,WA,Size L,10.41,2,UPS® Ground
Portland,Pawtucket,RI,Size L,18.12,4,UPS® Ground
Portland,Pembroke,MA,Size L,18.12,4,UPS® Ground
Portland,Perrysburg,OH,Size L,18.12,4,UPS® Ground
Portland,Plant City,FL,Size L,18.12,5,UPS® Ground
Portland,Port Orchard,WA,Size L,10.41,1,UPS® Ground
Portland,Prescott Valley,AZ,Size L,14.74,3,UPS® Ground
Portland,Princeton,NJ,Size L,18.12,4,UPS® Ground
Portland,Quincy,MA,Size L,18.12,4,UPS® Ground
Portland,Redwood City,CA,Size L,14.74,2,UPS® Ground
Portland,Rohnert Park,CA,Size L,11.36,2,UPS® Ground
Portland,Rigby,ID,Size L,14.74,3,UPS® Ground
Portland,Ripon,WI,Size L,17.1,4,UPS® Ground
Portland,Rogers,AR,Size L,17.1,4,UPS® Ground
Portland,Rowlett,TX,Size L,17.1,4,UPS® Ground
Portland,Rydal,PA,Size L,18.12,4,UPS® Ground
Portland,Shepherdsville,KY,Size L,18.12,4,UPS® Ground
Portland,Shreveport,LA,Size L,17.1,5,UPS® Ground
Portland,Stamford,CT,Size L,18.12,4,UPS® Ground
Portland,Salt Lake City,UT,Size L,14.74,2,UPS® Ground
Portland,Sanford,NC,Size L,18.12,5,UPS® Ground
Portland,Santa Ana,CA,Size L,14.74,3,UPS® Ground
Portland,Santa Cruz,CA,Size L,14.74,2,UPS® Ground
Portland,Santa Fe,NM,Size L,16.04,4,UPS® Ground
Portland,Sarver,PA,Size L,18.12,4,UPS® Ground
Portland,Schenectady,NY,Size L,18.12,4,UPS® Ground
Portland,Sierra Vista,AZ,Size L,16.04,3,UPS® Ground
Portland,Silver Spring,MD,Size L,18.12,4,UPS® Ground
Portland,South Jordan,UT,Size L,14.74,2,UPS® Ground
Portland,Springfield,MO,Size L,17.1,4,UPS® Ground
Portland,Summerville,SC,Size L,18.12,5,UPS® Ground
Portland,Sumter,SC,Size L,18.12,5,UPS® Ground
Portland,Sun City,AZ,Size L,16.04,3,UPS® Ground
Portland,Syosset,NY,Size L,18.12,4,UPS® Ground
Portland,Taunton,MA,Size L,18.12,4,UPS® Ground
Portland,Texarkana,TX,Size L,17.1,4,UPS® Ground
Portland,Toledo,OH,Size L,18.12,4,UPS® Ground
Portland,Urbana,OH,Size L,18.12,4,UPS® Ground
Portland,Valparaiso,IN,Size L,17.1,3,UPS® Ground
Portland,Waco,TX,Size L,17.1,4,UPS® Ground
Portland,West Lafayette,IN,Size L,18.12,3,UPS® Ground
Portland,Winter Garden,FL,Size L,18.12,5,UPS® Ground
Portland,Winter Haven,FL,Size L,18.12,5,UPS® Ground
Portland,Wylie,TX,Size L,17.1,4,UPS® Ground
Portland,Waldorf,MD,Size L,18.12,4,UPS® Ground
Portland,Wesley Chapel,FL,Size L,18.12,5,UPS® Ground
Portland,West Palm Beach,FL,Size L,18.12,5,UPS® Ground
Portland,Williamsburg,VA,Size L,18.12,4,UPS® Ground
Portland,Woodbridge,VA,Size L,18.12,4,UPS® Ground
Portland,Woodside,CA,Size L,14.74,2,UPS® Ground
Portland,Yorba Linda,CA,Size L,14.74,3,UPS® Ground
Portland,Queens Village,NY,Size L,18.12,4,UPS® Ground
Boston,Antioch,IL,Size L,14.74,2,UPS® Ground
Boston,Algonquin,IL,Size L,14.74,2,UPS® Ground
Boston,Allen,TX,Size L,17.1,3,UPS® Ground
Boston,Ames,IA,Size L,16.04,3,UPS® Ground
Boston,Anaheim,CA,Size L,18.12,4,UPS® Ground
Boston,Aptos,CA,Size L,18.12,5,UPS® Ground
Boston,Astoria,NY,Size L,10.41,1,UPS® Ground
Boston,Bloomington,IN,Size L,14.74,2,UPS® Ground
Boston,Bremerton,WA,Size L,18.12,4,UPS® Ground
Boston,Brunswick,OH,Size L,11.36,2,UPS® Ground
Boston,Burke,VA,Size L,11.36,2,UPS® Ground
Boston,Bedford,IN,Size L,14.74,2,UPS® Ground
Boston,Benton,LA,Size L,16.04,4,UPS® Ground
Boston,Billings,MT,Size L,18.12,5,UPS® Ground
Boston,Birdsboro,PA,Size L,10.41,2,UPS® Ground
Boston,Bothell,WA,Size L,18.12,4,UPS® Ground
Boston,Bowie,MD,Size L,11.36,2,UPS® Ground
Boston,Brentwood,TN,Size L,14.74,3,UPS® Ground
Boston,Bronx,NY,Size L,10.41,1,UPS® Ground
Boston,Brookfield,WI,Size L,14.74,3,UPS® Ground
Boston,Canton,OH,Size L,11.36,2,UPS® Ground
Boston,Celina,TX,Size L,17.1,3,UPS® Ground
Boston,Chapel Hill,NC,Size L,14.74,2,UPS® Ground
Boston,Claremore,OK,Size L,17.1,3,UPS® Ground
Boston,Clovis,CA,Size L,18.12,5,UPS® Ground
Boston,Cocoa,FL,Size L,16.04,3,UPS® Ground
Boston,Callahan,FL,Size L,16.04,3,UPS® Ground
Boston,Carmel,IN,Size L,14.74,2,UPS® Ground
Boston,Cedar Park,TX,Size L,17.1,4,UPS® Ground
Boston,Centennial,CO,Size L,17.1,3,UPS® Ground
Boston,Centerville,MA,Size L,9.41,1,UPS® Ground
Boston,Charleston,SC,Size L,14.74,2,UPS® Ground
Boston,Charlottesville,VA,Size L,11.36,2,UPS® Ground
Boston,Clarkesville,GA,Size L,14.74,3,UPS® Ground
Boston,Clayton,NC,Size L,14.74,2,UPS® Ground
Boston,Clifton,NJ,Size L,10.41,1,UPS® Ground
Boston,Collinsville,OK,Size L,17.1,3,UPS® Ground
Boston,Columbia,TN,Size L,14.74,3,UPS® Ground
Boston,Concord,NC,Size L,14.74,2,UPS® Ground
Boston,Cookeville,TN,Size L,14.74,3,UPS® Ground
Boston,Corpus Christi,TX,Size L,17.1,4,UPS® Ground
Boston,Corrales,NM,Size L,18.12,5,UPS® Ground
Boston,Corydon,IN,Size L,14.74,2,UPS® Ground
Boston,Cranston,RI,Size L,9.41,1,UPS® Ground
Boston,Dekalb,IL,Size L,14.74,2,UPS® Ground
Boston,Delaware,OH,Size L,14.74,2,UPS® Ground
Boston,Delmar,NY,Size L,10.41,1,UPS® Ground
Boston,Des Moines,IA,Size L,16.04,3,UPS® Ground
Boston,Dickson,TN,Size L,14.74,3,UPS® Ground
Boston,Downers Grove,IL,Size L,14.74,2,UPS® Ground
Boston,Dripping Springs,TX,Size L,17.1,3,UPS® Ground
Boston,Eustis,FL,Size L,16.04,3,UPS® Ground
Boston,East Hampton,NY,Size L,9.41,1,UPS® Ground
Boston,Fenton,MO,Size L,16.04,3,UPS® Ground
Boston,Fayetteville,AR,Size L,16.04,4,UPS® Ground
Boston,Flower Mound,TX,Size L,17.1,3,UPS® Ground
Boston,Franklin,OH,Size L,14.74,2,UPS® Ground
Boston,Friendswood,TX,Size L,17.1,3,UPS® Ground
Boston,Gainesville,FL,Size L,16.04,3,UPS® Ground
Boston,Gainesville,GA,Size L,14.74,3,UPS® Ground
Boston,Glendale,CA,Size L,18.12,4,UPS® Ground
Boston,Greenville,SC,Size L,14.74,2,UPS® Ground
Boston,Greenville,MI,Size L,14.74,3,UPS® Ground
Boston,Gaithersburg,MD,Size L,11.36,2,UPS® Ground
Boston,Garner,NC,Size L,14.74,2,UPS® Ground
Boston,Gastonia,NC,Size L,14.74,2,UPS® Ground
Boston,Granada Hills,CA,Size L,18.12,4,UPS® Ground
Boston,Granbury,TX,Size L,17.1,3,UPS® Ground
Boston,Griffin,GA,Size L,14.74,3,UPS® Ground
Boston,Harpers Ferry,WV,Size L,11.36,2,UPS® Ground
Boston,Haverhill,MA,Size L,9.41,1,UPS® Ground
Boston,Hayward,CA,Size L,18.12,5,UPS® Ground
Boston,Herriman,UT,Size L,18.12,4,UPS® Ground
Boston,Hillsboro,OR,Size L,18.12,4,UPS® Ground
Boston,Hoboken,NJ,Size L,10.41,1,UPS® Ground
Boston,Huntley,IL,Size L,14.74,2,UPS® Ground
Boston,Hagerstown,MD,Size L,11.36,2,UPS® Ground
Boston,Hamilton,OH,Size L,14.74,2,UPS® Ground
Boston,Harrisburg,PA,Size L,11.36,2,UPS® Ground
Boston,Hendersonville,NC,Size L,14.74,2,UPS® Ground
Boston,Hendersonville,TN,Size L,14.74,3,UPS® Ground
Boston,Holland,MI,Size L,14.74,3,UPS® Ground
Boston,Indian Trail,NC,Size L,14.74,2,UPS® Ground
Boston,Jersey City,NJ,Size L,10.41,1,UPS® Ground
Boston,Johnstown,PA,Size L,11.36,2,UPS® Ground
Boston,Kalamazoo,MI,Size L,14.74,3,UPS® Ground
Boston,Keatchie,LA,Size L,16.04,4,UPS® Ground
Boston,Kennewick,WA,Size L,18.12,4,UPS® Ground
Boston,Kingsport,TN,Size L,14.74,3,UPS® Ground
Boston,Lake Elsinore,CA,Size L,18.12,4,UPS® Ground
Boston,Lebanon,OH,Size L,14.74,2,UPS® Ground
Boston,Little Rock,AR,Size L,16.04,4,UPS® Ground
Boston,Livonia,MI,Size L,14.74,2,UPS® Ground
Boston,Los Alamos,NM,Size L,18.12,5,UPS® Ground
Boston,Loveland,CO,Size L,17.1,4,UPS® Ground
Boston,La Mesa,CA,Size L,18.12,4,UPS® Ground
Boston,La Quinta,CA,Size L,18.12,4,UPS® Ground
Boston,Lake Oswego,OR,Size L,18.12,4,UPS® Ground
Boston,Lake Saint Louis,MO,Size L,16.04,3,UPS® Ground
Boston,Lake in the Hills,IL,Size L,14.74,2,UPS® Ground
Boston,Lakeway,TX,Size L,17.1,4,UPS® Ground
Boston,Lancaster,NY,Size L,11.36,2,UPS® Ground
Boston,Leander,TX,Size L,17.1,4,UPS® Ground
Boston,Lees Summit,MO,Size L,16.04,3,UPS® Ground
Boston,Lenoir,NC,Size L,14.74,2,UPS® Ground
Boston,Lewis Center,OH,Size L,14.74,2,UPS® Ground
Boston,Lexington,IN,Size L,14.74,2,UPS® Ground
Boston,Lodi,CA,Size L,18.12,5,UPS® Ground
Boston,Lynden,WA,Size L,18.12,4,UPS® Ground
Boston,Methuen,MA,Size L,9.41,1,UPS® Ground
Boston,Milford,CT,Size L,9.41,1,UPS® Ground
Boston,Mineola,TX,Size L,17.1,3,UPS® Ground
Boston,Missoula,MT,Size L,18.12,5,UPS® Ground
Boston,Mansfield,OH,Size L,14.74,2,UPS® Ground
Boston,McDonough,GA,Size L,14.74,3,UPS® Ground
Boston,Merritt Island,FL,Size L,16.04,3,UPS® Ground
Boston,Midlothian,VA,Size L,11.36,2,UPS® Ground
Boston,Millington,TN,Size L,16.04,3,UPS® Ground
Boston,Milton,FL,Size L,16.04,3,UPS® Ground
Boston,Moab,UT,Size L,18.12,5,UPS® Ground
Boston,Monroe,NC,Size L,14.74,2,UPS® Ground
Boston,Mooresville,IN,Size L,14.74,2,UPS® Ground
Boston,Morganton,NC,Size L,14.74,2,UPS® Ground
Boston,Murfreesboro,TN,Size L,14.74,3,UPS® Ground
Boston,Newburgh,NY,Size L,9.41,1,UPS® Ground
Boston,Navarre,FL,Size L,16.04,3,UPS® Ground
Boston,New Market,AL,Size L,14.74,3,UPS® Ground
Boston,Newnan,GA,Size L,14.74,3,UPS® Ground
Boston,Norman,OK,Size L,17.1,3,UPS® Ground
Boston,Novi,MI,Size L,14.74,2,UPS® Ground
Boston,Ormond Beach,FL,Size L,16.04,3,UPS® Ground
Boston,Owensboro,KY,Size L,14.74,2,UPS® Ground
Boston,Oconto,WI,Size L,14.74,3,UPS® Ground
Boston,Old Bridge,NJ,Size L,10.41,1,UPS® Ground
Boston,Olympia,WA,Size L,18.12,4,UPS® Ground
Boston,Oregon City,OR,Size L,18.12,4,UPS® Ground
Boston,Oxford,MI,Size L,14.74,2,UPS® Ground
Boston,Peachtree City,GA,Size L,14.74,3,UPS® Ground
Boston,Pleasanton,CA,Size L,18.12,5,UPS® Ground
Boston,Poughkeepsie,NY,Size L,10.41,1,UPS® Ground
Boston,Pagosa Springs,CO,Size L,18.12,5,UPS® Ground
Boston,Pasadena,CA,Size L,18.12,4,UPS® Ground
Boston,Pasadena,TX,Size L,17.1,3,UPS® Ground
Boston,Pasco,WA,Size L,18.12,4,UPS® Ground
Boston,Pawtucket,RI,Size L,9.41,1,UPS® Ground
Boston,Pembroke,MA,Size L,9.41,1,UPS® Ground
Boston,Perrysburg,OH,Size L,14.74,2,UPS® Ground
Boston,Plant City,FL,Size L,16.04,3,UPS® Ground
Boston,Port Orchard,WA,Size L,18.12,4,UPS® Ground
Boston,Prescott Valley,AZ,Size L,18.12,4,UPS® Ground
Boston,Princeton,NJ,Size L,10.41,1,UPS® Ground
Boston,Quincy,MA,Size L,9.41,1,UPS® Ground
Boston,Redwood City,CA,Size L,18.12,5,UPS® Ground
Boston,Rohnert Park,CA,Size L,18.12,5,UPS® Ground
Boston,Rigby,ID,Size L,18.12,6,UPS® Ground
Boston,Ripon,WI,Size L,14.74,3,UPS® Ground
Boston,Rogers,AR,Size L,16.04,4,UPS® Ground
Boston,Rowlett,TX,Size L,17.1,3,UPS® Ground
Boston,Rydal,PA,Size L,10.41,2,UPS® Ground
Boston,Shepherdsville,KY,Size L,14.74,2,UPS® Ground
Boston,Shreveport,LA,Size L,16.04,4,UPS® Ground
Boston,Stamford,CT,Size L,10.41,1,UPS® Ground
Boston,Salt Lake City,UT,Size L,18.12,4,UPS® Ground
Boston,Sanford,NC,Size L,14.74,2,UPS® Ground
Boston,Santa Ana,CA,Size L,18.12,4,UPS® Ground
Boston,Santa Cruz,CA,Size L,18.12,5,UPS® Ground
Boston,Santa Fe,NM,Size L,18.12,5,UPS® Ground
Boston,Sarver,PA,Size L,11.36,2,UPS® Ground
Boston,Schenectady,NY,Size L,10.41,1,UPS® Ground
Boston,Sierra Vista,AZ,Size L,18.12,5,UPS® Ground
Boston,Silver Spring,MD,Size L,11.36,2,UPS® Ground
Boston,South Jordan,UT,Size L,18.12,4,UPS® Ground
Boston,Springfield,MO,Size L,16.04,4,UPS® Ground
Boston,Summerville,SC,Size L,14.74,2,UPS® Ground
Boston,Sumter,SC,Size L,14.74,2,UPS® Ground
Boston,Sun City,AZ,Size L,18.12,4,UPS® Ground
Boston,Syosset,NY,Size L,10.41,1,UPS® Ground
Boston,Taunton,MA,Size L,9.41,1,UPS® Ground
Boston,Texarkana,TX,Size L,16.04,3,UPS® Ground
Boston,Toledo,OH,Size L,14.74,2,UPS® Ground
Boston,Urbana,OH,Size L,14.74,2,UPS® Ground
Boston,Valparaiso,IN,Size L,14.74,2,UPS® Ground
Boston,Waco,TX,Size L,17.1,3,UPS® Ground
Boston,West Lafayette,IN,Size L,14.74,2,UPS® Ground
Boston,Winter Garden,FL,Size L,16.04,3,UPS® Ground
Boston,Winter Haven,FL,Size L,16.04,3,UPS® Ground
Boston,Wylie,TX,Size L,17.1,3,UPS® Ground
Boston,Waldorf,MD,Size L,11.36,2,UPS® Ground
Boston,Wesley Chapel,FL,Size L,16.04,3,UPS® Ground
Boston,West Palm Beach,FL,Size L,16.04,3,UPS® Ground
Boston,Williamsburg,VA,Size L,11.36,2,UPS® Ground
Boston,Woodbridge,VA,Size L,11.36,2,UPS® Ground
Boston,Woodside,CA,Size L,18.12,5,UPS® Ground
Boston,Yorba Linda,CA,Size L,18.12,4,UPS® Ground
Boston,Queens Village,NY,Size L,10.41,1,UPS® Ground
Boise,Antioch,IL,Size L,17.1,4,UPS® Ground
Boise,Algonquin,IL,Size L,17.1,4,UPS® Ground
Boise,Allen,TX,Size L,16.04,3,UPS® Ground
Boise,Ames,IA,Size L,16.04,3,UPS® Ground
Boise,Anaheim,CA,Size L,14.74,2,UPS® Ground
Boise,Aptos,CA,Size L,11.36,2,UPS® Ground
Boise,Astoria,NY,Size L,18.12,5,UPS® Ground
Boise,Bloomington,IN,Size L,17.1,4,UPS® Ground
Boise,Bremerton,WA,Size L,11.36,2,UPS® Ground
Boise,Brunswick,OH,Size L,17.1,5,UPS® Ground
Boise,Burke,VA,Size L,18.12,4,UPS® Ground
Boise,Bedford,IN,Size L,17.1,4,UPS® Ground
Boise,Benton,LA,Size L,17.1,4,UPS® Ground
Boise,Billings,MT,Size L,11.36,2,UPS® Ground
Boise,Birdsboro,PA,Size L,18.12,4,UPS® Ground
Boise,Bothell,WA,Size L,11.36,2,UPS® Ground
Boise,Bowie,MD,Size L,18.12,4,UPS® Ground
Boise,Brentwood,TN,Size L,17.1,4,UPS® Ground
Boise,Bronx,NY,Size L,18.12,5,UPS® Ground
Boise,Brookfield,WI,Size L,16.04,4,UPS® Ground
Boise,Canton,OH,Size L,17.1,5,UPS® Ground
Boise,Celina,TX,Size L,16.04,3,UPS® Ground
Boise,Chapel Hill,NC,Size L,18.12,5,UPS® Ground
Boise,Claremore,OK,Size L,16.04,3,UPS® Ground
Boise,Clovis,CA,Size L,11.36,2,UPS® Ground
Boise,Cocoa,FL,Size L,18.12,5,UPS® Ground
Boise,Callahan,FL,Size L,18.12,5,UPS® Ground
Boise,Carmel,IN,Size L,17.1,4,UPS® Ground
Boise,Cedar Park,TX,Size L,16.04,3,UPS® Ground
Boise,Centennial,CO,Size L,14.74,2,UPS® Ground
Boise,Centerville,MA,Size L,18.12,5,UPS® Ground
Boise,Charleston,SC,Size L,18.12,5,UPS® Ground
Boise,Charlottesville,VA,Size L,18.12,5,UPS® Ground
Boise,Clarkesville,GA,Size L,18.12,4,UPS® Ground
Boise,Clayton,NC,Size L,18.12,5,UPS® Ground
Boise,Clifton,NJ,Size L,18.12,5,UPS® Ground
Boise,Collinsville,OK,Size L,16.04,3,UPS® Ground
Boise,Columbia,TN,Size L,17.1,4,UPS® Ground
Boise,Concord,NC,Size L,18.12,5,UPS® Ground
Boise,Cookeville,TN,Size L,17.1,4,UPS® Ground
Boise,Corpus Christi,TX,Size L,17.1,4,UPS® Ground
Boise,Corrales,NM,Size L,14.74,3,UPS® Ground
Boise,Corydon,IN,Size L,17.1,4,UPS® Ground
Boise,Cranston,RI,Size L,18.12,5,UPS® Ground
Boise,Dekalb,IL,Size L,17.1,4,UPS® Ground
Boise,Delaware,OH,Size L,17.1,5,UPS® Ground
Boise,Delmar,NY,Size L,18.12,5,UPS® Ground
Boise,Des Moines,IA,Size L,16.04,3,UPS® Ground
Boise,Dickson,TN,Size L,17.1,4,UPS® Ground
Boise,Downers Grove,IL,Size L,17.1,4,UPS® Ground
Boise,Dripping Springs,TX,Size L,16.04,3,UPS® Ground
Boise,Eustis,FL,Size L,18.12,5,UPS® Ground
Boise,East Hampton,NY,Size L,18.12,5,UPS® Ground
Boise,Fenton,MO,Size L,16.04,3,UPS® Ground
Boise,Fayetteville,AR,Size L,16.04,4,UPS® Ground
Boise,Flower Mound,TX,Size L,16.04,3,UPS® Ground
Boise,Franklin,OH,Size L,17.1,4,UPS® Ground
Boise,Friendswood,TX,Size L,17.1,4,UPS® Ground
Boise,Gainesville,FL,Size L,18.12,5,UPS® Ground
Boise,Gainesville,GA,Size L,18.12,4,UPS® Ground
Boise,Glendale,CA,Size L,14.74,2,UPS® Ground
Boise,Greenville,SC,Size L,18.12,5,UPS® Ground
Boise,Greenville,MI,Size L,17.1,4,UPS® Ground
Boise,Gaithersburg,MD,Size L,18.12,4,UPS® Ground
Boise,Garner,NC,Size L,18.12,5,UPS® Ground
Boise,Gastonia,NC,Size L,18.12,5,UPS® Ground
Boise,Granada Hills,CA,Size L,14.74,2,UPS® Ground
Boise,Granbury,TX,Size L,16.04,3,UPS® Ground
Boise,Griffin,GA,Size L,18.12,4,UPS® Ground
Boise,Harpers Ferry,WV,Size L,18.12,4,UPS® Ground
Boise,Haverhill,MA,Size L,18.12,5,UPS® Ground
Boise,Hayward,CA,Size L,11.36,2,UPS® Ground
Boise,Herriman,UT,Size L,11.36,1,UPS® Ground
Boise,Hillsboro,OR,Size L,11.36,2,UPS® Ground
Boise,Hoboken,NJ,Size L,18.12,5,UPS® Ground
Boise,Huntley,IL,Size L,17.1,4,UPS® Ground
Boise,Hagerstown,MD,Size L,18.12,4,UPS® Ground
Boise,Hamilton,OH,Size L,17.1,4,UPS® Ground
Boise,Harrisburg,PA,Size L,18.12,4,UPS® Ground
Boise,Hendersonville,NC,Size L,18.12,5,UPS® Ground
Boise,Hendersonville,TN,Size L,17.1,4,UPS® Ground
Boise,Holland,MI,Size L,17.1,4,UPS® Ground
Boise,Indian Trail,NC,Size L,18.12,5,UPS® Ground
Boise,Jersey City,NJ,Size L,18.12,5,UPS® Ground
Boise,Johnstown,PA,Size L,18.12,4,UPS® Ground
Boise,Kalamazoo,MI,Size L,17.1,4,UPS® Ground
Boise,Keatchie,LA,Size L,17.1,4,UPS® Ground
Boise,Kennewick,WA,Size L,10.41,2,UPS® Ground
Boise,Kingsport,TN,Size L,18.12,4,UPS® Ground
Boise,Lake Elsinore,CA,Size L,14.74,2,UPS® Ground
Boise,Lebanon,OH,Size L,17.1,4,UPS® Ground
Boise,Little Rock,AR,Size L,17.1,4,UPS® Ground
Boise,Livonia,MI,Size L,17.1,4,UPS® Ground
Boise,Los Alamos,NM,Size L,14.74,3,UPS® Ground
Boise,Loveland,CO,Size L,11.36,2,UPS® Ground
Boise,La Mesa,CA,Size L,14.74,2,UPS® Ground
Boise,La Quinta,CA,Size L,14.74,2,UPS® Ground
Boise,Lake Oswego,OR,Size L,10.41,2,UPS® Ground
Boise,Lake Saint Louis,MO,Size L,16.04,3,UPS® Ground
Boise,Lake in the Hills,IL,Size L,17.1,4,UPS® Ground
Boise,Lakeway,TX,Size L,16.04,3,UPS® Ground
Boise,Lancaster,NY,Size L,18.12,5,UPS® Ground
Boise,Leander,TX,Size L,16.04,3,UPS® Ground
Boise,Lees Summit,MO,Size L,16.04,3,UPS® Ground
Boise,Lenoir,NC,Size L,18.12,5,UPS® Ground
Boise,Lewis Center,OH,Size L,17.1,5,UPS® Ground
Boise,Lexington,IN,Size L,17.1,4,UPS® Ground
Boise,Lodi,CA,Size L,11.36,2,UPS® Ground
Boise,Lynden,WA,Size L,11.36,2,UPS® Ground
Boise,Methuen,MA,Size L,18.12,5,UPS® Ground
Boise,Milford,CT,Size L,18.12,5,UPS® Ground
Boise,Mineola,TX,Size L,16.04,3,UPS® Ground
Boise,Missoula,MT,Size L,10.41,2,UPS® Ground
Boise,Mansfield,OH,Size L,17.1,5,UPS® Ground
Boise,McDonough,GA,Size L,18.12,4,UPS® Ground
Boise,Merritt Island,FL,Size L,18.12,5,UPS® Ground
Boise,Midlothian,VA,Size L,18.12,5,UPS® Ground
Boise,Millington,TN,Size L,17.1,4,UPS® Ground
Boise,Milton,FL,Size L,18.12,5,UPS® Ground
Boise,Moab,UT,Size L,11.36,2,UPS® Ground
Boise,Monroe,NC,Size L,18.12,5,UPS® Ground
Boise,Mooresville,IN,Size L,17.1,4,UPS® Ground
Boise,Morganton,NC,Size L,18.12,5,UPS® Ground
Boise,Murfreesboro,TN,Size L,17.1,4,UPS® Ground
Boise,Newburgh,NY,Size L,18.12,5,UPS® Ground
Boise,Navarre,FL,Size L,18.12,5,UPS® Ground
Boise,New Market,AL,Size L,17.1,4,UPS® Ground
Boise,Newnan,GA,Size L,18.12,4,UPS® Ground
Boise,Norman,OK,Size L,16.04,3,UPS® Ground
Boise,Novi,MI,Size L,17.1,4,UPS® Ground
Boise,Ormond Beach,FL,Size L,18.12,5,UPS® Ground
Boise,Owensboro,KY,Size L,17.1,4,UPS® Ground
Boise,Oconto,WI,Size L,16.04,4,UPS® Ground
Boise,Old Bridge,NJ,Size L,18.12,5,UPS® Ground
Boise,Olympia,WA,Size L,11.36,2,UPS® Ground
Boise,Oregon City,OR,Size L,10.41,2,UPS® Ground
Boise,Oxford,MI,Size L,17.1,5,UPS® Ground
Boise,Peachtree City,GA,Size L,18.12,4,UPS® Ground
Boise,Pleasanton,CA,Size L,11.36,2,UPS® Ground
Boise,Poughkeepsie,NY,Size L,18.12,5,UPS® Ground
Boise,Pagosa Springs,CO,Size L,14.74,2,UPS® Ground
Boise,Pasadena,CA,Size L,14.74,2,UPS® Ground
Boise,Pasadena,TX,Size L,17.1,4,UPS® Ground
Boise,Pasco,WA,Size L,10.41,2,UPS® Ground
Boise,Pawtucket,RI,Size L,18.12,5,UPS® Ground
Boise,Pembroke,MA,Size L,18.12,5,UPS® Ground
Boise,Perrysburg,OH,Size L,17.1,4,UPS® Ground
Boise,Plant City,FL,Size L,18.12,5,UPS® Ground
Boise,Port Orchard,WA,Size L,11.36,2,UPS® Ground
Boise,Prescott Valley,AZ,Size L,14.74,3,UPS® Ground
Boise,Princeton,NJ,Size L,18.12,5,UPS® Ground
Boise,Quincy,MA,Size L,18.12,5,UPS® Ground
Boise,Redwood City,CA,Size L,11.36,2,UPS® Ground
Boise,Rohnert Park,CA,Size L,11.36,2,UPS® Ground
Boise,Rigby,ID,Size L,10.41,2,UPS® Ground
Boise,Ripon,WI,Size L,16.04,4,UPS® Ground
Boise,Rogers,AR,Size L,16.04,4,UPS® Ground
Boise,Rowlett,TX,Size L,16.04,3,UPS® Ground
Boise,Rydal,PA,Size L,18.12,4,UPS® Ground
Boise,Shepherdsville,KY,Size L,17.1,4,UPS® Ground
Boise,Shreveport,LA,Size L,17.1,4,UPS® Ground
Boise,Stamford,CT,Size L,18.12,5,UPS® Ground
Boise,Salt Lake City,UT,Size L,11.36,1,UPS® Ground
Boise,Sanford,NC,Size L,18.12,5,UPS® Ground
Boise,Santa Ana,CA,Size L,14.74,2,UPS® Ground
Boise,Santa Cruz,CA,Size L,11.36,2,UPS® Ground
Boise,Santa Fe,NM,Size L,14.74,3,UPS® Ground
Boise,Sarver,PA,Size L,18.12,4,UPS® Ground
Boise,Schenectady,NY,Size L,18.12,5,UPS® Ground
Boise,Sierra Vista,AZ,Size L,14.74,3,UPS® Ground
Boise,Silver Spring,MD,Size L,18.12,4,UPS® Ground
Boise,South Jordan,UT,Size L,11.36,1,UPS® Ground
Boise,Springfield,MO,Size L,16.04,3,UPS® Ground
Boise,Summerville,SC,Size L,18.12,5,UPS® Ground
Boise,Sumter,SC,Size L,18.12,5,UPS® Ground
Boise,Sun City,AZ,Size L,14.74,3,UPS® Ground
Boise,Syosset,NY,Size L,18.12,5,UPS® Ground
Boise,Taunton,MA,Size L,18.12,5,UPS® Ground
Boise,Texarkana,TX,Size L,16.04,3,UPS® Ground
Boise,Toledo,OH,Size L,17.1,4,UPS® Ground
Boise,Urbana,OH,Size L,17.1,5,UPS® Ground
Boise,Valparaiso,IN,Size L,17.1,4,UPS® Ground
Boise,Waco,TX,Size L,16.04,3,UPS® Ground
Boise,West Lafayette,IN,Size L,17.1,4,UPS® Ground
Boise,Winter Garden,FL,Size L,18.12,5,UPS® Ground
Boise,Winter Haven,FL,Size L,18.12,5,UPS® Ground
Boise,Wylie,TX,Size L,16.04,3,UPS® Ground
Boise,Waldorf,MD,Size L,18.12,4,UPS® Ground
Boise,Wesley Chapel,FL,Size L,18.12,5,UPS® Ground
Boise,West Palm Beach,FL,Size L,18.12,5,UPS® Ground
Boise,Williamsburg,VA,Size L,18.12,5,UPS® Ground
Boise,Woodbridge,VA,Size L,18.12,4,UPS® Ground
Boise,Woodside,CA,Size L,11.36,2,UPS® Ground
Boise,Yorba Linda,CA,Size L,14.74,2,UPS® Ground
Boise,Queens Village,NY,Size L,18.12,5,UPS® Ground
Indianapolis,Antioch,IL,Size L,10.41,1,UPS® Ground
Indianapolis,Algonquin,IL,Size L,10.41,1,UPS® Ground
Indianapolis,Allen,TX,Size L,16.04,2,UPS® Ground
Indianapolis,Ames,IA,Size L,11.36,2,UPS® Ground
Indianapolis,Anaheim,CA,Size L,18.12,3,UPS® Ground
Indianapolis,Aptos,CA,Size L,18.12,3,UPS® Ground
Indianapolis,Astoria,NY,Size L,14.74,2,UPS® Ground
Indianapolis,Bloomington,IN,Size L,9.41,1,UPS® Ground
Indianapolis,Bremerton,WA,Size L,18.12,3,UPS® Ground
Indianapolis,Brunswick,OH,Size L,11.36,1,UPS® Ground
Indianapolis,Burke,VA,Size L,11.36,2,UPS® Ground
Indianapolis,Bedford,IN,Size L,9.41,1,UPS® Ground
Indianapolis,Benton,LA,Size L,11.36,2,UPS® Ground
Indianapolis,Billings,MT,Size L,16.04,4,UPS® Ground
Indianapolis,Birdsboro,PA,Size L,11.36,2,UPS® Ground
Indianapolis,Bothell,WA,Size L,18.12,3,UPS® Ground
Indianapolis,Bowie,MD,Size L,11.36,2,UPS® Ground
Indianapolis,Brentwood,TN,Size L,11.36,2,UPS® Ground
Indianapolis,Bronx,NY,Size L,14.74,2,UPS® Ground
Indianapolis,Brookfield,WI,Size L,10.41,2,UPS® Ground
Indianapolis,Canton,OH,Size L,10.41,1,UPS® Ground
Indianapolis,Celina,TX,Size L,16.04,2,UPS® Ground
Indianapolis,Chapel Hill,NC,Size L,11.36,2,UPS® Ground
Indianapolis,Claremore,OK,Size L,14.74,2,UPS® Ground
Indianapolis,Clovis,CA,Size L,18.12,3,UPS® Ground
Indianapolis,Cocoa,FL,Size L,14.74,2,UPS® Ground
Indianapolis,Callahan,FL,Size L,14.74,2,UPS® Ground
Indianapolis,Carmel,IN,Size L,9.41,1,UPS® Ground
Indianapolis,Cedar Park,TX,Size L,16.04,2,UPS® Ground
Indianapolis,Centennial,CO,Size L,14.74,2,UPS® Ground
Indianapolis,Centerville,MA,Size L,14.74,3,UPS® Ground
Indianapolis,Charleston,SC,Size L,11.36,2,UPS® Ground
Indianapolis,Charlottesville,VA,Size L,11.36,2,UPS® Ground
Indianapolis,Clarkesville,GA,Size L,11.36,2,UPS® Ground
Indianapolis,Clayton,NC,Size L,11.36,2,UPS® Ground
Indianapolis,Clifton,NJ,Size L,14.74,2,UPS® Ground
Indianapolis,Collinsville,OK,Size L,14.74,2,UPS® Ground
Indianapolis,Columbia,TN,Size L,11.36,2,UPS® Ground
Indianapolis,Concord,NC,Size L,11.36,2,UPS® Ground
Indianapolis,Cookeville,TN,Size L,10.41,2,UPS® Ground
Indianapolis,Corpus Christi,TX,Size L,16.04,3,UPS® Ground
Indianapolis,Corrales,NM,Size L,16.04,4,UPS® Ground
Indianapolis,Corydon,IN,Size L,9.41,1,UPS® Ground
Indianapolis,Cranston,RI,Size L,14.74,2,UPS® Ground
Indianapolis,Dekalb,IL,Size L,10.41,1,UPS® Ground
Indianapolis,Delaware,OH,Size L,10.41,1,UPS® Ground
Indianapolis,Delmar,NY,Size L,14.74,2,UPS® Ground
Indianapolis,Des Moines,IA,Size L,11.36,2,UPS® Ground
Indianapolis,Dickson,TN,Size L,11.36,2,UPS® Ground
Indianapolis,Downers Grove,IL,Size L,10.41,1,UPS® Ground
Indianapolis,Dripping Springs,TX,Size L,16.04,2,UPS® Ground
Indianapolis,Eustis,FL,Size L,14.74,2,UPS® Ground
Indianapolis,East Hampton,NY,Size L,14.74,2,UPS® Ground
Indianapolis,Fenton,MO,Size L,11.36,1,UPS® Ground
Indianapolis,Fayetteville,AR,Size L,11.36,2,UPS® Ground
Indianapolis,Flower Mound,TX,Size L,16.04,2,UPS® Ground
Indianapolis,Franklin,OH,Size L,9.41,1,UPS® Ground
Indianapolis,Friendswood,TX,Size L,14.74,3,UPS® Ground
Indianapolis,Gainesville,FL,Size L,14.74,2,UPS® Ground
Indianapolis,Gainesville,GA,Size L,11.36,2,UPS® Ground
Indianapolis,Glendale,CA,Size L,18.12,3,UPS® Ground
Indianapolis,Greenville,SC,Size L,11.36,2,UPS® Ground
Indianapolis,Greenville,MI,Size L,10.41,2,UPS® Ground
Indianapolis,Gaithersburg,MD,Size L,11.36,2,UPS® Ground
Indianapolis,Garner,NC,Size L,11.36,2,UPS® Ground
Indianapolis,Gastonia,NC,Size L,11.36,2,UPS® Ground
Indianapolis,Granada Hills,CA,Size L,18.12,3,UPS® Ground
Indianapolis,Granbury,TX,Size L,14.74,2,UPS® Ground
Indianapolis,Griffin,GA,Size L,11.36,2,UPS® Ground
Indianapolis,Harpers Ferry,WV,Size L,11.36,2,UPS® Ground
Indianapolis,Haverhill,MA,Size L,14.74,3,UPS® Ground
Indianapolis,Hayward,CA,Size L,18.12,3,UPS® Ground
Indianapolis,Herriman,UT,Size L,16.04,3,UPS® Ground
Indianapolis,Hillsboro,OR,Size L,18.12,3,UPS® Ground
Indianapolis,Hoboken,NJ,Size L,14.74,2,UPS® Ground
Indianapolis,Huntley,IL,Size L,10.41,1,UPS® Ground
Indianapolis,Hagerstown,MD,Size L,11.36,2,UPS® Ground
Indianapolis,Hamilton,OH,Size L,9.41,1,UPS® Ground
Indianapolis,Harrisburg,PA,Size L,11.36,2,UPS® Ground
Indianapolis,Hendersonville,NC,Size L,11.36,2,UPS® Ground
Indianapolis,Hendersonville,TN,Size L,11.36,2,UPS® Ground
Indianapolis,Holland,MI,Size L,10.41,2,UPS® Ground
Indianapolis,Indian Trail,NC,Size L,11.36,2,UPS® Ground
Indianapolis,Jersey City,NJ,Size L,14.74,2,UPS® Ground
Indianapolis,Johnstown,PA,Size L,11.36,2,UPS® Ground
Indianapolis,Kalamazoo,MI,Size L,10.41,2,UPS® Ground
Indianapolis,Keatchie,LA,Size L,11.36,3,UPS® Ground
Indianapolis,Kennewick,WA,Size L,17.1,3,UPS® Ground
Indianapolis,Kingsport,TN,Size L,11.36,2,UPS® Ground
Indianapolis,Lake Elsinore,CA,Size L,17.1,3,UPS® Ground
Indianapolis,Lebanon,OH,Size L,9.41,1,UPS® Ground
Indianapolis,Little Rock,AR,Size L,11.36,2,UPS® Ground
Indianapolis,Livonia,MI,Size L,10.41,2,UPS® Ground
Indianapolis,Los Alamos,NM,Size L,16.04,4,UPS® Ground
Indianapolis,Loveland,CO,Size L,16.04,2,UPS® Ground
Indianapolis,La Mesa,CA,Size L,17.1,3,UPS® Ground
Indianapolis,La Quinta,CA,Size L,17.1,4,UPS® Ground
Indianapolis,Lake Oswego,OR,Size L,18.12,3,UPS® Ground
Indianapolis,Lake Saint Louis,MO,Size L,11.36,1,UPS® Ground
Indianapolis,Lake in the Hills,IL,Size L,10.41,1,UPS® Ground
Indianapolis,Lakeway,TX,Size L,16.04,2,UPS® Ground
Indianapolis,Lancaster,NY,Size L,11.36,2,UPS® Ground
Indianapolis,Leander,TX,Size L,16.04,2,UPS® Ground
Indianapolis,Lees Summit,MO,Size L,11.36,2,UPS® Ground
Indianapolis,Lenoir,NC,Size L,11.36,2,UPS® Ground
Indianapolis,Lewis Center,OH,Size L,10.41,1,UPS® Ground
Indianapolis,Lexington,IN,Size L,9.41,1,UPS® Ground
Indianapolis,Lodi,CA,Size L,18.12,3,UPS® Ground
Indianapolis,Lynden,WA,Size L,18.12,3,UPS® Ground
Indianapolis,Methuen,MA,Size L,14.74,3,UPS® Ground
Indianapolis,Milford,CT,Size L,14.74,2,UPS® Ground
Indianapolis,Mineola,TX,Size L,14.74,2,UPS® Ground
Indianapolis,Missoula,MT,Size L,17.1,4,UPS® Ground
Indianapolis,Mansfield,OH,Size L,10.41,1,UPS® Ground
Indianapolis,McDonough,GA,Size L,11.36,2,UPS® Ground
Indianapolis,Merritt Island,FL,Size L,14.74,2,UPS® Ground
Indianapolis,Midlothian,VA,Size L,11.36,2,UPS® Ground
Indianapolis,Millington,TN,Size L,11.36,2,UPS® Ground
Indianapolis,Milton,FL,Size L,14.74,2,UPS® Ground
Indianapolis,Moab,UT,Size L,16.04,4,UPS® Ground
Indianapolis,Monroe,NC,Size L,11.36,2,UPS® Ground
Indianapolis,Mooresville,IN,Size L,9.41,1,UPS® Ground
Indianapolis,Morganton,NC,Size L,11.36,2,UPS® Ground
Indianapolis,Murfreesboro,TN,Size L,10.41,2,UPS® Ground
Indianapolis,Newburgh,NY,Size L,14.74,3,UPS® Ground
Indianapolis,Navarre,FL,Size L,14.74,2,UPS® Ground
Indianapolis,New Market,AL,Size L,11.36,2,UPS® Ground
Indianapolis,Newnan,GA,Size L,11.36,2,UPS® Ground
Indianapolis,Norman,OK,Size L,14.74,2,UPS® Ground
Indianapolis,Novi,MI,Size L,10.41,2,UPS® Ground
Indianapolis,Ormond Beach,FL,Size L,14.74,2,UPS® Ground
Indianapolis,Owensboro,KY,Size L,10.41,1,UPS® Ground
Indianapolis,Oconto,WI,Size L,11.36,2,UPS® Ground
Indianapolis,Old Bridge,NJ,Size L,14.74,2,UPS® Ground
Indianapolis,Olympia,WA,Size L,18.12,3,UPS® Ground
Indianapolis,Oregon City,OR,Size L,18.12,3,UPS® Ground
Indianapolis,Oxford,MI,Size L,10.41,2,UPS® Ground
Indianapolis,Peachtree City,GA,Size L,11.36,2,UPS® Ground
Indianapolis,Pleasanton,CA,Size L,18.12,3,UPS® Ground
Indianapolis,Poughkeepsie,NY,Size L,14.74,3,UPS® Ground
Indianapolis,Pagosa Springs,CO,Size L,16.04,3,UPS® Ground
Indianapolis,Pasadena,CA,Size L,17.1,3,UPS® Ground
Indianapolis,Pasadena,TX,Size L,14.74,3,UPS® Ground
Indianapolis,Pasco,WA,Size L,17.1,3,UPS® Ground
Indianapolis,Pawtucket,RI,Size L,14.74,2,UPS® Ground
Indianapolis,Pembroke,MA,Size L,14.74,3,UPS® Ground
Indianapolis,Perrysburg,OH,Size L,10.41,1,UPS® Ground
Indianapolis,Plant City,FL,Size L,14.74,2,UPS® Ground
Indianapolis,Port Orchard,WA,Size L,18.12,3,UPS® Ground
Indianapolis,Prescott Valley,AZ,Size L,17.1,4,UPS® Ground
Indianapolis,Princeton,NJ,Size L,11.36,2,UPS® Ground
Indianapolis,Quincy,MA,Size L,14.74,3,UPS® Ground
Indianapolis,Redwood City,CA,Size L,18.12,3,UPS® Ground
Indianapolis,Rohnert Park,CA,Size L,18.12,3,UPS® Ground
Indianapolis,Rigby,ID,Size L,16.04,5,UPS® Ground
Indianapolis,Ripon,WI,Size L,11.36,2,UPS® Ground
Indianapolis,Rogers,AR,Size L,11.36,2,UPS® Ground
Indianapolis,Rowlett,TX,Size L,16.04,2,UPS® Ground
Indianapolis,Rydal,PA,Size L,14.74,2,UPS® Ground
Indianapolis,Shepherdsville,KY,Size L,9.41,1,UPS® Ground
Indianapolis,Shreveport,LA,Size L,11.36,2,UPS® Ground
Indianapolis,Stamford,CT,Size L,14.74,2,UPS® Ground
Indianapolis,Salt Lake City,UT,Size L,16.04,3,UPS® Ground
Indianapolis,Sanford,NC,Size L,11.36,2,UPS® Ground
Indianapolis,Santa Ana,CA,Size L,17.1,3,UPS® Ground
Indianapolis,Santa Cruz,CA,Size L,18.12,3,UPS® Ground
Indianapolis,Santa Fe,NM,Size L,16.04,4,UPS® Ground
Indianapolis,Sarver,PA,Size L,11.36,2,UPS® Ground
Indianapolis,Schenectady,NY,Size L,14.74,2,UPS® Ground
Indianapolis,Sierra Vista,AZ,Size L,17.1,4,UPS® Ground
Indianapolis,Silver Spring,MD,Size L,11.36,2,UPS® Ground
Indianapolis,South Jordan,UT,Size L,16.04,3,UPS® Ground
Indianapolis,Springfield,MO,Size L,11.36,2,UPS® Ground
Indianapolis,Summerville,SC,Size L,11.36,2,UPS® Ground
Indianapolis,Sumter,SC,Size L,11.36,2,UPS® Ground
Indianapolis,Sun City,AZ,Size L,17.1,3,UPS® Ground
Indianapolis,Syosset,NY,Size L,14.74,2,UPS® Ground
Indianapolis,Taunton,MA,Size L,14.74,3,UPS® Ground
Indianapolis,Texarkana,TX,Size L,14.74,2,UPS® Ground
Indianapolis,Toledo,OH,Size L,10.41,1,UPS® Ground
Indianapolis,Urbana,OH,Size L,10.41,1,UPS® Ground
Indianapolis,Valparaiso,IN,Size L,9.41,1,UPS® Ground
Indianapolis,Waco,TX,Size L,14.74,2,UPS® Ground
Indianapolis,West Lafayette,IN,Size L,9.41,1,UPS® Ground
Indianapolis,Winter Garden,FL,Size L,14.74,2,UPS® Ground
Indianapolis,Winter Haven,FL,Size L,14.74,2,UPS® Ground
Indianapolis,Wylie,TX,Size L,16.04,2,UPS® Ground
Indianapolis,Waldorf,MD,Size L,11.36,2,UPS® Ground
Indianapolis,Wesley Chapel,FL,Size L,14.74,2,UPS® Ground
Indianapolis,West Palm Beach,FL,Size L,16.04,3,UPS® Ground
Indianapolis,Williamsburg,VA,Size L,11.36,2,UPS® Ground
Indianapolis,Woodbridge,VA,Size L,11.36,2,UPS® Ground
Indianapolis,Woodside,CA,Size L,18.12,3,UPS® Ground
Indianapolis,Yorba Linda,CA,Size L,18.12,3,UPS® Ground
Indianapolis,Queens Village,NY,Size L,14.74,2,UPS® Ground
Phoenix,Antioch,IL,Size L,17.1,3,UPS® Ground
Phoenix,Algonquin,IL,Size L,17.1,3,UPS® Ground
Phoenix,Allen,TX,Size L,14.74,3,UPS® Ground
Phoenix,Ames,IA,Size L,16.04,3,UPS® Ground
Phoenix,Anaheim,CA,Size L,14.74,2,UPS® Ground
Phoenix,Aptos,CA,Size L,14.74,2,UPS® Ground
Phoenix,Astoria,NY,Size L,18.12,4,UPS® Ground
Phoenix,Bloomington,IN,Size L,17.1,3,UPS® Ground
Phoenix,Bremerton,WA,Size L,17.1,3,UPS® Ground
Phoenix,Brunswick,OH,Size L,17.1,3,UPS® Ground
Phoenix,Burke,VA,Size L,18.12,4,UPS® Ground
Phoenix,Bedford,IN,Size L,17.1,3,UPS® Ground
Phoenix,Benton,LA,Size L,16.04,3,UPS® Ground
Phoenix,Billings,MT,Size L,14.74,3,UPS® Ground
Phoenix,Birdsboro,PA,Size L,18.12,4,UPS® Ground
Phoenix,Bothell,WA,Size L,17.1,3,UPS® Ground
Phoenix,Bowie,MD,Size L,18.12,4,UPS® Ground
Phoenix,Brentwood,TN,Size L,17.1,4,UPS® Ground
Phoenix,Bronx,NY,Size L,18.12,4,UPS® Ground
Phoenix,Brookfield,WI,Size L,17.1,3,UPS® Ground
Phoenix,Canton,OH,Size L,17.1,3,UPS® Ground
Phoenix,Celina,TX,Size L,14.74,3,UPS® Ground
Phoenix,Chapel Hill,NC,Size L,18.12,4,UPS® Ground
Phoenix,Claremore,OK,Size L,14.74,3,UPS® Ground
Phoenix,Clovis,CA,Size L,11.36,2,UPS® Ground
Phoenix,Cocoa,FL,Size L,18.12,3,UPS® Ground
Phoenix,Callahan,FL,Size L,17.1,3,UPS® Ground
Phoenix,Carmel,IN,Size L,17.1,3,UPS® Ground
Phoenix,Cedar Park,TX,Size L,16.04,3,UPS® Ground
Phoenix,Centennial,CO,Size L,14.74,2,UPS® Ground
Phoenix,Centerville,MA,Size L,18.12,4,UPS® Ground
Phoenix,Charleston,SC,Size L,18.12,4,UPS® Ground
Phoenix,Charlottesville,VA,Size L,18.12,4,UPS® Ground
Phoenix,Clarkesville,GA,Size L,17.1,4,UPS® Ground
Phoenix,Clayton,NC,Size L,18.12,4,UPS® Ground
Phoenix,Clifton,NJ,Size L,18.12,4,UPS® Ground
Phoenix,Collinsville,OK,Size L,14.74,3,UPS® Ground
Phoenix,Columbia,TN,Size L,17.1,4,UPS® Ground
Phoenix,Concord,NC,Size L,17.1,4,UPS® Ground
Phoenix,Cookeville,TN,Size L,17.1,4,UPS® Ground
Phoenix,Corpus Christi,TX,Size L,14.74,3,UPS® Ground
Phoenix,Corrales,NM,Size L,11.36,2,UPS® Ground
Phoenix,Corydon,IN,Size L,17.1,3,UPS® Ground
Phoenix,Cranston,RI,Size L,18.12,4,UPS® Ground
Phoenix,Dekalb,IL,Size L,17.1,3,UPS® Ground
Phoenix,Delaware,OH,Size L,17.1,3,UPS® Ground
Phoenix,Delmar,NY,Size L,18.12,4,UPS® Ground
Phoenix,Des Moines,IA,Size L,16.04,3,UPS® Ground
Phoenix,Dickson,TN,Size L,17.1,4,UPS® Ground
Phoenix,Downers Grove,IL,Size L,17.1,3,UPS® Ground
Phoenix,Dripping Springs,TX,Size L,16.04,3,UPS® Ground
Phoenix,Eustis,FL,Size L,18.12,3,UPS® Ground
Phoenix,East Hampton,NY,Size L,18.12,4,UPS® Ground
Phoenix,Fenton,MO,Size L,16.04,3,UPS® Ground
Phoenix,Fayetteville,AR,Size L,16.04,3,UPS® Ground
Phoenix,Flower Mound,TX,Size L,14.74,3,UPS® Ground
Phoenix,Franklin,OH,Size L,17.1,3,UPS® Ground
Phoenix,Friendswood,TX,Size L,16.04,3,UPS® Ground
Phoenix,Gainesville,FL,Size L,17.1,3,UPS® Ground
Phoenix,Gainesville,GA,Size L,17.1,4,UPS® Ground
Phoenix,Glendale,CA,Size L,11.36,2,UPS® Ground
Phoenix,Greenville,SC,Size L,17.1,4,UPS® Ground
Phoenix,Greenville,MI,Size L,17.1,3,UPS® Ground
Phoenix,Gaithersburg,MD,Size L,18.12,4,UPS® Ground
Phoenix,Garner,NC,Size L,18.12,4,UPS® Ground
Phoenix,Gastonia,NC,Size L,17.1,4,UPS® Ground
Phoenix,Granada Hills,CA,Size L,14.74,2,UPS® Ground
Phoenix,Granbury,TX,Size L,14.74,3,UPS® Ground
Phoenix,Griffin,GA,Size L,17.1,4,UPS® Ground
Phoenix,Harpers Ferry,WV,Size L,18.12,4,UPS® Ground
Phoenix,Haverhill,MA,Size L,18.12,4,UPS® Ground
Phoenix,Hayward,CA,Size L,14.74,2,UPS® Ground
Phoenix,Herriman,UT,Size L,11.36,2,UPS® Ground
Phoenix,Hillsboro,OR,Size L,16.04,3,UPS® Ground
Phoenix,Hoboken,NJ,Size L,18.12,4,UPS® Ground
Phoenix,Huntley,IL,Size L,17.1,3,UPS® Ground
Phoenix,Hagerstown,MD,Size L,18.12,4,UPS® Ground
Phoenix,Hamilton,OH,Size L,17.1,3,UPS® Ground
Phoenix,Harrisburg,PA,Size L,18.12,4,UPS® Ground
Phoenix,Hendersonville,NC,Size L,17.1,4,UPS® Ground
Phoenix,Hendersonville,TN,Size L,17.1,4,UPS® Ground
Phoenix,Holland,MI,Size L,17.1,3,UPS® Ground
Phoenix,Indian Trail,NC,Size L,17.1,4,UPS® Ground
Phoenix,Jersey City,NJ,Size L,18.12,4,UPS® Ground
Phoenix,Johnstown,PA,Size L,18.12,4,UPS® Ground
Phoenix,Kalamazoo,MI,Size L,17.1,3,UPS® Ground
Phoenix,Keatchie,LA,Size L,16.04,3,UPS® Ground
Phoenix,Kennewick,WA,Size L,14.74,3,UPS® Ground
Phoenix,Kingsport,TN,Size L,17.1,4,UPS® Ground
Phoenix,Lake Elsinore,CA,Size L,11.36,2,UPS® Ground
Phoenix,Lebanon,OH,Size L,17.1,3,UPS® Ground
Phoenix,Little Rock,AR,Size L,16.04,3,UPS® Ground
Phoenix,Livonia,MI,Size L,17.1,3,UPS® Ground
Phoenix,Los Alamos,NM,Size L,11.36,2,UPS® Ground
Phoenix,Loveland,CO,Size L,14.74,2,UPS® Ground
Phoenix,La Mesa,CA,Size L,10.41,2,UPS® Ground
Phoenix,La Quinta,CA,Size L,10.41,2,UPS® Ground
Phoenix,Lake Oswego,OR,Size L,16.04,3,UPS® Ground
Phoenix,Lake Saint Louis,MO,Size L,16.04,3,UPS® Ground
Phoenix,Lake in the Hills,IL,Size L,17.1,3,UPS® Ground
Phoenix,Lakeway,TX,Size L,16.04,3,UPS® Ground
Phoenix,Lancaster,NY,Size L,18.12,4,UPS® Ground
Phoenix,Leander,TX,Size L,16.04,3,UPS® Ground
Phoenix,Lees Summit,MO,Size L,16.04,3,UPS® Ground
Phoenix,Lenoir,NC,Size L,17.1,4,UPS® Ground
Phoenix,Lewis Center,OH,Size L,17.1,3,UPS® Ground
Phoenix,Lexington,IN,Size L,17.1,3,UPS® Ground
Phoenix,Lodi,CA,Size L,11.36,2,UPS® Ground
Phoenix,Lynden,WA,Size L,17.1,3,UPS® Ground
Phoenix,Methuen,MA,Size L,18.12,4,UPS® Ground
Phoenix,Milford,CT,Size L,18.12,4,UPS® Ground
Phoenix,Mineola,TX,Size L,14.74,3,UPS® Ground
Phoenix,Missoula,MT,Size L,14.74,3,UPS® Ground
Phoenix,Mansfield,OH,Size L,17.1,3,UPS® Ground
Phoenix,McDonough,GA,Size L,17.1,4,UPS® Ground
Phoenix,Merritt Island,FL,Size L,18.12,3,UPS® Ground
Phoenix,Midlothian,VA,Size L,18.12,4,UPS® Ground
Phoenix,Millington,TN,Size L,16.04,3,UPS® Ground
Phoenix,Milton,FL,Size L,17.1,4,UPS® Ground
Phoenix,Moab,UT,Size L,11.36,3,UPS® Ground
Phoenix,Monroe,NC,Size L,18.12,4,UPS® Ground
Phoenix,Mooresville,IN,Size L,17.1,3,UPS® Ground
Phoenix,Morganton,NC,Size L,17.1,4,UPS® Ground
Phoenix,Murfreesboro,TN,Size L,17.1,4,UPS® Ground
Phoenix,Newburgh,NY,Size L,18.12,4,UPS® Ground
Phoenix,Navarre,FL,Size L,17.1,4,UPS® Ground
Phoenix,New Market,AL,Size L,17.1,4,UPS® Ground
Phoenix,Newnan,GA,Size L,17.1,4,UPS® Ground
Phoenix,Norman,OK,Size L,14.74,3,UPS® Ground
Phoenix,Novi,MI,Size L,17.1,3,UPS® Ground
Phoenix,Ormond Beach,FL,Size L,17.1,3,UPS® Ground
Phoenix,Owensboro,KY,Size L,16.04,3,UPS® Ground
Phoenix,Oconto,WI,Size L,17.1,3,UPS® Ground
Phoenix,Old Bridge,NJ,Size L,18.12,4,UPS® Ground
Phoenix,Olympia,WA,Size L,16.04,3,UPS® Ground
Phoenix,Oregon City,OR,Size L,16.04,3,UPS® Ground
Phoenix,Oxford,MI,Size L,17.1,3,UPS® Ground
Phoenix,Peachtree City,GA,Size L,17.1,4,UPS® Ground
Phoenix,Pleasanton,CA,Size L,14.74,2,UPS® Ground
Phoenix,Poughkeepsie,NY,Size L,18.12,4,UPS® Ground
Phoenix,Pagosa Springs,CO,Size L,11.36,2,UPS® Ground
Phoenix,Pasadena,CA,Size L,11.36,2,UPS® Ground
Phoenix,Pasadena,TX,Size L,16.04,3,UPS® Ground
Phoenix,Pasco,WA,Size L,14.74,3,UPS® Ground
Phoenix,Pawtucket,RI,Size L,18.12,4,UPS® Ground
Phoenix,Pembroke,MA,Size L,18.12,4,UPS® Ground
Phoenix,Perrysburg,OH,Size L,17.1,3,UPS® Ground
Phoenix,Plant City,FL,Size L,18.12,3,UPS® Ground
Phoenix,Port Orchard,WA,Size L,17.1,3,UPS® Ground
Phoenix,Prescott Valley,AZ,Size L,9.41,1,UPS® Ground
Phoenix,Princeton,NJ,Size L,18.12,4,UPS® Ground
Phoenix,Quincy,MA,Size L,18.12,4,UPS® Ground
Phoenix,Redwood City,CA,Size L,14.74,2,UPS® Ground
Phoenix,Rohnert Park,CA,Size L,16.04,2,UPS® Ground
Phoenix,Rigby,ID,Size L,14.74,3,UPS® Ground
Phoenix,Ripon,WI,Size L,17.1,3,UPS® Ground
Phoenix,Rogers,AR,Size L,16.04,3,UPS® Ground
Phoenix,Rowlett,TX,Size L,14.74,3,UPS® Ground
Phoenix,Rydal,PA,Size L,18.12,4,UPS® Ground
Phoenix,Shepherdsville,KY,Size L,17.1,3,UPS® Ground
Phoenix,Shreveport,LA,Size L,16.04,3,UPS® Ground
Phoenix,Stamford,CT,Size L,18.12,4,UPS® Ground
Phoenix,Salt Lake City,UT,Size L,11.36,2,UPS® Ground
Phoenix,Sanford,NC,Size L,18.12,4,UPS® Ground
Phoenix,Santa Ana,CA,Size L,11.36,2,UPS® Ground
Phoenix,Santa Cruz,CA,Size L,14.74,2,UPS® Ground
Phoenix,Santa Fe,NM,Size L,11.36,2,UPS® Ground
Phoenix,Sarver,PA,Size L,18.12,4,UPS® Ground
Phoenix,Schenectady,NY,Size L,18.12,4,UPS® Ground
Phoenix,Sierra Vista,AZ,Size L,10.41,1,UPS® Ground
Phoenix,Silver Spring,MD,Size L,18.12,4,UPS® Ground
Phoenix,South Jordan,UT,Size L,11.36,2,UPS® Ground
Phoenix,Springfield,MO,Size L,16.04,3,UPS® Ground
Phoenix,Summerville,SC,Size L,18.12,4,UPS® Ground
Phoenix,Sumter,SC,Size L,18.12,4,UPS® Ground
Phoenix,Sun City,AZ,Size L,9.41,1,UPS® Ground
Phoenix,Syosset,NY,Size L,18.12,4,UPS® Ground
Phoenix,Taunton,MA,Size L,18.12,4,UPS® Ground
Phoenix,Texarkana,TX,Size L,16.04,3,UPS® Ground
Phoenix,Toledo,OH,Size L,17.1,3,UPS® Ground
Phoenix,Urbana,OH,Size L,17.1,3,UPS® Ground
Phoenix,Valparaiso,IN,Size L,17.1,3,UPS® Ground
Phoenix,Waco,TX,Size L,14.74,3,UPS® Ground
Phoenix,West Lafayette,IN,Size L,16.04,3,UPS® Ground
Phoenix,Winter Garden,FL,Size L,18.12,3,UPS® Ground
Phoenix,Winter Haven,FL,Size L,18.12,3,UPS® Ground
Phoenix,Wylie,TX,Size L,14.74,3,UPS® Ground
Phoenix,Waldorf,MD,Size L,18.12,4,UPS® Ground
Phoenix,Wesley Chapel,FL,Size L,18.12,3,UPS® Ground
Phoenix,West Palm Beach,FL,Size L,18.12,4,UPS® Ground
Phoenix,Williamsburg,VA,Size L,18.12,4,UPS® Ground
Phoenix,Woodbridge,VA,Size L,18.12,4,UPS® Ground
Phoenix,Woodside,CA,Size L,14.74,2,UPS® Ground
Phoenix,Yorba Linda,CA,Size L,14.74,2,UPS® Ground
Phoenix,Queens Village,NY,Size L,18.12,4,UPS® Ground
Saint Louis,Antioch,IL,Size L,11.36,1,UPS® Ground
Saint Louis,Algonquin,IL,Size L,11.36,1,UPS® Ground
Saint Louis,Allen,TX,Size L,14.74,2,UPS® Ground
Saint Louis,Ames,IA,Size L,11.36,2,UPS® Ground
Saint Louis,Anaheim,CA,Size L,17.1,3,UPS® Ground
Saint Louis,Aptos,CA,Size L,17.1,4,UPS® Ground
Saint Louis,Astoria,NY,Size L,14.74,3,UPS® Ground
Saint Louis,Bloomington,IN,Size L,10.41,2,UPS® Ground
Saint Louis,Bremerton,WA,Size L,18.12,4,UPS® Ground
Saint Louis,Brunswick,OH,Size L,11.36,2,UPS® Ground
Saint Louis,Burke,VA,Size L,14.74,3,UPS® Ground
Saint Louis,Bedford,IN,Size L,10.41,2,UPS® Ground
Saint Louis,Benton,LA,Size L,11.36,2,UPS® Ground
Saint Louis,Billings,MT,Size L,16.04,4,UPS® Ground
Saint Louis,Birdsboro,PA,Size L,14.74,3,UPS® Ground
Saint Louis,Bothell,WA,Size L,17.1,4,UPS® Ground
Saint Louis,Bowie,MD,Size L,14.74,3,UPS® Ground
Saint Louis,Brentwood,TN,Size L,10.41,1,UPS® Ground
Saint Louis,Bronx,NY,Size L,14.74,3,UPS® Ground
Saint Louis,Brookfield,WI,Size L,11.36,2,UPS® Ground
Saint Louis,Canton,OH,Size L,11.36,2,UPS® Ground
Saint Louis,Celina,TX,Size L,14.74,2,UPS® Ground
Saint Louis,Chapel Hill,NC,Size L,14.74,2,UPS® Ground
Saint Louis,Claremore,OK,Size L,11.36,2,UPS® Ground
Saint Louis,Clovis,CA,Size L,17.1,4,UPS® Ground
Saint Louis,Cocoa,FL,Size L,14.74,3,UPS® Ground
Saint Louis,Callahan,FL,Size L,14.74,3,UPS® Ground
Saint Louis,Carmel,IN,Size L,10.41,1,UPS® Ground
Saint Louis,Cedar Park,TX,Size L,14.74,2,UPS® Ground
Saint Louis,Centennial,CO,Size L,14.74,2,UPS® Ground
Saint Louis,Centerville,MA,Size L,16.04,3,UPS® Ground
Saint Louis,Charleston,SC,Size L,14.74,2,UPS® Ground
Saint Louis,Charlottesville,VA,Size L,14.74,2,UPS® Ground
Saint Louis,Clarkesville,GA,Size L,11.36,2,UPS® Ground
Saint Louis,Clayton,NC,Size L,14.74,2,UPS® Ground
Saint Louis,Clifton,NJ,Size L,14.74,3,UPS® Ground
Saint Louis,Collinsville,OK,Size L,11.36,2,UPS® Ground
Saint Louis,Columbia,TN,Size L,10.41,2,UPS® Ground
Saint Louis,Concord,NC,Size L,11.36,2,UPS® Ground
Saint Louis,Cookeville,TN,Size L,11.36,2,UPS® Ground
Saint Louis,Corpus Christi,TX,Size L,14.74,3,UPS® Ground
Saint Louis,Corrales,NM,Size L,14.74,3,UPS® Ground
Saint Louis,Corydon,IN,Size L,10.41,2,UPS® Ground
Saint Louis,Cranston,RI,Size L,16.04,3,UPS® Ground
Saint Louis,Dekalb,IL,Size L,11.36,1,UPS® Ground
Saint Louis,Delaware,OH,Size L,11.36,2,UPS® Ground
Saint Louis,Delmar,NY,Size L,14.74,3,UPS® Ground
Saint Louis,Des Moines,IA,Size L,10.41,2,UPS® Ground
Saint Louis,Dickson,TN,Size L,10.41,2,UPS® Ground
Saint Louis,Downers Grove,IL,Size L,10.41,1,UPS® Ground
Saint Louis,Dripping Springs,TX,Size L,14.74,2,UPS® Ground
Saint Louis,Eustis,FL,Size L,14.74,3,UPS® Ground
Saint Louis,East Hampton,NY,Size L,14.74,3,UPS® Ground
Saint Louis,Fenton,MO,Size L,9.41,1,UPS® Ground
Saint Louis,Fayetteville,AR,Size L,10.41,2,UPS® Ground
Saint Louis,Flower Mound,TX,Size L,14.74,2,UPS® Ground
Saint Louis,Franklin,OH,Size L,11.36,2,UPS® Ground
Saint Louis,Friendswood,TX,Size L,14.74,2,UPS® Ground
Saint Louis,Gainesville,FL,Size L,14.74,3,UPS® Ground
Saint Louis,Gainesville,GA,Size L,11.36,2,UPS® Ground
Saint Louis,Glendale,CA,Size L,17.1,3,UPS® Ground
Saint Louis,Greenville,SC,Size L,11.36,2,UPS® Ground
Saint Louis,Greenville,MI,Size L,11.36,2,UPS® Ground
Saint Louis,Gaithersburg,MD,Size L,14.74,3,UPS® Ground
Saint Louis,Garner,NC,Size L,14.74,2,UPS® Ground
Saint Louis,Gastonia,NC,Size L,11.36,2,UPS® Ground
Saint Louis,Granada Hills,CA,Size L,17.1,3,UPS® Ground
Saint Louis,Granbury,TX,Size L,14.74,2,UPS® Ground
Saint Louis,Griffin,GA,Size L,11.36,2,UPS® Ground
Saint Louis,Harpers Ferry,WV,Size L,14.74,2,UPS® Ground
Saint Louis,Haverhill,MA,Size L,16.04,3,UPS® Ground
Saint Louis,Hayward,CA,Size L,17.1,4,UPS® Ground
Saint Louis,Herriman,UT,Size L,16.04,4,UPS® Ground
Saint Louis,Hillsboro,OR,Size L,17.1,4,UPS® Ground
Saint Louis,Hoboken,NJ,Size L,14.74,3,UPS® Ground
Saint Louis,Huntley,IL,Size L,11.36,1,UPS® Ground
Saint Louis,Hagerstown,MD,Size L,14.74,3,UPS® Ground
Saint Louis,Hamilton,OH,Size L,11.36,2,UPS® Ground
Saint Louis,Harrisburg,PA,Size L,14.74,2,UPS® Ground
Saint Louis,Hendersonville,NC,Size L,11.36,2,UPS® Ground
Saint Louis,Hendersonville,TN,Size L,10.41,1,UPS® Ground
Saint Louis,Holland,MI,Size L,11.36,2,UPS® Ground
Saint Louis,Indian Trail,NC,Size L,11.36,2,UPS® Ground
Saint Louis,Jersey City,NJ,Size L,14.74,3,UPS® Ground
Saint Louis,Johnstown,PA,Size L,14.74,2,UPS® Ground
Saint Louis,Kalamazoo,MI,Size L,11.36,2,UPS® Ground
Saint Louis,Keatchie,LA,Size L,11.36,3,UPS® Ground
Saint Louis,Kennewick,WA,Size L,17.1,4,UPS® Ground
Saint Louis,Kingsport,TN,Size L,11.36,2,UPS® Ground
Saint Louis,Lake Elsinore,CA,Size L,17.1,3,UPS® Ground
Saint Louis,Lebanon,OH,Size L,11.36,2,UPS® Ground
Saint Louis,Little Rock,AR,Size L,10.41,2,UPS® Ground
Saint Louis,Livonia,MI,Size L,11.36,2,UPS® Ground
Saint Louis,Los Alamos,NM,Size L,14.74,3,UPS® Ground
Saint Louis,Loveland,CO,Size L,14.74,2,UPS® Ground
Saint Louis,La Mesa,CA,Size L,17.1,3,UPS® Ground
Saint Louis,La Quinta,CA,Size L,17.1,3,UPS® Ground
Saint Louis,Lake Oswego,OR,Size L,17.1,3,UPS® Ground
Saint Louis,Lake Saint Louis,MO,Size L,9.41,1,UPS® Ground
Saint Louis,Lake in the Hills,IL,Size L,11.36,1,UPS® Ground
Saint Louis,Lakeway,TX,Size L,14.74,2,UPS® Ground
Saint Louis,Lancaster,NY,Size L,14.74,3,UPS® Ground
Saint Louis,Leander,TX,Size L,14.74,2,UPS® Ground
Saint Louis,Lees Summit,MO,Size L,10.41,1,UPS® Ground
Saint Louis,Lenoir,NC,Size L,11.36,2,UPS® Ground
Saint Louis,Lewis Center,OH,Size L,11.36,2,UPS® Ground
Saint Louis,Lexington,IN,Size L,10.41,2,UPS® Ground
Saint Louis,Lodi,CA,Size L,17.1,4,UPS® Ground
Saint Louis,Lynden,WA,Size L,17.1,4,UPS® Ground
Saint Louis,Methuen,MA,Size L,16.04,3,UPS® Ground
Saint Louis,Milford,CT,Size L,14.74,3,UPS® Ground
Saint Louis,Mineola,TX,Size L,11.36,2,UPS® Ground
Saint Louis,Missoula,MT,Size L,16.04,4,UPS® Ground
Saint Louis,Mansfield,OH,Size L,11.36,2,UPS® Ground
Saint Louis,McDonough,GA,Size L,11.36,2,UPS® Ground
Saint Louis,Merritt Island,FL,Size L,14.74,3,UPS® Ground
Saint Louis,Midlothian,VA,Size L,14.74,2,UPS® Ground
Saint Louis,Millington,TN,Size L,10.41,1,UPS® Ground
Saint Louis,Milton,FL,Size L,14.74,2,UPS® Ground
Saint Louis,Moab,UT,Size L,16.04,4,UPS® Ground
Saint Louis,Monroe,NC,Size L,14.74,2,UPS® Ground
Saint Louis,Mooresville,IN,Size L,10.41,1,UPS® Ground
Saint Louis,Morganton,NC,Size L,11.36,2,UPS® Ground
Saint Louis,Murfreesboro,TN,Size L,10.41,1,UPS® Ground
Saint Louis,Newburgh,NY,Size L,14.74,3,UPS® Ground
Saint Louis,Navarre,FL,Size L,14.74,2,UPS® Ground
Saint Louis,New Market,AL,Size L,11.36,2,UPS® Ground
Saint Louis,Newnan,GA,Size L,11.36,2,UPS® Ground
Saint Louis,Norman,OK,Size L,11.36,2,UPS® Ground
Saint Louis,Novi,MI,Size L,11.36,2,UPS® Ground
Saint Louis,Ormond Beach,FL,Size L,14.74,3,UPS® Ground
Saint Louis,Owensboro,KY,Size L,10.41,2,UPS® Ground
Saint Louis,Oconto,WI,Size L,11.36,2,UPS® Ground
Saint Louis,Old Bridge,NJ,Size L,14.74,3,UPS® Ground
Saint Louis,Olympia,WA,Size L,17.1,4,UPS® Ground
Saint Louis,Oregon City,OR,Size L,17.1,3,UPS® Ground
Saint Louis,Oxford,MI,Size L,11.36,2,UPS® Ground
Saint Louis,Peachtree City,GA,Size L,11.36,2,UPS® Ground
Saint Louis,Pleasanton,CA,Size L,17.1,4,UPS® Ground
Saint Louis,Poughkeepsie,NY,Size L,14.74,3,UPS® Ground
Saint Louis,Pagosa Springs,CO,Size L,14.74,2,UPS® Ground
Saint Louis,Pasadena,CA,Size L,17.1,3,UPS® Ground
Saint Louis,Pasadena,TX,Size L,14.74,2,UPS® Ground
Saint Louis,Pasco,WA,Size L,17.1,4,UPS® Ground
Saint Louis,Pawtucket,RI,Size L,16.04,3,UPS® Ground
Saint Louis,Pembroke,MA,Size L,16.04,3,UPS® Ground
Saint Louis,Perrysburg,OH,Size L,11.36,2,UPS® Ground
Saint Louis,Plant City,FL,Size L,14.74,3,UPS® Ground
Saint Louis,Port Orchard,WA,Size L,18.12,4,UPS® Ground
Saint Louis,Prescott Valley,AZ,Size L,16.04,3,UPS® Ground
Saint Louis,Princeton,NJ,Size L,14.74,3,UPS® Ground
Saint Louis,Quincy,MA,Size L,16.04,3,UPS® Ground
Saint Louis,Redwood City,CA,Size L,17.1,4,UPS® Ground
Saint Louis,Rohnert Park,CA,Size L,17.1,4,UPS® Ground
Saint Louis,Rigby,ID,Size L,16.04,5,UPS® Ground
Saint Louis,Ripon,WI,Size L,11.36,2,UPS® Ground
Saint Louis,Rogers,AR,Size L,10.41,2,UPS® Ground
Saint Louis,Rowlett,TX,Size L,14.74,2,UPS® Ground
Saint Louis,Rydal,PA,Size L,14.74,3,UPS® Ground
Saint Louis,Shepherdsville,KY,Size L,10.41,2,UPS® Ground
Saint Louis,Shreveport,LA,Size L,11.36,2,UPS® Ground
Saint Louis,Stamford,CT,Size L,14.74,3,UPS® Ground
Saint Louis,Salt Lake City,UT,Size L,16.04,4,UPS® Ground
Saint Louis,Sanford,NC,Size L,14.74,2,UPS® Ground
Saint Louis,Santa Ana,CA,Size L,17.1,3,UPS® Ground
Saint Louis,Santa Cruz,CA,Size L,17.1,4,UPS® Ground
Saint Louis,Santa Fe,NM,Size L,14.74,3,UPS® Ground
Saint Louis,Sarver,PA,Size L,11.36,2,UPS® Ground
Saint Louis,Schenectady,NY,Size L,14.74,3,UPS® Ground
Saint Louis,Sierra Vista,AZ,Size L,16.04,3,UPS® Ground
Saint Louis,Silver Spring,MD,Size L,14.74,3,UPS® Ground
Saint Louis,South Jordan,UT,Size L,16.04,4,UPS® Ground
Saint Louis,Springfield,MO,Size L,10.41,1,UPS® Ground
Saint Louis,Summerville,SC,Size L,14.74,2,UPS® Ground
Saint Louis,Sumter,SC,Size L,14.74,2,UPS® Ground
Saint Louis,Sun City,AZ,Size L,17.1,3,UPS® Ground
Saint Louis,Syosset,NY,Size L,14.74,3,UPS® Ground
Saint Louis,Taunton,MA,Size L,16.04,3,UPS® Ground
Saint Louis,Texarkana,TX,Size L,11.36,2,UPS® Ground
Saint Louis,Toledo,OH,Size L,11.36,2,UPS® Ground
Saint Louis,Urbana,OH,Size L,11.36,2,UPS® Ground
Saint Louis,Valparaiso,IN,Size L,10.41,2,UPS® Ground
Saint Louis,Waco,TX,Size L,14.74,2,UPS® Ground
Saint Louis,West Lafayette,IN,Size L,10.41,2,UPS® Ground
Saint Louis,Winter Garden,FL,Size L,14.74,3,UPS® Ground
Saint Louis,Winter Haven,FL,Size L,14.74,3,UPS® Ground
Saint Louis,Wylie,TX,Size L,14.74,2,UPS® Ground
Saint Louis,Waldorf,MD,Size L,14.74,3,UPS® Ground
Saint Louis,Wesley Chapel,FL,Size L,14.74,3,UPS® Ground
Saint Louis,West Palm Beach,FL,Size L,16.04,3,UPS® Ground
Saint Louis,Williamsburg,VA,Size L,14.74,2,UPS® Ground
Saint Louis,Woodbridge,VA,Size L,14.74,3,UPS® Ground
Saint Louis,Woodside,CA,Size L,17.1,4,UPS® Ground
Saint Louis,Yorba Linda,CA,Size L,17.1,3,UPS® Ground
Saint Louis,Queens Village,NY,Size L,14.74,3,UPS® Ground
Harrisburg,Antioch,IL,Size L,14.74,2,UPS® Ground
Harrisburg,Algonquin,IL,Size L,14.74,2,UPS® Ground
Harrisburg,Allen,TX,Size L,16.04,3,UPS® Ground
Harrisburg,Ames,IA,Size L,14.74,2,UPS® Ground
Harrisburg,Anaheim,CA,Size L,18.12,4,UPS® Ground
Harrisburg,Aptos,CA,Size L,18.12,4,UPS® Ground
Harrisburg,Astoria,NY,Size L,9.41,1,UPS® Ground
Harrisburg,Bloomington,IN,Size L,11.36,2,UPS® Ground
Harrisburg,Bremerton,WA,Size L,18.12,4,UPS® Ground
Harrisburg,Brunswick,OH,Size L,11.36,1,UPS® Ground
Harrisburg,Burke,VA,Size L,9.41,1,UPS® Ground
Harrisburg,Bedford,IN,Size L,11.36,2,UPS® Ground
Harrisburg,Benton,LA,Size L,16.04,3,UPS® Ground
Harrisburg,Billings,MT,Size L,17.1,4,UPS® Ground
Harrisburg,Birdsboro,PA,Size L,9.41,1,UPS® Ground
Harrisburg,Bothell,WA,Size L,18.12,4,UPS® Ground
Harrisburg,Bowie,MD,Size L,9.41,1,UPS® Ground
Harrisburg,Brentwood,TN,Size L,11.36,2,UPS® Ground
Harrisburg,Bronx,NY,Size L,10.41,1,UPS® Ground
Harrisburg,Brookfield,WI,Size L,14.74,2,UPS® Ground
Harrisburg,Canton,OH,Size L,10.41,1,UPS® Ground
Harrisburg,Celina,TX,Size L,16.04,3,UPS® Ground
Harrisburg,Chapel Hill,NC,Size L,11.36,2,UPS® Ground
Harrisburg,Claremore,OK,Size L,16.04,2,UPS® Ground
Harrisburg,Clovis,CA,Size L,18.12,4,UPS® Ground
Harrisburg,Cocoa,FL,Size L,14.74,2,UPS® Ground
Harrisburg,Callahan,FL,Size L,14.74,2,UPS® Ground
Harrisburg,Carmel,IN,Size L,11.36,2,UPS® Ground
Harrisburg,Cedar Park,TX,Size L,16.04,3,UPS® Ground
Harrisburg,Centennial,CO,Size L,17.1,3,UPS® Ground
Harrisburg,Centerville,MA,Size L,11.36,2,UPS® Ground
Harrisburg,Charleston,SC,Size L,11.36,2,UPS® Ground
Harrisburg,Charlottesville,VA,Size L,10.41,1,UPS® Ground
Harrisburg,Clarkesville,GA,Size L,11.36,2,UPS® Ground
Harrisburg,Clayton,NC,Size L,11.36,2,UPS® Ground
Harrisburg,Clifton,NJ,Size L,9.41,1,UPS® Ground
Harrisburg,Collinsville,OK,Size L,16.04,2,UPS® Ground
Harrisburg,Columbia,TN,Size L,14.74,2,UPS® Ground
Harrisburg,Concord,NC,Size L,11.36,2,UPS® Ground
Harrisburg,Cookeville,TN,Size L,11.36,2,UPS® Ground
Harrisburg,Corpus Christi,TX,Size L,17.1,3,UPS® Ground
Harrisburg,Corrales,NM,Size L,17.1,4,UPS® Ground
Harrisburg,Corydon,IN,Size L,11.36,2,UPS® Ground
Harrisburg,Cranston,RI,Size L,10.41,2,UPS® Ground
Harrisburg,Dekalb,IL,Size L,14.74,2,UPS® Ground
Harrisburg,Delaware,OH,Size L,11.36,2,UPS® Ground
Harrisburg,Delmar,NY,Size L,10.41,1,UPS® Ground
Harrisburg,Des Moines,IA,Size L,14.74,2,UPS® Ground
Harrisburg,Dickson,TN,Size L,11.36,2,UPS® Ground
Harrisburg,Downers Grove,IL,Size L,14.74,2,UPS® Ground
Harrisburg,Dripping Springs,TX,Size L,16.04,3,UPS® Ground
Harrisburg,Eustis,FL,Size L,14.74,2,UPS® Ground
Harrisburg,East Hampton,NY,Size L,10.41,1,UPS® Ground
Harrisburg,Fenton,MO,Size L,14.74,2,UPS® Ground
Harrisburg,Fayetteville,AR,Size L,14.74,3,UPS® Ground
Harrisburg,Flower Mound,TX,Size L,16.04,3,UPS® Ground
Harrisburg,Franklin,OH,Size L,11.36,2,UPS® Ground
Harrisburg,Friendswood,TX,Size L,16.04,3,UPS® Ground
Harrisburg,Gainesville,FL,Size L,14.74,2,UPS® Ground
Harrisburg,Gainesville,GA,Size L,11.36,2,UPS® Ground
Harrisburg,Glendale,CA,Size L,18.12,4,UPS® Ground
Harrisburg,Greenville,SC,Size L,11.36,2,UPS® Ground
Harrisburg,Greenville,MI,Size L,14.74,2,UPS® Ground
Harrisburg,Gaithersburg,MD,Size L,9.41,1,UPS® Ground
Harrisburg,Garner,NC,Size L,11.36,2,UPS® Ground
Harrisburg,Gastonia,NC,Size L,11.36,2,UPS® Ground
Harrisburg,Granada Hills,CA,Size L,18.12,4,UPS® Ground
Harrisburg,Granbury,TX,Size L,16.04,3,UPS® Ground
Harrisburg,Griffin,GA,Size L,14.74,2,UPS® Ground
Harrisburg,Harpers Ferry,WV,Size L,9.41,1,UPS® Ground
Harrisburg,Haverhill,MA,Size L,11.36,2,UPS® Ground
Harrisburg,Hayward,CA,Size L,18.12,4,UPS® Ground
Harrisburg,Herriman,UT,Size L,17.1,3,UPS® Ground
Harrisburg,Hillsboro,OR,Size L,18.12,4,UPS® Ground
Harrisburg,Hoboken,NJ,Size L,9.41,1,UPS® Ground
Harrisburg,Huntley,IL,Size L,14.74,2,UPS® Ground
Harrisburg,Hagerstown,MD,Size L,9.41,1,UPS® Ground
Harrisburg,Hamilton,OH,Size L,11.36,2,UPS® Ground
Harrisburg,Harrisburg,PA,Size L,9.41,1,UPS® Ground
Harrisburg,Hendersonville,NC,Size L,11.36,2,UPS® Ground
Harrisburg,Hendersonville,TN,Size L,11.36,2,UPS® Ground
Harrisburg,Holland,MI,Size L,11.36,2,UPS® Ground
Harrisburg,Indian Trail,NC,Size L,11.36,2,UPS® Ground
Harrisburg,Jersey City,NJ,Size L,9.41,1,UPS® Ground
Harrisburg,Johnstown,PA,Size L,9.41,1,UPS® Ground
Harrisburg,Kalamazoo,MI,Size L,11.36,2,UPS® Ground
Harrisburg,Keatchie,LA,Size L,16.04,3,UPS® Ground
Harrisburg,Kennewick,WA,Size L,18.12,4,UPS® Ground
Harrisburg,Kingsport,TN,Size L,11.36,2,UPS® Ground
Harrisburg,Lake Elsinore,CA,Size L,18.12,4,UPS® Ground
Harrisburg,Lebanon,OH,Size L,11.36,2,UPS® Ground
Harrisburg,Little Rock,AR,Size L,14.74,3,UPS® Ground
Harrisburg,Livonia,MI,Size L,14.74,2,UPS® Ground
Harrisburg,Los Alamos,NM,Size L,17.1,4,UPS® Ground
Harrisburg,Loveland,CO,Size L,17.1,3,UPS® Ground
Harrisburg,La Mesa,CA,Size L,18.12,4,UPS® Ground
Harrisburg,La Quinta,CA,Size L,18.12,4,UPS® Ground
Harrisburg,Lake Oswego,OR,Size L,18.12,4,UPS® Ground
Harrisburg,Lake Saint Louis,MO,Size L,14.74,2,UPS® Ground
Harrisburg,Lake in the Hills,IL,Size L,14.74,2,UPS® Ground
Harrisburg,Lakeway,TX,Size L,16.04,3,UPS® Ground
Harrisburg,Lancaster,NY,Size L,10.41,2,UPS® Ground
Harrisburg,Leander,TX,Size L,16.04,3,UPS® Ground
Harrisburg,Lees Summit,MO,Size L,14.74,3,UPS® Ground
Harrisburg,Lenoir,NC,Size L,11.36,2,UPS® Ground
Harrisburg,Lewis Center,OH,Size L,11.36,2,UPS® Ground
Harrisburg,Lexington,IN,Size L,11.36,2,UPS® Ground
Harrisburg,Lodi,CA,Size L,18.12,4,UPS® Ground
Harrisburg,Lynden,WA,Size L,18.12,4,UPS® Ground
Harrisburg,Methuen,MA,Size L,11.36,2,UPS® Ground
Harrisburg,Milford,CT,Size L,10.41,1,UPS® Ground
Harrisburg,Mineola,TX,Size L,16.04,3,UPS® Ground
Harrisburg,Missoula,MT,Size L,18.12,4,UPS® Ground
Harrisburg,Mansfield,OH,Size L,11.36,2,UPS® Ground
Harrisburg,McDonough,GA,Size L,14.74,2,UPS® Ground
Harrisburg,Merritt Island,FL,Size L,14.74,2,UPS® Ground
Harrisburg,Midlothian,VA,Size L,10.41,1,UPS® Ground
Harrisburg,Millington,TN,Size L,14.74,2,UPS® Ground
Harrisburg,Milton,FL,Size L,14.74,2,UPS® Ground
Harrisburg,Moab,UT,Size L,17.1,4,UPS® Ground
Harrisburg,Monroe,NC,Size L,11.36,2,UPS® Ground
Harrisburg,Mooresville,IN,Size L,11.36,2,UPS® Ground
Harrisburg,Morganton,NC,Size L,11.36,2,UPS® Ground
Harrisburg,Murfreesboro,TN,Size L,14.74,2,UPS® Ground
Harrisburg,Newburgh,NY,Size L,10.41,1,UPS® Ground
Harrisburg,Navarre,FL,Size L,14.74,2,UPS® Ground
Harrisburg,New Market,AL,Size L,14.74,2,UPS® Ground
Harrisburg,Newnan,GA,Size L,14.74,2,UPS® Ground
Harrisburg,Norman,OK,Size L,16.04,3,UPS® Ground
Harrisburg,Novi,MI,Size L,14.74,2,UPS® Ground
Harrisburg,Ormond Beach,FL,Size L,14.74,2,UPS® Ground
Harrisburg,Owensboro,KY,Size L,11.36,2,UPS® Ground
Harrisburg,Oconto,WI,Size L,14.74,2,UPS® Ground
Harrisburg,Old Bridge,NJ,Size L,9.41,1,UPS® Ground
Harrisburg,Olympia,WA,Size L,18.12,4,UPS® Ground
Harrisburg,Oregon City,OR,Size L,18.12,4,UPS® Ground
Harrisburg,Oxford,MI,Size L,14.74,2,UPS® Ground
Harrisburg,Peachtree City,GA,Size L,14.74,2,UPS® Ground
Harrisburg,Pleasanton,CA,Size L,18.12,4,UPS® Ground
Harrisburg,Poughkeepsie,NY,Size L,10.41,1,UPS® Ground
Harrisburg,Pagosa Springs,CO,Size L,17.1,4,UPS® Ground
Harrisburg,Pasadena,CA,Size L,18.12,4,UPS® Ground
Harrisburg,Pasadena,TX,Size L,16.04,3,UPS® Ground
Harrisburg,Pasco,WA,Size L,18.12,4,UPS® Ground
Harrisburg,Pawtucket,RI,Size L,10.41,2,UPS® Ground
Harrisburg,Pembroke,MA,Size L,11.36,2,UPS® Ground
Harrisburg,Perrysburg,OH,Size L,11.36,2,UPS® Ground
Harrisburg,Plant City,FL,Size L,14.74,2,UPS® Ground
Harrisburg,Port Orchard,WA,Size L,18.12,4,UPS® Ground
Harrisburg,Prescott Valley,AZ,Size L,18.12,3,UPS® Ground
Harrisburg,Princeton,NJ,Size L,9.41,1,UPS® Ground
Harrisburg,Quincy,MA,Size L,11.36,2,UPS® Ground
Harrisburg,Redwood City,CA,Size L,18.12,4,UPS® Ground
Harrisburg,Rohnert Park,CA,Size L,18.12,4,UPS® Ground
Harrisburg,Rigby,ID,Size L,17.1,5,UPS® Ground
Harrisburg,Ripon,WI,Size L,14.74,2,UPS® Ground
Harrisburg,Rogers,AR,Size L,14.74,3,UPS® Ground
Harrisburg,Rowlett,TX,Size L,16.04,3,UPS® Ground
Harrisburg,Rydal,PA,Size L,9.41,1,UPS® Ground
Harrisburg,Shepherdsville,KY,Size L,11.36,2,UPS® Ground
Harrisburg,Shreveport,LA,Size L,16.04,3,UPS® Ground
Harrisburg,Stamford,CT,Size L,10.41,1,UPS® Ground
Harrisburg,Salt Lake City,UT,Size L,18.12,3,UPS® Ground
Harrisburg,Sanford,NC,Size L,11.36,2,UPS® Ground
Harrisburg,Santa Ana,CA,Size L,18.12,4,UPS® Ground
Harrisburg,Santa Cruz,CA,Size L,18.12,4,UPS® Ground
Harrisburg,Santa Fe,NM,Size L,17.1,4,UPS® Ground
Harrisburg,Sarver,PA,Size L,9.41,1,UPS® Ground
Harrisburg,Schenectady,NY,Size L,10.41,1,UPS® Ground
Harrisburg,Sierra Vista,AZ,Size L,18.12,3,UPS® Ground
Harrisburg,Silver Spring,MD,Size L,9.41,1,UPS® Ground
Harrisburg,South Jordan,UT,Size L,17.1,3,UPS® Ground
Harrisburg,Springfield,MO,Size L,14.74,3,UPS® Ground
Harrisburg,Summerville,SC,Size L,11.36,2,UPS® Ground
Harrisburg,Sumter,SC,Size L,11.36,2,UPS® Ground
Harrisburg,Sun City,AZ,Size L,18.12,3,UPS® Ground
Harrisburg,Syosset,NY,Size L,10.41,1,UPS® Ground
Harrisburg,Taunton,MA,Size L,11.36,2,UPS® Ground
Harrisburg,Texarkana,TX,Size L,16.04,3,UPS® Ground
Harrisburg,Toledo,OH,Size L,11.36,2,UPS® Ground
Harrisburg,Urbana,OH,Size L,11.36,2,UPS® Ground
Harrisburg,Valparaiso,IN,Size L,11.36,2,UPS® Ground
Harrisburg,Waco,TX,Size L,16.04,3,UPS® Ground
Harrisburg,West Lafayette,IN,Size L,11.36,2,UPS® Ground
Harrisburg,Winter Garden,FL,Size L,14.74,2,UPS® Ground
Harrisburg,Winter Haven,FL,Size L,14.74,2,UPS® Ground
Harrisburg,Wylie,TX,Size L,16.04,3,UPS® Ground
Harrisburg,Waldorf,MD,Size L,9.41,1,UPS® Ground
Harrisburg,Wesley Chapel,FL,Size L,14.74,2,UPS® Ground
Harrisburg,West Palm Beach,FL,Size L,14.74,2,UPS® Ground
Harrisburg,Williamsburg,VA,Size L,10.41,1,UPS® Ground
Harrisburg,Woodbridge,VA,Size L,9.41,1,UPS® Ground
Harrisburg,Woodside,CA,Size L,18.12,4,UPS® Ground
Harrisburg,Yorba Linda,CA,Size L,18.12,4,UPS® Ground
Harrisburg,Queens Village,NY,Size L,10.41,1,UPS® Ground
Louisville,Antioch,IL,Size L,11.36,1,UPS® Ground
Louisville,Algonquin,IL,Size L,11.36,1,UPS® Ground
Louisville,Allen,TX,Size L,14.74,2,UPS® Ground
Louisville,Ames,IA,Size L,11.36,2,UPS® Ground
Louisville,Anaheim,CA,Size L,18.12,3,UPS® Ground
Louisville,Aptos,CA,Size L,18.12,4,UPS® Ground
Louisville,Astoria,NY,Size L,14.74,2,UPS® Ground
Louisville,Bloomington,IN,Size L,9.41,1,UPS® Ground
Louisville,Bremerton,WA,Size L,18.12,4,UPS® Ground
Louisville,Brunswick,OH,Size L,10.41,2,UPS® Ground
Louisville,Burke,VA,Size L,11.36,2,UPS® Ground
Louisville,Bedford,IN,Size L,9.41,1,UPS® Ground
Louisville,Benton,LA,Size L,11.36,2,UPS® Ground
Louisville,Billings,MT,Size L,16.04,4,UPS® Ground
Louisville,Birdsboro,PA,Size L,11.36,2,UPS® Ground
Louisville,Bothell,WA,Size L,18.12,4,UPS® Ground
Louisville,Bowie,MD,Size L,11.36,2,UPS® Ground
Louisville,Brentwood,TN,Size L,10.41,1,UPS® Ground
Louisville,Bronx,NY,Size L,14.74,2,UPS® Ground
Louisville,Brookfield,WI,Size L,11.36,2,UPS® Ground
Louisville,Canton,OH,Size L,10.41,2,UPS® Ground
Louisville,Celina,TX,Size L,14.74,2,UPS® Ground
Louisville,Chapel Hill,NC,Size L,11.36,2,UPS® Ground
Louisville,Claremore,OK,Size L,11.36,2,UPS® Ground
Louisville,Clovis,CA,Size L,18.12,4,UPS® Ground
Louisville,Cocoa,FL,Size L,14.74,2,UPS® Ground
Louisville,Callahan,FL,Size L,14.74,2,UPS® Ground
Louisville,Carmel,IN,Size L,9.41,1,UPS® Ground
Louisville,Cedar Park,TX,Size L,14.74,2,UPS® Ground
Louisville,Centennial,CO,Size L,16.04,2,UPS® Ground
Louisville,Centerville,MA,Size L,14.74,3,UPS® Ground
Louisville,Charleston,SC,Size L,11.36,2,UPS® Ground
Louisville,Charlottesville,VA,Size L,11.36,2,UPS® Ground
Louisville,Clarkesville,GA,Size L,11.36,2,UPS® Ground
Louisville,Clayton,NC,Size L,11.36,2,UPS® Ground
Louisville,Clifton,NJ,Size L,14.74,3,UPS® Ground
Louisville,Collinsville,OK,Size L,11.36,2,UPS® Ground
Louisville,Columbia,TN,Size L,10.41,1,UPS® Ground
Louisville,Concord,NC,Size L,11.36,2,UPS® Ground
Louisville,Cookeville,TN,Size L,9.41,1,UPS® Ground
Louisville,Corpus Christi,TX,Size L,14.74,3,UPS® Ground
Louisville,Corrales,NM,Size L,16.04,4,UPS® Ground
Louisville,Corydon,IN,Size L,9.41,1,UPS® Ground
Louisville,Cranston,RI,Size L,14.74,3,UPS® Ground
Louisville,Dekalb,IL,Size L,11.36,1,UPS® Ground
Louisville,Delaware,OH,Size L,10.41,2,UPS® Ground
Louisville,Delmar,NY,Size L,14.74,2,UPS® Ground
Louisville,Des Moines,IA,Size L,11.36,2,UPS® Ground
Louisville,Dickson,TN,Size L,10.41,1,UPS® Ground
Louisville,Downers Grove,IL,Size L,11.36,1,UPS® Ground
Louisville,Dripping Springs,TX,Size L,14.74,2,UPS® Ground
Louisville,Eustis,FL,Size L,14.74,2,UPS® Ground
Louisville,East Hampton,NY,Size L,14.74,2,UPS® Ground
Louisville,Fenton,MO,Size L,10.41,2,UPS® Ground
Louisville,Fayetteville,AR,Size L,11.36,2,UPS® Ground
Louisville,Flower Mound,TX,Size L,14.74,2,UPS® Ground
Louisville,Franklin,OH,Size L,9.41,1,UPS® Ground
Louisville,Friendswood,TX,Size L,16.04,3,UPS® Ground
Louisville,Gainesville,FL,Size L,11.36,2,UPS® Ground
Louisville,Gainesville,GA,Size L,11.36,2,UPS® Ground
Louisville,Glendale,CA,Size L,18.12,3,UPS® Ground
Louisville,Greenville,SC,Size L,11.36,2,UPS® Ground
Louisville,Greenville,MI,Size L,11.36,2,UPS® Ground
Louisville,Gaithersburg,MD,Size L,11.36,2,UPS® Ground
Louisville,Garner,NC,Size L,11.36,2,UPS® Ground
Louisville,Gastonia,NC,Size L,11.36,2,UPS® Ground
Louisville,Granada Hills,CA,Size L,18.12,3,UPS® Ground
Louisville,Granbury,TX,Size L,14.74,2,UPS® Ground
Louisville,Griffin,GA,Size L,11.36,2,UPS® Ground
Louisville,Harpers Ferry,WV,Size L,11.36,2,UPS® Ground
Louisville,Haverhill,MA,Size L,14.74,3,UPS® Ground
Louisville,Hayward,CA,Size L,18.12,4,UPS® Ground
Louisville,Herriman,UT,Size L,16.04,3,UPS® Ground
Louisville,Hillsboro,OR,Size L,18.12,4,UPS® Ground
Louisville,Hoboken,NJ,Size L,14.74,3,UPS® Ground
Louisville,Huntley,IL,Size L,11.36,1,UPS® Ground
Louisville,Hagerstown,MD,Size L,11.36,2,UPS® Ground
Louisville,Hamilton,OH,Size L,9.41,1,UPS® Ground
Louisville,Harrisburg,PA,Size L,11.36,2,UPS® Ground
Louisville,Hendersonville,NC,Size L,10.41,2,UPS® Ground
Louisville,Hendersonville,TN,Size L,10.41,1,UPS® Ground
Louisville,Holland,MI,Size L,11.36,2,UPS® Ground
Louisville,Indian Trail,NC,Size L,11.36,2,UPS® Ground
Louisville,Jersey City,NJ,Size L,14.74,3,UPS® Ground
Louisville,Johnstown,PA,Size L,11.36,2,UPS® Ground
Louisville,Kalamazoo,MI,Size L,10.41,2,UPS® Ground
Louisville,Keatchie,LA,Size L,11.36,3,UPS® Ground
Louisville,Kennewick,WA,Size L,17.1,4,UPS® Ground
Louisville,Kingsport,TN,Size L,10.41,2,UPS® Ground
Louisville,Lake Elsinore,CA,Size L,18.12,3,UPS® Ground
Louisville,Lebanon,OH,Size L,9.41,1,UPS® Ground
Louisville,Little Rock,AR,Size L,11.36,2,UPS® Ground
Louisville,Livonia,MI,Size L,11.36,2,UPS® Ground
Louisville,Los Alamos,NM,Size L,16.04,4,UPS® Ground
Louisville,Loveland,CO,Size L,16.04,3,UPS® Ground
Louisville,La Mesa,CA,Size L,17.1,3,UPS® Ground
Louisville,La Quinta,CA,Size L,17.1,4,UPS® Ground
Louisville,Lake Oswego,OR,Size L,18.12,3,UPS® Ground
Louisville,Lake Saint Louis,MO,Size L,10.41,2,UPS® Ground
Louisville,Lake in the Hills,IL,Size L,11.36,1,UPS® Ground
Louisville,Lakeway,TX,Size L,14.74,2,UPS® Ground
Louisville,Lancaster,NY,Size L,11.36,2,UPS® Ground
Louisville,Leander,TX,Size L,14.74,2,UPS® Ground
Louisville,Lees Summit,MO,Size L,11.36,2,UPS® Ground
Louisville,Lenoir,NC,Size L,10.41,2,UPS® Ground
Louisville,Lewis Center,OH,Size L,10.41,2,UPS® Ground
Louisville,Lexington,IN,Size L,9.41,1,UPS® Ground
Louisville,Lodi,CA,Size L,18.12,4,UPS® Ground
Louisville,Lynden,WA,Size L,18.12,4,UPS® Ground
Louisville,Methuen,MA,Size L,14.74,3,UPS® Ground
Louisville,Milford,CT,Size L,14.74,3,UPS® Ground
Louisville,Mineola,TX,Size L,14.74,2,UPS® Ground
Louisville,Missoula,MT,Size L,17.1,4,UPS® Ground
Louisville,Mansfield,OH,Size L,10.41,2,UPS® Ground
Louisville,McDonough,GA,Size L,11.36,2,UPS® Ground
Louisville,Merritt Island,FL,Size L,14.74,2,UPS® Ground
Louisville,Midlothian,VA,Size L,11.36,2,UPS® Ground
Louisville,Millington,TN,Size L,10.41,1,UPS® Ground
Louisville,Milton,FL,Size L,11.36,2,UPS® Ground
Louisville,Moab,UT,Size L,16.04,4,UPS® Ground
Louisville,Monroe,NC,Size L,11.36,2,UPS® Ground
Louisville,Mooresville,IN,Size L,9.41,1,UPS® Ground
Louisville,Morganton,NC,Size L,10.41,2,UPS® Ground
Louisville,Murfreesboro,TN,Size L,10.41,1,UPS® Ground
Louisville,Newburgh,NY,Size L,14.74,2,UPS® Ground
Louisville,Navarre,FL,Size L,11.36,2,UPS® Ground
Louisville,New Market,AL,Size L,10.41,1,UPS® Ground
Louisville,Newnan,GA,Size L,11.36,2,UPS® Ground
Louisville,Norman,OK,Size L,14.74,2,UPS® Ground
Louisville,Novi,MI,Size L,11.36,2,UPS® Ground
Louisville,Ormond Beach,FL,Size L,14.74,2,UPS® Ground
Louisville,Owensboro,KY,Size L,9.41,1,UPS® Ground
Louisville,Oconto,WI,Size L,11.36,2,UPS® Ground
Louisville,Old Bridge,NJ,Size L,14.74,3,UPS® Ground
Louisville,Olympia,WA,Size L,18.12,4,UPS® Ground
Louisville,Oregon City,OR,Size L,18.12,3,UPS® Ground
Louisville,Oxford,MI,Size L,11.36,2,UPS® Ground
Louisville,Peachtree City,GA,Size L,11.36,2,UPS® Ground
Louisville,Pleasanton,CA,Size L,18.12,4,UPS® Ground
Louisville,Poughkeepsie,NY,Size L,14.74,2,UPS® Ground
Louisville,Pagosa Springs,CO,Size L,16.04,4,UPS® Ground
Louisville,Pasadena,CA,Size L,18.12,3,UPS® Ground
Louisville,Pasadena,TX,Size L,16.04,3,UPS® Ground
Louisville,Pasco,WA,Size L,17.1,4,UPS® Ground
Louisville,Pawtucket,RI,Size L,14.74,3,UPS® Ground
Louisville,Pembroke,MA,Size L,14.74,3,UPS® Ground
Louisville,Perrysburg,OH,Size L,10.41,2,UPS® Ground
Louisville,Plant City,FL,Size L,14.74,2,UPS® Ground
Louisville,Port Orchard,WA,Size L,18.12,4,UPS® Ground
Louisville,Prescott Valley,AZ,Size L,17.1,3,UPS® Ground
Louisville,Princeton,NJ,Size L,11.36,3,UPS® Ground
Louisville,Quincy,MA,Size L,14.74,3,UPS® Ground
Louisville,Redwood City,CA,Size L,18.12,4,UPS® Ground
Louisville,Rohnert Park,CA,Size L,18.12,4,UPS® Ground
Louisville,Rigby,ID,Size L,16.04,5,UPS® Ground
Louisville,Ripon,WI,Size L,11.36,2,UPS® Ground
Louisville,Rogers,AR,Size L,11.36,2,UPS® Ground
Louisville,Rowlett,TX,Size L,14.74,2,UPS® Ground
Louisville,Rydal,PA,Size L,11.36,2,UPS® Ground
Louisville,Shepherdsville,KY,Size L,9.41,1,UPS® Ground
Louisville,Shreveport,LA,Size L,14.74,2,UPS® Ground
Louisville,Stamford,CT,Size L,14.74,3,UPS® Ground
Louisville,Salt Lake City,UT,Size L,16.04,3,UPS® Ground
Louisville,Sanford,NC,Size L,11.36,2,UPS® Ground
Louisville,Santa Ana,CA,Size L,18.12,3,UPS® Ground
Louisville,Santa Cruz,CA,Size L,18.12,4,UPS® Ground
Louisville,Santa Fe,NM,Size L,16.04,4,UPS® Ground
Louisville,Sarver,PA,Size L,11.36,2,UPS® Ground
Louisville,Schenectady,NY,Size L,14.74,2,UPS® Ground
Louisville,Sierra Vista,AZ,Size L,17.1,3,UPS® Ground
Louisville,Silver Spring,MD,Size L,11.36,2,UPS® Ground
Louisville,South Jordan,UT,Size L,16.04,3,UPS® Ground
Louisville,Springfield,MO,Size L,11.36,2,UPS® Ground
Louisville,Summerville,SC,Size L,11.36,2,UPS® Ground
Louisville,Sumter,SC,Size L,11.36,2,UPS® Ground
Louisville,Sun City,AZ,Size L,17.1,3,UPS® Ground
Louisville,Syosset,NY,Size L,14.74,2,UPS® Ground
Louisville,Taunton,MA,Size L,14.74,3,UPS® Ground
Louisville,Texarkana,TX,Size L,11.36,2,UPS® Ground
Louisville,Toledo,OH,Size L,10.41,2,UPS® Ground
Louisville,Urbana,OH,Size L,10.41,1,UPS® Ground
Louisville,Valparaiso,IN,Size L,10.41,1,UPS® Ground
Louisville,Waco,TX,Size L,14.74,2,UPS® Ground
Louisville,West Lafayette,IN,Size L,10.41,1,UPS® Ground
Louisville,Winter Garden,FL,Size L,14.74,2,UPS® Ground
Louisville,Winter Haven,FL,Size L,14.74,2,UPS® Ground
Louisville,Wylie,TX,Size L,14.74,2,UPS® Ground
Louisville,Waldorf,MD,Size L,11.36,2,UPS® Ground
Louisville,Wesley Chapel,FL,Size L,14.74,2,UPS® Ground
Louisville,West Palm Beach,FL,Size L,16.04,2,UPS® Ground
Louisville,Williamsburg,VA,Size L,11.36,2,UPS® Ground
Louisville,Woodbridge,VA,Size L,11.36,2,UPS® Ground
Louisville,Woodside,CA,Size L,18.12,4,UPS® Ground
Louisville,Yorba Linda,CA,Size L,18.12,3,UPS® Ground
Louisville,Queens Village,NY,Size L,14.74,2,UPS® Ground
Nashville,Antioch,IL,Size L,11.36,2,UPS® Ground
Nashville,Algonquin,IL,Size L,11.36,2,UPS® Ground
Nashville,Allen,TX,Size L,14.74,2,UPS® Ground
Nashville,Ames,IA,Size L,11.36,2,UPS® Ground
Nashville,Anaheim,CA,Size L,17.1,3,UPS® Ground
Nashville,Aptos,CA,Size L,18.12,4,UPS® Ground
Nashville,Astoria,NY,Size L,14.74,2,UPS® Ground
Nashville,Bloomington,IN,Size L,10.41,2,UPS® Ground
Nashville,Bremerton,WA,Size L,18.12,5,UPS® Ground
Nashville,Brunswick,OH,Size L,11.36,2,UPS® Ground
Nashville,Burke,VA,Size L,11.36,2,UPS® Ground
Nashville,Bedford,IN,Size L,10.41,2,UPS® Ground
Nashville,Benton,LA,Size L,11.36,2,UPS® Ground
Nashville,Billings,MT,Size L,16.04,5,UPS® Ground
Nashville,Birdsboro,PA,Size L,14.74,2,UPS® Ground
Nashville,Bothell,WA,Size L,18.12,5,UPS® Ground
Nashville,Bowie,MD,Size L,11.36,2,UPS® Ground
Nashville,Brentwood,TN,Size L,9.41,1,UPS® Ground
Nashville,Bronx,NY,Size L,14.74,2,UPS® Ground
Nashville,Brookfield,WI,Size L,11.36,2,UPS® Ground
Nashville,Canton,OH,Size L,11.36,2,UPS® Ground
Nashville,Celina,TX,Size L,14.74,2,UPS® Ground
Nashville,Chapel Hill,NC,Size L,11.36,2,UPS® Ground
Nashville,Claremore,OK,Size L,11.36,2,UPS® Ground
Nashville,Clovis,CA,Size L,17.1,4,UPS® Ground
Nashville,Cocoa,FL,Size L,14.74,2,UPS® Ground
Nashville,Callahan,FL,Size L,11.36,2,UPS® Ground
Nashville,Carmel,IN,Size L,10.41,2,UPS® Ground
Nashville,Cedar Park,TX,Size L,14.74,2,UPS® Ground
Nashville,Centennial,CO,Size L,14.74,3,UPS® Ground
Nashville,Centerville,MA,Size L,14.74,2,UPS® Ground
Nashville,Charleston,SC,Size L,11.36,2,UPS® Ground
Nashville,Charlottesville,VA,Size L,11.36,2,UPS® Ground
Nashville,Clarkesville,GA,Size L,10.41,2,UPS® Ground
Nashville,Clayton,NC,Size L,11.36,2,UPS® Ground
Nashville,Clifton,NJ,Size L,14.74,2,UPS® Ground
Nashville,Collinsville,OK,Size L,11.36,2,UPS® Ground
Nashville,Columbia,TN,Size L,9.41,1,UPS® Ground
Nashville,Concord,NC,Size L,11.36,2,UPS® Ground
Nashville,Cookeville,TN,Size L,9.41,1,UPS® Ground
Nashville,Corpus Christi,TX,Size L,14.74,3,UPS® Ground
Nashville,Corrales,NM,Size L,16.04,3,UPS® Ground
Nashville,Corydon,IN,Size L,10.41,2,UPS® Ground
Nashville,Cranston,RI,Size L,14.74,2,UPS® Ground
Nashville,Dekalb,IL,Size L,11.36,2,UPS® Ground
Nashville,Delaware,OH,Size L,11.36,2,UPS® Ground
Nashville,Delmar,NY,Size L,14.74,2,UPS® Ground
Nashville,Des Moines,IA,Size L,11.36,2,UPS® Ground
Nashville,Dickson,TN,Size L,9.41,1,UPS® Ground
Nashville,Downers Grove,IL,Size L,11.36,2,UPS® Ground
Nashville,Dripping Springs,TX,Size L,14.74,2,UPS® Ground
Nashville,Eustis,FL,Size L,14.74,2,UPS® Ground
Nashville,East Hampton,NY,Size L,14.74,2,UPS® Ground
Nashville,Fenton,MO,Size L,10.41,1,UPS® Ground
Nashville,Fayetteville,AR,Size L,11.36,2,UPS® Ground
Nashville,Flower Mound,TX,Size L,14.74,2,UPS® Ground
Nashville,Franklin,OH,Size L,10.41,2,UPS® Ground
Nashville,Friendswood,TX,Size L,14.74,2,UPS® Ground
Nashville,Gainesville,FL,Size L,11.36,2,UPS® Ground
Nashville,Gainesville,GA,Size L,10.41,2,UPS® Ground
Nashville,Glendale,CA,Size L,17.1,3,UPS® Ground
Nashville,Greenville,SC,Size L,10.41,2,UPS® Ground
Nashville,Greenville,MI,Size L,11.36,2,UPS® Ground
Nashville,Gaithersburg,MD,Size L,11.36,2,UPS® Ground
Nashville,Garner,NC,Size L,11.36,2,UPS® Ground
Nashville,Gastonia,NC,Size L,11.36,2,UPS® Ground
Nashville,Granada Hills,CA,Size L,17.1,3,UPS® Ground
Nashville,Granbury,TX,Size L,14.74,2,UPS® Ground
Nashville,Griffin,GA,Size L,10.41,2,UPS® Ground
Nashville,Harpers Ferry,WV,Size L,11.36,2,UPS® Ground
Nashville,Haverhill,MA,Size L,14.74,2,UPS® Ground
Nashville,Hayward,CA,Size L,18.12,4,UPS® Ground
Nashville,Herriman,UT,Size L,16.04,3,UPS® Ground
Nashville,Hillsboro,OR,Size L,18.12,5,UPS® Ground
Nashville,Hoboken,NJ,Size L,14.74,2,UPS® Ground
Nashville,Huntley,IL,Size L,11.36,2,UPS® Ground
Nashville,Hagerstown,MD,Size L,11.36,2,UPS® Ground
Nashville,Hamilton,OH,Size L,10.41,2,UPS® Ground
Nashville,Harrisburg,PA,Size L,11.36,2,UPS® Ground
Nashville,Hendersonville,NC,Size L,10.41,2,UPS® Ground
Nashville,Hendersonville,TN,Size L,9.41,1,UPS® Ground
Nashville,Holland,MI,Size L,11.36,2,UPS® Ground
Nashville,Indian Trail,NC,Size L,11.36,2,UPS® Ground
Nashville,Jersey City,NJ,Size L,14.74,2,UPS® Ground
Nashville,Johnstown,PA,Size L,11.36,2,UPS® Ground
Nashville,Kalamazoo,MI,Size L,11.36,2,UPS® Ground
Nashville,Keatchie,LA,Size L,11.36,3,UPS® Ground
Nashville,Kennewick,WA,Size L,17.1,5,UPS® Ground
Nashville,Kingsport,TN,Size L,10.41,1,UPS® Ground
Nashville,Lake Elsinore,CA,Size L,17.1,3,UPS® Ground
Nashville,Lebanon,OH,Size L,10.41,2,UPS® Ground
Nashville,Little Rock,AR,Size L,11.36,2,UPS® Ground
Nashville,Livonia,MI,Size L,11.36,2,UPS® Ground
Nashville,Los Alamos,NM,Size L,16.04,3,UPS® Ground
Nashville,Loveland,CO,Size L,16.04,3,UPS® Ground
Nashville,La Mesa,CA,Size L,17.1,3,UPS® Ground
Nashville,La Quinta,CA,Size L,17.1,3,UPS® Ground
Nashville,Lake Oswego,OR,Size L,18.12,4,UPS® Ground
Nashville,Lake Saint Louis,MO,Size L,11.36,1,UPS® Ground
Nashville,Lake in the Hills,IL,Size L,11.36,2,UPS® Ground
Nashville,Lakeway,TX,Size L,14.74,2,UPS® Ground
Nashville,Lancaster,NY,Size L,14.74,2,UPS® Ground
Nashville,Leander,TX,Size L,14.74,2,UPS® Ground
Nashville,Lees Summit,MO,Size L,11.36,2,UPS® Ground
Nashville,Lenoir,NC,Size L,11.36,2,UPS® Ground
Nashville,Lewis Center,OH,Size L,11.36,2,UPS® Ground
Nashville,Lexington,IN,Size L,10.41,2,UPS® Ground
Nashville,Lodi,CA,Size L,18.12,4,UPS® Ground
Nashville,Lynden,WA,Size L,18.12,5,UPS® Ground
Nashville,Methuen,MA,Size L,14.74,2,UPS® Ground
Nashville,Milford,CT,Size L,14.74,2,UPS® Ground
Nashville,Mineola,TX,Size L,11.36,2,UPS® Ground
Nashville,Missoula,MT,Size L,17.1,5,UPS® Ground
Nashville,Mansfield,OH,Size L,11.36,2,UPS® Ground
Nashville,McDonough,GA,Size L,10.41,2,UPS® Ground
Nashville,Merritt Island,FL,Size L,14.74,2,UPS® Ground
Nashville,Midlothian,VA,Size L,11.36,2,UPS® Ground
Nashville,Millington,TN,Size L,10.41,1,UPS® Ground
Nashville,Milton,FL,Size L,11.36,2,UPS® Ground
Nashville,Moab,UT,Size L,16.04,5,UPS® Ground
Nashville,Monroe,NC,Size L,11.36,2,UPS® Ground
Nashville,Mooresville,IN,Size L,10.41,2,UPS® Ground
Nashville,Morganton,NC,Size L,11.36,2,UPS® Ground
Nashville,Murfreesboro,TN,Size L,9.41,1,UPS® Ground
Nashville,Newburgh,NY,Size L,14.74,2,UPS® Ground
Nashville,Navarre,FL,Size L,11.36,2,UPS® Ground
Nashville,New Market,AL,Size L,9.41,1,UPS® Ground
Nashville,Newnan,GA,Size L,10.41,2,UPS® Ground
Nashville,Norman,OK,Size L,14.74,2,UPS® Ground
Nashville,Novi,MI,Size L,11.36,2,UPS® Ground
Nashville,Ormond Beach,FL,Size L,11.36,2,UPS® Ground
Nashville,Owensboro,KY,Size L,9.41,1,UPS® Ground
Nashville,Oconto,WI,Size L,14.74,2,UPS® Ground
Nashville,Old Bridge,NJ,Size L,14.74,2,UPS® Ground
Nashville,Olympia,WA,Size L,18.12,5,UPS® Ground
Nashville,Oregon City,OR,Size L,18.12,4,UPS® Ground
Nashville,Oxford,MI,Size L,11.36,2,UPS® Ground
Nashville,Peachtree City,GA,Size L,10.41,2,UPS® Ground
Nashville,Pleasanton,CA,Size L,18.12,4,UPS® Ground
Nashville,Poughkeepsie,NY,Size L,14.74,2,UPS® Ground
Nashville,Pagosa Springs,CO,Size L,16.04,3,UPS® Ground
Nashville,Pasadena,CA,Size L,17.1,3,UPS® Ground
Nashville,Pasadena,TX,Size L,14.74,2,UPS® Ground
Nashville,Pasco,WA,Size L,17.1,5,UPS® Ground
Nashville,Pawtucket,RI,Size L,14.74,2,UPS® Ground
Nashville,Pembroke,MA,Size L,14.74,2,UPS® Ground
Nashville,Perrysburg,OH,Size L,11.36,2,UPS® Ground
Nashville,Plant City,FL,Size L,14.74,2,UPS® Ground
Nashville,Port Orchard,WA,Size L,18.12,5,UPS® Ground
Nashville,Prescott Valley,AZ,Size L,17.1,4,UPS® Ground
Nashville,Princeton,NJ,Size L,14.74,2,UPS® Ground
Nashville,Quincy,MA,Size L,14.74,2,UPS® Ground
Nashville,Redwood City,CA,Size L,18.12,4,UPS® Ground
Nashville,Rohnert Park,CA,Size L,18.12,4,UPS® Ground
Nashville,Rigby,ID,Size L,16.04,6,UPS® Ground
Nashville,Ripon,WI,Size L,11.36,2,UPS® Ground
Nashville,Rogers,AR,Size L,11.36,2,UPS® Ground
Nashville,Rowlett,TX,Size L,14.74,2,UPS® Ground
Nashville,Rydal,PA,Size L,14.74,2,UPS® Ground
Nashville,Shepherdsville,KY,Size L,9.41,1,UPS® Ground
Nashville,Shreveport,LA,Size L,11.36,2,UPS® Ground
Nashville,Stamford,CT,Size L,14.74,2,UPS® Ground
Nashville,Salt Lake City,UT,Size L,16.04,3,UPS® Ground
Nashville,Sanford,NC,Size L,11.36,2,UPS® Ground
Nashville,Santa Ana,CA,Size L,17.1,3,UPS® Ground
Nashville,Santa Cruz,CA,Size L,18.12,4,UPS® Ground
Nashville,Santa Fe,NM,Size L,16.04,3,UPS® Ground
Nashville,Sarver,PA,Size L,11.36,2,UPS® Ground
Nashville,Schenectady,NY,Size L,14.74,2,UPS® Ground
Nashville,Sierra Vista,AZ,Size L,16.04,4,UPS® Ground
Nashville,Silver Spring,MD,Size L,11.36,2,UPS® Ground
Nashville,South Jordan,UT,Size L,16.04,3,UPS® Ground
Nashville,Springfield,MO,Size L,11.36,2,UPS® Ground
Nashville,Summerville,SC,Size L,11.36,2,UPS® Ground
Nashville,Sumter,SC,Size L,11.36,2,UPS® Ground
Nashville,Sun City,AZ,Size L,17.1,4,UPS® Ground
Nashville,Syosset,NY,Size L,14.74,2,UPS® Ground
Nashville,Taunton,MA,Size L,14.74,2,UPS® Ground
Nashville,Texarkana,TX,Size L,11.36,2,UPS® Ground
Nashville,Toledo,OH,Size L,11.36,2,UPS® Ground
Nashville,Urbana,OH,Size L,11.36,2,UPS® Ground
Nashville,Valparaiso,IN,Size L,11.36,2,UPS® Ground
Nashville,Waco,TX,Size L,14.74,2,UPS® Ground
Nashville,West Lafayette,IN,Size L,11.36,2,UPS® Ground
Nashville,Winter Garden,FL,Size L,14.74,2,UPS® Ground
Nashville,Winter Haven,FL,Size L,14.74,2,UPS® Ground
Nashville,Wylie,TX,Size L,14.74,2,UPS® Ground
Nashville,Waldorf,MD,Size L,11.36,2,UPS® Ground
Nashville,Wesley Chapel,FL,Size L,14.74,2,UPS® Ground
Nashville,West Palm Beach,FL,Size L,14.74,2,UPS® Ground
Nashville,Williamsburg,VA,Size L,11.36,2,UPS® Ground
Nashville,Woodbridge,VA,Size L,11.36,2,UPS® Ground
Nashville,Woodside,CA,Size L,18.12,4,UPS® Ground
Nashville,Yorba Linda,CA,Size L,17.1,3,UPS® Ground
Nashville,Queens Village,NY,Size L,14.74,2,UPS® Ground
Greensboro,Antioch,IL,Size L,14.74,2,UPS® Ground
Greensboro,Algonquin,IL,Size L,14.74,2,UPS® Ground
Greensboro,Allen,TX,Size L,16.04,3,UPS® Ground
Greensboro,Ames,IA,Size L,14.74,3,UPS® Ground
Greensboro,Anaheim,CA,Size L,18.12,4,UPS® Ground
Greensboro,Aptos,CA,Size L,18.12,4,UPS® Ground
Greensboro,Astoria,NY,Size L,11.36,2,UPS® Ground
Greensboro,Bloomington,IN,Size L,11.36,2,UPS® Ground
Greensboro,Bremerton,WA,Size L,18.12,5,UPS® Ground
Greensboro,Brunswick,OH,Size L,11.36,2,UPS® Ground
Greensboro,Burke,VA,Size L,10.41,2,UPS® Ground
Greensboro,Bedford,IN,Size L,11.36,2,UPS® Ground
Greensboro,Benton,LA,Size L,14.74,2,UPS® Ground
Greensboro,Billings,MT,Size L,17.1,5,UPS® Ground
Greensboro,Birdsboro,PA,Size L,11.36,2,UPS® Ground
Greensboro,Bothell,WA,Size L,18.12,5,UPS® Ground
Greensboro,Bowie,MD,Size L,10.41,2,UPS® Ground
Greensboro,Brentwood,TN,Size L,11.36,2,UPS® Ground
Greensboro,Bronx,NY,Size L,11.36,2,UPS® Ground
Greensboro,Brookfield,WI,Size L,14.74,2,UPS® Ground
Greensboro,Canton,OH,Size L,11.36,2,UPS® Ground
Greensboro,Celina,TX,Size L,16.04,3,UPS® Ground
Greensboro,Chapel Hill,NC,Size L,10.41,1,UPS® Ground
Greensboro,Claremore,OK,Size L,14.74,3,UPS® Ground
Greensboro,Clovis,CA,Size L,18.12,4,UPS® Ground
Greensboro,Cocoa,FL,Size L,11.36,2,UPS® Ground
Greensboro,Callahan,FL,Size L,11.36,2,UPS® Ground
Greensboro,Carmel,IN,Size L,11.36,2,UPS® Ground
Greensboro,Cedar Park,TX,Size L,16.04,3,UPS® Ground
Greensboro,Centennial,CO,Size L,16.04,3,UPS® Ground
Greensboro,Centerville,MA,Size L,14.74,2,UPS® Ground
Greensboro,Charleston,SC,Size L,10.41,1,UPS® Ground
Greensboro,Charlottesville,VA,Size L,10.41,1,UPS® Ground
Greensboro,Clarkesville,GA,Size L,10.41,2,UPS® Ground
Greensboro,Clayton,NC,Size L,10.41,1,UPS® Ground
Greensboro,Clifton,NJ,Size L,11.36,2,UPS® Ground
Greensboro,Collinsville,OK,Size L,14.74,3,UPS® Ground
Greensboro,Columbia,TN,Size L,11.36,2,UPS® Ground
Greensboro,Concord,NC,Size L,9.41,1,UPS® Ground
Greensboro,Cookeville,TN,Size L,11.36,2,UPS® Ground
Greensboro,Corpus Christi,TX,Size L,16.04,3,UPS® Ground
Greensboro,Corrales,NM,Size L,17.1,4,UPS® Ground
Greensboro,Corydon,IN,Size L,11.36,2,UPS® Ground
Greensboro,Cranston,RI,Size L,11.36,2,UPS® Ground
Greensboro,Dekalb,IL,Size L,14.74,2,UPS® Ground
Greensboro,Delaware,OH,Size L,11.36,2,UPS® Ground
Greensboro,Delmar,NY,Size L,11.36,2,UPS® Ground
Greensboro,Des Moines,IA,Size L,14.74,3,UPS® Ground
Greensboro,Dickson,TN,Size L,11.36,2,UPS® Ground
Greensboro,Downers Grove,IL,Size L,14.74,2,UPS® Ground
Greensboro,Dripping Springs,TX,Size L,16.04,3,UPS® Ground
Greensboro,Eustis,FL,Size L,11.36,2,UPS® Ground
Greensboro,East Hampton,NY,Size L,11.36,2,UPS® Ground
Greensboro,Fenton,MO,Size L,11.36,2,UPS® Ground
Greensboro,Fayetteville,AR,Size L,14.74,2,UPS® Ground
Greensboro,Flower Mound,TX,Size L,16.04,3,UPS® Ground
Greensboro,Franklin,OH,Size L,11.36,2,UPS® Ground
Greensboro,Friendswood,TX,Size L,14.74,3,UPS® Ground
Greensboro,Gainesville,FL,Size L,11.36,2,UPS® Ground
Greensboro,Gainesville,GA,Size L,10.41,2,UPS® Ground
Greensboro,Glendale,CA,Size L,18.12,4,UPS® Ground
Greensboro,Greenville,SC,Size L,10.41,1,UPS® Ground
Greensboro,Greenville,MI,Size L,11.36,2,UPS® Ground
Greensboro,Gaithersburg,MD,Size L,10.41,2,UPS® Ground
Greensboro,Garner,NC,Size L,10.41,1,UPS® Ground
Greensboro,Gastonia,NC,Size L,9.41,1,UPS® Ground
Greensboro,Granada Hills,CA,Size L,18.12,4,UPS® Ground
Greensboro,Granbury,TX,Size L,16.04,3,UPS® Ground
Greensboro,Griffin,GA,Size L,11.36,2,UPS® Ground
Greensboro,Harpers Ferry,WV,Size L,10.41,1,UPS® Ground
Greensboro,Haverhill,MA,Size L,14.74,2,UPS® Ground
Greensboro,Hayward,CA,Size L,18.12,4,UPS® Ground
Greensboro,Herriman,UT,Size L,17.1,4,UPS® Ground
Greensboro,Hillsboro,OR,Size L,18.12,5,UPS® Ground
Greensboro,Hoboken,NJ,Size L,11.36,2,UPS® Ground
Greensboro,Huntley,IL,Size L,14.74,2,UPS® Ground
Greensboro,Hagerstown,MD,Size L,10.41,2,UPS® Ground
Greensboro,Hamilton,OH,Size L,11.36,2,UPS® Ground
Greensboro,Harrisburg,PA,Size L,10.41,2,UPS® Ground
Greensboro,Hendersonville,NC,Size L,10.41,1,UPS® Ground
Greensboro,Hendersonville,TN,Size L,11.36,2,UPS® Ground
Greensboro,Holland,MI,Size L,14.74,2,UPS® Ground
Greensboro,Indian Trail,NC,Size L,9.41,1,UPS® Ground
Greensboro,Jersey City,NJ,Size L,11.36,2,UPS® Ground
Greensboro,Johnstown,PA,Size L,10.41,2,UPS® Ground
Greensboro,Kalamazoo,MI,Size L,11.36,2,UPS® Ground
Greensboro,Keatchie,LA,Size L,14.74,3,UPS® Ground
Greensboro,Kennewick,WA,Size L,18.12,5,UPS® Ground
Greensboro,Kingsport,TN,Size L,9.41,1,UPS® Ground
Greensboro,Lake Elsinore,CA,Size L,18.12,4,UPS® Ground
Greensboro,Lebanon,OH,Size L,11.36,2,UPS® Ground
Greensboro,Little Rock,AR,Size L,14.74,2,UPS® Ground
Greensboro,Livonia,MI,Size L,11.36,2,UPS® Ground
Greensboro,Los Alamos,NM,Size L,17.1,4,UPS® Ground
Greensboro,Loveland,CO,Size L,17.1,3,UPS® Ground
Greensboro,La Mesa,CA,Size L,18.12,4,UPS® Ground
Greensboro,La Quinta,CA,Size L,18.12,4,UPS® Ground
Greensboro,Lake Oswego,OR,Size L,18.12,4,UPS® Ground
Greensboro,Lake Saint Louis,MO,Size L,11.36,2,UPS® Ground
Greensboro,Lake in the Hills,IL,Size L,14.74,2,UPS® Ground
Greensboro,Lakeway,TX,Size L,16.04,3,UPS® Ground
Greensboro,Lancaster,NY,Size L,11.36,2,UPS® Ground
Greensboro,Leander,TX,Size L,16.04,3,UPS® Ground
Greensboro,Lees Summit,MO,Size L,14.74,3,UPS® Ground
Greensboro,Lenoir,NC,Size L,9.41,1,UPS® Ground
Greensboro,Lewis Center,OH,Size L,11.36,2,UPS® Ground
Greensboro,Lexington,IN,Size L,11.36,2,UPS® Ground
Greensboro,Lodi,CA,Size L,18.12,4,UPS® Ground
Greensboro,Lynden,WA,Size L,18.12,5,UPS® Ground
Greensboro,Methuen,MA,Size L,14.74,2,UPS® Ground
Greensboro,Milford,CT,Size L,11.36,2,UPS® Ground
Greensboro,Mineola,TX,Size L,14.74,3,UPS® Ground
Greensboro,Missoula,MT,Size L,18.12,5,UPS® Ground
Greensboro,Mansfield,OH,Size L,11.36,2,UPS® Ground
Greensboro,McDonough,GA,Size L,11.36,2,UPS® Ground
Greensboro,Merritt Island,FL,Size L,11.36,2,UPS® Ground
Greensboro,Midlothian,VA,Size L,10.41,1,UPS® Ground
Greensboro,Millington,TN,Size L,11.36,2,UPS® Ground
Greensboro,Milton,FL,Size L,11.36,2,UPS® Ground
Greensboro,Moab,UT,Size L,17.1,5,UPS® Ground
Greensboro,Monroe,NC,Size L,9.41,1,UPS® Ground
Greensboro,Mooresville,IN,Size L,11.36,2,UPS® Ground
Greensboro,Morganton,NC,Size L,9.41,1,UPS® Ground
Greensboro,Murfreesboro,TN,Size L,11.36,2,UPS® Ground
Greensboro,Newburgh,NY,Size L,11.36,2,UPS® Ground
Greensboro,Navarre,FL,Size L,11.36,2,UPS® Ground
Greensboro,New Market,AL,Size L,11.36,2,UPS® Ground
Greensboro,Newnan,GA,Size L,11.36,2,UPS® Ground
Greensboro,Norman,OK,Size L,14.74,3,UPS® Ground
Greensboro,Novi,MI,Size L,11.36,2,UPS® Ground
Greensboro,Ormond Beach,FL,Size L,11.36,2,UPS® Ground
Greensboro,Owensboro,KY,Size L,11.36,2,UPS® Ground
Greensboro,Oconto,WI,Size L,14.74,3,UPS® Ground
Greensboro,Old Bridge,NJ,Size L,11.36,2,UPS® Ground
Greensboro,Olympia,WA,Size L,18.12,5,UPS® Ground
Greensboro,Oregon City,OR,Size L,18.12,4,UPS® Ground
Greensboro,Oxford,MI,Size L,11.36,2,UPS® Ground
Greensboro,Peachtree City,GA,Size L,11.36,2,UPS® Ground
Greensboro,Pleasanton,CA,Size L,18.12,4,UPS® Ground
Greensboro,Poughkeepsie,NY,Size L,11.36,2,UPS® Ground
Greensboro,Pagosa Springs,CO,Size L,17.1,4,UPS® Ground
Greensboro,Pasadena,CA,Size L,18.12,4,UPS® Ground
Greensboro,Pasadena,TX,Size L,14.74,3,UPS® Ground
Greensboro,Pasco,WA,Size L,18.12,5,UPS® Ground
Greensboro,Pawtucket,RI,Size L,11.36,2,UPS® Ground
Greensboro,Pembroke,MA,Size L,14.74,2,UPS® Ground
Greensboro,Perrysburg,OH,Size L,11.36,2,UPS® Ground
Greensboro,Plant City,FL,Size L,11.36,2,UPS® Ground
Greensboro,Port Orchard,WA,Size L,18.12,5,UPS® Ground
Greensboro,Prescott Valley,AZ,Size L,18.12,3,UPS® Ground
Greensboro,Princeton,NJ,Size L,11.36,2,UPS® Ground
Greensboro,Quincy,MA,Size L,14.74,2,UPS® Ground
Greensboro,Redwood City,CA,Size L,18.12,4,UPS® Ground
Greensboro,Rohnert Park,CA,Size L,18.12,4,UPS® Ground
Greensboro,Rigby,ID,Size L,17.1,6,UPS® Ground
Greensboro,Ripon,WI,Size L,14.74,2,UPS® Ground
Greensboro,Rogers,AR,Size L,14.74,2,UPS® Ground
Greensboro,Rowlett,TX,Size L,16.04,3,UPS® Ground
Greensboro,Rydal,PA,Size L,11.36,2,UPS® Ground
Greensboro,Shepherdsville,KY,Size L,11.36,2,UPS® Ground
Greensboro,Shreveport,LA,Size L,14.74,2,UPS® Ground
Greensboro,Stamford,CT,Size L,11.36,2,UPS® Ground
Greensboro,Salt Lake City,UT,Size L,17.1,4,UPS® Ground
Greensboro,Sanford,NC,Size L,9.41,1,UPS® Ground
Greensboro,Santa Ana,CA,Size L,18.12,4,UPS® Ground
Greensboro,Santa Cruz,CA,Size L,18.12,4,UPS® Ground
Greensboro,Santa Fe,NM,Size L,17.1,4,UPS® Ground
Greensboro,Sarver,PA,Size L,10.41,2,UPS® Ground
Greensboro,Schenectady,NY,Size L,11.36,2,UPS® Ground
Greensboro,Sierra Vista,AZ,Size L,17.1,3,UPS® Ground
Greensboro,Silver Spring,MD,Size L,10.41,2,UPS® Ground
Greensboro,South Jordan,UT,Size L,17.1,4,UPS® Ground
Greensboro,Springfield,MO,Size L,14.74,3,UPS® Ground
Greensboro,Summerville,SC,Size L,10.41,1,UPS® Ground
Greensboro,Sumter,SC,Size L,10.41,1,UPS® Ground
Greensboro,Sun City,AZ,Size L,18.12,3,UPS® Ground
Greensboro,Syosset,NY,Size L,11.36,2,UPS® Ground
Greensboro,Taunton,MA,Size L,14.74,2,UPS® Ground
Greensboro,Texarkana,TX,Size L,14.74,3,UPS® Ground
Greensboro,Toledo,OH,Size L,11.36,2,UPS® Ground
Greensboro,Urbana,OH,Size L,11.36,2,UPS® Ground
Greensboro,Valparaiso,IN,Size L,11.36,2,UPS® Ground
Greensboro,Waco,TX,Size L,16.04,3,UPS® Ground
Greensboro,West Lafayette,IN,Size L,11.36,2,UPS® Ground
Greensboro,Winter Garden,FL,Size L,11.36,2,UPS® Ground
Greensboro,Winter Haven,FL,Size L,11.36,2,UPS® Ground
Greensboro,Wylie,TX,Size L,16.04,3,UPS® Ground
Greensboro,Waldorf,MD,Size L,10.41,2,UPS® Ground
Greensboro,Wesley Chapel,FL,Size L,11.36,2,UPS® Ground
Greensboro,West Palm Beach,FL,Size L,14.74,2,UPS® Ground
Greensboro,Williamsburg,VA,Size L,10.41,2,UPS® Ground
Greensboro,Woodbridge,VA,Size L,10.41,2,UPS® Ground
Greensboro,Woodside,CA,Size L,18.12,4,UPS® Ground
Greensboro,Yorba Linda,CA,Size L,18.12,4,UPS® Ground
Greensboro,Queens Village,NY,Size L,11.36,2,UPS® Ground
Spokane,Brooklyn,NY,Size L,18.12,5,UPS® Ground
Spokane,Phoenix,AZ,Size L,16.04,3,UPS® Ground
Spokane,Houston,TX,Size L,17.1,4,UPS® Ground
Spokane,San Antonio,TX,Size L,17.1,4,UPS® Ground
Spokane,Jacksonville,FL,Size L,18.12,5,UPS® Ground
Spokane,Chicago,IL,Size L,17.1,3,UPS® Ground
Spokane,Dallas,TX,Size L,17.1,4,UPS® Ground
Spokane,Wilmington,DE,Size L,18.12,4,UPS® Ground
Spokane,Austin,TX,Size L,17.1,4,UPS® Ground
Spokane,Canton,OH,Size L,18.12,5,UPS® Ground
Spokane,Charlotte,NC,Size L,18.12,5,UPS® Ground
Spokane,New York,NY,Size L,18.12,5,UPS® Ground
Spokane,Atlanta,GA,Size L,18.12,4,UPS® Ground
Spokane,Franklin,TN,Size L,17.1,4,UPS® Ground
Spokane,Lexington,KY,Size L,17.1,5,UPS® Ground
Spokane,Orlando,FL,Size L,18.12,5,UPS® Ground
Spokane,Rochester,NY,Size L,18.12,4,UPS® Ground
Spokane,Las Vegas,NV,Size L,14.74,3,UPS® Ground
Spokane,Louisville,KY,Size L,17.1,5,UPS® Ground
Spokane,Marietta,GA,Size L,18.12,4,UPS® Ground
Spokane,Colorado Springs,CO,Size L,14.74,3,UPS® Ground
Spokane,Columbus,OH,Size L,17.1,5,UPS® Ground
Spokane,Marble Falls,TX,Size L,17.1,4,UPS® Ground
Spokane,Tampa,FL,Size L,18.12,5,UPS® Ground
Spokane,San Diego,CA,Size L,16.04,3,UPS® Ground
Spokane,Columbia,SC,Size L,18.12,5,UPS® Ground
Spokane,Greenville,SC,Size L,18.12,5,UPS® Ground
Spokane,Lebanon,TN,Size L,17.1,4,UPS® Ground
Spokane,Salem,OR,Size L,11.36,2,UPS® Ground
Spokane,Cleveland,OH,Size L,17.1,5,UPS® Ground
Spokane,Denver,CO,Size L,14.74,3,UPS® Ground
Spokane,Omaha,NE,Size L,16.04,3,UPS® Ground
Spokane,Portland,OR,Size L,10.41,2,UPS® Ground
Spokane,Raleigh,NC,Size L,18.12,5,UPS® Ground
Spokane,Richmond,VA,Size L,18.12,4,UPS® Ground
Spokane,Jackson,MS,Size L,17.1,5,UPS® Ground
Spokane,Albany,NY,Size L,18.12,4,UPS® Ground
Spokane,Fort Worth,TX,Size L,17.1,4,UPS® Ground
Spokane,Oklahoma City,OK,Size L,16.04,4,UPS® Ground
Spokane,Chesapeake,VA,Size L,18.12,4,UPS® Ground
Spokane,Miami,FL,Size L,18.12,5,UPS® Ground
Spokane,Milford,CT,Size L,18.12,5,UPS® Ground
Spokane,Pittsburgh,PA,Size L,18.12,4,UPS® Ground
Spokane,San Francisco,CA,Size L,14.74,3,UPS® Ground
Spokane,San Jose,CA,Size L,14.74,3,UPS® Ground
Spokane,Tucson,AZ,Size L,16.04,3,UPS® Ground
Spokane,Virginia Beach,VA,Size L,18.12,4,UPS® Ground
Spokane,Albuquerque,NM,Size L,16.04,3,UPS® Ground
Spokane,Gilbert,AZ,Size L,16.04,3,UPS® Ground
Spokane,Springfield,IL,Size L,17.1,3,UPS® Ground
Spokane,Alexandria,VA,Size L,18.12,4,UPS® Ground
Spokane,Kansas City,MO,Size L,16.04,4,UPS® Ground
Spokane,Knoxville,TN,Size L,18.12,4,UPS® Ground
Spokane,Lakewood,CO,Size L,14.74,3,UPS® Ground
Spokane,Nashville,TN,Size L,17.1,4,UPS® Ground
Spokane,Saint Louis,MO,Size L,17.1,4,UPS® Ground
Spokane,Seattle,WA,Size L,10.41,1,UPS® Ground
Spokane,Arlington,TX,Size L,17.1,4,UPS® Ground
Spokane,Aurora,CO,Size L,14.74,3,UPS® Ground
Spokane,Boise,ID,Size L,10.41,2,UPS® Ground
Spokane,Indianapolis,IN,Size L,17.1,4,UPS® Ground
Spokane,Naples,CO,Size L,14.74,,UPS® Ground
Spokane,Reno,NV,Size L,11.36,2,UPS® Ground
Spokane,Riverside,CA,Size L,16.04,3,UPS® Ground
Spokane,Bismarck,ND,Size L,14.74,3,UPS® Ground
Spokane,Fresno,TX,Size L,17.1,4,UPS® Ground
Spokane,Lincoln,RI,Size L,18.12,5,UPS® Ground
Spokane,Los Angeles,CA,Size L,14.74,3,UPS® Ground
Spokane,Mansfield,MA,Size L,18.12,5,UPS® Ground
Spokane,Milwaukee,WI,Size L,17.1,3,UPS® Ground
Spokane,Madison,IN,Size L,17.1,4,UPS® Ground
Spokane,Mesa,AZ,Size L,16.04,3,UPS® Ground
Spokane,Monroe,NC,Size L,18.12,5,UPS® Ground
Spokane,Philadelphia,PA,Size L,18.12,4,UPS® Ground
Spokane,Staten Island,NY,Size L,18.12,5,UPS® Ground
Spokane,Washington,DC,Size L,18.12,4,UPS® Ground
Spokane,Baltimore,MD,Size L,18.12,4,UPS® Ground
Spokane,Decatur,IL,Size L,17.1,3,UPS® Ground
Spokane,Durham,NC,Size L,18.12,5,UPS® Ground
Spokane,Fayetteville,AR,Size L,17.1,5,UPS® Ground
Spokane,Glendale,AZ,Size L,16.04,3,UPS® Ground
Spokane,Midland,GA,Size L,18.12,4,UPS® Ground
Spokane,Scottsdale,AZ,Size L,16.04,3,UPS® Ground
Spokane,Woodstock,GA,Size L,18.12,4,UPS® Ground
Spokane,Chandler,AZ,Size L,16.04,3,UPS® Ground
Spokane,Cincinnati,OH,Size L,17.1,5,UPS® Ground
Spokane,Covington,LA,Size L,18.12,5,UPS® Ground
Spokane,Fort Myers,FL,Size L,18.12,5,UPS® Ground
Spokane,Greensboro,NC,Size L,18.12,5,UPS® Ground
Spokane,Henderson,TX,Size L,17.1,4,UPS® Ground
Spokane,Hamilton,MI,Size L,17.1,3,UPS® Ground
Spokane,Lewisburg,PA,Size L,18.12,4,UPS® Ground
Spokane,Littleton,CO,Size L,14.74,3,UPS® Ground
Spokane,Mount Pleasant,SC,Size L,18.12,5,UPS® Ground
Spokane,Pasadena,MD,Size L,18.12,4,UPS® Ground
Spokane,Plano,TX,Size L,17.1,4,UPS® Ground
Spokane,Sanford,NC,Size L,18.12,5,UPS® Ground
Spokane,Wayne,ME,Size L,18.12,5,UPS® Ground
Spokane,Ashland,PA,Size L,18.12,4,UPS® Ground
Spokane,Burlington,WI,Size L,17.1,3,UPS® Ground
Spokane,Centerville,IA,Size L,16.04,4,UPS® Ground
Spokane,Clayton,NC,Size L,18.12,5,UPS® Ground
Spokane,Encinitas,CA,Size L,16.04,3,UPS® Ground
Spokane,Fort Collins,CO,Size L,14.74,3,UPS® Ground
Spokane,Golden,CO,Size L,14.74,3,UPS® Ground
Spokane,Hudson,NC,Size L,18.12,5,UPS® Ground
Spokane,Katy,TX,Size L,17.1,4,UPS® Ground
Spokane,Lancaster,SC,Size L,18.12,5,UPS® Ground
Spokane,Newark,NJ,Size L,18.12,5,UPS® Ground
Spokane,Parker,CO,Size L,14.74,3,UPS® Ground
Spokane,Plymouth,MA,Size L,18.12,5,UPS® Ground
Spokane,Rancho Cucamonga,CA,Size L,14.74,3,UPS® Ground
Spokane,Rockville,MD,Size L,18.12,4,UPS® Ground
Spokane,Sacramento,CA,Size L,14.74,3,UPS® Ground
Spokane,Tallahassee,FL,Size L,18.12,5,UPS® Ground
Spokane,The Villages,FL,Size L,18.12,5,UPS® Ground
Spokane,Westfield,IN,Size L,17.1,4,UPS® Ground
Spokane,Waterloo,IA,Size L,16.04,4,UPS® Ground
Spokane,West Chester,PA,Size L,18.12,4,UPS® Ground
Spokane,Bend,OR,Size L,10.41,2,UPS® Ground
Spokane,Amarillo,TX,Size L,16.04,4,UPS® Ground
Spokane,Auburn,MA,Size L,18.12,5,UPS® Ground
Spokane,Bakersfield,CA,Size L,14.74,3,UPS® Ground
Spokane,Boca Raton,FL,Size L,18.12,5,UPS® Ground
Spokane,Benton,LA,Size L,17.1,5,UPS® Ground
Spokane,Bradenton,FL,Size L,18.12,5,UPS® Ground
Spokane,Dayton,OH,Size L,17.1,5,UPS® Ground
Spokane,Duluth,MN,Size L,16.04,4,UPS® Ground
Spokane,Englewood,CO,Size L,14.74,3,UPS® Ground
Spokane,Fort Wayne,IN,Size L,17.1,3,UPS® Ground
Spokane,Frederick,MD,Size L,18.12,4,UPS® Ground
Spokane,Fredericksburg,VA,Size L,18.12,4,UPS® Ground
Spokane,Gainesville,FL,Size L,18.12,5,UPS® Ground
Spokane,Grand Rapids,MI,Size L,17.1,3,UPS® Ground
Spokane,Green Bay,WI,Size L,16.04,4,UPS® Ground
Spokane,Morgantown,WV,Size L,18.12,4,UPS® Ground
Spokane,Pensacola,FL,Size L,18.12,5,UPS® Ground
Spokane,Princeton,MA,Size L,18.12,5,UPS® Ground
Spokane,Peoria,AZ,Size L,16.04,3,UPS® Ground
Spokane,Saint Paul,MN,Size L,16.04,4,UPS® Ground
Spokane,Savannah,GA,Size L,18.12,5,UPS® Ground
Spokane,Seaford,NY,Size L,18.12,5,UPS® Ground
Spokane,Seymour,IN,Size L,17.1,4,UPS® Ground
Spokane,Spokane,WA,Size L,9.41,1,UPS® Ground
Spokane,Windsor,CO,Size L,14.74,3,UPS® Ground
Spokane,Winston-Salem,NC,Size L,18.12,5,UPS® Ground
Spokane,Worcester,MA,Size L,18.12,5,UPS® Ground
Spokane,York,PA,Size L,18.12,4,UPS® Ground
Spokane,Antioch,TN,Size L,17.1,4,UPS® Ground
Spokane,Athens,GA,Size L,18.12,4,UPS® Ground
Spokane,Corona,CA,Size L,14.74,3,UPS® Ground
Spokane,Fairfield,CA,Size L,14.74,3,UPS® Ground
Spokane,Germantown,MD,Size L,18.12,4,UPS® Ground
Spokane,Hillsboro,OR,Size L,11.36,2,UPS® Ground
Spokane,Hope Mills,NC,Size L,18.12,5,UPS® Ground
Spokane,Hendersonville,NC,Size L,18.12,5,UPS® Ground
Spokane,Holly Springs,MS,Size L,17.1,5,UPS® Ground
Spokane,Homer,AK,Size L,46.14,5,UPS® Ground
Spokane,Laurel,MD,Size L,18.12,4,UPS® Ground
Spokane,Long Beach,CA,Size L,14.74,3,UPS® Ground
Spokane,Manteca,CA,Size L,14.74,3,UPS® Ground
Spokane,Maryville,TN,Size L,18.12,4,UPS® Ground
Spokane,Magnolia,MS,Size L,17.1,5,UPS® Ground
Spokane,Memphis,TN,Size L,17.1,4,UPS® Ground
Spokane,Milton,MA,Size L,18.12,5,UPS® Ground
Spokane,Montgomery,TX,Size L,17.1,4,UPS® Ground
Spokane,Myrtle Beach,SC,Size L,18.12,5,UPS® Ground
Spokane,New Market,AL,Size L,17.1,4,UPS® Ground
Spokane,Ocala,FL,Size L,18.12,5,UPS® Ground
Spokane,Olathe,KS,Size L,16.04,4,UPS® Ground
Spokane,Oxford,MI,Size L,17.1,5,UPS® Ground
Spokane,Palm Beach Gardens,FL,Size L,18.12,5,UPS® Ground
Spokane,Roseville,CA,Size L,14.74,3,UPS® Ground
Spokane,Roswell,GA,Size L,18.12,4,UPS® Ground
Spokane,Rockwall,TX,Size L,17.1,4,UPS® Ground
Spokane,Spring,TX,Size L,17.1,4,UPS® Ground
Spokane,Salisbury,MA,Size L,18.12,5,UPS® Ground
Spokane,Santa Rosa,CA,Size L,14.74,3,UPS® Ground
Spokane,Sarasota,FL,Size L,18.12,5,UPS® Ground
Spokane,Vancouver,WA,Size L,10.41,2,UPS® Ground
Spokane,Westminster,MD,Size L,18.12,4,UPS® Ground
Spokane,Canton,GA,Size L,18.12,4,UPS® Ground
Spokane,Columbia,MO,Size L,16.04,4,UPS® Ground
Spokane,Naples,FL,Size L,18.12,5,UPS® Ground
Spokane,Fresno,CA,Size L,14.74,3,UPS® Ground
Spokane,Cleveland,TN,Size L,18.12,4,UPS® Ground
Spokane,Henderson,NV,Size L,14.74,3,UPS® Ground
Spokane,Lincoln,NE,Size L,16.04,3,UPS® Ground
Spokane,Wilmington,NC,Size L,18.12,5,UPS® Ground
Spokane,Arvada,CO,Size L,14.74,3,UPS® Ground
Spokane,Anchorage,AK,Size L,46.14,5,UPS® Ground
Spokane,Birmingham,AL,Size L,18.12,4,UPS® Ground
Spokane,Bozeman,MT,Size L,10.41,2,UPS® Ground
Spokane,Conroe,TX,Size L,17.1,4,UPS® Ground
Spokane,Carmel Valley,CA,Size L,16.04,3,UPS® Ground
Spokane,Castle Rock,CO,Size L,14.74,3,UPS® Ground
Spokane,Cedar Rapids,IA,Size L,16.04,4,UPS® Ground
Spokane,Cooperstown,NY,Size L,18.12,4,UPS® Ground
Spokane,Deland,FL,Size L,18.12,5,UPS® Ground
Spokane,Fort Mill,SC,Size L,18.12,5,UPS® Ground
Spokane,Fargo,ND,Size L,14.74,3,UPS® Ground
Spokane,Glen Allen,VA,Size L,18.12,4,UPS® Ground
Spokane,Grand Junction,CO,Size L,14.74,3,UPS® Ground
Spokane,Highlands Ranch,CO,Size L,14.74,3,UPS® Ground
Spokane,Joliet,IL,Size L,17.1,3,UPS® Ground
Spokane,Kerrville,TX,Size L,17.1,4,UPS® Ground
Spokane,Longmont,CO,Size L,14.74,3,UPS® Ground
Spokane,Minneapolis,MN,Size L,16.04,4,UPS® Ground
Spokane,Naperville,IL,Size L,17.1,3,UPS® Ground
Spokane,Neosho,MO,Size L,16.04,4,UPS® Ground
Spokane,Puyallup,WA,Size L,11.36,2,UPS® Ground
Spokane,Queen Creek,AZ,Size L,16.04,3,UPS® Ground
Spokane,Saline,MI,Size L,17.1,5,UPS® Ground
Spokane,Sevierville,TN,Size L,18.12,4,UPS® Ground
Spokane,Sterling Heights,MI,Size L,17.1,5,UPS® Ground
Spokane,Thornton,CO,Size L,14.74,3,UPS® Ground
Spokane,Ventura,CA,Size L,14.74,3,UPS® Ground
Spokane,Wilmington,MA,Size L,18.12,5,UPS® Ground
Spokane,Clermont,FL,Size L,18.12,5,UPS® Ground
Spokane,Abilene,TX,Size L,16.04,4,UPS® Ground
Spokane,Brick,NJ,Size L,18.12,5,UPS® Ground
Spokane,Bentonville,AR,Size L,17.1,5,UPS® Ground
Spokane,Bogart,GA,Size L,18.12,4,UPS® Ground
Spokane,Boston,MA,Size L,18.12,5,UPS® Ground
Spokane,Buffalo,NY,Size L,18.12,4,UPS® Ground
Spokane,Cary,NC,Size L,18.12,5,UPS® Ground
Spokane,Dallas,GA,Size L,18.12,4,UPS® Ground
Spokane,Doylestown,PA,Size L,18.12,4,UPS® Ground
Spokane,Eugene,OR,Size L,11.36,2,UPS® Ground
Spokane,Edmond,OK,Size L,16.04,4,UPS® Ground
Spokane,Forney,TX,Size L,17.1,4,UPS® Ground
Spokane,Fuquay Varina,NC,Size L,18.12,5,UPS® Ground
Spokane,Glendora,CA,Size L,14.74,3,UPS® Ground
Spokane,Henrico,VA,Size L,18.12,4,UPS® Ground
Spokane,Hockessin,DE,Size L,18.12,4,UPS® Ground
Spokane,Holly Springs,NC,Size L,18.12,5,UPS® Ground
Spokane,Irvine,CA,Size L,16.04,3,UPS® Ground
Spokane,Lakeland,FL,Size L,18.12,5,UPS® Ground
Spokane,Lawrence,KS,Size L,16.04,4,UPS® Ground
Spokane,League City,TX,Size L,17.1,4,UPS® Ground
Spokane,Mansfield,TX,Size L,17.1,4,UPS® Ground
Spokane,Madison,WI,Size L,16.04,4,UPS® Ground
Spokane,McKinney,TX,Size L,17.1,4,UPS® Ground
Spokane,Mentor,OH,Size L,18.12,5,UPS® Ground
Spokane,Mount Airy,MD,Size L,18.12,4,UPS® Ground
Spokane,Norfolk,VA,Size L,18.12,4,UPS® Ground
Spokane,Nampa,ID,Size L,10.41,2,UPS® Ground
Spokane,Noblesville,IN,Size L,17.1,4,UPS® Ground
Spokane,Orland Park,IL,Size L,17.1,3,UPS® Ground
Spokane,Palm Harbor,FL,Size L,18.12,5,UPS® Ground
Spokane,Petaluma,CA,Size L,14.74,3,UPS® Ground
Spokane,Placentia,CA,Size L,14.74,3,UPS® Ground
Spokane,Prescott,AZ,Size L,14.74,3,UPS® Ground
Spokane,Richardson,TX,Size L,17.1,4,UPS® Ground
Spokane,Roanoke,VA,Size L,18.12,4,UPS® Ground
Spokane,Richmond,TX,Size L,17.1,4,UPS® Ground
Spokane,Sanford,ME,Size L,18.12,5,UPS® Ground
Spokane,Seminole,FL,Size L,18.12,5,UPS® Ground
Spokane,Sheridan,WY,Size L,11.36,3,UPS® Ground
Spokane,Sparks,NV,Size L,11.36,2,UPS® Ground
Spokane,Traverse City,MI,Size L,17.1,4,UPS® Ground
Spokane,Tulsa,OK,Size L,16.04,4,UPS® Ground
Spokane,Wake Forest,NC,Size L,18.12,5,UPS® Ground
Spokane,Waterloo,SC,Size L,18.12,5,UPS® Ground
Spokane,Waukesha,WI,Size L,17.1,3,UPS® Ground
Spokane,Wichita,KS,Size L,16.04,4,UPS® Ground
Spokane,Winnsboro,TX,Size L,17.1,4,UPS® Ground
Spokane,Woodbury,MN,Size L,16.04,4,UPS® Ground
Spokane,Cumming,GA,Size L,18.12,4,UPS® Ground
Spokane,Muskegon,MI,Size L,17.1,3,UPS® Ground
Spokane,Akron,OH,Size L,17.1,5,UPS® Ground
Spokane,Albany,OR,Size L,11.36,2,UPS® Ground
Spokane,Alpharetta,GA,Size L,18.12,4,UPS® Ground
Spokane,Asheville,NC,Size L,18.12,5,UPS® Ground
Spokane,Bixby,OK,Size L,16.04,4,UPS® Ground
Spokane,Boulder,CO,Size L,14.74,3,UPS® Ground
Spokane,Bethlehem,PA,Size L,18.12,4,UPS® Ground
Spokane,Brenham,TX,Size L,17.1,4,UPS® Ground
Spokane,Broken Bow,OK,Size L,17.1,4,UPS® Ground
Spokane,Cape Coral,FL,Size L,18.12,5,UPS® Ground
Spokane,Chula Vista,CA,Size L,16.04,3,UPS® Ground
Spokane,Crawfordville,FL,Size L,18.12,5,UPS® Ground
Spokane,Cypress,TX,Size L,17.1,4,UPS® Ground
Spokane,Clearwater,FL,Size L,18.12,5,UPS® Ground
Spokane,Columbiana,AL,Size L,18.12,4,UPS® Ground
Spokane,Columbus,GA,Size L,18.12,4,UPS® Ground
Spokane,Commack,NY,Size L,18.12,5,UPS® Ground
Spokane,Dublin,CA,Size L,14.74,3,UPS® Ground
Spokane,Decatur,GA,Size L,18.12,4,UPS® Ground
Spokane,Deltona,FL,Size L,18.12,5,UPS® Ground
Spokane,Derry,NH,Size L,18.12,5,UPS® Ground
Spokane,Douglassville,PA,Size L,18.12,4,UPS® Ground
Spokane,Easton,PA,Size L,18.12,4,UPS® Ground
Spokane,El Paso,TX,Size L,16.04,4,UPS® Ground
Spokane,Escondido,CA,Size L,16.04,3,UPS® Ground
Spokane,Fairport,NY,Size L,18.12,4,UPS® Ground
Spokane,Flemington,NJ,Size L,18.12,5,UPS® Ground
Spokane,Florence,SC,Size L,18.12,5,UPS® Ground
Spokane,Fort Lauderdale,FL,Size L,18.12,5,UPS® Ground
Spokane,Frisco,TX,Size L,17.1,4,UPS® Ground
Spokane,Goodyear,AZ,Size L,16.04,3,UPS® Ground
Spokane,Gays Mills,WI,Size L,16.04,5,UPS® Ground
Spokane,Grafton,WI,Size L,17.1,3,UPS® Ground
Spokane,Green Cove Springs,FL,Size L,18.12,5,UPS® Ground
Spokane,Greensburg,PA,Size L,18.12,4,UPS® Ground
Spokane,Honolulu,HI,Size L,46.14,4,UPS® Ground
Spokane,Humble,TX,Size L,17.1,4,UPS® Ground
Spokane,Huntington,NY,Size L,18.12,5,UPS® Ground
Spokane,Idaho Falls,ID,Size L,11.36,2,UPS® Ground
Spokane,Jackson,TN,Size L,17.1,4,UPS® Ground
Spokane,Jacksonville,NC,Size L,18.12,5,UPS® Ground
Spokane,Jenkintown,PA,Size L,18.12,4,UPS® Ground
Spokane,Johnson City,TN,Size L,18.12,4,UPS® Ground
Spokane,Kingwood,TX,Size L,17.1,4,UPS® Ground
Spokane,Lansing,MI,Size L,17.1,4,UPS® Ground
Spokane,Lapeer,MI,Size L,17.1,4,UPS® Ground
Spokane,Lawrenceville,GA,Size L,18.12,4,UPS® Ground
Spokane,Lexington,NC,Size L,18.12,5,UPS® Ground
Spokane,Lubbock,TX,Size L,16.04,4,UPS® Ground
Spokane,Medina,OH,Size L,17.1,5,UPS® Ground
Spokane,Macomb,MI,Size L,17.1,5,UPS® Ground
Spokane,Magnolia,TX,Size L,17.1,4,UPS® Ground
Spokane,Martinsburg,WV,Size L,18.12,4,UPS® Ground
Spokane,Meridian,ID,Size L,10.41,2,UPS® Ground
Spokane,Mobile,AL,Size L,18.12,4,UPS® Ground
Spokane,Morrison,CO,Size L,14.74,3,UPS® Ground
Spokane,Napa,CA,Size L,14.74,3,UPS® Ground
Spokane,New Braunfels,TX,Size L,17.1,4,UPS® Ground
Spokane,New Lenox,IL,Size L,17.1,3,UPS® Ground
Spokane,New Orleans,LA,Size L,18.12,5,UPS® Ground
Spokane,Newark,DE,Size L,18.12,4,UPS® Ground
Spokane,Oakland,CA,Size L,14.74,3,UPS® Ground
Spokane,Owasso,OK,Size L,16.04,4,UPS® Ground
Spokane,Overland Park,KS,Size L,16.04,4,UPS® Ground
Spokane,Panama City,FL,Size L,18.12,5,UPS® Ground
Spokane,Panama City Beach,FL,Size L,18.12,5,UPS® Ground
Spokane,Patchogue,NY,Size L,18.12,5,UPS® Ground
Spokane,Port Clinton,OH,Size L,17.1,5,UPS® Ground
Spokane,Paducah,KY,Size L,17.1,5,UPS® Ground
Spokane,Palmetto,FL,Size L,18.12,5,UPS® Ground
Spokane,Pearland,TX,Size L,17.1,4,UPS® Ground
Spokane,Pella,IA,Size L,16.04,4,UPS® Ground
Spokane,Pittsford,NY,Size L,18.12,4,UPS® Ground
Spokane,Port Orange,FL,Size L,18.12,5,UPS® Ground
Spokane,Ravenna,OH,Size L,17.1,5,UPS® Ground
Spokane,Roaming Shores,OH,Size L,18.12,5,UPS® Ground
Spokane,Richmond Hill,GA,Size L,18.12,5,UPS® Ground
Spokane,Riverview,FL,Size L,18.12,5,UPS® Ground
Spokane,Rochester,MN,Size L,16.04,4,UPS® Ground
Spokane,Round Rock,TX,Size L,17.1,4,UPS® Ground
Spokane,Saint Petersburg,FL,Size L,18.12,5,UPS® Ground
Spokane,San Leandro,CA,Size L,14.74,3,UPS® Ground
Spokane,Southington,CT,Size L,18.12,5,UPS® Ground
Spokane,Spartanburg,SC,Size L,18.12,5,UPS® Ground
Spokane,Surprise,AZ,Size L,16.04,3,UPS® Ground
Spokane,Santa Barbara,CA,Size L,14.74,3,UPS® Ground
Spokane,Shelton,CT,Size L,18.12,5,UPS® Ground
Spokane,Spring Branch,TX,Size L,17.1,4,UPS® Ground
Spokane,St. Louis,MO,Size L,17.1,4,UPS® Ground
Spokane,Stroudsburg,PA,Size L,18.12,4,UPS® Ground
Spokane,Sunapee,NH,Size L,18.12,5,UPS® Ground
Spokane,Swedesboro,NJ,Size L,18.12,4,UPS® Ground
Spokane,Syracuse,NY,Size L,18.12,4,UPS® Ground
Spokane,Tomball,TX,Size L,17.1,4,UPS® Ground
Spokane,Topeka,KS,Size L,16.04,4,UPS® Ground
Spokane,Tuscaloosa,AL,Size L,18.12,4,UPS® Ground
Spokane,Terre Haute,IN,Size L,17.1,4,UPS® Ground
Spokane,Tinley Park,IL,Size L,17.1,3,UPS® Ground
Spokane,Toms River,NJ,Size L,18.12,5,UPS® Ground
Spokane,Tulare,CA,Size L,14.74,3,UPS® Ground
Spokane,Vienna,VA,Size L,18.12,4,UPS® Ground
Spokane,Walnut Creek,CA,Size L,14.74,3,UPS® Ground
Spokane,Wayne,NJ,Size L,18.12,5,UPS® Ground
Spokane,Waynesboro,VA,Size L,18.12,4,UPS® Ground
Spokane,West Sacramento,CA,Size L,14.74,3,UPS® Ground
Spokane,Yuba City,CA,Size L,14.74,3,UPS® Ground
Spokane,Zachary,LA,Size L,17.1,5,UPS® Ground
Spokane,Buford,GA,Size L,18.12,4,UPS® Ground
Spokane,Modesto,CA,Size L,14.74,3,UPS® Ground
Spokane,Winter Park,FL,Size L,18.12,5,UPS® Ground
Spokane,Antioch,IL,Size L,17.1,3,UPS® Ground
Spokane,Algonquin,IL,Size L,17.1,3,UPS® Ground
Spokane,Allen,TX,Size L,17.1,4,UPS® Ground
Spokane,Ames,IA,Size L,16.04,4,UPS® Ground
Spokane,Anaheim,CA,Size L,14.74,3,UPS® Ground
Spokane,Aptos,CA,Size L,14.74,3,UPS® Ground
Spokane,Astoria,NY,Size L,18.12,5,UPS® Ground
Spokane,Bloomington,IN,Size L,17.1,4,UPS® Ground
Spokane,Bremerton,WA,Size L,11.36,2,UPS® Ground
Spokane,Brunswick,OH,Size L,17.1,5,UPS® Ground
Spokane,Burke,VA,Size L,18.12,4,UPS® Ground
Spokane,Bedford,IN,Size L,17.1,4,UPS® Ground
Spokane,Benton,LA,Size L,17.1,5,UPS® Ground
Spokane,Billings,MT,Size L,11.36,2,UPS® Ground
Spokane,Birdsboro,PA,Size L,18.12,4,UPS® Ground
Spokane,Bothell,WA,Size L,11.36,1,UPS® Ground
Spokane,Bowie,MD,Size L,18.12,4,UPS® Ground
Spokane,Brentwood,TN,Size L,17.1,4,UPS® Ground
Spokane,Bronx,NY,Size L,18.12,5,UPS® Ground
Spokane,Brookfield,WI,Size L,17.1,3,UPS® Ground
Spokane,Canton,OH,Size L,18.12,5,UPS® Ground
Spokane,Celina,TX,Size L,17.1,4,UPS® Ground
Spokane,Chapel Hill,NC,Size L,18.12,5,UPS® Ground
Spokane,Claremore,OK,Size L,16.04,4,UPS® Ground
Spokane,Clovis,CA,Size L,14.74,3,UPS® Ground
Spokane,Cocoa,FL,Size L,18.12,5,UPS® Ground
Spokane,Callahan,FL,Size L,18.12,5,UPS® Ground
Spokane,Carmel,IN,Size L,17.1,4,UPS® Ground
Spokane,Cedar Park,TX,Size L,17.1,4,UPS® Ground
Spokane,Centennial,CO,Size L,14.74,3,UPS® Ground
Spokane,Centerville,MA,Size L,18.12,5,UPS® Ground
Spokane,Charleston,SC,Size L,18.12,5,UPS® Ground
Spokane,Charlottesville,VA,Size L,18.12,4,UPS® Ground
Spokane,Clarkesville,GA,Size L,18.12,4,UPS® Ground
Spokane,Clayton,NC,Size L,18.12,5,UPS® Ground
Spokane,Clifton,NJ,Size L,18.12,5,UPS® Ground
Spokane,Collinsville,OK,Size L,16.04,4,UPS® Ground
Spokane,Columbia,TN,Size L,17.1,4,UPS® Ground
Spokane,Concord,NC,Size L,18.12,5,UPS® Ground
Spokane,Cookeville,TN,Size L,17.1,4,UPS® Ground
Spokane,Corpus Christi,TX,Size L,17.1,4,UPS® Ground
Spokane,Corrales,NM,Size L,14.74,3,UPS® Ground
Spokane,Corydon,IN,Size L,17.1,4,UPS® Ground
Spokane,Cranston,RI,Size L,18.12,5,UPS® Ground
Spokane,Dekalb,IL,Size L,17.1,3,UPS® Ground
Spokane,Delaware,OH,Size L,17.1,5,UPS® Ground
Spokane,Delmar,NY,Size L,18.12,4,UPS® Ground
Spokane,Des Moines,IA,Size L,16.04,4,UPS® Ground
Spokane,Dickson,TN,Size L,17.1,4,UPS® Ground
Spokane,Downers Grove,IL,Size L,17.1,3,UPS® Ground
Spokane,Dripping Springs,TX,Size L,17.1,4,UPS® Ground
Spokane,Eustis,FL,Size L,18.12,5,UPS® Ground
Spokane,East Hampton,NY,Size L,18.12,5,UPS® Ground
Spokane,Fenton,MO,Size L,17.1,4,UPS® Ground
Spokane,Fayetteville,AR,Size L,17.1,5,UPS® Ground
Spokane,Flower Mound,TX,Size L,17.1,4,UPS® Ground
Spokane,Franklin,OH,Size L,17.1,5,UPS® Ground
Spokane,Friendswood,TX,Size L,17.1,4,UPS® Ground
Spokane,Gainesville,FL,Size L,18.12,5,UPS® Ground
Spokane,Gainesville,GA,Size L,18.12,4,UPS® Ground
Spokane,Glendale,CA,Size L,14.74,3,UPS® Ground
Spokane,Greenville,SC,Size L,18.12,5,UPS® Ground
Spokane,Greenville,MI,Size L,17.1,3,UPS® Ground
Spokane,Gaithersburg,MD,Size L,18.12,4,UPS® Ground
Spokane,Garner,NC,Size L,18.12,5,UPS® Ground
Spokane,Gastonia,NC,Size L,18.12,5,UPS® Ground
Spokane,Granada Hills,CA,Size L,14.74,3,UPS® Ground
Spokane,Granbury,TX,Size L,17.1,4,UPS® Ground
Spokane,Griffin,GA,Size L,18.12,4,UPS® Ground
Spokane,Harpers Ferry,WV,Size L,18.12,4,UPS® Ground
Spokane,Haverhill,MA,Size L,18.12,5,UPS® Ground
Spokane,Hayward,CA,Size L,14.74,3,UPS® Ground
Spokane,Herriman,UT,Size L,14.74,2,UPS® Ground
Spokane,Hillsboro,OR,Size L,11.36,2,UPS® Ground
Spokane,Hoboken,NJ,Size L,18.12,5,UPS® Ground
Spokane,Huntley,IL,Size L,17.1,3,UPS® Ground
Spokane,Hagerstown,MD,Size L,18.12,4,UPS® Ground
Spokane,Hamilton,OH,Size L,17.1,5,UPS® Ground
Spokane,Harrisburg,PA,Size L,18.12,4,UPS® Ground
Spokane,Hendersonville,NC,Size L,18.12,5,UPS® Ground
Spokane,Hendersonville,TN,Size L,17.1,4,UPS® Ground
Spokane,Holland,MI,Size L,17.1,3,UPS® Ground
Spokane,Indian Trail,NC,Size L,18.12,5,UPS® Ground
Spokane,Jersey City,NJ,Size L,18.12,5,UPS® Ground
Spokane,Johnstown,PA,Size L,18.12,4,UPS® Ground
Spokane,Kalamazoo,MI,Size L,17.1,3,UPS® Ground
Spokane,Keatchie,LA,Size L,17.1,5,UPS® Ground
Spokane,Kennewick,WA,Size L,9.41,1,UPS® Ground
Spokane,Kingsport,TN,Size L,18.12,4,UPS® Ground
Spokane,Lake Elsinore,CA,Size L,16.04,3,UPS® Ground
Spokane,Lebanon,OH,Size L,17.1,5,UPS® Ground
Spokane,Little Rock,AR,Size L,17.1,5,UPS® Ground
Spokane,Livonia,MI,Size L,17.1,5,UPS® Ground
Spokane,Los Alamos,NM,Size L,14.74,3,UPS® Ground
Spokane,Loveland,CO,Size L,14.74,3,UPS® Ground
Spokane,La Mesa,CA,Size L,16.04,3,UPS® Ground
Spokane,La Quinta,CA,Size L,14.74,3,UPS® Ground
Spokane,Lake Oswego,OR,Size L,10.41,2,UPS® Ground
Spokane,Lake Saint Louis,MO,Size L,17.1,4,UPS® Ground
Spokane,Lake in the Hills,IL,Size L,17.1,3,UPS® Ground
Spokane,Lakeway,TX,Size L,17.1,4,UPS® Ground
Spokane,Lancaster,NY,Size L,18.12,4,UPS® Ground
Spokane,Leander,TX,Size L,17.1,4,UPS® Ground
Spokane,Lees Summit,MO,Size L,16.04,4,UPS® Ground
Spokane,Lenoir,NC,Size L,18.12,5,UPS® Ground
Spokane,Lewis Center,OH,Size L,17.1,5,UPS® Ground
Spokane,Lexington,IN,Size L,17.1,4,UPS® Ground
Spokane,Lodi,CA,Size L,14.74,3,UPS® Ground
Spokane,Lynden,WA,Size L,10.41,2,UPS® Ground
Spokane,Methuen,MA,Size L,18.12,5,UPS® Ground
Spokane,Milford,CT,Size L,18.12,5,UPS® Ground
Spokane,Mineola,TX,Size L,17.1,4,UPS® Ground
Spokane,Missoula,MT,Size L,10.41,1,UPS® Ground
Spokane,Mansfield,OH,Size L,17.1,5,UPS® Ground
Spokane,McDonough,GA,Size L,18.12,4,UPS® Ground
Spokane,Merritt Island,FL,Size L,18.12,5,UPS® Ground
Spokane,Midlothian,VA,Size L,18.12,4,UPS® Ground
Spokane,Millington,TN,Size L,17.1,4,UPS® Ground
Spokane,Milton,FL,Size L,18.12,5,UPS® Ground
Spokane,Moab,UT,Size L,14.74,3,UPS® Ground
Spokane,Monroe,NC,Size L,18.12,5,UPS® Ground
Spokane,Mooresville,IN,Size L,17.1,4,UPS® Ground
Spokane,Morganton,NC,Size L,18.12,5,UPS® Ground
Spokane,Murfreesboro,TN,Size L,17.1,4,UPS® Ground
Spokane,Newburgh,NY,Size L,18.12,5,UPS® Ground
Spokane,Navarre,FL,Size L,18.12,5,UPS® Ground
Spokane,New Market,AL,Size L,17.1,4,UPS® Ground
Spokane,Newnan,GA,Size L,18.12,4,UPS® Ground
Spokane,Norman,OK,Size L,16.04,4,UPS® Ground
Spokane,Novi,MI,Size L,17.1,5,UPS® Ground
Spokane,Ormond Beach,FL,Size L,18.12,5,UPS® Ground
Spokane,Owensboro,KY,Size L,17.1,5,UPS® Ground
Spokane,Oconto,WI,Size L,16.04,4,UPS® Ground
Spokane,Old Bridge,NJ,Size L,18.12,5,UPS® Ground
Spokane,Olympia,WA,Size L,10.41,2,UPS® Ground
Spokane,Oregon City,OR,Size L,10.41,2,UPS® Ground
Spokane,Oxford,MI,Size L,17.1,5,UPS® Ground
Spokane,Peachtree City,GA,Size L,18.12,4,UPS® Ground
Spokane,Pleasanton,CA,Size L,14.74,3,UPS® Ground
Spokane,Poughkeepsie,NY,Size L,18.12,5,UPS® Ground
Spokane,Pagosa Springs,CO,Size L,14.74,3,UPS® Ground
Spokane,Pasadena,CA,Size L,14.74,3,UPS® Ground
Spokane,Pasadena,TX,Size L,17.1,4,UPS® Ground
Spokane,Pasco,WA,Size L,9.41,1,UPS® Ground
Spokane,Pawtucket,RI,Size L,18.12,5,UPS® Ground
Spokane,Pembroke,MA,Size L,18.12,5,UPS® Ground
Spokane,Perrysburg,OH,Size L,17.1,5,UPS® Ground
Spokane,Plant City,FL,Size L,18.12,5,UPS® Ground
Spokane,Port Orchard,WA,Size L,11.36,2,UPS® Ground
Spokane,Prescott Valley,AZ,Size L,14.74,3,UPS® Ground
Spokane,Princeton,NJ,Size L,18.12,5,UPS® Ground
Spokane,Quincy,MA,Size L,18.12,5,UPS® Ground
Spokane,Redwood City,CA,Size L,14.74,3,UPS® Ground
Spokane,Rohnert Park,CA,Size L,14.74,3,UPS® Ground
Spokane,Rigby,ID,Size L,11.36,3,UPS® Ground
Spokane,Ripon,WI,Size L,16.04,4,UPS® Ground
Spokane,Rogers,AR,Size L,17.1,5,UPS® Ground
Spokane,Rowlett,TX,Size L,17.1,4,UPS® Ground
Spokane,Rydal,PA,Size L,18.12,4,UPS® Ground
Spokane,Shepherdsville,KY,Size L,17.1,5,UPS® Ground
Spokane,Shreveport,LA,Size L,17.1,5,UPS® Ground
Spokane,Stamford,CT,Size L,18.12,5,UPS® Ground
Spokane,Salt Lake City,UT,Size L,11.36,2,UPS® Ground
Spokane,Sanford,NC,Size L,18.12,5,UPS® Ground
Spokane,Santa Ana,CA,Size L,14.74,3,UPS® Ground
Spokane,Santa Cruz,CA,Size L,14.74,3,UPS® Ground
Spokane,Santa Fe,NM,Size L,14.74,3,UPS® Ground
Spokane,Sarver,PA,Size L,18.12,4,UPS® Ground
Spokane,Schenectady,NY,Size L,18.12,4,UPS® Ground
Spokane,Sierra Vista,AZ,Size L,16.04,3,UPS® Ground
Spokane,Silver Spring,MD,Size L,18.12,4,UPS® Ground
Spokane,South Jordan,UT,Size L,14.74,2,UPS® Ground
Spokane,Springfield,MO,Size L,16.04,4,UPS® Ground
Spokane,Summerville,SC,Size L,18.12,5,UPS® Ground
Spokane,Sumter,SC,Size L,18.12,5,UPS® Ground
Spokane,Sun City,AZ,Size L,16.04,3,UPS® Ground
Spokane,Syosset,NY,Size L,18.12,5,UPS® Ground
Spokane,Taunton,MA,Size L,18.12,5,UPS® Ground
Spokane,Texarkana,TX,Size L,17.1,4,UPS® Ground
Spokane,Toledo,OH,Size L,17.1,5,UPS® Ground
Spokane,Urbana,OH,Size L,17.1,5,UPS® Ground
Spokane,Valparaiso,IN,Size L,17.1,3,UPS® Ground
Spokane,Waco,TX,Size L,17.1,4,UPS® Ground
Spokane,West Lafayette,IN,Size L,17.1,3,UPS® Ground
Spokane,Winter Garden,FL,Size L,18.12,5,UPS® Ground
Spokane,Winter Haven,FL,Size L,18.12,5,UPS® Ground
Spokane,Wylie,TX,Size L,17.1,4,UPS® Ground
Spokane,Waldorf,MD,Size L,18.12,4,UPS® Ground
Spokane,Wesley Chapel,FL,Size L,18.12,5,UPS® Ground
Spokane,West Palm Beach,FL,Size L,18.12,5,UPS® Ground
Spokane,Williamsburg,VA,Size L,18.12,4,UPS® Ground
Spokane,Woodbridge,VA,Size L,18.12,4,UPS® Ground
Spokane,Woodside,CA,Size L,14.74,3,UPS® Ground
Spokane,Yorba Linda,CA,Size L,14.74,3,UPS® Ground
Spokane,Queens Village,NY,Size L,18.12,5,UPS® Ground
Troutdale,Brooklyn,NY,Size L,18.12,4,UPS® Ground
Troutdale,Phoenix,AZ,Size L,16.04,3,UPS® Ground
Troutdale,Houston,TX,Size L,17.1,4,UPS® Ground
Troutdale,San Antonio,TX,Size L,17.1,4,UPS® Ground
Troutdale,Jacksonville,FL,Size L,18.12,5,UPS® Ground
Troutdale,Chicago,IL,Size L,17.1,3,UPS® Ground
Troutdale,Dallas,TX,Size L,17.1,4,UPS® Ground
Troutdale,Wilmington,DE,Size L,18.12,4,UPS® Ground
Troutdale,Austin,TX,Size L,17.1,4,UPS® Ground
Troutdale,Canton,OH,Size L,18.12,4,UPS® Ground
Troutdale,Charlotte,NC,Size L,18.12,5,UPS® Ground
Troutdale,New York,NY,Size L,18.12,4,UPS® Ground
Troutdale,Atlanta,GA,Size L,18.12,4,UPS® Ground
Troutdale,Franklin,TN,Size L,18.12,4,UPS® Ground
Troutdale,Lexington,KY,Size L,18.12,4,UPS® Ground
Troutdale,Orlando,FL,Size L,18.12,5,UPS® Ground
Troutdale,Rochester,NY,Size L,18.12,4,UPS® Ground
Troutdale,Las Vegas,NV,Size L,16.04,3,UPS® Ground
Troutdale,Louisville,KY,Size L,18.12,4,UPS® Ground
Troutdale,Marietta,GA,Size L,18.12,4,UPS® Ground
Troutdale,Colorado Springs,CO,Size L,14.74,3,UPS® Ground
Troutdale,Columbus,OH,Size L,18.12,4,UPS® Ground
Troutdale,Marble Falls,TX,Size L,17.1,4,UPS® Ground
Troutdale,Tampa,FL,Size L,18.12,5,UPS® Ground
Troutdale,San Diego,CA,Size L,14.74,3,UPS® Ground
Troutdale,Columbia,SC,Size L,18.12,5,UPS® Ground
Troutdale,Greenville,SC,Size L,18.12,5,UPS® Ground
Troutdale,Lebanon,TN,Size L,18.12,4,UPS® Ground
Troutdale,Salem,OR,Size L,9.41,1,UPS® Ground
Troutdale,Cleveland,OH,Size L,18.12,4,UPS® Ground
Troutdale,Denver,CO,Size L,14.74,3,UPS® Ground
Troutdale,Omaha,NE,Size L,16.04,3,UPS® Ground
Troutdale,Portland,OR,Size L,9.41,1,UPS® Ground
Troutdale,Raleigh,NC,Size L,18.12,5,UPS® Ground
Troutdale,Richmond,VA,Size L,18.12,4,UPS® Ground
Troutdale,Jackson,MS,Size L,18.12,5,UPS® Ground
Troutdale,Albany,NY,Size L,18.12,4,UPS® Ground
Troutdale,Fort Worth,TX,Size L,17.1,4,UPS® Ground
Troutdale,Oklahoma City,OK,Size L,17.1,4,UPS® Ground
Troutdale,Chesapeake,VA,Size L,18.12,4,UPS® Ground
Troutdale,Miami,FL,Size L,18.12,5,UPS® Ground
Troutdale,Milford,CT,Size L,18.12,4,UPS® Ground
Troutdale,Pittsburgh,PA,Size L,18.12,4,UPS® Ground
Troutdale,San Francisco,CA,Size L,11.36,2,UPS® Ground
Troutdale,San Jose,CA,Size L,14.74,2,UPS® Ground
Troutdale,Tucson,AZ,Size L,16.04,3,UPS® Ground
Troutdale,Virginia Beach,VA,Size L,18.12,4,UPS® Ground
Troutdale,Albuquerque,NM,Size L,16.04,4,UPS® Ground
Troutdale,Gilbert,AZ,Size L,16.04,3,UPS® Ground
Troutdale,Springfield,IL,Size L,17.1,3,UPS® Ground
Troutdale,Alexandria,VA,Size L,18.12,4,UPS® Ground
Troutdale,Kansas City,MO,Size L,17.1,3,UPS® Ground
Troutdale,Knoxville,TN,Size L,18.12,4,UPS® Ground
Troutdale,Lakewood,CO,Size L,14.74,3,UPS® Ground
Troutdale,Nashville,TN,Size L,18.12,4,UPS® Ground
Troutdale,Saint Louis,MO,Size L,17.1,4,UPS® Ground
Troutdale,Seattle,WA,Size L,10.41,1,UPS® Ground
Troutdale,Arlington,TX,Size L,17.1,4,UPS® Ground
Troutdale,Aurora,CO,Size L,14.74,3,UPS® Ground
Troutdale,Boise,ID,Size L,10.41,2,UPS® Ground
Troutdale,Indianapolis,IN,Size L,18.12,4,UPS® Ground
Troutdale,Naples,CO,Size L,16.04,,UPS® Ground
Troutdale,Reno,NV,Size L,11.36,2,UPS® Ground
Troutdale,Riverside,CA,Size L,14.74,3,UPS® Ground
Troutdale,Bismarck,ND,Size L,16.04,3,UPS® Ground
Troutdale,Fresno,TX,Size L,17.1,4,UPS® Ground
Troutdale,Lincoln,RI,Size L,18.12,4,UPS® Ground
Troutdale,Los Angeles,CA,Size L,14.74,3,UPS® Ground
Troutdale,Mansfield,MA,Size L,18.12,4,UPS® Ground
Troutdale,Milwaukee,WI,Size L,17.1,3,UPS® Ground
Troutdale,Madison,IN,Size L,18.12,4,UPS® Ground
Troutdale,Mesa,AZ,Size L,16.04,3,UPS® Ground
Troutdale,Monroe,NC,Size L,18.12,5,UPS® Ground
Troutdale,Philadelphia,PA,Size L,18.12,4,UPS® Ground
Troutdale,Staten Island,NY,Size L,18.12,4,UPS® Ground
Troutdale,Washington,DC,Size L,18.12,4,UPS® Ground
Troutdale,Baltimore,MD,Size L,18.12,4,UPS® Ground
Troutdale,Decatur,IL,Size L,17.1,3,UPS® Ground
Troutdale,Durham,NC,Size L,18.12,5,UPS® Ground
Troutdale,Fayetteville,AR,Size L,17.1,4,UPS® Ground
Troutdale,Glendale,AZ,Size L,14.74,3,UPS® Ground
Troutdale,Midland,GA,Size L,18.12,4,UPS® Ground
Troutdale,Scottsdale,AZ,Size L,16.04,3,UPS® Ground
Troutdale,Woodstock,GA,Size L,18.12,4,UPS® Ground
Troutdale,Chandler,AZ,Size L,16.04,3,UPS® Ground
Troutdale,Cincinnati,OH,Size L,18.12,4,UPS® Ground
Troutdale,Covington,LA,Size L,18.12,5,UPS® Ground
Troutdale,Fort Myers,FL,Size L,18.12,5,UPS® Ground
Troutdale,Greensboro,NC,Size L,18.12,5,UPS® Ground
Troutdale,Henderson,TX,Size L,17.1,4,UPS® Ground
Troutdale,Hamilton,MI,Size L,17.1,3,UPS® Ground
Troutdale,Lewisburg,PA,Size L,18.12,4,UPS® Ground
Troutdale,Littleton,CO,Size L,14.74,3,UPS® Ground
Troutdale,Mount Pleasant,SC,Size L,18.12,5,UPS® Ground
Troutdale,Pasadena,MD,Size L,18.12,4,UPS® Ground
Troutdale,Plano,TX,Size L,17.1,4,UPS® Ground
Troutdale,Sanford,NC,Size L,18.12,5,UPS® Ground
Troutdale,Wayne,ME,Size L,18.12,4,UPS® Ground
Troutdale,Ashland,PA,Size L,18.12,4,UPS® Ground
Troutdale,Burlington,WI,Size L,17.1,3,UPS® Ground
Troutdale,Centerville,IA,Size L,17.1,4,UPS® Ground
Troutdale,Clayton,NC,Size L,18.12,5,UPS® Ground
Troutdale,Encinitas,CA,Size L,14.74,3,UPS® Ground
Troutdale,Fort Collins,CO,Size L,14.74,3,UPS® Ground
Troutdale,Golden,CO,Size L,14.74,3,UPS® Ground
Troutdale,Hudson,NC,Size L,18.12,5,UPS® Ground
Troutdale,Katy,TX,Size L,17.1,4,UPS® Ground
Troutdale,Lancaster,SC,Size L,18.12,5,UPS® Ground
Troutdale,Newark,NJ,Size L,18.12,4,UPS® Ground
Troutdale,Parker,CO,Size L,14.74,3,UPS® Ground
Troutdale,Plymouth,MA,Size L,18.12,4,UPS® Ground
Troutdale,Rancho Cucamonga,CA,Size L,14.74,3,UPS® Ground
Troutdale,Rockville,MD,Size L,18.12,4,UPS® Ground
Troutdale,Sacramento,CA,Size L,14.74,2,UPS® Ground
Troutdale,Tallahassee,FL,Size L,18.12,5,UPS® Ground
Troutdale,The Villages,FL,Size L,18.12,5,UPS® Ground
Troutdale,Westfield,IN,Size L,17.1,4,UPS® Ground
Troutdale,Waterloo,IA,Size L,17.1,4,UPS® Ground
Troutdale,West Chester,PA,Size L,18.12,4,UPS® Ground
Troutdale,Bend,OR,Size L,9.41,1,UPS® Ground
Troutdale,Amarillo,TX,Size L,16.04,4,UPS® Ground
Troutdale,Auburn,MA,Size L,18.12,4,UPS® Ground
Troutdale,Bakersfield,CA,Size L,14.74,3,UPS® Ground
Troutdale,Boca Raton,FL,Size L,18.12,5,UPS® Ground
Troutdale,Benton,LA,Size L,17.1,5,UPS® Ground
Troutdale,Bradenton,FL,Size L,18.12,5,UPS® Ground
Troutdale,Dayton,OH,Size L,18.12,4,UPS® Ground
Troutdale,Duluth,MN,Size L,16.04,4,UPS® Ground
Troutdale,Englewood,CO,Size L,14.74,3,UPS® Ground
Troutdale,Fort Wayne,IN,Size L,18.12,3,UPS® Ground
Troutdale,Frederick,MD,Size L,18.12,4,UPS® Ground
Troutdale,Fredericksburg,VA,Size L,18.12,4,UPS® Ground
Troutdale,Gainesville,FL,Size L,18.12,5,UPS® Ground
Troutdale,Grand Rapids,MI,Size L,17.1,3,UPS® Ground
Troutdale,Green Bay,WI,Size L,17.1,4,UPS® Ground
Troutdale,Morgantown,WV,Size L,18.12,4,UPS® Ground
Troutdale,Pensacola,FL,Size L,18.12,5,UPS® Ground
Troutdale,Princeton,MA,Size L,18.12,4,UPS® Ground
Troutdale,Peoria,AZ,Size L,14.74,3,UPS® Ground
Troutdale,Saint Paul,MN,Size L,16.04,4,UPS® Ground
Troutdale,Savannah,GA,Size L,18.12,5,UPS® Ground
Troutdale,Seaford,NY,Size L,18.12,4,UPS® Ground
Troutdale,Seymour,IN,Size L,18.12,4,UPS® Ground
Troutdale,Spokane,WA,Size L,10.41,1,UPS® Ground
Troutdale,Windsor,CO,Size L,14.74,3,UPS® Ground
Troutdale,Winston-Salem,NC,Size L,18.12,5,UPS® Ground
Troutdale,Worcester,MA,Size L,18.12,4,UPS® Ground
Troutdale,York,PA,Size L,18.12,4,UPS® Ground
Troutdale,Antioch,TN,Size L,18.12,4,UPS® Ground
Troutdale,Athens,GA,Size L,18.12,4,UPS® Ground
Troutdale,Corona,CA,Size L,14.74,3,UPS® Ground
Troutdale,Fairfield,CA,Size L,14.74,2,UPS® Ground
Troutdale,Germantown,MD,Size L,18.12,4,UPS® Ground
Troutdale,Hillsboro,OR,Size L,9.41,1,UPS® Ground
Troutdale,Hope Mills,NC,Size L,18.12,5,UPS® Ground
Troutdale,Hendersonville,NC,Size L,18.12,5,UPS® Ground
Troutdale,Holly Springs,MS,Size L,18.12,5,UPS® Ground
Troutdale,Homer,AK,Size L,46.14,4,UPS® Ground
Troutdale,Laurel,MD,Size L,18.12,4,UPS® Ground
Troutdale,Long Beach,CA,Size L,14.74,3,UPS® Ground
Troutdale,Manteca,CA,Size L,14.74,2,UPS® Ground
Troutdale,Maryville,TN,Size L,18.12,4,UPS® Ground
Troutdale,Magnolia,MS,Size L,18.12,5,UPS® Ground
Troutdale,Memphis,TN,Size L,17.1,4,UPS® Ground
Troutdale,Milton,MA,Size L,18.12,4,UPS® Ground
Troutdale,Montgomery,TX,Size L,17.1,4,UPS® Ground
Troutdale,Myrtle Beach,SC,Size L,18.12,5,UPS® Ground
Troutdale,New Market,AL,Size L,18.12,5,UPS® Ground
Troutdale,Ocala,FL,Size L,18.12,5,UPS® Ground
Troutdale,Olathe,KS,Size L,17.1,3,UPS® Ground
Troutdale,Oxford,MI,Size L,18.12,4,UPS® Ground
Troutdale,Palm Beach Gardens,FL,Size L,18.12,5,UPS® Ground
Troutdale,Roseville,CA,Size L,14.74,2,UPS® Ground
Troutdale,Roswell,GA,Size L,18.12,4,UPS® Ground
Troutdale,Rockwall,TX,Size L,17.1,4,UPS® Ground
Troutdale,Spring,TX,Size L,17.1,4,UPS® Ground
Troutdale,Salisbury,MA,Size L,18.12,4,UPS® Ground
Troutdale,Santa Rosa,CA,Size L,11.36,2,UPS® Ground
Troutdale,Sarasota,FL,Size L,18.12,5,UPS® Ground
Troutdale,Vancouver,WA,Size L,9.41,1,UPS® Ground
Troutdale,Westminster,MD,Size L,18.12,4,UPS® Ground
Troutdale,Canton,GA,Size L,18.12,4,UPS® Ground
Troutdale,Columbia,MO,Size L,17.1,3,UPS® Ground
Troutdale,Naples,FL,Size L,18.12,5,UPS® Ground
Troutdale,Fresno,CA,Size L,14.74,2,UPS® Ground
Troutdale,Cleveland,TN,Size L,18.12,4,UPS® Ground
Troutdale,Henderson,NV,Size L,14.74,3,UPS® Ground
Troutdale,Lincoln,NE,Size L,16.04,3,UPS® Ground
Troutdale,Wilmington,NC,Size L,18.12,5,UPS® Ground
Troutdale,Arvada,CO,Size L,14.74,3,UPS® Ground
Troutdale,Anchorage,AK,Size L,46.14,4,UPS® Ground
Troutdale,Birmingham,AL,Size L,18.12,5,UPS® Ground
Troutdale,Bozeman,MT,Size L,11.36,2,UPS® Ground
Troutdale,Conroe,TX,Size L,17.1,4,UPS® Ground
Troutdale,Carmel Valley,CA,Size L,14.74,3,UPS® Ground
Troutdale,Castle Rock,CO,Size L,14.74,3,UPS® Ground
Troutdale,Cedar Rapids,IA,Size L,17.1,4,UPS® Ground
Troutdale,Cooperstown,NY,Size L,18.12,4,UPS® Ground
Troutdale,Deland,FL,Size L,18.12,5,UPS® Ground
Troutdale,Fort Mill,SC,Size L,18.12,5,UPS® Ground
Troutdale,Fargo,ND,Size L,16.04,3,UPS® Ground
Troutdale,Glen Allen,VA,Size L,18.12,4,UPS® Ground
Troutdale,Grand Junction,CO,Size L,14.74,3,UPS® Ground
Troutdale,Highlands Ranch,CO,Size L,14.74,3,UPS® Ground
Troutdale,Joliet,IL,Size L,17.1,3,UPS® Ground
Troutdale,Kerrville,TX,Size L,17.1,4,UPS® Ground
Troutdale,Longmont,CO,Size L,14.74,3,UPS® Ground
Troutdale,Minneapolis,MN,Size L,16.04,4,UPS® Ground
Troutdale,Naperville,IL,Size L,17.1,3,UPS® Ground
Troutdale,Neosho,MO,Size L,17.1,3,UPS® Ground
Troutdale,Puyallup,WA,Size L,10.41,1,UPS® Ground
Troutdale,Queen Creek,AZ,Size L,14.74,3,UPS® Ground
Troutdale,Saline,MI,Size L,18.12,4,UPS® Ground
Troutdale,Sevierville,TN,Size L,18.12,4,UPS® Ground
Troutdale,Sterling Heights,MI,Size L,18.12,4,UPS® Ground
Troutdale,Thornton,CO,Size L,14.74,3,UPS® Ground
Troutdale,Ventura,CA,Size L,14.74,3,UPS® Ground
Troutdale,Wilmington,MA,Size L,18.12,4,UPS® Ground
Troutdale,Clermont,FL,Size L,18.12,5,UPS® Ground
Troutdale,Abilene,TX,Size L,17.1,4,UPS® Ground
Troutdale,Brick,NJ,Size L,18.12,4,UPS® Ground
Troutdale,Bentonville,AR,Size L,17.1,4,UPS® Ground
Troutdale,Bogart,GA,Size L,18.12,4,UPS® Ground
Troutdale,Boston,MA,Size L,18.12,4,UPS® Ground
Troutdale,Buffalo,NY,Size L,18.12,4,UPS® Ground
Troutdale,Cary,NC,Size L,18.12,5,UPS® Ground
Troutdale,Dallas,GA,Size L,18.12,4,UPS® Ground
Troutdale,Doylestown,PA,Size L,18.12,4,UPS® Ground
Troutdale,Eugene,OR,Size L,10.41,1,UPS® Ground
Troutdale,Edmond,OK,Size L,17.1,4,UPS® Ground
Troutdale,Forney,TX,Size L,17.1,4,UPS® Ground
Troutdale,Fuquay Varina,NC,Size L,18.12,5,UPS® Ground
Troutdale,Glendora,CA,Size L,14.74,3,UPS® Ground
Troutdale,Henrico,VA,Size L,18.12,4,UPS® Ground
Troutdale,Hockessin,DE,Size L,18.12,4,UPS® Ground
Troutdale,Holly Springs,NC,Size L,18.12,5,UPS® Ground
Troutdale,Irvine,CA,Size L,14.74,3,UPS® Ground
Troutdale,Lakeland,FL,Size L,18.12,5,UPS® Ground
Troutdale,Lawrence,KS,Size L,17.1,3,UPS® Ground
Troutdale,League City,TX,Size L,17.1,4,UPS® Ground
Troutdale,Mansfield,TX,Size L,17.1,4,UPS® Ground
Troutdale,Madison,WI,Size L,17.1,4,UPS® Ground
Troutdale,McKinney,TX,Size L,17.1,4,UPS® Ground
Troutdale,Mentor,OH,Size L,18.12,4,UPS® Ground
Troutdale,Mount Airy,MD,Size L,18.12,4,UPS® Ground
Troutdale,Norfolk,VA,Size L,18.12,4,UPS® Ground
Troutdale,Nampa,ID,Size L,11.36,2,UPS® Ground
Troutdale,Noblesville,IN,Size L,17.1,4,UPS® Ground
Troutdale,Orland Park,IL,Size L,17.1,3,UPS® Ground
Troutdale,Palm Harbor,FL,Size L,18.12,5,UPS® Ground
Troutdale,Petaluma,CA,Size L,11.36,2,UPS® Ground
Troutdale,Placentia,CA,Size L,14.74,3,UPS® Ground
Troutdale,Prescott,AZ,Size L,14.74,3,UPS® Ground
Troutdale,Richardson,TX,Size L,17.1,4,UPS® Ground
Troutdale,Roanoke,VA,Size L,18.12,5,UPS® Ground
Troutdale,Richmond,TX,Size L,17.1,4,UPS® Ground
Troutdale,Sanford,ME,Size L,18.12,4,UPS® Ground
Troutdale,Seminole,FL,Size L,18.12,5,UPS® Ground
Troutdale,Sheridan,WY,Size L,14.74,3,UPS® Ground
Troutdale,Sparks,NV,Size L,11.36,2,UPS® Ground
Troutdale,Traverse City,MI,Size L,17.1,4,UPS® Ground
Troutdale,Tulsa,OK,Size L,17.1,4,UPS® Ground
Troutdale,Wake Forest,NC,Size L,18.12,5,UPS® Ground
Troutdale,Waterloo,SC,Size L,18.12,5,UPS® Ground
Troutdale,Waukesha,WI,Size L,17.1,3,UPS® Ground
Troutdale,Wichita,KS,Size L,16.04,4,UPS® Ground
Troutdale,Winnsboro,TX,Size L,17.1,4,UPS® Ground
Troutdale,Woodbury,MN,Size L,16.04,4,UPS® Ground
Troutdale,Cumming,GA,Size L,18.12,4,UPS® Ground
Troutdale,Muskegon,MI,Size L,17.1,3,UPS® Ground
Troutdale,Akron,OH,Size L,18.12,4,UPS® Ground
Troutdale,Albany,OR,Size L,9.41,1,UPS® Ground
Troutdale,Alpharetta,GA,Size L,18.12,4,UPS® Ground
Troutdale,Asheville,NC,Size L,18.12,5,UPS® Ground
Troutdale,Bixby,OK,Size L,17.1,4,UPS® Ground
Troutdale,Boulder,CO,Size L,14.74,3,UPS® Ground
Troutdale,Bethlehem,PA,Size L,18.12,4,UPS® Ground
Troutdale,Brenham,TX,Size L,17.1,4,UPS® Ground
Troutdale,Broken Bow,OK,Size L,17.1,4,UPS® Ground
Troutdale,Cape Coral,FL,Size L,18.12,5,UPS® Ground
Troutdale,Chula Vista,CA,Size L,14.74,3,UPS® Ground
Troutdale,Crawfordville,FL,Size L,18.12,5,UPS® Ground
Troutdale,Cypress,TX,Size L,17.1,4,UPS® Ground
Troutdale,Clearwater,FL,Size L,18.12,5,UPS® Ground
Troutdale,Columbiana,AL,Size L,18.12,5,UPS® Ground
Troutdale,Columbus,GA,Size L,18.12,4,UPS® Ground
Troutdale,Commack,NY,Size L,18.12,4,UPS® Ground
Troutdale,Dublin,CA,Size L,14.74,2,UPS® Ground
Troutdale,Decatur,GA,Size L,18.12,4,UPS® Ground
Troutdale,Deltona,FL,Size L,18.12,5,UPS® Ground
Troutdale,Derry,NH,Size L,18.12,4,UPS® Ground
Troutdale,Douglassville,PA,Size L,18.12,4,UPS® Ground
Troutdale,Easton,PA,Size L,18.12,4,UPS® Ground
Troutdale,El Paso,TX,Size L,16.04,4,UPS® Ground
Troutdale,Escondido,CA,Size L,14.74,3,UPS® Ground
Troutdale,Fairport,NY,Size L,18.12,4,UPS® Ground
Troutdale,Flemington,NJ,Size L,18.12,4,UPS® Ground
Troutdale,Florence,SC,Size L,18.12,5,UPS® Ground
Troutdale,Fort Lauderdale,FL,Size L,18.12,5,UPS® Ground
Troutdale,Frisco,TX,Size L,17.1,4,UPS® Ground
Troutdale,Goodyear,AZ,Size L,14.74,3,UPS® Ground
Troutdale,Gays Mills,WI,Size L,17.1,5,UPS® Ground
Troutdale,Grafton,WI,Size L,17.1,3,UPS® Ground
Troutdale,Green Cove Springs,FL,Size L,18.12,5,UPS® Ground
Troutdale,Greensburg,PA,Size L,18.12,4,UPS® Ground
Troutdale,Honolulu,HI,Size L,46.14,3,UPS® Ground
Troutdale,Humble,TX,Size L,17.1,4,UPS® Ground
Troutdale,Huntington,NY,Size L,18.12,4,UPS® Ground
Troutdale,Idaho Falls,ID,Size L,11.36,2,UPS® Ground
Troutdale,Jackson,TN,Size L,18.12,4,UPS® Ground
Troutdale,Jacksonville,NC,Size L,18.12,5,UPS® Ground
Troutdale,Jenkintown,PA,Size L,18.12,4,UPS® Ground
Troutdale,Johnson City,TN,Size L,18.12,4,UPS® Ground
Troutdale,Kingwood,TX,Size L,17.1,4,UPS® Ground
Troutdale,Lansing,MI,Size L,18.12,4,UPS® Ground
Troutdale,Lapeer,MI,Size L,18.12,4,UPS® Ground
Troutdale,Lawrenceville,GA,Size L,18.12,4,UPS® Ground
Troutdale,Lexington,NC,Size L,18.12,5,UPS® Ground
Troutdale,Lubbock,TX,Size L,16.04,4,UPS® Ground
Troutdale,Medina,OH,Size L,18.12,4,UPS® Ground
Troutdale,Macomb,MI,Size L,18.12,4,UPS® Ground
Troutdale,Magnolia,TX,Size L,17.1,4,UPS® Ground
Troutdale,Martinsburg,WV,Size L,18.12,4,UPS® Ground
Troutdale,Meridian,ID,Size L,11.36,2,UPS® Ground
Troutdale,Mobile,AL,Size L,18.12,5,UPS® Ground
Troutdale,Morrison,CO,Size L,14.74,3,UPS® Ground
Troutdale,Napa,CA,Size L,14.74,2,UPS® Ground
Troutdale,New Braunfels,TX,Size L,17.1,4,UPS® Ground
Troutdale,New Lenox,IL,Size L,17.1,3,UPS® Ground
Troutdale,New Orleans,LA,Size L,18.12,5,UPS® Ground
Troutdale,Newark,DE,Size L,18.12,4,UPS® Ground
Troutdale,Oakland,CA,Size L,14.74,2,UPS® Ground
Troutdale,Owasso,OK,Size L,17.1,4,UPS® Ground
Troutdale,Overland Park,KS,Size L,17.1,3,UPS® Ground
Troutdale,Panama City,FL,Size L,18.12,5,UPS® Ground
Troutdale,Panama City Beach,FL,Size L,18.12,5,UPS® Ground
Troutdale,Patchogue,NY,Size L,18.12,4,UPS® Ground
Troutdale,Port Clinton,OH,Size L,18.12,4,UPS® Ground
Troutdale,Paducah,KY,Size L,17.1,4,UPS® Ground
Troutdale,Palmetto,FL,Size L,18.12,5,UPS® Ground
Troutdale,Pearland,TX,Size L,17.1,4,UPS® Ground
Troutdale,Pella,IA,Size L,16.04,4,UPS® Ground
Troutdale,Pittsford,NY,Size L,18.12,4,UPS® Ground
Troutdale,Port Orange,FL,Size L,18.12,5,UPS® Ground
Troutdale,Ravenna,OH,Size L,18.12,4,UPS® Ground
Troutdale,Roaming Shores,OH,Size L,18.12,4,UPS® Ground
Troutdale,Richmond Hill,GA,Size L,18.12,5,UPS® Ground
Troutdale,Riverview,FL,Size L,18.12,5,UPS® Ground
Troutdale,Rochester,MN,Size L,17.1,4,UPS® Ground
Troutdale,Round Rock,TX,Size L,17.1,4,UPS® Ground
Troutdale,Saint Petersburg,FL,Size L,18.12,5,UPS® Ground
Troutdale,San Leandro,CA,Size L,14.74,2,UPS® Ground
Troutdale,Southington,CT,Size L,18.12,4,UPS® Ground
Troutdale,Spartanburg,SC,Size L,18.12,5,UPS® Ground
Troutdale,Surprise,AZ,Size L,14.74,3,UPS® Ground
Troutdale,Santa Barbara,CA,Size L,14.74,3,UPS® Ground
Troutdale,Shelton,CT,Size L,18.12,4,UPS® Ground
Troutdale,Spring Branch,TX,Size L,17.1,4,UPS® Ground
Troutdale,St. Louis,MO,Size L,17.1,4,UPS® Ground
Troutdale,Stroudsburg,PA,Size L,18.12,4,UPS® Ground
Troutdale,Sunapee,NH,Size L,18.12,4,UPS® Ground
Troutdale,Swedesboro,NJ,Size L,18.12,4,UPS® Ground
Troutdale,Syracuse,NY,Size L,18.12,4,UPS® Ground
Troutdale,Tomball,TX,Size L,17.1,4,UPS® Ground
Troutdale,Topeka,KS,Size L,16.04,3,UPS® Ground
Troutdale,Tuscaloosa,AL,Size L,18.12,5,UPS® Ground
Troutdale,Terre Haute,IN,Size L,17.1,4,UPS® Ground
Troutdale,Tinley Park,IL,Size L,17.1,3,UPS® Ground
Troutdale,Toms River,NJ,Size L,18.12,4,UPS® Ground
Troutdale,Tulare,CA,Size L,14.74,2,UPS® Ground
Troutdale,Vienna,VA,Size L,18.12,4,UPS® Ground
Troutdale,Walnut Creek,CA,Size L,14.74,2,UPS® Ground
Troutdale,Wayne,NJ,Size L,18.12,4,UPS® Ground
Troutdale,Waynesboro,VA,Size L,18.12,5,UPS® Ground
Troutdale,West Sacramento,CA,Size L,14.74,2,UPS® Ground
Troutdale,Yuba City,CA,Size L,11.36,2,UPS® Ground
Troutdale,Zachary,LA,Size L,18.12,5,UPS® Ground
Troutdale,Buford,GA,Size L,18.12,4,UPS® Ground
Troutdale,Modesto,CA,Size L,14.74,2,UPS® Ground
Troutdale,Winter Park,FL,Size L,18.12,5,UPS® Ground
Troutdale,Antioch,IL,Size L,17.1,3,UPS® Ground
Troutdale,Algonquin,IL,Size L,17.1,3,UPS® Ground
Troutdale,Allen,TX,Size L,17.1,4,UPS® Ground
Troutdale,Ames,IA,Size L,16.04,4,UPS® Ground
Troutdale,Anaheim,CA,Size L,14.74,3,UPS® Ground
Troutdale,Aptos,CA,Size L,14.74,2,UPS® Ground
Troutdale,Astoria,NY,Size L,18.12,4,UPS® Ground
Troutdale,Bloomington,IN,Size L,18.12,4,UPS® Ground
Troutdale,Bremerton,WA,Size L,10.41,1,UPS® Ground
Troutdale,Brunswick,OH,Size L,18.12,4,UPS® Ground
Troutdale,Burke,VA,Size L,18.12,4,UPS® Ground
Troutdale,Bedford,IN,Size L,18.12,4,UPS® Ground
Troutdale,Benton,LA,Size L,17.1,5,UPS® Ground
Troutdale,Billings,MT,Size L,14.74,2,UPS® Ground
Troutdale,Birdsboro,PA,Size L,18.12,4,UPS® Ground
Troutdale,Bothell,WA,Size L,10.41,1,UPS® Ground
Troutdale,Bowie,MD,Size L,18.12,4,UPS® Ground
Troutdale,Brentwood,TN,Size L,18.12,4,UPS® Ground
Troutdale,Bronx,NY,Size L,18.12,4,UPS® Ground
Troutdale,Brookfield,WI,Size L,17.1,3,UPS® Ground
Troutdale,Canton,OH,Size L,18.12,4,UPS® Ground
Troutdale,Celina,TX,Size L,17.1,4,UPS® Ground
Troutdale,Chapel Hill,NC,Size L,18.12,5,UPS® Ground
Troutdale,Claremore,OK,Size L,17.1,4,UPS® Ground
Troutdale,Clovis,CA,Size L,11.36,2,UPS® Ground
Troutdale,Cocoa,FL,Size L,18.12,5,UPS® Ground
Troutdale,Callahan,FL,Size L,18.12,5,UPS® Ground
Troutdale,Carmel,IN,Size L,17.1,4,UPS® Ground
Troutdale,Cedar Park,TX,Size L,17.1,4,UPS® Ground
Troutdale,Centennial,CO,Size L,14.74,3,UPS® Ground
Troutdale,Centerville,MA,Size L,18.12,4,UPS® Ground
Troutdale,Charleston,SC,Size L,18.12,5,UPS® Ground
Troutdale,Charlottesville,VA,Size L,18.12,4,UPS® Ground
Troutdale,Clarkesville,GA,Size L,18.12,4,UPS® Ground
Troutdale,Clayton,NC,Size L,18.12,5,UPS® Ground
Troutdale,Clifton,NJ,Size L,18.12,4,UPS® Ground
Troutdale,Collinsville,OK,Size L,17.1,4,UPS® Ground
Troutdale,Columbia,TN,Size L,18.12,4,UPS® Ground
Troutdale,Concord,NC,Size L,18.12,5,UPS® Ground
Troutdale,Cookeville,TN,Size L,18.12,4,UPS® Ground
Troutdale,Corpus Christi,TX,Size L,18.12,4,UPS® Ground
Troutdale,Corrales,NM,Size L,16.04,4,UPS® Ground
Troutdale,Corydon,IN,Size L,18.12,4,UPS® Ground
Troutdale,Cranston,RI,Size L,18.12,4,UPS® Ground
Troutdale,Dekalb,IL,Size L,17.1,3,UPS® Ground
Troutdale,Delaware,OH,Size L,18.12,4,UPS® Ground
Troutdale,Delmar,NY,Size L,18.12,4,UPS® Ground
Troutdale,Des Moines,IA,Size L,16.04,4,UPS® Ground
Troutdale,Dickson,TN,Size L,18.12,4,UPS® Ground
Troutdale,Downers Grove,IL,Size L,17.1,3,UPS® Ground
Troutdale,Dripping Springs,TX,Size L,17.1,4,UPS® Ground
Troutdale,Eustis,FL,Size L,18.12,5,UPS® Ground
Troutdale,East Hampton,NY,Size L,18.12,4,UPS® Ground
Troutdale,Fenton,MO,Size L,17.1,4,UPS® Ground
Troutdale,Fayetteville,AR,Size L,17.1,4,UPS® Ground
Troutdale,Flower Mound,TX,Size L,17.1,4,UPS® Ground
Troutdale,Franklin,OH,Size L,18.12,4,UPS® Ground
Troutdale,Friendswood,TX,Size L,17.1,4,UPS® Ground
Troutdale,Gainesville,FL,Size L,18.12,5,UPS® Ground
Troutdale,Gainesville,GA,Size L,18.12,4,UPS® Ground
Troutdale,Glendale,CA,Size L,14.74,3,UPS® Ground
Troutdale,Greenville,SC,Size L,18.12,5,UPS® Ground
Troutdale,Greenville,MI,Size L,17.1,3,UPS® Ground
Troutdale,Gaithersburg,MD,Size L,18.12,4,UPS® Ground
Troutdale,Garner,NC,Size L,18.12,5,UPS® Ground
Troutdale,Gastonia,NC,Size L,18.12,5,UPS® Ground
Troutdale,Granada Hills,CA,Size L,14.74,3,UPS® Ground
Troutdale,Granbury,TX,Size L,17.1,4,UPS® Ground
Troutdale,Griffin,GA,Size L,18.12,4,UPS® Ground
Troutdale,Harpers Ferry,WV,Size L,18.12,4,UPS® Ground
Troutdale,Haverhill,MA,Size L,18.12,4,UPS® Ground
Troutdale,Hayward,CA,Size L,14.74,2,UPS® Ground
Troutdale,Herriman,UT,Size L,14.74,2,UPS® Ground
Troutdale,Hillsboro,OR,Size L,9.41,1,UPS® Ground
Troutdale,Hoboken,NJ,Size L,18.12,4,UPS® Ground
Troutdale,Huntley,IL,Size L,17.1,3,UPS® Ground
Troutdale,Hagerstown,MD,Size L,18.12,4,UPS® Ground
Troutdale,Hamilton,OH,Size L,18.12,4,UPS® Ground
Troutdale,Harrisburg,PA,Size L,18.12,4,UPS® Ground
Troutdale,Hendersonville,NC,Size L,18.12,5,UPS® Ground
Troutdale,Hendersonville,TN,Size L,18.12,4,UPS® Ground
Troutdale,Holland,MI,Size L,17.1,3,UPS® Ground
Troutdale,Indian Trail,NC,Size L,18.12,5,UPS® Ground
Troutdale,Jersey City,NJ,Size L,18.12,4,UPS® Ground
Troutdale,Johnstown,PA,Size L,18.12,4,UPS® Ground
Troutdale,Kalamazoo,MI,Size L,17.1,3,UPS® Ground
Troutdale,Keatchie,LA,Size L,17.1,5,UPS® Ground
Troutdale,Kennewick,WA,Size L,10.41,1,UPS® Ground
Troutdale,Kingsport,TN,Size L,18.12,4,UPS® Ground
Troutdale,Lake Elsinore,CA,Size L,14.74,3,UPS® Ground
Troutdale,Lebanon,OH,Size L,18.12,4,UPS® Ground
Troutdale,Little Rock,AR,Size L,17.1,4,UPS® Ground
Troutdale,Livonia,MI,Size L,18.12,4,UPS® Ground
Troutdale,Los Alamos,NM,Size L,16.04,4,UPS® Ground
Troutdale,Loveland,CO,Size L,14.74,3,UPS® Ground
Troutdale,La Mesa,CA,Size L,14.74,3,UPS® Ground
Troutdale,La Quinta,CA,Size L,14.74,3,UPS® Ground
Troutdale,Lake Oswego,OR,Size L,9.41,1,UPS® Ground
Troutdale,Lake Saint Louis,MO,Size L,17.1,4,UPS® Ground
Troutdale,Lake in the Hills,IL,Size L,17.1,3,UPS® Ground
Troutdale,Lakeway,TX,Size L,17.1,4,UPS® Ground
Troutdale,Lancaster,NY,Size L,18.12,4,UPS® Ground
Troutdale,Leander,TX,Size L,17.1,4,UPS® Ground
Troutdale,Lees Summit,MO,Size L,17.1,3,UPS® Ground
Troutdale,Lenoir,NC,Size L,18.12,5,UPS® Ground
Troutdale,Lewis Center,OH,Size L,18.12,4,UPS® Ground
Troutdale,Lexington,IN,Size L,18.12,4,UPS® Ground
Troutdale,Lodi,CA,Size L,14.74,2,UPS® Ground
Troutdale,Lynden,WA,Size L,10.41,1,UPS® Ground
Troutdale,Methuen,MA,Size L,18.12,4,UPS® Ground
Troutdale,Milford,CT,Size L,18.12,4,UPS® Ground
Troutdale,Mineola,TX,Size L,17.1,4,UPS® Ground
Troutdale,Missoula,MT,Size L,11.36,2,UPS® Ground
Troutdale,Mansfield,OH,Size L,18.12,4,UPS® Ground
Troutdale,McDonough,GA,Size L,18.12,4,UPS® Ground
Troutdale,Merritt Island,FL,Size L,18.12,5,UPS® Ground
Troutdale,Midlothian,VA,Size L,18.12,4,UPS® Ground
Troutdale,Millington,TN,Size L,17.1,4,UPS® Ground
Troutdale,Milton,FL,Size L,18.12,5,UPS® Ground
Troutdale,Moab,UT,Size L,14.74,3,UPS® Ground
Troutdale,Monroe,NC,Size L,18.12,5,UPS® Ground
Troutdale,Mooresville,IN,Size L,18.12,4,UPS® Ground
Troutdale,Morganton,NC,Size L,18.12,5,UPS® Ground
Troutdale,Murfreesboro,TN,Size L,18.12,4,UPS® Ground
Troutdale,Newburgh,NY,Size L,18.12,4,UPS® Ground
Troutdale,Navarre,FL,Size L,18.12,5,UPS® Ground
Troutdale,New Market,AL,Size L,18.12,5,UPS® Ground
Troutdale,Newnan,GA,Size L,18.12,4,UPS® Ground
Troutdale,Norman,OK,Size L,17.1,4,UPS® Ground
Troutdale,Novi,MI,Size L,18.12,4,UPS® Ground
Troutdale,Ormond Beach,FL,Size L,18.12,5,UPS® Ground
Troutdale,Owensboro,KY,Size L,18.12,4,UPS® Ground
Troutdale,Oconto,WI,Size L,17.1,4,UPS® Ground
Troutdale,Old Bridge,NJ,Size L,18.12,4,UPS® Ground
Troutdale,Olympia,WA,Size L,10.41,1,UPS® Ground
Troutdale,Oregon City,OR,Size L,9.41,1,UPS® Ground
Troutdale,Oxford,MI,Size L,18.12,4,UPS® Ground
Troutdale,Peachtree City,GA,Size L,18.12,4,UPS® Ground
Troutdale,Pleasanton,CA,Size L,14.74,2,UPS® Ground
Troutdale,Poughkeepsie,NY,Size L,18.12,5,UPS® Ground
Troutdale,Pagosa Springs,CO,Size L,16.04,3,UPS® Ground
Troutdale,Pasadena,CA,Size L,14.74,3,UPS® Ground
Troutdale,Pasadena,TX,Size L,17.1,4,UPS® Ground
Troutdale,Pasco,WA,Size L,10.41,1,UPS® Ground
Troutdale,Pawtucket,RI,Size L,18.12,4,UPS® Ground
Troutdale,Pembroke,MA,Size L,18.12,4,UPS® Ground
Troutdale,Perrysburg,OH,Size L,18.12,4,UPS® Ground
Troutdale,Plant City,FL,Size L,18.12,5,UPS® Ground
Troutdale,Port Orchard,WA,Size L,10.41,1,UPS® Ground
Troutdale,Prescott Valley,AZ,Size L,14.74,3,UPS® Ground
Troutdale,Princeton,NJ,Size L,18.12,4,UPS® Ground
Troutdale,Quincy,MA,Size L,18.12,4,UPS® Ground
Troutdale,Redwood City,CA,Size L,14.74,2,UPS® Ground
Troutdale,Rohnert Park,CA,Size L,11.36,2,UPS® Ground
Troutdale,Rigby,ID,Size L,11.36,3,UPS® Ground
Troutdale,Ripon,WI,Size L,17.1,4,UPS® Ground
Troutdale,Rogers,AR,Size L,17.1,4,UPS® Ground
Troutdale,Rowlett,TX,Size L,17.1,4,UPS® Ground
Troutdale,Rydal,PA,Size L,18.12,4,UPS® Ground
Troutdale,Shepherdsville,KY,Size L,18.12,4,UPS® Ground
Troutdale,Shreveport,LA,Size L,17.1,5,UPS® Ground
Troutdale,Stamford,CT,Size L,18.12,4,UPS® Ground
Troutdale,Salt Lake City,UT,Size L,11.36,2,UPS® Ground
Troutdale,Sanford,NC,Size L,18.12,5,UPS® Ground
Troutdale,Santa Ana,CA,Size L,14.74,3,UPS® Ground
Troutdale,Santa Cruz,CA,Size L,14.74,2,UPS® Ground
Troutdale,Santa Fe,NM,Size L,16.04,4,UPS® Ground
Troutdale,Sarver,PA,Size L,18.12,4,UPS® Ground
Troutdale,Schenectady,NY,Size L,18.12,4,UPS® Ground
Troutdale,Sierra Vista,AZ,Size L,16.04,3,UPS® Ground
Troutdale,Silver Spring,MD,Size L,18.12,4,UPS® Ground
Troutdale,South Jordan,UT,Size L,14.74,2,UPS® Ground
Troutdale,Springfield,MO,Size L,17.1,3,UPS® Ground
Troutdale,Summerville,SC,Size L,18.12,5,UPS® Ground
Troutdale,Sumter,SC,Size L,18.12,5,UPS® Ground
Troutdale,Sun City,AZ,Size L,14.74,3,UPS® Ground
Troutdale,Syosset,NY,Size L,18.12,4,UPS® Ground
Troutdale,Taunton,MA,Size L,18.12,4,UPS® Ground
Troutdale,Texarkana,TX,Size L,17.1,4,UPS® Ground
Troutdale,Toledo,OH,Size L,18.12,4,UPS® Ground
Troutdale,Urbana,OH,Size L,18.12,4,UPS® Ground
Troutdale,Valparaiso,IN,Size L,17.1,3,UPS® Ground
Troutdale,Waco,TX,Size L,17.1,4,UPS® Ground
Troutdale,West Lafayette,IN,Size L,17.1,3,UPS® Ground
Troutdale,Winter Garden,FL,Size L,18.12,5,UPS® Ground
Troutdale,Winter Haven,FL,Size L,18.12,5,UPS® Ground
Troutdale,Wylie,TX,Size L,17.1,4,UPS® Ground
Troutdale,Waldorf,MD,Size L,18.12,4,UPS® Ground
Troutdale,Wesley Chapel,FL,Size L,18.12,5,UPS® Ground
Troutdale,West Palm Beach,FL,Size L,18.12,5,UPS® Ground
Troutdale,Williamsburg,VA,Size L,18.12,4,UPS® Ground
Troutdale,Woodbridge,VA,Size L,18.12,4,UPS® Ground
Troutdale,Woodside,CA,Size L,14.74,2,UPS® Ground
Troutdale,Yorba Linda,CA,Size L,14.74,3,UPS® Ground
Troutdale,Queens Village,NY,Size L,18.12,4,UPS® Ground
Pittsburgh,Brooklyn,NY,Size L,11.36,2,UPS® Ground
Pittsburgh,Phoenix,AZ,Size L,18.12,3,UPS® Ground
Pittsburgh,Houston,TX,Size L,16.04,3,UPS® Ground
Pittsburgh,San Antonio,TX,Size L,16.04,3,UPS® Ground
Pittsburgh,Jacksonville,FL,Size L,14.74,3,UPS® Ground
Pittsburgh,Chicago,IL,Size L,11.36,2,UPS® Ground
Pittsburgh,Dallas,TX,Size L,16.04,2,UPS® Ground
Pittsburgh,Wilmington,DE,Size L,10.41,1,UPS® Ground
Pittsburgh,Austin,TX,Size L,16.04,3,UPS® Ground
Pittsburgh,Canton,OH,Size L,9.41,1,UPS® Ground
Pittsburgh,Charlotte,NC,Size L,11.36,2,UPS® Ground
Pittsburgh,New York,NY,Size L,11.36,2,UPS® Ground
Pittsburgh,Atlanta,GA,Size L,11.36,2,UPS® Ground
Pittsburgh,Franklin,TN,Size L,11.36,2,UPS® Ground
Pittsburgh,Lexington,KY,Size L,10.41,2,UPS® Ground
Pittsburgh,Orlando,FL,Size L,14.74,3,UPS® Ground
Pittsburgh,Rochester,NY,Size L,10.41,1,UPS® Ground
Pittsburgh,Las Vegas,NV,Size L,18.12,3,UPS® Ground
Pittsburgh,Louisville,KY,Size L,11.36,2,UPS® Ground
Pittsburgh,Marietta,GA,Size L,11.36,2,UPS® Ground
Pittsburgh,Colorado Springs,CO,Size L,16.04,3,UPS® Ground
Pittsburgh,Columbus,OH,Size L,10.41,1,UPS® Ground
Pittsburgh,Marble Falls,TX,Size L,16.04,3,UPS® Ground
Pittsburgh,Tampa,FL,Size L,14.74,3,UPS® Ground
Pittsburgh,San Diego,CA,Size L,18.12,4,UPS® Ground
Pittsburgh,Columbia,SC,Size L,11.36,2,UPS® Ground
Pittsburgh,Greenville,SC,Size L,11.36,2,UPS® Ground
Pittsburgh,Lebanon,TN,Size L,11.36,2,UPS® Ground
Pittsburgh,Salem,OR,Size L,18.12,5,UPS® Ground
Pittsburgh,Cleveland,OH,Size L,9.41,1,UPS® Ground
Pittsburgh,Denver,CO,Size L,16.04,3,UPS® Ground
Pittsburgh,Omaha,NE,Size L,14.74,2,UPS® Ground
Pittsburgh,Portland,OR,Size L,18.12,5,UPS® Ground
Pittsburgh,Raleigh,NC,Size L,11.36,2,UPS® Ground
Pittsburgh,Richmond,VA,Size L,10.41,2,UPS® Ground
Pittsburgh,Jackson,MS,Size L,14.74,3,UPS® Ground
Pittsburgh,Albany,NY,Size L,11.36,2,UPS® Ground
Pittsburgh,Fort Worth,TX,Size L,16.04,2,UPS® Ground
Pittsburgh,Oklahoma City,OK,Size L,16.04,3,UPS® Ground
Pittsburgh,Chesapeake,VA,Size L,11.36,2,UPS® Ground
Pittsburgh,Miami,FL,Size L,16.04,3,UPS® Ground
Pittsburgh,Milford,CT,Size L,11.36,2,UPS® Ground
Pittsburgh,Pittsburgh,PA,Size L,9.41,1,UPS® Ground
Pittsburgh,San Francisco,CA,Size L,18.12,5,UPS® Ground
Pittsburgh,San Jose,CA,Size L,18.12,5,UPS® Ground
Pittsburgh,Tucson,AZ,Size L,18.12,3,UPS® Ground
Pittsburgh,Virginia Beach,VA,Size L,11.36,2,UPS® Ground
Pittsburgh,Albuquerque,NM,Size L,17.1,4,UPS® Ground
Pittsburgh,Gilbert,AZ,Size L,17.1,3,UPS® Ground
Pittsburgh,Springfield,IL,Size L,11.36,2,UPS® Ground
Pittsburgh,Alexandria,VA,Size L,10.41,1,UPS® Ground
Pittsburgh,Kansas City,MO,Size L,14.74,3,UPS® Ground
Pittsburgh,Knoxville,TN,Size L,11.36,2,UPS® Ground
Pittsburgh,Lakewood,CO,Size L,16.04,3,UPS® Ground
Pittsburgh,Nashville,TN,Size L,11.36,2,UPS® Ground
Pittsburgh,Saint Louis,MO,Size L,11.36,2,UPS® Ground
Pittsburgh,Seattle,WA,Size L,18.12,5,UPS® Ground
Pittsburgh,Arlington,TX,Size L,16.04,2,UPS® Ground
Pittsburgh,Aurora,CO,Size L,16.04,3,UPS® Ground
Pittsburgh,Boise,ID,Size L,18.12,3,UPS® Ground
Pittsburgh,Indianapolis,IN,Size L,11.36,1,UPS® Ground
Pittsburgh,Naples,CO,Size L,16.04,,UPS® Ground
Pittsburgh,Reno,NV,Size L,18.12,3,UPS® Ground
Pittsburgh,Riverside,CA,Size L,18.12,4,UPS® Ground
Pittsburgh,Bismarck,ND,Size L,16.04,4,UPS® Ground
Pittsburgh,Fresno,TX,Size L,16.04,3,UPS® Ground
Pittsburgh,Lincoln,RI,Size L,11.36,2,UPS® Ground
Pittsburgh,Los Angeles,CA,Size L,18.12,4,UPS® Ground
Pittsburgh,Mansfield,MA,Size L,11.36,2,UPS® Ground
Pittsburgh,Milwaukee,WI,Size L,11.36,2,UPS® Ground
Pittsburgh,Madison,IN,Size L,10.41,1,UPS® Ground
Pittsburgh,Mesa,AZ,Size L,17.1,3,UPS® Ground
Pittsburgh,Monroe,NC,Size L,11.36,2,UPS® Ground
Pittsburgh,Philadelphia,PA,Size L,10.41,1,UPS® Ground
Pittsburgh,Staten Island,NY,Size L,11.36,2,UPS® Ground
Pittsburgh,Washington,DC,Size L,10.41,1,UPS® Ground
Pittsburgh,Baltimore,MD,Size L,10.41,1,UPS® Ground
Pittsburgh,Decatur,IL,Size L,11.36,2,UPS® Ground
Pittsburgh,Durham,NC,Size L,11.36,2,UPS® Ground
Pittsburgh,Fayetteville,AR,Size L,14.74,3,UPS® Ground
Pittsburgh,Glendale,AZ,Size L,18.12,3,UPS® Ground
Pittsburgh,Midland,GA,Size L,11.36,2,UPS® Ground
Pittsburgh,Scottsdale,AZ,Size L,17.1,3,UPS® Ground
Pittsburgh,Woodstock,GA,Size L,11.36,2,UPS® Ground
Pittsburgh,Chandler,AZ,Size L,17.1,3,UPS® Ground
Pittsburgh,Cincinnati,OH,Size L,10.41,1,UPS® Ground
Pittsburgh,Covington,LA,Size L,14.74,3,UPS® Ground
Pittsburgh,Fort Myers,FL,Size L,14.74,3,UPS® Ground
Pittsburgh,Greensboro,NC,Size L,11.36,2,UPS® Ground
Pittsburgh,Henderson,TX,Size L,14.74,2,UPS® Ground
Pittsburgh,Hamilton,MI,Size L,11.36,2,UPS® Ground
Pittsburgh,Lewisburg,PA,Size L,10.41,1,UPS® Ground
Pittsburgh,Littleton,CO,Size L,16.04,3,UPS® Ground
Pittsburgh,Mount Pleasant,SC,Size L,11.36,2,UPS® Ground
Pittsburgh,Pasadena,MD,Size L,10.41,1,UPS® Ground
Pittsburgh,Plano,TX,Size L,16.04,2,UPS® Ground
Pittsburgh,Sanford,NC,Size L,11.36,2,UPS® Ground
Pittsburgh,Wayne,ME,Size L,11.36,2,UPS® Ground
Pittsburgh,Ashland,PA,Size L,10.41,1,UPS® Ground
Pittsburgh,Burlington,WI,Size L,11.36,2,UPS® Ground
Pittsburgh,Centerville,IA,Size L,14.74,2,UPS® Ground
Pittsburgh,Clayton,NC,Size L,11.36,2,UPS® Ground
Pittsburgh,Encinitas,CA,Size L,18.12,4,UPS® Ground
Pittsburgh,Fort Collins,CO,Size L,16.04,3,UPS® Ground
Pittsburgh,Golden,CO,Size L,16.04,3,UPS® Ground
Pittsburgh,Hudson,NC,Size L,11.36,2,UPS® Ground
Pittsburgh,Katy,TX,Size L,16.04,3,UPS® Ground
Pittsburgh,Lancaster,SC,Size L,11.36,2,UPS® Ground
Pittsburgh,Newark,NJ,Size L,11.36,1,UPS® Ground
Pittsburgh,Parker,CO,Size L,16.04,3,UPS® Ground
Pittsburgh,Plymouth,MA,Size L,11.36,2,UPS® Ground
Pittsburgh,Rancho Cucamonga,CA,Size L,18.12,4,UPS® Ground
Pittsburgh,Rockville,MD,Size L,10.41,1,UPS® Ground
Pittsburgh,Sacramento,CA,Size L,18.12,5,UPS® Ground
Pittsburgh,Tallahassee,FL,Size L,14.74,3,UPS® Ground
Pittsburgh,The Villages,FL,Size L,14.74,3,UPS® Ground
Pittsburgh,Westfield,IN,Size L,11.36,1,UPS® Ground
Pittsburgh,Waterloo,IA,Size L,14.74,2,UPS® Ground
Pittsburgh,West Chester,PA,Size L,10.41,1,UPS® Ground
Pittsburgh,Bend,OR,Size L,18.12,5,UPS® Ground
Pittsburgh,Amarillo,TX,Size L,16.04,3,UPS® Ground
Pittsburgh,Auburn,MA,Size L,11.36,2,UPS® Ground
Pittsburgh,Bakersfield,CA,Size L,18.12,4,UPS® Ground
Pittsburgh,Boca Raton,FL,Size L,14.74,3,UPS® Ground
Pittsburgh,Benton,LA,Size L,14.74,3,UPS® Ground
Pittsburgh,Bradenton,FL,Size L,14.74,3,UPS® Ground
Pittsburgh,Dayton,OH,Size L,10.41,1,UPS® Ground
Pittsburgh,Duluth,MN,Size L,14.74,2,UPS® Ground
Pittsburgh,Englewood,CO,Size L,16.04,3,UPS® Ground
Pittsburgh,Fort Wayne,IN,Size L,10.41,2,UPS® Ground
Pittsburgh,Frederick,MD,Size L,9.41,1,UPS® Ground
Pittsburgh,Fredericksburg,VA,Size L,10.41,2,UPS® Ground
Pittsburgh,Gainesville,FL,Size L,14.74,3,UPS® Ground
Pittsburgh,Grand Rapids,MI,Size L,11.36,2,UPS® Ground
Pittsburgh,Green Bay,WI,Size L,11.36,2,UPS® Ground
Pittsburgh,Morgantown,WV,Size L,9.41,1,UPS® Ground
Pittsburgh,Pensacola,FL,Size L,14.74,2,UPS® Ground
Pittsburgh,Princeton,MA,Size L,11.36,2,UPS® Ground
Pittsburgh,Peoria,AZ,Size L,18.12,3,UPS® Ground
Pittsburgh,Saint Paul,MN,Size L,14.74,2,UPS® Ground
Pittsburgh,Savannah,GA,Size L,11.36,2,UPS® Ground
Pittsburgh,Seaford,NY,Size L,11.36,2,UPS® Ground
Pittsburgh,Seymour,IN,Size L,10.41,2,UPS® Ground
Pittsburgh,Spokane,WA,Size L,18.12,5,UPS® Ground
Pittsburgh,Windsor,CO,Size L,16.04,3,UPS® Ground
Pittsburgh,Winston-Salem,NC,Size L,10.41,2,UPS® Ground
Pittsburgh,Worcester,MA,Size L,11.36,2,UPS® Ground
Pittsburgh,York,PA,Size L,10.41,1,UPS® Ground
Pittsburgh,Antioch,TN,Size L,11.36,2,UPS® Ground
Pittsburgh,Athens,GA,Size L,11.36,2,UPS® Ground
Pittsburgh,Corona,CA,Size L,18.12,4,UPS® Ground
Pittsburgh,Fairfield,CA,Size L,18.12,5,UPS® Ground
Pittsburgh,Germantown,MD,Size L,10.41,1,UPS® Ground
Pittsburgh,Hillsboro,OR,Size L,18.12,5,UPS® Ground
Pittsburgh,Hope Mills,NC,Size L,11.36,2,UPS® Ground
Pittsburgh,Hendersonville,NC,Size L,11.36,2,UPS® Ground
Pittsburgh,Holly Springs,MS,Size L,14.74,2,UPS® Ground
Pittsburgh,Homer,AK,Size L,46.14,4,UPS® Ground
Pittsburgh,Laurel,MD,Size L,10.41,1,UPS® Ground
Pittsburgh,Long Beach,CA,Size L,18.12,4,UPS® Ground
Pittsburgh,Manteca,CA,Size L,18.12,5,UPS® Ground
Pittsburgh,Maryville,TN,Size L,11.36,2,UPS® Ground
Pittsburgh,Magnolia,MS,Size L,14.74,3,UPS® Ground
Pittsburgh,Memphis,TN,Size L,14.74,2,UPS® Ground
Pittsburgh,Milton,MA,Size L,11.36,2,UPS® Ground
Pittsburgh,Montgomery,TX,Size L,16.04,3,UPS® Ground
Pittsburgh,Myrtle Beach,SC,Size L,11.36,2,UPS® Ground
Pittsburgh,New Market,AL,Size L,11.36,2,UPS® Ground
Pittsburgh,Ocala,FL,Size L,14.74,3,UPS® Ground
Pittsburgh,Olathe,KS,Size L,14.74,3,UPS® Ground
Pittsburgh,Oxford,MI,Size L,10.41,2,UPS® Ground
Pittsburgh,Palm Beach Gardens,FL,Size L,14.74,3,UPS® Ground
Pittsburgh,Roseville,CA,Size L,18.12,5,UPS® Ground
Pittsburgh,Roswell,GA,Size L,11.36,2,UPS® Ground
Pittsburgh,Rockwall,TX,Size L,16.04,2,UPS® Ground
Pittsburgh,Spring,TX,Size L,16.04,3,UPS® Ground
Pittsburgh,Salisbury,MA,Size L,11.36,2,UPS® Ground
Pittsburgh,Santa Rosa,CA,Size L,18.12,5,UPS® Ground
Pittsburgh,Sarasota,FL,Size L,14.74,3,UPS® Ground
Pittsburgh,Vancouver,WA,Size L,18.12,5,UPS® Ground
Pittsburgh,Westminster,MD,Size L,10.41,1,UPS® Ground
Pittsburgh,Canton,GA,Size L,11.36,2,UPS® Ground
Pittsburgh,Columbia,MO,Size L,14.74,2,UPS® Ground
Pittsburgh,Naples,FL,Size L,14.74,3,UPS® Ground
Pittsburgh,Fresno,CA,Size L,18.12,5,UPS® Ground
Pittsburgh,Cleveland,TN,Size L,11.36,2,UPS® Ground
Pittsburgh,Henderson,NV,Size L,18.12,3,UPS® Ground
Pittsburgh,Lincoln,NE,Size L,14.74,2,UPS® Ground
Pittsburgh,Wilmington,NC,Size L,11.36,2,UPS® Ground
Pittsburgh,Arvada,CO,Size L,16.04,3,UPS® Ground
Pittsburgh,Anchorage,AK,Size L,46.14,4,UPS® Ground
Pittsburgh,Birmingham,AL,Size L,14.74,2,UPS® Ground
Pittsburgh,Bozeman,MT,Size L,17.1,3,UPS® Ground
Pittsburgh,Conroe,TX,Size L,16.04,3,UPS® Ground
Pittsburgh,Carmel Valley,CA,Size L,18.12,4,UPS® Ground
Pittsburgh,Castle Rock,CO,Size L,16.04,3,UPS® Ground
Pittsburgh,Cedar Rapids,IA,Size L,11.36,2,UPS® Ground
Pittsburgh,Cooperstown,NY,Size L,11.36,2,UPS® Ground
Pittsburgh,Deland,FL,Size L,14.74,3,UPS® Ground
Pittsburgh,Fort Mill,SC,Size L,11.36,2,UPS® Ground
Pittsburgh,Fargo,ND,Size L,14.74,2,UPS® Ground
Pittsburgh,Glen Allen,VA,Size L,10.41,2,UPS® Ground
Pittsburgh,Grand Junction,CO,Size L,17.1,4,UPS® Ground
Pittsburgh,Highlands Ranch,CO,Size L,16.04,3,UPS® Ground
Pittsburgh,Joliet,IL,Size L,11.36,2,UPS® Ground
Pittsburgh,Kerrville,TX,Size L,16.04,3,UPS® Ground
Pittsburgh,Longmont,CO,Size L,16.04,3,UPS® Ground
Pittsburgh,Minneapolis,MN,Size L,14.74,2,UPS® Ground
Pittsburgh,Naperville,IL,Size L,11.36,2,UPS® Ground
Pittsburgh,Neosho,MO,Size L,14.74,3,UPS® Ground
Pittsburgh,Puyallup,WA,Size L,18.12,5,UPS® Ground
Pittsburgh,Queen Creek,AZ,Size L,18.12,3,UPS® Ground
Pittsburgh,Saline,MI,Size L,10.41,2,UPS® Ground
Pittsburgh,Sevierville,TN,Size L,11.36,2,UPS® Ground
Pittsburgh,Sterling Heights,MI,Size L,10.41,2,UPS® Ground
Pittsburgh,Thornton,CO,Size L,16.04,3,UPS® Ground
Pittsburgh,Ventura,CA,Size L,18.12,4,UPS® Ground
Pittsburgh,Wilmington,MA,Size L,11.36,2,UPS® Ground
Pittsburgh,Clermont,FL,Size L,14.74,3,UPS® Ground
Pittsburgh,Abilene,TX,Size L,16.04,2,UPS® Ground
Pittsburgh,Brick,NJ,Size L,11.36,1,UPS® Ground
Pittsburgh,Bentonville,AR,Size L,14.74,3,UPS® Ground
Pittsburgh,Bogart,GA,Size L,11.36,2,UPS® Ground
Pittsburgh,Boston,MA,Size L,11.36,2,UPS® Ground
Pittsburgh,Buffalo,NY,Size L,10.41,1,UPS® Ground
Pittsburgh,Cary,NC,Size L,11.36,2,UPS® Ground
Pittsburgh,Dallas,GA,Size L,11.36,2,UPS® Ground
Pittsburgh,Doylestown,PA,Size L,10.41,1,UPS® Ground
Pittsburgh,Eugene,OR,Size L,18.12,5,UPS® Ground
Pittsburgh,Edmond,OK,Size L,14.74,3,UPS® Ground
Pittsburgh,Forney,TX,Size L,16.04,2,UPS® Ground
Pittsburgh,Fuquay Varina,NC,Size L,11.36,2,UPS® Ground
Pittsburgh,Glendora,CA,Size L,18.12,4,UPS® Ground
Pittsburgh,Henrico,VA,Size L,10.41,2,UPS® Ground
Pittsburgh,Hockessin,DE,Size L,10.41,1,UPS® Ground
Pittsburgh,Holly Springs,NC,Size L,11.36,2,UPS® Ground
Pittsburgh,Irvine,CA,Size L,18.12,4,UPS® Ground
Pittsburgh,Lakeland,FL,Size L,14.74,3,UPS® Ground
Pittsburgh,Lawrence,KS,Size L,14.74,3,UPS® Ground
Pittsburgh,League City,TX,Size L,16.04,3,UPS® Ground
Pittsburgh,Mansfield,TX,Size L,16.04,2,UPS® Ground
Pittsburgh,Madison,WI,Size L,11.36,2,UPS® Ground
Pittsburgh,McKinney,TX,Size L,16.04,2,UPS® Ground
Pittsburgh,Mentor,OH,Size L,9.41,1,UPS® Ground
Pittsburgh,Mount Airy,MD,Size L,9.41,1,UPS® Ground
Pittsburgh,Norfolk,VA,Size L,11.36,2,UPS® Ground
Pittsburgh,Nampa,ID,Size L,18.12,3,UPS® Ground
Pittsburgh,Noblesville,IN,Size L,11.36,1,UPS® Ground
Pittsburgh,Orland Park,IL,Size L,11.36,2,UPS® Ground
Pittsburgh,Palm Harbor,FL,Size L,14.74,3,UPS® Ground
Pittsburgh,Petaluma,CA,Size L,18.12,5,UPS® Ground
Pittsburgh,Placentia,CA,Size L,18.12,4,UPS® Ground
Pittsburgh,Prescott,AZ,Size L,17.1,4,UPS® Ground
Pittsburgh,Richardson,TX,Size L,16.04,2,UPS® Ground
Pittsburgh,Roanoke,VA,Size L,10.41,2,UPS® Ground
Pittsburgh,Richmond,TX,Size L,16.04,3,UPS® Ground
Pittsburgh,Sanford,ME,Size L,11.36,2,UPS® Ground
Pittsburgh,Seminole,FL,Size L,14.74,3,UPS® Ground
Pittsburgh,Sheridan,WY,Size L,16.04,4,UPS® Ground
Pittsburgh,Sparks,NV,Size L,18.12,3,UPS® Ground
Pittsburgh,Traverse City,MI,Size L,11.36,2,UPS® Ground
Pittsburgh,Tulsa,OK,Size L,14.74,2,UPS® Ground
Pittsburgh,Wake Forest,NC,Size L,11.36,2,UPS® Ground
Pittsburgh,Waterloo,SC,Size L,11.36,2,UPS® Ground
Pittsburgh,Waukesha,WI,Size L,11.36,2,UPS® Ground
Pittsburgh,Wichita,KS,Size L,14.74,3,UPS® Ground
Pittsburgh,Winnsboro,TX,Size L,14.74,2,UPS® Ground
Pittsburgh,Woodbury,MN,Size L,14.74,2,UPS® Ground
Pittsburgh,Cumming,GA,Size L,11.36,2,UPS® Ground
Pittsburgh,Muskegon,MI,Size L,11.36,2,UPS® Ground
Pittsburgh,Akron,OH,Size L,9.41,1,UPS® Ground
Pittsburgh,Albany,OR,Size L,18.12,5,UPS® Ground
Pittsburgh,Alpharetta,GA,Size L,11.36,2,UPS® Ground
Pittsburgh,Asheville,NC,Size L,11.36,2,UPS® Ground
Pittsburgh,Bixby,OK,Size L,14.74,2,UPS® Ground
Pittsburgh,Boulder,CO,Size L,16.04,3,UPS® Ground
Pittsburgh,Bethlehem,PA,Size L,11.36,1,UPS® Ground
Pittsburgh,Brenham,TX,Size L,16.04,3,UPS® Ground
Pittsburgh,Broken Bow,OK,Size L,14.74,3,UPS® Ground
Pittsburgh,Cape Coral,FL,Size L,14.74,3,UPS® Ground
Pittsburgh,Chula Vista,CA,Size L,18.12,4,UPS® Ground
Pittsburgh,Crawfordville,FL,Size L,14.74,3,UPS® Ground
Pittsburgh,Cypress,TX,Size L,16.04,3,UPS® Ground
Pittsburgh,Clearwater,FL,Size L,14.74,3,UPS® Ground
Pittsburgh,Columbiana,AL,Size L,11.36,2,UPS® Ground
Pittsburgh,Columbus,GA,Size L,11.36,2,UPS® Ground
Pittsburgh,Commack,NY,Size L,11.36,2,UPS® Ground
Pittsburgh,Dublin,CA,Size L,18.12,5,UPS® Ground
Pittsburgh,Decatur,GA,Size L,11.36,2,UPS® Ground
Pittsburgh,Deltona,FL,Size L,14.74,3,UPS® Ground
Pittsburgh,Derry,NH,Size L,11.36,2,UPS® Ground
Pittsburgh,Douglassville,PA,Size L,10.41,1,UPS® Ground
Pittsburgh,Easton,PA,Size L,11.36,1,UPS® Ground
Pittsburgh,El Paso,TX,Size L,17.1,3,UPS® Ground
Pittsburgh,Escondido,CA,Size L,18.12,4,UPS® Ground
Pittsburgh,Fairport,NY,Size L,10.41,1,UPS® Ground
Pittsburgh,Flemington,NJ,Size L,10.41,1,UPS® Ground
Pittsburgh,Florence,SC,Size L,11.36,2,UPS® Ground
Pittsburgh,Fort Lauderdale,FL,Size L,14.74,3,UPS® Ground
Pittsburgh,Frisco,TX,Size L,16.04,2,UPS® Ground
Pittsburgh,Goodyear,AZ,Size L,18.12,3,UPS® Ground
Pittsburgh,Gays Mills,WI,Size L,11.36,3,UPS® Ground
Pittsburgh,Grafton,WI,Size L,11.36,2,UPS® Ground
Pittsburgh,Green Cove Springs,FL,Size L,14.74,3,UPS® Ground
Pittsburgh,Greensburg,PA,Size L,9.41,1,UPS® Ground
Pittsburgh,Honolulu,HI,Size L,46.14,5,UPS® Ground
Pittsburgh,Humble,TX,Size L,16.04,3,UPS® Ground
Pittsburgh,Huntington,NY,Size L,11.36,2,UPS® Ground
Pittsburgh,Idaho Falls,ID,Size L,17.1,3,UPS® Ground
Pittsburgh,Jackson,TN,Size L,11.36,2,UPS® Ground
Pittsburgh,Jacksonville,NC,Size L,11.36,2,UPS® Ground
Pittsburgh,Jenkintown,PA,Size L,10.41,1,UPS® Ground
Pittsburgh,Johnson City,TN,Size L,11.36,2,UPS® Ground
Pittsburgh,Kingwood,TX,Size L,16.04,3,UPS® Ground
Pittsburgh,Lansing,MI,Size L,10.41,2,UPS® Ground
Pittsburgh,Lapeer,MI,Size L,10.41,2,UPS® Ground
Pittsburgh,Lawrenceville,GA,Size L,11.36,2,UPS® Ground
Pittsburgh,Lexington,NC,Size L,11.36,2,UPS® Ground
Pittsburgh,Lubbock,TX,Size L,16.04,3,UPS® Ground
Pittsburgh,Medina,OH,Size L,9.41,1,UPS® Ground
Pittsburgh,Macomb,MI,Size L,10.41,2,UPS® Ground
Pittsburgh,Magnolia,TX,Size L,16.04,3,UPS® Ground
Pittsburgh,Martinsburg,WV,Size L,9.41,1,UPS® Ground
Pittsburgh,Meridian,ID,Size L,18.12,3,UPS® Ground
Pittsburgh,Mobile,AL,Size L,14.74,2,UPS® Ground
Pittsburgh,Morrison,CO,Size L,16.04,3,UPS® Ground
Pittsburgh,Napa,CA,Size L,18.12,5,UPS® Ground
Pittsburgh,New Braunfels,TX,Size L,16.04,3,UPS® Ground
Pittsburgh,New Lenox,IL,Size L,11.36,2,UPS® Ground
Pittsburgh,New Orleans,LA,Size L,14.74,3,UPS® Ground
Pittsburgh,Newark,DE,Size L,10.41,1,UPS® Ground
Pittsburgh,Oakland,CA,Size L,18.12,5,UPS® Ground
Pittsburgh,Owasso,OK,Size L,14.74,2,UPS® Ground
Pittsburgh,Overland Park,KS,Size L,14.74,3,UPS® Ground
Pittsburgh,Panama City,FL,Size L,14.74,2,UPS® Ground
Pittsburgh,Panama City Beach,FL,Size L,14.74,2,UPS® Ground
Pittsburgh,Patchogue,NY,Size L,11.36,2,UPS® Ground
Pittsburgh,Port Clinton,OH,Size L,10.41,1,UPS® Ground
Pittsburgh,Paducah,KY,Size L,11.36,2,UPS® Ground
Pittsburgh,Palmetto,FL,Size L,14.74,3,UPS® Ground
Pittsburgh,Pearland,TX,Size L,16.04,3,UPS® Ground
Pittsburgh,Pella,IA,Size L,14.74,2,UPS® Ground
Pittsburgh,Pittsford,NY,Size L,10.41,1,UPS® Ground
Pittsburgh,Port Orange,FL,Size L,14.74,3,UPS® Ground
Pittsburgh,Ravenna,OH,Size L,9.41,1,UPS® Ground
Pittsburgh,Roaming Shores,OH,Size L,9.41,1,UPS® Ground
Pittsburgh,Richmond Hill,GA,Size L,11.36,2,UPS® Ground
Pittsburgh,Riverview,FL,Size L,14.74,3,UPS® Ground
Pittsburgh,Rochester,MN,Size L,14.74,2,UPS® Ground
Pittsburgh,Round Rock,TX,Size L,16.04,3,UPS® Ground
Pittsburgh,Saint Petersburg,FL,Size L,14.74,3,UPS® Ground
Pittsburgh,San Leandro,CA,Size L,18.12,5,UPS® Ground
Pittsburgh,Southington,CT,Size L,11.36,2,UPS® Ground
Pittsburgh,Spartanburg,SC,Size L,11.36,2,UPS® Ground
Pittsburgh,Surprise,AZ,Size L,18.12,3,UPS® Ground
Pittsburgh,Santa Barbara,CA,Size L,18.12,4,UPS® Ground
Pittsburgh,Shelton,CT,Size L,11.36,2,UPS® Ground
Pittsburgh,Spring Branch,TX,Size L,16.04,3,UPS® Ground
Pittsburgh,St. Louis,MO,Size L,11.36,2,UPS® Ground
Pittsburgh,Stroudsburg,PA,Size L,10.41,1,UPS® Ground
Pittsburgh,Sunapee,NH,Size L,11.36,2,UPS® Ground
Pittsburgh,Swedesboro,NJ,Size L,11.36,1,UPS® Ground
Pittsburgh,Syracuse,NY,Size L,10.41,2,UPS® Ground
Pittsburgh,Tomball,TX,Size L,16.04,3,UPS® Ground
Pittsburgh,Topeka,KS,Size L,14.74,3,UPS® Ground
Pittsburgh,Tuscaloosa,AL,Size L,14.74,2,UPS® Ground
Pittsburgh,Terre Haute,IN,Size L,11.36,2,UPS® Ground
Pittsburgh,Tinley Park,IL,Size L,11.36,2,UPS® Ground
Pittsburgh,Toms River,NJ,Size L,11.36,1,UPS® Ground
Pittsburgh,Tulare,CA,Size L,18.12,4,UPS® Ground
Pittsburgh,Vienna,VA,Size L,10.41,1,UPS® Ground
Pittsburgh,Walnut Creek,CA,Size L,18.12,5,UPS® Ground
Pittsburgh,Wayne,NJ,Size L,10.41,1,UPS® Ground
Pittsburgh,Waynesboro,VA,Size L,10.41,2,UPS® Ground
Pittsburgh,West Sacramento,CA,Size L,18.12,5,UPS® Ground
Pittsburgh,Yuba City,CA,Size L,18.12,5,UPS® Ground
Pittsburgh,Zachary,LA,Size L,14.74,3,UPS® Ground
Pittsburgh,Buford,GA,Size L,11.36,2,UPS® Ground
Pittsburgh,Modesto,CA,Size L,18.12,5,UPS® Ground
Pittsburgh,Winter Park,FL,Size L,14.74,3,UPS® Ground
Pittsburgh,Antioch,IL,Size L,11.36,2,UPS® Ground
Pittsburgh,Algonquin,IL,Size L,11.36,2,UPS® Ground
Pittsburgh,Allen,TX,Size L,16.04,2,UPS® Ground
Pittsburgh,Ames,IA,Size L,14.74,2,UPS® Ground
Pittsburgh,Anaheim,CA,Size L,18.12,4,UPS® Ground
Pittsburgh,Aptos,CA,Size L,18.12,5,UPS® Ground
Pittsburgh,Astoria,NY,Size L,11.36,2,UPS® Ground
Pittsburgh,Bloomington,IN,Size L,11.36,2,UPS® Ground
Pittsburgh,Bremerton,WA,Size L,18.12,5,UPS® Ground
Pittsburgh,Brunswick,OH,Size L,9.41,1,UPS® Ground
Pittsburgh,Burke,VA,Size L,10.41,1,UPS® Ground
Pittsburgh,Bedford,IN,Size L,11.36,2,UPS® Ground
Pittsburgh,Benton,LA,Size L,14.74,3,UPS® Ground
Pittsburgh,Billings,MT,Size L,17.1,4,UPS® Ground
Pittsburgh,Birdsboro,PA,Size L,10.41,1,UPS® Ground
Pittsburgh,Bothell,WA,Size L,18.12,5,UPS® Ground
Pittsburgh,Bowie,MD,Size L,10.41,1,UPS® Ground
Pittsburgh,Brentwood,TN,Size L,11.36,2,UPS® Ground
Pittsburgh,Bronx,NY,Size L,11.36,2,UPS® Ground
Pittsburgh,Brookfield,WI,Size L,11.36,2,UPS® Ground
Pittsburgh,Canton,OH,Size L,9.41,1,UPS® Ground
Pittsburgh,Celina,TX,Size L,16.04,2,UPS® Ground
Pittsburgh,Chapel Hill,NC,Size L,11.36,2,UPS® Ground
Pittsburgh,Claremore,OK,Size L,14.74,2,UPS® Ground
Pittsburgh,Clovis,CA,Size L,18.12,5,UPS® Ground
Pittsburgh,Cocoa,FL,Size L,14.74,3,UPS® Ground
Pittsburgh,Callahan,FL,Size L,14.74,3,UPS® Ground
Pittsburgh,Carmel,IN,Size L,11.36,1,UPS® Ground
Pittsburgh,Cedar Park,TX,Size L,16.04,3,UPS® Ground
Pittsburgh,Centennial,CO,Size L,16.04,3,UPS® Ground
Pittsburgh,Centerville,MA,Size L,11.36,2,UPS® Ground
Pittsburgh,Charleston,SC,Size L,11.36,2,UPS® Ground
Pittsburgh,Charlottesville,VA,Size L,10.41,2,UPS® Ground
Pittsburgh,Clarkesville,GA,Size L,11.36,2,UPS® Ground
Pittsburgh,Clayton,NC,Size L,11.36,2,UPS® Ground
Pittsburgh,Clifton,NJ,Size L,11.36,1,UPS® Ground
Pittsburgh,Collinsville,OK,Size L,14.74,2,UPS® Ground
Pittsburgh,Columbia,TN,Size L,11.36,2,UPS® Ground
Pittsburgh,Concord,NC,Size L,11.36,2,UPS® Ground
Pittsburgh,Cookeville,TN,Size L,11.36,2,UPS® Ground
Pittsburgh,Corpus Christi,TX,Size L,16.04,3,UPS® Ground
Pittsburgh,Corrales,NM,Size L,17.1,4,UPS® Ground
Pittsburgh,Corydon,IN,Size L,11.36,2,UPS® Ground
Pittsburgh,Cranston,RI,Size L,11.36,2,UPS® Ground
Pittsburgh,Dekalb,IL,Size L,11.36,2,UPS® Ground
Pittsburgh,Delaware,OH,Size L,10.41,1,UPS® Ground
Pittsburgh,Delmar,NY,Size L,11.36,2,UPS® Ground
Pittsburgh,Des Moines,IA,Size L,14.74,2,UPS® Ground
Pittsburgh,Dickson,TN,Size L,11.36,2,UPS® Ground
Pittsburgh,Downers Grove,IL,Size L,11.36,2,UPS® Ground
Pittsburgh,Dripping Springs,TX,Size L,16.04,3,UPS® Ground
Pittsburgh,Eustis,FL,Size L,14.74,3,UPS® Ground
Pittsburgh,East Hampton,NY,Size L,11.36,2,UPS® Ground
Pittsburgh,Fenton,MO,Size L,11.36,2,UPS® Ground
Pittsburgh,Fayetteville,AR,Size L,14.74,3,UPS® Ground
Pittsburgh,Flower Mound,TX,Size L,16.04,2,UPS® Ground
Pittsburgh,Franklin,OH,Size L,10.41,1,UPS® Ground
Pittsburgh,Friendswood,TX,Size L,16.04,3,UPS® Ground
Pittsburgh,Gainesville,FL,Size L,14.74,3,UPS® Ground
Pittsburgh,Gainesville,GA,Size L,11.36,2,UPS® Ground
Pittsburgh,Glendale,CA,Size L,18.12,4,UPS® Ground
Pittsburgh,Greenville,SC,Size L,11.36,2,UPS® Ground
Pittsburgh,Greenville,MI,Size L,11.36,2,UPS® Ground
Pittsburgh,Gaithersburg,MD,Size L,10.41,1,UPS® Ground
Pittsburgh,Garner,NC,Size L,11.36,2,UPS® Ground
Pittsburgh,Gastonia,NC,Size L,11.36,2,UPS® Ground
Pittsburgh,Granada Hills,CA,Size L,18.12,4,UPS® Ground
Pittsburgh,Granbury,TX,Size L,16.04,2,UPS® Ground
Pittsburgh,Griffin,GA,Size L,11.36,2,UPS® Ground
Pittsburgh,Harpers Ferry,WV,Size L,9.41,1,UPS® Ground
Pittsburgh,Haverhill,MA,Size L,11.36,2,UPS® Ground
Pittsburgh,Hayward,CA,Size L,18.12,5,UPS® Ground
Pittsburgh,Herriman,UT,Size L,17.1,3,UPS® Ground
Pittsburgh,Hillsboro,OR,Size L,18.12,5,UPS® Ground
Pittsburgh,Hoboken,NJ,Size L,11.36,1,UPS® Ground
Pittsburgh,Huntley,IL,Size L,11.36,2,UPS® Ground
Pittsburgh,Hagerstown,MD,Size L,9.41,1,UPS® Ground
Pittsburgh,Hamilton,OH,Size L,10.41,1,UPS® Ground
Pittsburgh,Harrisburg,PA,Size L,10.41,1,UPS® Ground
Pittsburgh,Hendersonville,NC,Size L,11.36,2,UPS® Ground
Pittsburgh,Hendersonville,TN,Size L,11.36,2,UPS® Ground
Pittsburgh,Holland,MI,Size L,11.36,2,UPS® Ground
Pittsburgh,Indian Trail,NC,Size L,11.36,2,UPS® Ground
Pittsburgh,Jersey City,NJ,Size L,11.36,1,UPS® Ground
Pittsburgh,Johnstown,PA,Size L,9.41,1,UPS® Ground
Pittsburgh,Kalamazoo,MI,Size L,11.36,2,UPS® Ground
Pittsburgh,Keatchie,LA,Size L,14.74,3,UPS® Ground
Pittsburgh,Kennewick,WA,Size L,18.12,5,UPS® Ground
Pittsburgh,Kingsport,TN,Size L,11.36,2,UPS® Ground
Pittsburgh,Lake Elsinore,CA,Size L,18.12,4,UPS® Ground
Pittsburgh,Lebanon,OH,Size L,10.41,1,UPS® Ground
Pittsburgh,Little Rock,AR,Size L,14.74,3,UPS® Ground
Pittsburgh,Livonia,MI,Size L,10.41,2,UPS® Ground
Pittsburgh,Los Alamos,NM,Size L,17.1,4,UPS® Ground
Pittsburgh,Loveland,CO,Size L,16.04,3,UPS® Ground
Pittsburgh,La Mesa,CA,Size L,18.12,4,UPS® Ground
Pittsburgh,La Quinta,CA,Size L,18.12,4,UPS® Ground
Pittsburgh,Lake Oswego,OR,Size L,18.12,5,UPS® Ground
Pittsburgh,Lake Saint Louis,MO,Size L,14.74,2,UPS® Ground
Pittsburgh,Lake in the Hills,IL,Size L,11.36,2,UPS® Ground
Pittsburgh,Lakeway,TX,Size L,16.04,3,UPS® Ground
Pittsburgh,Lancaster,NY,Size L,10.41,1,UPS® Ground
Pittsburgh,Leander,TX,Size L,16.04,3,UPS® Ground
Pittsburgh,Lees Summit,MO,Size L,14.74,3,UPS® Ground
Pittsburgh,Lenoir,NC,Size L,11.36,2,UPS® Ground
Pittsburgh,Lewis Center,OH,Size L,10.41,1,UPS® Ground
Pittsburgh,Lexington,IN,Size L,11.36,2,UPS® Ground
Pittsburgh,Lodi,CA,Size L,18.12,5,UPS® Ground
Pittsburgh,Lynden,WA,Size L,18.12,5,UPS® Ground
Pittsburgh,Methuen,MA,Size L,11.36,2,UPS® Ground
Pittsburgh,Milford,CT,Size L,11.36,2,UPS® Ground
Pittsburgh,Mineola,TX,Size L,16.04,2,UPS® Ground
Pittsburgh,Missoula,MT,Size L,17.1,4,UPS® Ground
Pittsburgh,Mansfield,OH,Size L,9.41,2,UPS® Ground
Pittsburgh,McDonough,GA,Size L,11.36,2,UPS® Ground
Pittsburgh,Merritt Island,FL,Size L,14.74,3,UPS® Ground
Pittsburgh,Midlothian,VA,Size L,10.41,2,UPS® Ground
Pittsburgh,Millington,TN,Size L,14.74,2,UPS® Ground
Pittsburgh,Milton,FL,Size L,14.74,2,UPS® Ground
Pittsburgh,Moab,UT,Size L,17.1,4,UPS® Ground
Pittsburgh,Monroe,NC,Size L,11.36,2,UPS® Ground
Pittsburgh,Mooresville,IN,Size L,11.36,1,UPS® Ground
Pittsburgh,Morganton,NC,Size L,11.36,2,UPS® Ground
Pittsburgh,Murfreesboro,TN,Size L,11.36,2,UPS® Ground
Pittsburgh,Newburgh,NY,Size L,11.36,2,UPS® Ground
Pittsburgh,Navarre,FL,Size L,14.74,2,UPS® Ground
Pittsburgh,New Market,AL,Size L,11.36,2,UPS® Ground
Pittsburgh,Newnan,GA,Size L,11.36,2,UPS® Ground
Pittsburgh,Norman,OK,Size L,14.74,3,UPS® Ground
Pittsburgh,Novi,MI,Size L,10.41,2,UPS® Ground
Pittsburgh,Ormond Beach,FL,Size L,14.74,3,UPS® Ground
Pittsburgh,Owensboro,KY,Size L,11.36,2,UPS® Ground
Pittsburgh,Oconto,WI,Size L,11.36,2,UPS® Ground
Pittsburgh,Old Bridge,NJ,Size L,10.41,1,UPS® Ground
Pittsburgh,Olympia,WA,Size L,18.12,5,UPS® Ground
Pittsburgh,Oregon City,OR,Size L,18.12,5,UPS® Ground
Pittsburgh,Oxford,MI,Size L,10.41,2,UPS® Ground
Pittsburgh,Peachtree City,GA,Size L,11.36,2,UPS® Ground
Pittsburgh,Pleasanton,CA,Size L,18.12,5,UPS® Ground
Pittsburgh,Poughkeepsie,NY,Size L,11.36,2,UPS® Ground
Pittsburgh,Pagosa Springs,CO,Size L,16.04,4,UPS® Ground
Pittsburgh,Pasadena,CA,Size L,18.12,4,UPS® Ground
Pittsburgh,Pasadena,TX,Size L,16.04,3,UPS® Ground
Pittsburgh,Pasco,WA,Size L,18.12,5,UPS® Ground
Pittsburgh,Pawtucket,RI,Size L,11.36,2,UPS® Ground
Pittsburgh,Pembroke,MA,Size L,11.36,2,UPS® Ground
Pittsburgh,Perrysburg,OH,Size L,10.41,1,UPS® Ground
Pittsburgh,Plant City,FL,Size L,14.74,3,UPS® Ground
Pittsburgh,Port Orchard,WA,Size L,18.12,5,UPS® Ground
Pittsburgh,Prescott Valley,AZ,Size L,17.1,4,UPS® Ground
Pittsburgh,Princeton,NJ,Size L,10.41,1,UPS® Ground
Pittsburgh,Quincy,MA,Size L,11.36,2,UPS® Ground
Pittsburgh,Redwood City,CA,Size L,18.12,5,UPS® Ground
Pittsburgh,Rohnert Park,CA,Size L,18.12,5,UPS® Ground
Pittsburgh,Rigby,ID,Size L,17.1,5,UPS® Ground
Pittsburgh,Ripon,WI,Size L,11.36,2,UPS® Ground
Pittsburgh,Rogers,AR,Size L,14.74,3,UPS® Ground
Pittsburgh,Rowlett,TX,Size L,16.04,2,UPS® Ground
Pittsburgh,Rydal,PA,Size L,10.41,1,UPS® Ground
Pittsburgh,Shepherdsville,KY,Size L,11.36,2,UPS® Ground
Pittsburgh,Shreveport,LA,Size L,14.74,3,UPS® Ground
Pittsburgh,Stamford,CT,Size L,11.36,2,UPS® Ground
Pittsburgh,Salt Lake City,UT,Size L,17.1,3,UPS® Ground
Pittsburgh,Sanford,NC,Size L,11.36,2,UPS® Ground
Pittsburgh,Santa Ana,CA,Size L,18.12,4,UPS® Ground
Pittsburgh,Santa Cruz,CA,Size L,18.12,5,UPS® Ground
Pittsburgh,Santa Fe,NM,Size L,17.1,4,UPS® Ground
Pittsburgh,Sarver,PA,Size L,9.41,1,UPS® Ground
Pittsburgh,Schenectady,NY,Size L,11.36,2,UPS® Ground
Pittsburgh,Sierra Vista,AZ,Size L,17.1,4,UPS® Ground
Pittsburgh,Silver Spring,MD,Size L,10.41,1,UPS® Ground
Pittsburgh,South Jordan,UT,Size L,17.1,3,UPS® Ground
Pittsburgh,Springfield,MO,Size L,14.74,3,UPS® Ground
Pittsburgh,Summerville,SC,Size L,11.36,2,UPS® Ground
Pittsburgh,Sumter,SC,Size L,11.36,2,UPS® Ground
Pittsburgh,Sun City,AZ,Size L,18.12,3,UPS® Ground
Pittsburgh,Syosset,NY,Size L,11.36,2,UPS® Ground
Pittsburgh,Taunton,MA,Size L,11.36,2,UPS® Ground
Pittsburgh,Texarkana,TX,Size L,14.74,2,UPS® Ground
Pittsburgh,Toledo,OH,Size L,10.41,1,UPS® Ground
Pittsburgh,Urbana,OH,Size L,10.41,1,UPS® Ground
Pittsburgh,Valparaiso,IN,Size L,11.36,2,UPS® Ground
Pittsburgh,Waco,TX,Size L,16.04,2,UPS® Ground
Pittsburgh,West Lafayette,IN,Size L,11.36,2,UPS® Ground
Pittsburgh,Winter Garden,FL,Size L,14.74,3,UPS® Ground
Pittsburgh,Winter Haven,FL,Size L,14.74,3,UPS® Ground
Pittsburgh,Wylie,TX,Size L,16.04,2,UPS® Ground
Pittsburgh,Waldorf,MD,Size L,10.41,1,UPS® Ground
Pittsburgh,Wesley Chapel,FL,Size L,14.74,3,UPS® Ground
Pittsburgh,West Palm Beach,FL,Size L,14.74,3,UPS® Ground
Pittsburgh,Williamsburg,VA,Size L,10.41,2,UPS® Ground
Pittsburgh,Woodbridge,VA,Size L,10.41,1,UPS® Ground
Pittsburgh,Woodside,CA,Size L,18.12,5,UPS® Ground
Pittsburgh,Yorba Linda,CA,Size L,18.12,4,UPS® Ground
Pittsburgh,Queens Village,NY,Size L,11.36,2,UPS® Ground
Washington,Brooklyn,NY,Size L,10.41,1,UPS® Ground
Washington,Phoenix,AZ,Size L,18.12,3,UPS® Ground
Washington,Houston,TX,Size L,16.04,3,UPS® Ground
Washington,San Antonio,TX,Size L,16.04,4,UPS® Ground
Washington,Jacksonville,FL,Size L,14.74,2,UPS® Ground
Washington,Chicago,IL,Size L,11.36,2,UPS® Ground
Washington,Dallas,TX,Size L,16.04,3,UPS® Ground
Washington,Wilmington,DE,Size L,9.41,1,UPS® Ground
Washington,Austin,TX,Size L,16.04,4,UPS® Ground
Washington,Canton,OH,Size L,10.41,2,UPS® Ground
Washington,Charlotte,NC,Size L,11.36,2,UPS® Ground
Washington,New York,NY,Size L,10.41,1,UPS® Ground
Washington,Atlanta,GA,Size L,11.36,2,UPS® Ground
Washington,Franklin,TN,Size L,14.74,2,UPS® Ground
Washington,Lexington,KY,Size L,11.36,2,UPS® Ground
Washington,Orlando,FL,Size L,14.74,2,UPS® Ground
Washington,Rochester,NY,Size L,10.41,2,UPS® Ground
Washington,Las Vegas,NV,Size L,18.12,4,UPS® Ground
Washington,Louisville,KY,Size L,11.36,2,UPS® Ground
Washington,Marietta,GA,Size L,11.36,2,UPS® Ground
Washington,Colorado Springs,CO,Size L,17.1,3,UPS® Ground
Washington,Columbus,OH,Size L,11.36,2,UPS® Ground
Washington,Marble Falls,TX,Size L,16.04,4,UPS® Ground
Washington,Tampa,FL,Size L,14.74,2,UPS® Ground
Washington,San Diego,CA,Size L,18.12,4,UPS® Ground
Washington,Columbia,SC,Size L,11.36,2,UPS® Ground
Washington,Greenville,SC,Size L,11.36,2,UPS® Ground
Washington,Lebanon,TN,Size L,14.74,2,UPS® Ground
Washington,Salem,OR,Size L,18.12,4,UPS® Ground
Washington,Cleveland,OH,Size L,11.36,2,UPS® Ground
Washington,Denver,CO,Size L,17.1,3,UPS® Ground
Washington,Omaha,NE,Size L,16.04,3,UPS® Ground
Washington,Portland,OR,Size L,18.12,4,UPS® Ground
Washington,Raleigh,NC,Size L,10.41,1,UPS® Ground
Washington,Richmond,VA,Size L,9.41,1,UPS® Ground
Washington,Jackson,MS,Size L,14.74,3,UPS® Ground
Washington,Albany,NY,Size L,11.36,2,UPS® Ground
Washington,Fort Worth,TX,Size L,16.04,3,UPS® Ground
Washington,Oklahoma City,OK,Size L,16.04,4,UPS® Ground
Washington,Chesapeake,VA,Size L,9.41,1,UPS® Ground
Washington,Miami,FL,Size L,14.74,2,UPS® Ground
Washington,Milford,CT,Size L,10.41,2,UPS® Ground
Washington,Pittsburgh,PA,Size L,10.41,2,UPS® Ground
Washington,San Francisco,CA,Size L,18.12,4,UPS® Ground
Washington,San Jose,CA,Size L,18.12,4,UPS® Ground
Washington,Tucson,AZ,Size L,18.12,3,UPS® Ground
Washington,Virginia Beach,VA,Size L,10.41,1,UPS® Ground
Washington,Albuquerque,NM,Size L,17.1,5,UPS® Ground
Washington,Gilbert,AZ,Size L,18.12,3,UPS® Ground
Washington,Springfield,IL,Size L,14.74,3,UPS® Ground
Washington,Alexandria,VA,Size L,9.41,1,UPS® Ground
Washington,Kansas City,MO,Size L,14.74,3,UPS® Ground
Washington,Knoxville,TN,Size L,11.36,2,UPS® Ground
Washington,Lakewood,CO,Size L,17.1,3,UPS® Ground
Washington,Nashville,TN,Size L,11.36,2,UPS® Ground
Washington,Saint Louis,MO,Size L,14.74,3,UPS® Ground
Washington,Seattle,WA,Size L,18.12,4,UPS® Ground
Washington,Arlington,TX,Size L,16.04,3,UPS® Ground
Washington,Aurora,CO,Size L,17.1,3,UPS® Ground
Washington,Boise,ID,Size L,18.12,4,UPS® Ground
Washington,Indianapolis,IN,Size L,11.36,2,UPS® Ground
Washington,Naples,CO,Size L,17.1,,UPS® Ground
Washington,Reno,NV,Size L,18.12,4,UPS® Ground
Washington,Riverside,CA,Size L,18.12,4,UPS® Ground
Washington,Bismarck,ND,Size L,16.04,5,UPS® Ground
Washington,Fresno,TX,Size L,16.04,3,UPS® Ground
Washington,Lincoln,RI,Size L,11.36,2,UPS® Ground
Washington,Los Angeles,CA,Size L,18.12,4,UPS® Ground
Washington,Mansfield,MA,Size L,11.36,2,UPS® Ground
Washington,Milwaukee,WI,Size L,14.74,3,UPS® Ground
Washington,Madison,IN,Size L,11.36,2,UPS® Ground
Washington,Mesa,AZ,Size L,18.12,3,UPS® Ground
Washington,Monroe,NC,Size L,11.36,2,UPS® Ground
Washington,Philadelphia,PA,Size L,9.41,1,UPS® Ground
Washington,Staten Island,NY,Size L,10.41,1,UPS® Ground
Washington,Washington,DC,Size L,9.41,1,UPS® Ground
Washington,Baltimore,MD,Size L,9.41,1,UPS® Ground
Washington,Decatur,IL,Size L,14.74,3,UPS® Ground
Washington,Durham,NC,Size L,10.41,1,UPS® Ground
Washington,Fayetteville,AR,Size L,14.74,3,UPS® Ground
Washington,Glendale,AZ,Size L,18.12,3,UPS® Ground
Washington,Midland,GA,Size L,11.36,2,UPS® Ground
Washington,Scottsdale,AZ,Size L,18.12,3,UPS® Ground
Washington,Woodstock,GA,Size L,11.36,2,UPS® Ground
Washington,Chandler,AZ,Size L,18.12,3,UPS® Ground
Washington,Cincinnati,OH,Size L,11.36,2,UPS® Ground
Washington,Covington,LA,Size L,14.74,3,UPS® Ground
Washington,Fort Myers,FL,Size L,14.74,2,UPS® Ground
Washington,Greensboro,NC,Size L,10.41,1,UPS® Ground
Washington,Henderson,TX,Size L,16.04,3,UPS® Ground
Washington,Hamilton,MI,Size L,11.36,2,UPS® Ground
Washington,Lewisburg,PA,Size L,9.41,1,UPS® Ground
Washington,Littleton,CO,Size L,17.1,3,UPS® Ground
Washington,Mount Pleasant,SC,Size L,11.36,2,UPS® Ground
Washington,Pasadena,MD,Size L,9.41,1,UPS® Ground
Washington,Plano,TX,Size L,16.04,3,UPS® Ground
Washington,Sanford,NC,Size L,10.41,2,UPS® Ground
Washington,Wayne,ME,Size L,11.36,2,UPS® Ground
Washington,Ashland,PA,Size L,9.41,1,UPS® Ground
Washington,Burlington,WI,Size L,14.74,3,UPS® Ground
Washington,Centerville,IA,Size L,14.74,3,UPS® Ground
Washington,Clayton,NC,Size L,10.41,1,UPS® Ground
Washington,Encinitas,CA,Size L,18.12,4,UPS® Ground
Washington,Fort Collins,CO,Size L,17.1,3,UPS® Ground
Washington,Golden,CO,Size L,17.1,3,UPS® Ground
Washington,Hudson,NC,Size L,10.41,2,UPS® Ground
Washington,Katy,TX,Size L,16.04,3,UPS® Ground
Washington,Lancaster,SC,Size L,10.41,2,UPS® Ground
Washington,Newark,NJ,Size L,10.41,1,UPS® Ground
Washington,Parker,CO,Size L,17.1,3,UPS® Ground
Washington,Plymouth,MA,Size L,11.36,2,UPS® Ground
Washington,Rancho Cucamonga,CA,Size L,18.12,4,UPS® Ground
Washington,Rockville,MD,Size L,9.41,1,UPS® Ground
Washington,Sacramento,CA,Size L,18.12,4,UPS® Ground
Washington,Tallahassee,FL,Size L,14.74,2,UPS® Ground
Washington,The Villages,FL,Size L,14.74,2,UPS® Ground
Washington,Westfield,IN,Size L,11.36,2,UPS® Ground
Washington,Waterloo,IA,Size L,14.74,3,UPS® Ground
Washington,West Chester,PA,Size L,9.41,1,UPS® Ground
Washington,Bend,OR,Size L,18.12,4,UPS® Ground
Washington,Amarillo,TX,Size L,16.04,4,UPS® Ground
Washington,Auburn,MA,Size L,11.36,2,UPS® Ground
Washington,Bakersfield,CA,Size L,18.12,4,UPS® Ground
Washington,Boca Raton,FL,Size L,14.74,2,UPS® Ground
Washington,Benton,LA,Size L,14.74,3,UPS® Ground
Washington,Bradenton,FL,Size L,14.74,2,UPS® Ground
Washington,Dayton,OH,Size L,11.36,2,UPS® Ground
Washington,Duluth,MN,Size L,14.74,2,UPS® Ground
Washington,Englewood,CO,Size L,17.1,3,UPS® Ground
Washington,Fort Wayne,IN,Size L,11.36,2,UPS® Ground
Washington,Frederick,MD,Size L,9.41,1,UPS® Ground
Washington,Fredericksburg,VA,Size L,9.41,1,UPS® Ground
Washington,Gainesville,FL,Size L,14.74,2,UPS® Ground
Washington,Grand Rapids,MI,Size L,11.36,2,UPS® Ground
Washington,Green Bay,WI,Size L,14.74,3,UPS® Ground
Washington,Morgantown,WV,Size L,9.41,2,UPS® Ground
Washington,Pensacola,FL,Size L,14.74,2,UPS® Ground
Washington,Princeton,MA,Size L,11.36,2,UPS® Ground
Washington,Peoria,AZ,Size L,18.12,3,UPS® Ground
Washington,Saint Paul,MN,Size L,14.74,2,UPS® Ground
Washington,Savannah,GA,Size L,11.36,2,UPS® Ground
Washington,Seaford,NY,Size L,10.41,1,UPS® Ground
Washington,Seymour,IN,Size L,11.36,2,UPS® Ground
Washington,Spokane,WA,Size L,18.12,4,UPS® Ground
Washington,Windsor,CO,Size L,17.1,3,UPS® Ground
Washington,Winston-Salem,NC,Size L,10.41,2,UPS® Ground
Washington,Worcester,MA,Size L,11.36,2,UPS® Ground
Washington,York,PA,Size L,9.41,1,UPS® Ground
Washington,Antioch,TN,Size L,14.74,2,UPS® Ground
Washington,Athens,GA,Size L,11.36,2,UPS® Ground
Washington,Corona,CA,Size L,18.12,4,UPS® Ground
Washington,Fairfield,CA,Size L,18.12,4,UPS® Ground
Washington,Germantown,MD,Size L,9.41,1,UPS® Ground
Washington,Hillsboro,OR,Size L,18.12,4,UPS® Ground
Washington,Hope Mills,NC,Size L,10.41,2,UPS® Ground
Washington,Hendersonville,NC,Size L,11.36,2,UPS® Ground
Washington,Holly Springs,MS,Size L,14.74,3,UPS® Ground
Washington,Homer,AK,Size L,46.14,4,UPS® Ground
Washington,Laurel,MD,Size L,9.41,1,UPS® Ground
Washington,Long Beach,CA,Size L,18.12,4,UPS® Ground
Washington,Manteca,CA,Size L,18.12,4,UPS® Ground
Washington,Maryville,TN,Size L,11.36,2,UPS® Ground
Washington,Magnolia,MS,Size L,14.74,3,UPS® Ground
Washington,Memphis,TN,Size L,14.74,2,UPS® Ground
Washington,Milton,MA,Size L,11.36,2,UPS® Ground
Washington,Montgomery,TX,Size L,16.04,3,UPS® Ground
Washington,Myrtle Beach,SC,Size L,11.36,2,UPS® Ground
Washington,New Market,AL,Size L,11.36,2,UPS® Ground
Washington,Ocala,FL,Size L,14.74,2,UPS® Ground
Washington,Olathe,KS,Size L,14.74,3,UPS® Ground
Washington,Oxford,MI,Size L,11.36,2,UPS® Ground
Washington,Palm Beach Gardens,FL,Size L,14.74,2,UPS® Ground
Washington,Roseville,CA,Size L,18.12,4,UPS® Ground
Washington,Roswell,GA,Size L,11.36,2,UPS® Ground
Washington,Rockwall,TX,Size L,16.04,3,UPS® Ground
Washington,Spring,TX,Size L,16.04,3,UPS® Ground
Washington,Salisbury,MA,Size L,11.36,2,UPS® Ground
Washington,Santa Rosa,CA,Size L,18.12,4,UPS® Ground
Washington,Sarasota,FL,Size L,14.74,2,UPS® Ground
Washington,Vancouver,WA,Size L,18.12,4,UPS® Ground
Washington,Westminster,MD,Size L,9.41,1,UPS® Ground
Washington,Canton,GA,Size L,11.36,2,UPS® Ground
Washington,Columbia,MO,Size L,14.74,3,UPS® Ground
Washington,Naples,FL,Size L,14.74,2,UPS® Ground
Washington,Fresno,CA,Size L,18.12,4,UPS® Ground
Washington,Cleveland,TN,Size L,11.36,2,UPS® Ground
Washington,Henderson,NV,Size L,18.12,4,UPS® Ground
Washington,Lincoln,NE,Size L,16.04,3,UPS® Ground
Washington,Wilmington,NC,Size L,11.36,2,UPS® Ground
Washington,Arvada,CO,Size L,17.1,3,UPS® Ground
Washington,Anchorage,AK,Size L,46.14,4,UPS® Ground
Washington,Birmingham,AL,Size L,14.74,2,UPS® Ground
Washington,Bozeman,MT,Size L,18.12,4,UPS® Ground
Washington,Conroe,TX,Size L,16.04,3,UPS® Ground
Washington,Carmel Valley,CA,Size L,18.12,4,UPS® Ground
Washington,Castle Rock,CO,Size L,17.1,3,UPS® Ground
Washington,Cedar Rapids,IA,Size L,14.74,3,UPS® Ground
Washington,Cooperstown,NY,Size L,11.36,2,UPS® Ground
Washington,Deland,FL,Size L,14.74,2,UPS® Ground
Washington,Fort Mill,SC,Size L,10.41,2,UPS® Ground
Washington,Fargo,ND,Size L,16.04,3,UPS® Ground
Washington,Glen Allen,VA,Size L,9.41,1,UPS® Ground
Washington,Grand Junction,CO,Size L,17.1,4,UPS® Ground
Washington,Highlands Ranch,CO,Size L,17.1,3,UPS® Ground
Washington,Joliet,IL,Size L,14.74,2,UPS® Ground
Washington,Kerrville,TX,Size L,16.04,5,UPS® Ground
Washington,Longmont,CO,Size L,17.1,3,UPS® Ground
Washington,Minneapolis,MN,Size L,14.74,2,UPS® Ground
Washington,Naperville,IL,Size L,14.74,2,UPS® Ground
Washington,Neosho,MO,Size L,14.74,3,UPS® Ground
Washington,Puyallup,WA,Size L,18.12,4,UPS® Ground
Washington,Queen Creek,AZ,Size L,18.12,3,UPS® Ground
Washington,Saline,MI,Size L,11.36,2,UPS® Ground
Washington,Sevierville,TN,Size L,11.36,2,UPS® Ground
Washington,Sterling Heights,MI,Size L,11.36,2,UPS® Ground
Washington,Thornton,CO,Size L,17.1,3,UPS® Ground
Washington,Ventura,CA,Size L,18.12,4,UPS® Ground
Washington,Wilmington,MA,Size L,11.36,2,UPS® Ground
Washington,Clermont,FL,Size L,14.74,2,UPS® Ground
Washington,Abilene,TX,Size L,16.04,3,UPS® Ground
Washington,Brick,NJ,Size L,10.41,1,UPS® Ground
Washington,Bentonville,AR,Size L,14.74,3,UPS® Ground
Washington,Bogart,GA,Size L,11.36,2,UPS® Ground
Washington,Boston,MA,Size L,11.36,2,UPS® Ground
Washington,Buffalo,NY,Size L,10.41,2,UPS® Ground
Washington,Cary,NC,Size L,10.41,1,UPS® Ground
Washington,Dallas,GA,Size L,11.36,2,UPS® Ground
Washington,Doylestown,PA,Size L,9.41,1,UPS® Ground
Washington,Eugene,OR,Size L,18.12,4,UPS® Ground
Washington,Edmond,OK,Size L,16.04,4,UPS® Ground
Washington,Forney,TX,Size L,16.04,3,UPS® Ground
Washington,Fuquay Varina,NC,Size L,10.41,1,UPS® Ground
Washington,Glendora,CA,Size L,18.12,4,UPS® Ground
Washington,Henrico,VA,Size L,9.41,1,UPS® Ground
Washington,Hockessin,DE,Size L,9.41,1,UPS® Ground
Washington,Holly Springs,NC,Size L,10.41,1,UPS® Ground
Washington,Irvine,CA,Size L,18.12,4,UPS® Ground
Washington,Lakeland,FL,Size L,14.74,2,UPS® Ground
Washington,Lawrence,KS,Size L,14.74,3,UPS® Ground
Washington,League City,TX,Size L,16.04,3,UPS® Ground
Washington,Mansfield,TX,Size L,16.04,3,UPS® Ground
Washington,Madison,WI,Size L,14.74,3,UPS® Ground
Washington,McKinney,TX,Size L,16.04,3,UPS® Ground
Washington,Mentor,OH,Size L,10.41,2,UPS® Ground
Washington,Mount Airy,MD,Size L,9.41,1,UPS® Ground
Washington,Norfolk,VA,Size L,9.41,1,UPS® Ground
Washington,Nampa,ID,Size L,18.12,4,UPS® Ground
Washington,Noblesville,IN,Size L,11.36,2,UPS® Ground
Washington,Orland Park,IL,Size L,14.74,2,UPS® Ground
Washington,Palm Harbor,FL,Size L,14.74,2,UPS® Ground
Washington,Petaluma,CA,Size L,18.12,4,UPS® Ground
Washington,Placentia,CA,Size L,18.12,4,UPS® Ground
Washington,Prescott,AZ,Size L,18.12,3,UPS® Ground
Washington,Richardson,TX,Size L,16.04,3,UPS® Ground
Washington,Roanoke,VA,Size L,10.41,1,UPS® Ground
Washington,Richmond,TX,Size L,16.04,3,UPS® Ground
Washington,Sanford,ME,Size L,11.36,2,UPS® Ground
Washington,Seminole,FL,Size L,14.74,2,UPS® Ground
Washington,Sheridan,WY,Size L,17.1,4,UPS® Ground
Washington,Sparks,NV,Size L,18.12,4,UPS® Ground
Washington,Traverse City,MI,Size L,11.36,2,UPS® Ground
Washington,Tulsa,OK,Size L,16.04,3,UPS® Ground
Washington,Wake Forest,NC,Size L,10.41,1,UPS® Ground
Washington,Waterloo,SC,Size L,11.36,2,UPS® Ground
Washington,Waukesha,WI,Size L,14.74,3,UPS® Ground
Washington,Wichita,KS,Size L,16.04,3,UPS® Ground
Washington,Winnsboro,TX,Size L,16.04,3,UPS® Ground
Washington,Woodbury,MN,Size L,14.74,2,UPS® Ground
Washington,Cumming,GA,Size L,11.36,2,UPS® Ground
Washington,Muskegon,MI,Size L,11.36,2,UPS® Ground
Washington,Akron,OH,Size L,10.41,2,UPS® Ground
Washington,Albany,OR,Size L,18.12,4,UPS® Ground
Washington,Alpharetta,GA,Size L,11.36,2,UPS® Ground
Washington,Asheville,NC,Size L,11.36,2,UPS® Ground
Washington,Bixby,OK,Size L,16.04,3,UPS® Ground
Washington,Boulder,CO,Size L,17.1,3,UPS® Ground
Washington,Bethlehem,PA,Size L,10.41,1,UPS® Ground
Washington,Brenham,TX,Size L,16.04,3,UPS® Ground
Washington,Broken Bow,OK,Size L,16.04,4,UPS® Ground
Washington,Cape Coral,FL,Size L,14.74,2,UPS® Ground
Washington,Chula Vista,CA,Size L,18.12,4,UPS® Ground
Washington,Crawfordville,FL,Size L,14.74,2,UPS® Ground
Washington,Cypress,TX,Size L,16.04,3,UPS® Ground
Washington,Clearwater,FL,Size L,14.74,2,UPS® Ground
Washington,Columbiana,AL,Size L,14.74,2,UPS® Ground
Washington,Columbus,GA,Size L,11.36,2,UPS® Ground
Washington,Commack,NY,Size L,10.41,1,UPS® Ground
Washington,Dublin,CA,Size L,18.12,4,UPS® Ground
Washington,Decatur,GA,Size L,11.36,2,UPS® Ground
Washington,Deltona,FL,Size L,14.74,2,UPS® Ground
Washington,Derry,NH,Size L,11.36,2,UPS® Ground
Washington,Douglassville,PA,Size L,9.41,1,UPS® Ground
Washington,Easton,PA,Size L,10.41,1,UPS® Ground
Washington,El Paso,TX,Size L,17.1,4,UPS® Ground
Washington,Escondido,CA,Size L,18.12,4,UPS® Ground
Washington,Fairport,NY,Size L,10.41,2,UPS® Ground
Washington,Flemington,NJ,Size L,10.41,1,UPS® Ground
Washington,Florence,SC,Size L,11.36,2,UPS® Ground
Washington,Fort Lauderdale,FL,Size L,14.74,2,UPS® Ground
Washington,Frisco,TX,Size L,16.04,3,UPS® Ground
Washington,Goodyear,AZ,Size L,18.12,3,UPS® Ground
Washington,Gays Mills,WI,Size L,14.74,4,UPS® Ground
Washington,Grafton,WI,Size L,14.74,3,UPS® Ground
Washington,Green Cove Springs,FL,Size L,14.74,2,UPS® Ground
Washington,Greensburg,PA,Size L,9.41,2,UPS® Ground
Washington,Honolulu,HI,Size L,46.14,5,UPS® Ground
Washington,Humble,TX,Size L,16.04,3,UPS® Ground
Washington,Huntington,NY,Size L,10.41,1,UPS® Ground
Washington,Idaho Falls,ID,Size L,17.1,4,UPS® Ground
Washington,Jackson,TN,Size L,14.74,2,UPS® Ground
Washington,Jacksonville,NC,Size L,10.41,2,UPS® Ground
Washington,Jenkintown,PA,Size L,9.41,1,UPS® Ground
Washington,Johnson City,TN,Size L,11.36,3,UPS® Ground
Washington,Kingwood,TX,Size L,16.04,3,UPS® Ground
Washington,Lansing,MI,Size L,11.36,2,UPS® Ground
Washington,Lapeer,MI,Size L,11.36,2,UPS® Ground
Washington,Lawrenceville,GA,Size L,11.36,2,UPS® Ground
Washington,Lexington,NC,Size L,10.41,2,UPS® Ground
Washington,Lubbock,TX,Size L,16.04,3,UPS® Ground
Washington,Medina,OH,Size L,11.36,2,UPS® Ground
Washington,Macomb,MI,Size L,11.36,2,UPS® Ground
Washington,Magnolia,TX,Size L,16.04,3,UPS® Ground
Washington,Martinsburg,WV,Size L,9.41,1,UPS® Ground
Washington,Meridian,ID,Size L,18.12,4,UPS® Ground
Washington,Mobile,AL,Size L,14.74,2,UPS® Ground
Washington,Morrison,CO,Size L,17.1,3,UPS® Ground
Washington,Napa,CA,Size L,18.12,4,UPS® Ground
Washington,New Braunfels,TX,Size L,16.04,4,UPS® Ground
Washington,New Lenox,IL,Size L,14.74,2,UPS® Ground
Washington,New Orleans,LA,Size L,14.74,3,UPS® Ground
Washington,Newark,DE,Size L,9.41,1,UPS® Ground
Washington,Oakland,CA,Size L,18.12,4,UPS® Ground
Washington,Owasso,OK,Size L,16.04,3,UPS® Ground
Washington,Overland Park,KS,Size L,14.74,3,UPS® Ground
Washington,Panama City,FL,Size L,14.74,2,UPS® Ground
Washington,Panama City Beach,FL,Size L,14.74,2,UPS® Ground
Washington,Patchogue,NY,Size L,10.41,1,UPS® Ground
Washington,Port Clinton,OH,Size L,11.36,2,UPS® Ground
Washington,Paducah,KY,Size L,14.74,2,UPS® Ground
Washington,Palmetto,FL,Size L,14.74,2,UPS® Ground
Washington,Pearland,TX,Size L,16.04,3,UPS® Ground
Washington,Pella,IA,Size L,14.74,3,UPS® Ground
Washington,Pittsford,NY,Size L,10.41,2,UPS® Ground
Washington,Port Orange,FL,Size L,14.74,2,UPS® Ground
Washington,Ravenna,OH,Size L,11.36,2,UPS® Ground
Washington,Roaming Shores,OH,Size L,10.41,2,UPS® Ground
Washington,Richmond Hill,GA,Size L,11.36,2,UPS® Ground
Washington,Riverview,FL,Size L,14.74,2,UPS® Ground
Washington,Rochester,MN,Size L,14.74,2,UPS® Ground
Washington,Round Rock,TX,Size L,16.04,4,UPS® Ground
Washington,Saint Petersburg,FL,Size L,14.74,2,UPS® Ground
Washington,San Leandro,CA,Size L,18.12,4,UPS® Ground
Washington,Southington,CT,Size L,10.41,2,UPS® Ground
Washington,Spartanburg,SC,Size L,11.36,2,UPS® Ground
Washington,Surprise,AZ,Size L,18.12,3,UPS® Ground
Washington,Santa Barbara,CA,Size L,18.12,4,UPS® Ground
Washington,Shelton,CT,Size L,10.41,2,UPS® Ground
Washington,Spring Branch,TX,Size L,16.04,4,UPS® Ground
Washington,St. Louis,MO,Size L,14.74,3,UPS® Ground
Washington,Stroudsburg,PA,Size L,10.41,1,UPS® Ground
Washington,Sunapee,NH,Size L,11.36,2,UPS® Ground
Washington,Swedesboro,NJ,Size L,10.41,1,UPS® Ground
Washington,Syracuse,NY,Size L,10.41,2,UPS® Ground
Washington,Tomball,TX,Size L,16.04,3,UPS® Ground
Washington,Topeka,KS,Size L,14.74,3,UPS® Ground
Washington,Tuscaloosa,AL,Size L,14.74,2,UPS® Ground
Washington,Terre Haute,IN,Size L,11.36,2,UPS® Ground
Washington,Tinley Park,IL,Size L,14.74,2,UPS® Ground
Washington,Toms River,NJ,Size L,10.41,1,UPS® Ground
Washington,Tulare,CA,Size L,18.12,4,UPS® Ground
Washington,Vienna,VA,Size L,9.41,1,UPS® Ground
Washington,Walnut Creek,CA,Size L,18.12,4,UPS® Ground
Washington,Wayne,NJ,Size L,10.41,1,UPS® Ground
Washington,Waynesboro,VA,Size L,9.41,1,UPS® Ground
Washington,West Sacramento,CA,Size L,18.12,4,UPS® Ground
Washington,Yuba City,CA,Size L,18.12,4,UPS® Ground
Washington,Zachary,LA,Size L,14.74,3,UPS® Ground
Washington,Buford,GA,Size L,11.36,2,UPS® Ground
Washington,Modesto,CA,Size L,18.12,4,UPS® Ground
Washington,Winter Park,FL,Size L,14.74,2,UPS® Ground
Washington,Antioch,IL,Size L,14.74,2,UPS® Ground
Washington,Algonquin,IL,Size L,11.36,2,UPS® Ground
Washington,Allen,TX,Size L,16.04,3,UPS® Ground
Washington,Ames,IA,Size L,14.74,3,UPS® Ground
Washington,Anaheim,CA,Size L,18.12,4,UPS® Ground
Washington,Aptos,CA,Size L,18.12,4,UPS® Ground
Washington,Astoria,NY,Size L,10.41,1,UPS® Ground
Washington,Bloomington,IN,Size L,11.36,2,UPS® Ground
Washington,Bremerton,WA,Size L,18.12,4,UPS® Ground
Washington,Brunswick,OH,Size L,11.36,2,UPS® Ground
Washington,Burke,VA,Size L,9.41,1,UPS® Ground
Washington,Bedford,IN,Size L,11.36,2,UPS® Ground
Washington,Benton,LA,Size L,14.74,3,UPS® Ground
Washington,Billings,MT,Size L,17.1,5,UPS® Ground
Washington,Birdsboro,PA,Size L,9.41,1,UPS® Ground
Washington,Bothell,WA,Size L,18.12,4,UPS® Ground
Washington,Bowie,MD,Size L,9.41,1,UPS® Ground
Washington,Brentwood,TN,Size L,14.74,2,UPS® Ground
Washington,Bronx,NY,Size L,10.41,1,UPS® Ground
Washington,Brookfield,WI,Size L,14.74,3,UPS® Ground
Washington,Canton,OH,Size L,10.41,2,UPS® Ground
Washington,Celina,TX,Size L,16.04,3,UPS® Ground
Washington,Chapel Hill,NC,Size L,10.41,1,UPS® Ground
Washington,Claremore,OK,Size L,16.04,3,UPS® Ground
Washington,Clovis,CA,Size L,18.12,4,UPS® Ground
Washington,Cocoa,FL,Size L,14.74,2,UPS® Ground
Washington,Callahan,FL,Size L,14.74,2,UPS® Ground
Washington,Carmel,IN,Size L,11.36,2,UPS® Ground
Washington,Cedar Park,TX,Size L,16.04,4,UPS® Ground
Washington,Centennial,CO,Size L,17.1,3,UPS® Ground
Washington,Centerville,MA,Size L,11.36,2,UPS® Ground
Washington,Charleston,SC,Size L,11.36,2,UPS® Ground
Washington,Charlottesville,VA,Size L,9.41,1,UPS® Ground
Washington,Clarkesville,GA,Size L,11.36,2,UPS® Ground
Washington,Clayton,NC,Size L,10.41,1,UPS® Ground
Washington,Clifton,NJ,Size L,10.41,1,UPS® Ground
Washington,Collinsville,OK,Size L,16.04,3,UPS® Ground
Washington,Columbia,TN,Size L,11.36,2,UPS® Ground
Washington,Concord,NC,Size L,11.36,2,UPS® Ground
Washington,Cookeville,TN,Size L,11.36,2,UPS® Ground
Washington,Corpus Christi,TX,Size L,16.04,4,UPS® Ground
Washington,Corrales,NM,Size L,17.1,5,UPS® Ground
Washington,Corydon,IN,Size L,11.36,2,UPS® Ground
Washington,Cranston,RI,Size L,11.36,2,UPS® Ground
Washington,Dekalb,IL,Size L,11.36,2,UPS® Ground
Washington,Delaware,OH,Size L,11.36,2,UPS® Ground
Washington,Delmar,NY,Size L,11.36,2,UPS® Ground
Washington,Des Moines,IA,Size L,14.74,3,UPS® Ground
Washington,Dickson,TN,Size L,14.74,2,UPS® Ground
Washington,Downers Grove,IL,Size L,14.74,2,UPS® Ground
Washington,Dripping Springs,TX,Size L,16.04,4,UPS® Ground
Washington,Eustis,FL,Size L,14.74,2,UPS® Ground
Washington,East Hampton,NY,Size L,10.41,1,UPS® Ground
Washington,Fenton,MO,Size L,14.74,3,UPS® Ground
Washington,Fayetteville,AR,Size L,14.74,3,UPS® Ground
Washington,Flower Mound,TX,Size L,16.04,3,UPS® Ground
Washington,Franklin,OH,Size L,11.36,2,UPS® Ground
Washington,Friendswood,TX,Size L,16.04,3,UPS® Ground
Washington,Gainesville,FL,Size L,14.74,2,UPS® Ground
Washington,Gainesville,GA,Size L,11.36,2,UPS® Ground
Washington,Glendale,CA,Size L,18.12,4,UPS® Ground
Washington,Greenville,SC,Size L,11.36,2,UPS® Ground
Washington,Greenville,MI,Size L,11.36,2,UPS® Ground
Washington,Gaithersburg,MD,Size L,9.41,1,UPS® Ground
Washington,Garner,NC,Size L,10.41,1,UPS® Ground
Washington,Gastonia,NC,Size L,11.36,2,UPS® Ground
Washington,Granada Hills,CA,Size L,18.12,4,UPS® Ground
Washington,Granbury,TX,Size L,16.04,3,UPS® Ground
Washington,Griffin,GA,Size L,11.36,2,UPS® Ground
Washington,Harpers Ferry,WV,Size L,9.41,1,UPS® Ground
Washington,Haverhill,MA,Size L,11.36,2,UPS® Ground
Washington,Hayward,CA,Size L,18.12,4,UPS® Ground
Washington,Herriman,UT,Size L,17.1,4,UPS® Ground
Washington,Hillsboro,OR,Size L,18.12,4,UPS® Ground
Washington,Hoboken,NJ,Size L,10.41,1,UPS® Ground
Washington,Huntley,IL,Size L,11.36,2,UPS® Ground
Washington,Hagerstown,MD,Size L,9.41,1,UPS® Ground
Washington,Hamilton,OH,Size L,11.36,2,UPS® Ground
Washington,Harrisburg,PA,Size L,9.41,1,UPS® Ground
Washington,Hendersonville,NC,Size L,11.36,2,UPS® Ground
Washington,Hendersonville,TN,Size L,14.74,2,UPS® Ground
Washington,Holland,MI,Size L,11.36,2,UPS® Ground
Washington,Indian Trail,NC,Size L,11.36,2,UPS® Ground
Washington,Jersey City,NJ,Size L,10.41,1,UPS® Ground
Washington,Johnstown,PA,Size L,9.41,1,UPS® Ground
Washington,Kalamazoo,MI,Size L,11.36,2,UPS® Ground
Washington,Keatchie,LA,Size L,14.74,3,UPS® Ground
Washington,Kennewick,WA,Size L,18.12,4,UPS® Ground
Washington,Kingsport,TN,Size L,11.36,3,UPS® Ground
Washington,Lake Elsinore,CA,Size L,18.12,4,UPS® Ground
Washington,Lebanon,OH,Size L,11.36,2,UPS® Ground
Washington,Little Rock,AR,Size L,14.74,3,UPS® Ground
Washington,Livonia,MI,Size L,11.36,2,UPS® Ground
Washington,Los Alamos,NM,Size L,17.1,5,UPS® Ground
Washington,Loveland,CO,Size L,17.1,3,UPS® Ground
Washington,La Mesa,CA,Size L,18.12,4,UPS® Ground
Washington,La Quinta,CA,Size L,18.12,4,UPS® Ground
Washington,Lake Oswego,OR,Size L,18.12,4,UPS® Ground
Washington,Lake Saint Louis,MO,Size L,14.74,3,UPS® Ground
Washington,Lake in the Hills,IL,Size L,11.36,2,UPS® Ground
Washington,Lakeway,TX,Size L,16.04,4,UPS® Ground
Washington,Lancaster,NY,Size L,10.41,2,UPS® Ground
Washington,Leander,TX,Size L,16.04,4,UPS® Ground
Washington,Lees Summit,MO,Size L,14.74,3,UPS® Ground
Washington,Lenoir,NC,Size L,10.41,2,UPS® Ground
Washington,Lewis Center,OH,Size L,11.36,2,UPS® Ground
Washington,Lexington,IN,Size L,11.36,2,UPS® Ground
Washington,Lodi,CA,Size L,18.12,4,UPS® Ground
Washington,Lynden,WA,Size L,18.12,4,UPS® Ground
Washington,Methuen,MA,Size L,11.36,2,UPS® Ground
Washington,Milford,CT,Size L,10.41,2,UPS® Ground
Washington,Mineola,TX,Size L,16.04,3,UPS® Ground
Washington,Missoula,MT,Size L,18.12,5,UPS® Ground
Washington,Mansfield,OH,Size L,11.36,2,UPS® Ground
Washington,McDonough,GA,Size L,11.36,2,UPS® Ground
Washington,Merritt Island,FL,Size L,14.74,2,UPS® Ground
Washington,Midlothian,VA,Size L,9.41,1,UPS® Ground
Washington,Millington,TN,Size L,14.74,2,UPS® Ground
Washington,Milton,FL,Size L,14.74,2,UPS® Ground
Washington,Moab,UT,Size L,17.1,5,UPS® Ground
Washington,Monroe,NC,Size L,11.36,2,UPS® Ground
Washington,Mooresville,IN,Size L,11.36,2,UPS® Ground
Washington,Morganton,NC,Size L,10.41,2,UPS® Ground
Washington,Murfreesboro,TN,Size L,11.36,2,UPS® Ground
Washington,Newburgh,NY,Size L,10.41,2,UPS® Ground
Washington,Navarre,FL,Size L,14.74,2,UPS® Ground
Washington,New Market,AL,Size L,11.36,2,UPS® Ground
Washington,Newnan,GA,Size L,11.36,2,UPS® Ground
Washington,Norman,OK,Size L,16.04,4,UPS® Ground
Washington,Novi,MI,Size L,11.36,2,UPS® Ground
Washington,Ormond Beach,FL,Size L,14.74,2,UPS® Ground
Washington,Owensboro,KY,Size L,11.36,2,UPS® Ground
Washington,Oconto,WI,Size L,14.74,3,UPS® Ground
Washington,Old Bridge,NJ,Size L,10.41,1,UPS® Ground
Washington,Olympia,WA,Size L,18.12,4,UPS® Ground
Washington,Oregon City,OR,Size L,18.12,4,UPS® Ground
Washington,Oxford,MI,Size L,11.36,2,UPS® Ground
Washington,Peachtree City,GA,Size L,11.36,2,UPS® Ground
Washington,Pleasanton,CA,Size L,18.12,4,UPS® Ground
Washington,Poughkeepsie,NY,Size L,10.41,2,UPS® Ground
Washington,Pagosa Springs,CO,Size L,17.1,4,UPS® Ground
Washington,Pasadena,CA,Size L,18.12,4,UPS® Ground
Washington,Pasadena,TX,Size L,16.04,3,UPS® Ground
Washington,Pasco,WA,Size L,18.12,4,UPS® Ground
Washington,Pawtucket,RI,Size L,11.36,2,UPS® Ground
Washington,Pembroke,MA,Size L,11.36,2,UPS® Ground
Washington,Perrysburg,OH,Size L,11.36,2,UPS® Ground
Washington,Plant City,FL,Size L,14.74,2,UPS® Ground
Washington,Port Orchard,WA,Size L,18.12,4,UPS® Ground
Washington,Prescott Valley,AZ,Size L,18.12,3,UPS® Ground
Washington,Princeton,NJ,Size L,10.41,1,UPS® Ground
Washington,Quincy,MA,Size L,11.36,2,UPS® Ground
Washington,Redwood City,CA,Size L,18.12,4,UPS® Ground
Washington,Rohnert Park,CA,Size L,18.12,4,UPS® Ground
Washington,Rigby,ID,Size L,17.1,6,UPS® Ground
Washington,Ripon,WI,Size L,14.74,3,UPS® Ground
Washington,Rogers,AR,Size L,14.74,3,UPS® Ground
Washington,Rowlett,TX,Size L,16.04,3,UPS® Ground
Washington,Rydal,PA,Size L,9.41,1,UPS® Ground
Washington,Shepherdsville,KY,Size L,11.36,2,UPS® Ground
Washington,Shreveport,LA,Size L,14.74,3,UPS® Ground
Washington,Stamford,CT,Size L,10.41,2,UPS® Ground
Washington,Salt Lake City,UT,Size L,18.12,4,UPS® Ground
Washington,Sanford,NC,Size L,10.41,2,UPS® Ground
Washington,Santa Ana,CA,Size L,18.12,4,UPS® Ground
Washington,Santa Cruz,CA,Size L,18.12,4,UPS® Ground
Washington,Santa Fe,NM,Size L,17.1,5,UPS® Ground
Washington,Sarver,PA,Size L,10.41,2,UPS® Ground
Washington,Schenectady,NY,Size L,11.36,2,UPS® Ground
Washington,Sierra Vista,AZ,Size L,18.12,3,UPS® Ground
Washington,Silver Spring,MD,Size L,9.41,1,UPS® Ground
Washington,South Jordan,UT,Size L,17.1,4,UPS® Ground
Washington,Springfield,MO,Size L,14.74,3,UPS® Ground
Washington,Summerville,SC,Size L,11.36,2,UPS® Ground
Washington,Sumter,SC,Size L,11.36,2,UPS® Ground
Washington,Sun City,AZ,Size L,18.12,3,UPS® Ground
Washington,Syosset,NY,Size L,10.41,1,UPS® Ground
Washington,Taunton,MA,Size L,11.36,2,UPS® Ground
Washington,Texarkana,TX,Size L,16.04,3,UPS® Ground
Washington,Toledo,OH,Size L,11.36,2,UPS® Ground
Washington,Urbana,OH,Size L,11.36,2,UPS® Ground
Washington,Valparaiso,IN,Size L,11.36,2,UPS® Ground
Washington,Waco,TX,Size L,16.04,3,UPS® Ground
Washington,West Lafayette,IN,Size L,11.36,2,UPS® Ground
Washington,Winter Garden,FL,Size L,14.74,2,UPS® Ground
Washington,Winter Haven,FL,Size L,14.74,2,UPS® Ground
Washington,Wylie,TX,Size L,16.04,3,UPS® Ground
Washington,Waldorf,MD,Size L,9.41,1,UPS® Ground
Washington,Wesley Chapel,FL,Size L,14.74,2,UPS® Ground
Washington,West Palm Beach,FL,Size L,14.74,2,UPS® Ground
Washington,Williamsburg,VA,Size L,9.41,1,UPS® Ground
Washington,Woodbridge,VA,Size L,9.41,1,UPS® Ground
Washington,Woodside,CA,Size L,18.12,4,UPS® Ground
Washington,Yorba Linda,CA,Size L,18.12,4,UPS® Ground
Washington,Queens Village,NY,Size L,10.41,1,UPS® Ground
Newark,Brooklyn,NY,Size L,9.41,1,UPS® Ground
Newark,Phoenix,AZ,Size L,18.12,3,UPS® Ground
Newark,Houston,TX,Size L,17.1,3,UPS® Ground
Newark,San Antonio,TX,Size L,17.1,3,UPS® Ground
Newark,Jacksonville,FL,Size L,14.74,3,UPS® Ground
Newark,Chicago,IL,Size L,14.74,2,UPS® Ground
Newark,Dallas,TX,Size L,16.04,3,UPS® Ground
Newark,Wilmington,DE,Size L,9.41,1,UPS® Ground
Newark,Austin,TX,Size L,17.1,3,UPS® Ground
Newark,Canton,OH,Size L,11.36,2,UPS® Ground
Newark,Charlotte,NC,Size L,11.36,2,UPS® Ground
Newark,New York,NY,Size L,9.41,1,UPS® Ground
Newark,Atlanta,GA,Size L,14.74,2,UPS® Ground
Newark,Franklin,TN,Size L,14.74,2,UPS® Ground
Newark,Lexington,KY,Size L,11.36,2,UPS® Ground
Newark,Orlando,FL,Size L,14.74,3,UPS® Ground
Newark,Rochester,NY,Size L,10.41,2,UPS® Ground
Newark,Las Vegas,NV,Size L,18.12,4,UPS® Ground
Newark,Louisville,KY,Size L,14.74,2,UPS® Ground
Newark,Marietta,GA,Size L,14.74,2,UPS® Ground
Newark,Colorado Springs,CO,Size L,17.1,3,UPS® Ground
Newark,Columbus,OH,Size L,11.36,2,UPS® Ground
Newark,Marble Falls,TX,Size L,17.1,3,UPS® Ground
Newark,Tampa,FL,Size L,14.74,3,UPS® Ground
Newark,San Diego,CA,Size L,18.12,4,UPS® Ground
Newark,Columbia,SC,Size L,11.36,2,UPS® Ground
Newark,Greenville,SC,Size L,14.74,2,UPS® Ground
Newark,Lebanon,TN,Size L,14.74,2,UPS® Ground
Newark,Salem,OR,Size L,18.12,4,UPS® Ground
Newark,Cleveland,OH,Size L,11.36,2,UPS® Ground
Newark,Denver,CO,Size L,17.1,3,UPS® Ground
Newark,Omaha,NE,Size L,16.04,3,UPS® Ground
Newark,Portland,OR,Size L,18.12,4,UPS® Ground
Newark,Raleigh,NC,Size L,11.36,2,UPS® Ground
Newark,Richmond,VA,Size L,10.41,2,UPS® Ground
Newark,Jackson,MS,Size L,16.04,3,UPS® Ground
Newark,Albany,NY,Size L,9.41,1,UPS® Ground
Newark,Fort Worth,TX,Size L,16.04,3,UPS® Ground
Newark,Oklahoma City,OK,Size L,16.04,3,UPS® Ground
Newark,Chesapeake,VA,Size L,10.41,2,UPS® Ground
Newark,Miami,FL,Size L,16.04,3,UPS® Ground
Newark,Milford,CT,Size L,9.41,1,UPS® Ground
Newark,Pittsburgh,PA,Size L,11.36,2,UPS® Ground
Newark,San Francisco,CA,Size L,18.12,4,UPS® Ground
Newark,San Jose,CA,Size L,18.12,4,UPS® Ground
Newark,Tucson,AZ,Size L,18.12,3,UPS® Ground
Newark,Virginia Beach,VA,Size L,11.36,2,UPS® Ground
Newark,Albuquerque,NM,Size L,17.1,3,UPS® Ground
Newark,Gilbert,AZ,Size L,18.12,3,UPS® Ground
Newark,Springfield,IL,Size L,14.74,2,UPS® Ground
Newark,Alexandria,VA,Size L,10.41,2,UPS® Ground
Newark,Kansas City,MO,Size L,16.04,3,UPS® Ground
Newark,Knoxville,TN,Size L,14.74,2,UPS® Ground
Newark,Lakewood,CO,Size L,17.1,3,UPS® Ground
Newark,Nashville,TN,Size L,14.74,2,UPS® Ground
Newark,Saint Louis,MO,Size L,14.74,2,UPS® Ground
Newark,Seattle,WA,Size L,18.12,5,UPS® Ground
Newark,Arlington,TX,Size L,17.1,3,UPS® Ground
Newark,Aurora,CO,Size L,17.1,3,UPS® Ground
Newark,Boise,ID,Size L,18.12,4,UPS® Ground
Newark,Indianapolis,IN,Size L,14.74,2,UPS® Ground
Newark,Naples,CO,Size L,17.1,,UPS® Ground
Newark,Reno,NV,Size L,18.12,3,UPS® Ground
Newark,Riverside,CA,Size L,18.12,4,UPS® Ground
Newark,Bismarck,ND,Size L,16.04,4,UPS® Ground
Newark,Fresno,TX,Size L,16.04,3,UPS® Ground
Newark,Lincoln,RI,Size L,10.41,1,UPS® Ground
Newark,Los Angeles,CA,Size L,18.12,4,UPS® Ground
Newark,Mansfield,MA,Size L,10.41,1,UPS® Ground
Newark,Milwaukee,WI,Size L,14.74,3,UPS® Ground
Newark,Madison,IN,Size L,14.74,2,UPS® Ground
Newark,Mesa,AZ,Size L,18.12,3,UPS® Ground
Newark,Monroe,NC,Size L,11.36,2,UPS® Ground
Newark,Philadelphia,PA,Size L,9.41,1,UPS® Ground
Newark,Staten Island,NY,Size L,9.41,1,UPS® Ground
Newark,Washington,DC,Size L,10.41,1,UPS® Ground
Newark,Baltimore,MD,Size L,10.41,1,UPS® Ground
Newark,Decatur,IL,Size L,14.74,2,UPS® Ground
Newark,Durham,NC,Size L,11.36,2,UPS® Ground
Newark,Fayetteville,AR,Size L,16.04,3,UPS® Ground
Newark,Glendale,AZ,Size L,18.12,3,UPS® Ground
Newark,Midland,GA,Size L,14.74,2,UPS® Ground
Newark,Scottsdale,AZ,Size L,18.12,3,UPS® Ground
Newark,Woodstock,GA,Size L,14.74,2,UPS® Ground
Newark,Chandler,AZ,Size L,18.12,3,UPS® Ground
Newark,Cincinnati,OH,Size L,11.36,2,UPS® Ground
Newark,Covington,LA,Size L,16.04,3,UPS® Ground
Newark,Fort Myers,FL,Size L,16.04,3,UPS® Ground
Newark,Greensboro,NC,Size L,11.36,2,UPS® Ground
Newark,Henderson,TX,Size L,16.04,3,UPS® Ground
Newark,Hamilton,MI,Size L,14.74,2,UPS® Ground
Newark,Lewisburg,PA,Size L,9.41,1,UPS® Ground
Newark,Littleton,CO,Size L,17.1,3,UPS® Ground
Newark,Mount Pleasant,SC,Size L,14.74,2,UPS® Ground
Newark,Pasadena,MD,Size L,10.41,1,UPS® Ground
Newark,Plano,TX,Size L,16.04,3,UPS® Ground
Newark,Sanford,NC,Size L,11.36,2,UPS® Ground
Newark,Wayne,ME,Size L,10.41,2,UPS® Ground
Newark,Ashland,PA,Size L,9.41,1,UPS® Ground
Newark,Burlington,WI,Size L,14.74,3,UPS® Ground
Newark,Centerville,IA,Size L,14.74,3,UPS® Ground
Newark,Clayton,NC,Size L,11.36,2,UPS® Ground
Newark,Encinitas,CA,Size L,18.12,4,UPS® Ground
Newark,Fort Collins,CO,Size L,17.1,3,UPS® Ground
Newark,Golden,CO,Size L,17.1,3,UPS® Ground
Newark,Hudson,NC,Size L,14.74,2,UPS® Ground
Newark,Katy,TX,Size L,16.04,3,UPS® Ground
Newark,Lancaster,SC,Size L,11.36,2,UPS® Ground
Newark,Newark,NJ,Size L,9.41,1,UPS® Ground
Newark,Parker,CO,Size L,17.1,3,UPS® Ground
Newark,Plymouth,MA,Size L,10.41,1,UPS® Ground
Newark,Rancho Cucamonga,CA,Size L,18.12,4,UPS® Ground
Newark,Rockville,MD,Size L,10.41,1,UPS® Ground
Newark,Sacramento,CA,Size L,18.12,4,UPS® Ground
Newark,Tallahassee,FL,Size L,14.74,3,UPS® Ground
Newark,The Villages,FL,Size L,14.74,3,UPS® Ground
Newark,Westfield,IN,Size L,14.74,2,UPS® Ground
Newark,Waterloo,IA,Size L,14.74,3,UPS® Ground
Newark,West Chester,PA,Size L,9.41,1,UPS® Ground
Newark,Bend,OR,Size L,18.12,5,UPS® Ground
Newark,Amarillo,TX,Size L,17.1,4,UPS® Ground
Newark,Auburn,MA,Size L,10.41,1,UPS® Ground
Newark,Bakersfield,CA,Size L,18.12,4,UPS® Ground
Newark,Boca Raton,FL,Size L,16.04,3,UPS® Ground
Newark,Benton,LA,Size L,16.04,3,UPS® Ground
Newark,Bradenton,FL,Size L,16.04,3,UPS® Ground
Newark,Dayton,OH,Size L,11.36,2,UPS® Ground
Newark,Duluth,MN,Size L,14.74,3,UPS® Ground
Newark,Englewood,CO,Size L,17.1,3,UPS® Ground
Newark,Fort Wayne,IN,Size L,11.36,2,UPS® Ground
Newark,Frederick,MD,Size L,10.41,1,UPS® Ground
Newark,Fredericksburg,VA,Size L,10.41,2,UPS® Ground
Newark,Gainesville,FL,Size L,14.74,3,UPS® Ground
Newark,Grand Rapids,MI,Size L,11.36,2,UPS® Ground
Newark,Green Bay,WI,Size L,14.74,3,UPS® Ground
Newark,Morgantown,WV,Size L,10.41,2,UPS® Ground
Newark,Pensacola,FL,Size L,14.74,3,UPS® Ground
Newark,Princeton,MA,Size L,10.41,1,UPS® Ground
Newark,Peoria,AZ,Size L,18.12,3,UPS® Ground
Newark,Saint Paul,MN,Size L,14.74,3,UPS® Ground
Newark,Savannah,GA,Size L,14.74,3,UPS® Ground
Newark,Seaford,NY,Size L,10.41,1,UPS® Ground
Newark,Seymour,IN,Size L,14.74,2,UPS® Ground
Newark,Spokane,WA,Size L,18.12,5,UPS® Ground
Newark,Windsor,CO,Size L,17.1,3,UPS® Ground
Newark,Winston-Salem,NC,Size L,11.36,2,UPS® Ground
Newark,Worcester,MA,Size L,10.41,1,UPS® Ground
Newark,York,PA,Size L,9.41,1,UPS® Ground
Newark,Antioch,TN,Size L,14.74,2,UPS® Ground
Newark,Athens,GA,Size L,14.74,2,UPS® Ground
Newark,Corona,CA,Size L,18.12,4,UPS® Ground
Newark,Fairfield,CA,Size L,18.12,4,UPS® Ground
Newark,Germantown,MD,Size L,10.41,1,UPS® Ground
Newark,Hillsboro,OR,Size L,18.12,5,UPS® Ground
Newark,Hope Mills,NC,Size L,14.74,2,UPS® Ground
Newark,Hendersonville,NC,Size L,14.74,2,UPS® Ground
Newark,Holly Springs,MS,Size L,14.74,4,UPS® Ground
Newark,Homer,AK,Size L,46.14,4,UPS® Ground
Newark,Laurel,MD,Size L,10.41,1,UPS® Ground
Newark,Long Beach,CA,Size L,18.12,4,UPS® Ground
Newark,Manteca,CA,Size L,18.12,4,UPS® Ground
Newark,Maryville,TN,Size L,14.74,2,UPS® Ground
Newark,Magnolia,MS,Size L,16.04,3,UPS® Ground
Newark,Memphis,TN,Size L,14.74,2,UPS® Ground
Newark,Milton,MA,Size L,10.41,1,UPS® Ground
Newark,Montgomery,TX,Size L,16.04,3,UPS® Ground
Newark,Myrtle Beach,SC,Size L,14.74,2,UPS® Ground
Newark,New Market,AL,Size L,14.74,3,UPS® Ground
Newark,Ocala,FL,Size L,14.74,3,UPS® Ground
Newark,Olathe,KS,Size L,16.04,3,UPS® Ground
Newark,Oxford,MI,Size L,11.36,2,UPS® Ground
Newark,Palm Beach Gardens,FL,Size L,16.04,3,UPS® Ground
Newark,Roseville,CA,Size L,18.12,4,UPS® Ground
Newark,Roswell,GA,Size L,14.74,2,UPS® Ground
Newark,Rockwall,TX,Size L,16.04,3,UPS® Ground
Newark,Spring,TX,Size L,16.04,3,UPS® Ground
Newark,Salisbury,MA,Size L,10.41,1,UPS® Ground
Newark,Santa Rosa,CA,Size L,18.12,4,UPS® Ground
Newark,Sarasota,FL,Size L,16.04,3,UPS® Ground
Newark,Vancouver,WA,Size L,18.12,5,UPS® Ground
Newark,Westminster,MD,Size L,10.41,1,UPS® Ground
Newark,Canton,GA,Size L,14.74,2,UPS® Ground
Newark,Columbia,MO,Size L,14.74,2,UPS® Ground
Newark,Naples,FL,Size L,16.04,3,UPS® Ground
Newark,Fresno,CA,Size L,18.12,4,UPS® Ground
Newark,Cleveland,TN,Size L,14.74,2,UPS® Ground
Newark,Henderson,NV,Size L,18.12,4,UPS® Ground
Newark,Lincoln,NE,Size L,16.04,3,UPS® Ground
Newark,Wilmington,NC,Size L,14.74,2,UPS® Ground
Newark,Arvada,CO,Size L,17.1,3,UPS® Ground
Newark,Anchorage,AK,Size L,46.14,4,UPS® Ground
Newark,Birmingham,AL,Size L,14.74,3,UPS® Ground
Newark,Bozeman,MT,Size L,18.12,4,UPS® Ground
Newark,Conroe,TX,Size L,16.04,3,UPS® Ground
Newark,Carmel Valley,CA,Size L,18.12,4,UPS® Ground
Newark,Castle Rock,CO,Size L,17.1,3,UPS® Ground
Newark,Cedar Rapids,IA,Size L,14.74,3,UPS® Ground
Newark,Cooperstown,NY,Size L,10.41,1,UPS® Ground
Newark,Deland,FL,Size L,14.74,3,UPS® Ground
Newark,Fort Mill,SC,Size L,11.36,2,UPS® Ground
Newark,Fargo,ND,Size L,16.04,3,UPS® Ground
Newark,Glen Allen,VA,Size L,10.41,2,UPS® Ground
Newark,Grand Junction,CO,Size L,18.12,4,UPS® Ground
Newark,Highlands Ranch,CO,Size L,17.1,3,UPS® Ground
Newark,Joliet,IL,Size L,14.74,2,UPS® Ground
Newark,Kerrville,TX,Size L,17.1,3,UPS® Ground
Newark,Longmont,CO,Size L,17.1,3,UPS® Ground
Newark,Minneapolis,MN,Size L,14.74,3,UPS® Ground
Newark,Naperville,IL,Size L,14.74,2,UPS® Ground
Newark,Neosho,MO,Size L,16.04,3,UPS® Ground
Newark,Puyallup,WA,Size L,18.12,5,UPS® Ground
Newark,Queen Creek,AZ,Size L,18.12,3,UPS® Ground
Newark,Saline,MI,Size L,11.36,2,UPS® Ground
Newark,Sevierville,TN,Size L,14.74,2,UPS® Ground
Newark,Sterling Heights,MI,Size L,11.36,2,UPS® Ground
Newark,Thornton,CO,Size L,17.1,3,UPS® Ground
Newark,Ventura,CA,Size L,18.12,4,UPS® Ground
Newark,Wilmington,MA,Size L,10.41,1,UPS® Ground
Newark,Clermont,FL,Size L,14.74,3,UPS® Ground
Newark,Abilene,TX,Size L,17.1,3,UPS® Ground
Newark,Brick,NJ,Size L,9.41,1,UPS® Ground
Newark,Bentonville,AR,Size L,16.04,3,UPS® Ground
Newark,Bogart,GA,Size L,14.74,2,UPS® Ground
Newark,Boston,MA,Size L,10.41,1,UPS® Ground
Newark,Buffalo,NY,Size L,10.41,2,UPS® Ground
Newark,Cary,NC,Size L,11.36,2,UPS® Ground
Newark,Dallas,GA,Size L,14.74,2,UPS® Ground
Newark,Doylestown,PA,Size L,9.41,1,UPS® Ground
Newark,Eugene,OR,Size L,18.12,5,UPS® Ground
Newark,Edmond,OK,Size L,16.04,3,UPS® Ground
Newark,Forney,TX,Size L,16.04,3,UPS® Ground
Newark,Fuquay Varina,NC,Size L,11.36,2,UPS® Ground
Newark,Glendora,CA,Size L,18.12,4,UPS® Ground
Newark,Henrico,VA,Size L,10.41,2,UPS® Ground
Newark,Hockessin,DE,Size L,10.41,1,UPS® Ground
Newark,Holly Springs,NC,Size L,11.36,2,UPS® Ground
Newark,Irvine,CA,Size L,18.12,4,UPS® Ground
Newark,Lakeland,FL,Size L,14.74,3,UPS® Ground
Newark,Lawrence,KS,Size L,16.04,3,UPS® Ground
Newark,League City,TX,Size L,16.04,3,UPS® Ground
Newark,Mansfield,TX,Size L,17.1,3,UPS® Ground
Newark,Madison,WI,Size L,14.74,3,UPS® Ground
Newark,McKinney,TX,Size L,16.04,3,UPS® Ground
Newark,Mentor,OH,Size L,11.36,2,UPS® Ground
Newark,Mount Airy,MD,Size L,10.41,1,UPS® Ground
Newark,Norfolk,VA,Size L,10.41,2,UPS® Ground
Newark,Nampa,ID,Size L,18.12,4,UPS® Ground
Newark,Noblesville,IN,Size L,14.74,2,UPS® Ground
Newark,Orland Park,IL,Size L,14.74,2,UPS® Ground
Newark,Palm Harbor,FL,Size L,14.74,3,UPS® Ground
Newark,Petaluma,CA,Size L,18.12,4,UPS® Ground
Newark,Placentia,CA,Size L,18.12,4,UPS® Ground
Newark,Prescott,AZ,Size L,18.12,3,UPS® Ground
Newark,Richardson,TX,Size L,16.04,3,UPS® Ground
Newark,Roanoke,VA,Size L,11.36,2,UPS® Ground
Newark,Richmond,TX,Size L,16.04,3,UPS® Ground
Newark,Sanford,ME,Size L,11.36,2,UPS® Ground
Newark,Seminole,FL,Size L,16.04,3,UPS® Ground
Newark,Sheridan,WY,Size L,17.1,4,UPS® Ground
Newark,Sparks,NV,Size L,18.12,3,UPS® Ground
Newark,Traverse City,MI,Size L,14.74,2,UPS® Ground
Newark,Tulsa,OK,Size L,16.04,2,UPS® Ground
Newark,Wake Forest,NC,Size L,11.36,2,UPS® Ground
Newark,Waterloo,SC,Size L,14.74,2,UPS® Ground
Newark,Waukesha,WI,Size L,14.74,3,UPS® Ground
Newark,Wichita,KS,Size L,16.04,3,UPS® Ground
Newark,Winnsboro,TX,Size L,16.04,3,UPS® Ground
Newark,Woodbury,MN,Size L,14.74,3,UPS® Ground
Newark,Cumming,GA,Size L,14.74,2,UPS® Ground
Newark,Muskegon,MI,Size L,14.74,2,UPS® Ground
Newark,Akron,OH,Size L,11.36,2,UPS® Ground
Newark,Albany,OR,Size L,18.12,5,UPS® Ground
Newark,Alpharetta,GA,Size L,14.74,2,UPS® Ground
Newark,Asheville,NC,Size L,14.74,2,UPS® Ground
Newark,Bixby,OK,Size L,16.04,2,UPS® Ground
Newark,Boulder,CO,Size L,17.1,3,UPS® Ground
Newark,Bethlehem,PA,Size L,9.41,1,UPS® Ground
Newark,Brenham,TX,Size L,16.04,3,UPS® Ground
Newark,Broken Bow,OK,Size L,16.04,3,UPS® Ground
Newark,Cape Coral,FL,Size L,16.04,3,UPS® Ground
Newark,Chula Vista,CA,Size L,18.12,4,UPS® Ground
Newark,Crawfordville,FL,Size L,14.74,3,UPS® Ground
Newark,Cypress,TX,Size L,16.04,3,UPS® Ground
Newark,Clearwater,FL,Size L,16.04,3,UPS® Ground
Newark,Columbiana,AL,Size L,14.74,3,UPS® Ground
Newark,Columbus,GA,Size L,14.74,2,UPS® Ground
Newark,Commack,NY,Size L,10.41,1,UPS® Ground
Newark,Dublin,CA,Size L,18.12,4,UPS® Ground
Newark,Decatur,GA,Size L,14.74,2,UPS® Ground
Newark,Deltona,FL,Size L,14.74,3,UPS® Ground
Newark,Derry,NH,Size L,10.41,2,UPS® Ground
Newark,Douglassville,PA,Size L,9.41,1,UPS® Ground
Newark,Easton,PA,Size L,9.41,1,UPS® Ground
Newark,El Paso,TX,Size L,18.12,3,UPS® Ground
Newark,Escondido,CA,Size L,18.12,4,UPS® Ground
Newark,Fairport,NY,Size L,10.41,2,UPS® Ground
Newark,Flemington,NJ,Size L,9.41,1,UPS® Ground
Newark,Florence,SC,Size L,14.74,2,UPS® Ground
Newark,Fort Lauderdale,FL,Size L,16.04,3,UPS® Ground
Newark,Frisco,TX,Size L,16.04,3,UPS® Ground
Newark,Goodyear,AZ,Size L,18.12,3,UPS® Ground
Newark,Gays Mills,WI,Size L,14.74,4,UPS® Ground
Newark,Grafton,WI,Size L,14.74,3,UPS® Ground
Newark,Green Cove Springs,FL,Size L,14.74,3,UPS® Ground
Newark,Greensburg,PA,Size L,10.41,2,UPS® Ground
Newark,Honolulu,HI,Size L,46.14,5,UPS® Ground
Newark,Humble,TX,Size L,16.04,3,UPS® Ground
Newark,Huntington,NY,Size L,10.41,1,UPS® Ground
Newark,Idaho Falls,ID,Size L,18.12,4,UPS® Ground
Newark,Jackson,TN,Size L,14.74,2,UPS® Ground
Newark,Jacksonville,NC,Size L,14.74,2,UPS® Ground
Newark,Jenkintown,PA,Size L,9.41,1,UPS® Ground
Newark,Johnson City,TN,Size L,11.36,2,UPS® Ground
Newark,Kingwood,TX,Size L,16.04,3,UPS® Ground
Newark,Lansing,MI,Size L,11.36,2,UPS® Ground
Newark,Lapeer,MI,Size L,11.36,2,UPS® Ground
Newark,Lawrenceville,GA,Size L,14.74,2,UPS® Ground
Newark,Lexington,NC,Size L,14.74,2,UPS® Ground
Newark,Lubbock,TX,Size L,17.1,3,UPS® Ground
Newark,Medina,OH,Size L,11.36,2,UPS® Ground
Newark,Macomb,MI,Size L,11.36,2,UPS® Ground
Newark,Magnolia,TX,Size L,16.04,3,UPS® Ground
Newark,Martinsburg,WV,Size L,10.41,1,UPS® Ground
Newark,Meridian,ID,Size L,18.12,4,UPS® Ground
Newark,Mobile,AL,Size L,16.04,3,UPS® Ground
Newark,Morrison,CO,Size L,17.1,3,UPS® Ground
Newark,Napa,CA,Size L,18.12,4,UPS® Ground
Newark,New Braunfels,TX,Size L,17.1,3,UPS® Ground
Newark,New Lenox,IL,Size L,14.74,2,UPS® Ground
Newark,New Orleans,LA,Size L,16.04,3,UPS® Ground
Newark,Newark,DE,Size L,10.41,1,UPS® Ground
Newark,Oakland,CA,Size L,18.12,4,UPS® Ground
Newark,Owasso,OK,Size L,16.04,2,UPS® Ground
Newark,Overland Park,KS,Size L,16.04,3,UPS® Ground
Newark,Panama City,FL,Size L,14.74,3,UPS® Ground
Newark,Panama City Beach,FL,Size L,14.74,3,UPS® Ground
Newark,Patchogue,NY,Size L,10.41,1,UPS® Ground
Newark,Port Clinton,OH,Size L,11.36,2,UPS® Ground
Newark,Paducah,KY,Size L,14.74,3,UPS® Ground
Newark,Palmetto,FL,Size L,16.04,3,UPS® Ground
Newark,Pearland,TX,Size L,16.04,3,UPS® Ground
Newark,Pella,IA,Size L,14.74,3,UPS® Ground
Newark,Pittsford,NY,Size L,10.41,2,UPS® Ground
Newark,Port Orange,FL,Size L,14.74,3,UPS® Ground
Newark,Ravenna,OH,Size L,11.36,2,UPS® Ground
Newark,Roaming Shores,OH,Size L,11.36,2,UPS® Ground
Newark,Richmond Hill,GA,Size L,14.74,3,UPS® Ground
Newark,Riverview,FL,Size L,14.74,3,UPS® Ground
Newark,Rochester,MN,Size L,14.74,3,UPS® Ground
Newark,Round Rock,TX,Size L,17.1,3,UPS® Ground
Newark,Saint Petersburg,FL,Size L,16.04,3,UPS® Ground
Newark,San Leandro,CA,Size L,18.12,4,UPS® Ground
Newark,Southington,CT,Size L,9.41,1,UPS® Ground
Newark,Spartanburg,SC,Size L,14.74,2,UPS® Ground
Newark,Surprise,AZ,Size L,18.12,3,UPS® Ground
Newark,Santa Barbara,CA,Size L,18.12,4,UPS® Ground
Newark,Shelton,CT,Size L,9.41,1,UPS® Ground
Newark,Spring Branch,TX,Size L,17.1,3,UPS® Ground
Newark,St. Louis,MO,Size L,14.74,2,UPS® Ground
Newark,Stroudsburg,PA,Size L,9.41,1,UPS® Ground
Newark,Sunapee,NH,Size L,10.41,1,UPS® Ground
Newark,Swedesboro,NJ,Size L,9.41,1,UPS® Ground
Newark,Syracuse,NY,Size L,10.41,1,UPS® Ground
Newark,Tomball,TX,Size L,16.04,3,UPS® Ground
Newark,Topeka,KS,Size L,16.04,3,UPS® Ground
Newark,Tuscaloosa,AL,Size L,14.74,3,UPS® Ground
Newark,Terre Haute,IN,Size L,14.74,2,UPS® Ground
Newark,Tinley Park,IL,Size L,14.74,2,UPS® Ground
Newark,Toms River,NJ,Size L,9.41,1,UPS® Ground
Newark,Tulare,CA,Size L,18.12,4,UPS® Ground
Newark,Vienna,VA,Size L,10.41,2,UPS® Ground
Newark,Walnut Creek,CA,Size L,18.12,4,UPS® Ground
Newark,Wayne,NJ,Size L,9.41,1,UPS® Ground
Newark,Waynesboro,VA,Size L,11.36,2,UPS® Ground
Newark,West Sacramento,CA,Size L,18.12,4,UPS® Ground
Newark,Yuba City,CA,Size L,18.12,4,UPS® Ground
Newark,Zachary,LA,Size L,16.04,3,UPS® Ground
Newark,Buford,GA,Size L,14.74,2,UPS® Ground
Newark,Modesto,CA,Size L,18.12,4,UPS® Ground
Newark,Winter Park,FL,Size L,14.74,3,UPS® Ground
Newark,Antioch,IL,Size L,14.74,2,UPS® Ground
Newark,Algonquin,IL,Size L,14.74,2,UPS® Ground
Newark,Allen,TX,Size L,16.04,3,UPS® Ground
Newark,Ames,IA,Size L,14.74,3,UPS® Ground
Newark,Anaheim,CA,Size L,18.12,4,UPS® Ground
Newark,Aptos,CA,Size L,18.12,4,UPS® Ground
Newark,Astoria,NY,Size L,9.41,1,UPS® Ground
Newark,Bloomington,IN,Size L,14.74,2,UPS® Ground
Newark,Bremerton,WA,Size L,18.12,5,UPS® Ground
Newark,Brunswick,OH,Size L,11.36,2,UPS® Ground
Newark,Burke,VA,Size L,10.41,2,UPS® Ground
Newark,Bedford,IN,Size L,14.74,2,UPS® Ground
Newark,Benton,LA,Size L,16.04,3,UPS® Ground
Newark,Billings,MT,Size L,17.1,5,UPS® Ground
Newark,Birdsboro,PA,Size L,9.41,1,UPS® Ground
Newark,Bothell,WA,Size L,18.12,5,UPS® Ground
Newark,Bowie,MD,Size L,10.41,1,UPS® Ground
Newark,Brentwood,TN,Size L,14.74,2,UPS® Ground
Newark,Bronx,NY,Size L,9.41,1,UPS® Ground
Newark,Brookfield,WI,Size L,14.74,3,UPS® Ground
Newark,Canton,OH,Size L,11.36,2,UPS® Ground
Newark,Celina,TX,Size L,16.04,3,UPS® Ground
Newark,Chapel Hill,NC,Size L,11.36,2,UPS® Ground
Newark,Claremore,OK,Size L,16.04,2,UPS® Ground
Newark,Clovis,CA,Size L,18.12,4,UPS® Ground
Newark,Cocoa,FL,Size L,14.74,3,UPS® Ground
Newark,Callahan,FL,Size L,14.74,3,UPS® Ground
Newark,Carmel,IN,Size L,14.74,2,UPS® Ground
Newark,Cedar Park,TX,Size L,17.1,3,UPS® Ground
Newark,Centennial,CO,Size L,17.1,3,UPS® Ground
Newark,Centerville,MA,Size L,10.41,2,UPS® Ground
Newark,Charleston,SC,Size L,14.74,2,UPS® Ground
Newark,Charlottesville,VA,Size L,11.36,2,UPS® Ground
Newark,Clarkesville,GA,Size L,14.74,2,UPS® Ground
Newark,Clayton,NC,Size L,11.36,2,UPS® Ground
Newark,Clifton,NJ,Size L,9.41,1,UPS® Ground
Newark,Collinsville,OK,Size L,16.04,2,UPS® Ground
Newark,Columbia,TN,Size L,14.74,2,UPS® Ground
Newark,Concord,NC,Size L,11.36,2,UPS® Ground
Newark,Cookeville,TN,Size L,14.74,2,UPS® Ground
Newark,Corpus Christi,TX,Size L,17.1,3,UPS® Ground
Newark,Corrales,NM,Size L,17.1,3,UPS® Ground
Newark,Corydon,IN,Size L,14.74,2,UPS® Ground
Newark,Cranston,RI,Size L,10.41,1,UPS® Ground
Newark,Dekalb,IL,Size L,14.74,2,UPS® Ground
Newark,Delaware,OH,Size L,11.36,2,UPS® Ground
Newark,Delmar,NY,Size L,10.41,1,UPS® Ground
Newark,Des Moines,IA,Size L,14.74,3,UPS® Ground
Newark,Dickson,TN,Size L,14.74,2,UPS® Ground
Newark,Downers Grove,IL,Size L,14.74,2,UPS® Ground
Newark,Dripping Springs,TX,Size L,17.1,3,UPS® Ground
Newark,Eustis,FL,Size L,14.74,3,UPS® Ground
Newark,East Hampton,NY,Size L,9.41,1,UPS® Ground
Newark,Fenton,MO,Size L,14.74,2,UPS® Ground
Newark,Fayetteville,AR,Size L,16.04,3,UPS® Ground
Newark,Flower Mound,TX,Size L,16.04,3,UPS® Ground
Newark,Franklin,OH,Size L,14.74,2,UPS® Ground
Newark,Friendswood,TX,Size L,16.04,3,UPS® Ground
Newark,Gainesville,FL,Size L,14.74,3,UPS® Ground
Newark,Gainesville,GA,Size L,14.74,2,UPS® Ground
Newark,Glendale,CA,Size L,18.12,4,UPS® Ground
Newark,Greenville,SC,Size L,14.74,2,UPS® Ground
Newark,Greenville,MI,Size L,11.36,2,UPS® Ground
Newark,Gaithersburg,MD,Size L,10.41,1,UPS® Ground
Newark,Garner,NC,Size L,11.36,2,UPS® Ground
Newark,Gastonia,NC,Size L,11.36,2,UPS® Ground
Newark,Granada Hills,CA,Size L,18.12,4,UPS® Ground
Newark,Granbury,TX,Size L,17.1,3,UPS® Ground
Newark,Griffin,GA,Size L,14.74,2,UPS® Ground
Newark,Harpers Ferry,WV,Size L,10.41,2,UPS® Ground
Newark,Haverhill,MA,Size L,10.41,1,UPS® Ground
Newark,Hayward,CA,Size L,18.12,4,UPS® Ground
Newark,Herriman,UT,Size L,18.12,3,UPS® Ground
Newark,Hillsboro,OR,Size L,18.12,5,UPS® Ground
Newark,Hoboken,NJ,Size L,9.41,1,UPS® Ground
Newark,Huntley,IL,Size L,14.74,2,UPS® Ground
Newark,Hagerstown,MD,Size L,10.41,1,UPS® Ground
Newark,Hamilton,OH,Size L,14.74,2,UPS® Ground
Newark,Harrisburg,PA,Size L,10.41,1,UPS® Ground
Newark,Hendersonville,NC,Size L,14.74,2,UPS® Ground
Newark,Hendersonville,TN,Size L,14.74,2,UPS® Ground
Newark,Holland,MI,Size L,14.74,2,UPS® Ground
Newark,Indian Trail,NC,Size L,11.36,2,UPS® Ground
Newark,Jersey City,NJ,Size L,9.41,1,UPS® Ground
Newark,Johnstown,PA,Size L,10.41,2,UPS® Ground
Newark,Kalamazoo,MI,Size L,14.74,2,UPS® Ground
Newark,Keatchie,LA,Size L,16.04,3,UPS® Ground
Newark,Kennewick,WA,Size L,18.12,5,UPS® Ground
Newark,Kingsport,TN,Size L,11.36,2,UPS® Ground
Newark,Lake Elsinore,CA,Size L,18.12,4,UPS® Ground
Newark,Lebanon,OH,Size L,14.74,2,UPS® Ground
Newark,Little Rock,AR,Size L,14.74,3,UPS® Ground
Newark,Livonia,MI,Size L,11.36,2,UPS® Ground
Newark,Los Alamos,NM,Size L,17.1,3,UPS® Ground
Newark,Loveland,CO,Size L,17.1,3,UPS® Ground
Newark,La Mesa,CA,Size L,18.12,4,UPS® Ground
Newark,La Quinta,CA,Size L,18.12,4,UPS® Ground
Newark,Lake Oswego,OR,Size L,18.12,4,UPS® Ground
Newark,Lake Saint Louis,MO,Size L,14.74,2,UPS® Ground
Newark,Lake in the Hills,IL,Size L,14.74,2,UPS® Ground
Newark,Lakeway,TX,Size L,17.1,3,UPS® Ground
Newark,Lancaster,NY,Size L,10.41,2,UPS® Ground
Newark,Leander,TX,Size L,17.1,3,UPS® Ground
Newark,Lees Summit,MO,Size L,16.04,3,UPS® Ground
Newark,Lenoir,NC,Size L,14.74,2,UPS® Ground
Newark,Lewis Center,OH,Size L,11.36,2,UPS® Ground
Newark,Lexington,IN,Size L,14.74,2,UPS® Ground
Newark,Lodi,CA,Size L,18.12,4,UPS® Ground
Newark,Lynden,WA,Size L,18.12,5,UPS® Ground
Newark,Methuen,MA,Size L,10.41,1,UPS® Ground
Newark,Milford,CT,Size L,9.41,1,UPS® Ground
Newark,Mineola,TX,Size L,16.04,3,UPS® Ground
Newark,Missoula,MT,Size L,18.12,4,UPS® Ground
Newark,Mansfield,OH,Size L,11.36,2,UPS® Ground
Newark,McDonough,GA,Size L,14.74,2,UPS® Ground
Newark,Merritt Island,FL,Size L,14.74,3,UPS® Ground
Newark,Midlothian,VA,Size L,10.41,2,UPS® Ground
Newark,Millington,TN,Size L,14.74,2,UPS® Ground
Newark,Milton,FL,Size L,14.74,3,UPS® Ground
Newark,Moab,UT,Size L,18.12,4,UPS® Ground
Newark,Monroe,NC,Size L,11.36,2,UPS® Ground
Newark,Mooresville,IN,Size L,14.74,2,UPS® Ground
Newark,Morganton,NC,Size L,14.74,2,UPS® Ground
Newark,Murfreesboro,TN,Size L,14.74,2,UPS® Ground
Newark,Newburgh,NY,Size L,10.41,1,UPS® Ground
Newark,Navarre,FL,Size L,14.74,3,UPS® Ground
Newark,New Market,AL,Size L,14.74,3,UPS® Ground
Newark,Newnan,GA,Size L,14.74,2,UPS® Ground
Newark,Norman,OK,Size L,16.04,3,UPS® Ground
Newark,Novi,MI,Size L,11.36,2,UPS® Ground
Newark,Ormond Beach,FL,Size L,14.74,3,UPS® Ground
Newark,Owensboro,KY,Size L,14.74,2,UPS® Ground
Newark,Oconto,WI,Size L,14.74,3,UPS® Ground
Newark,Old Bridge,NJ,Size L,9.41,1,UPS® Ground
Newark,Olympia,WA,Size L,18.12,5,UPS® Ground
Newark,Oregon City,OR,Size L,18.12,4,UPS® Ground
Newark,Oxford,MI,Size L,11.36,2,UPS® Ground
Newark,Peachtree City,GA,Size L,14.74,2,UPS® Ground
Newark,Pleasanton,CA,Size L,18.12,4,UPS® Ground
Newark,Poughkeepsie,NY,Size L,9.41,1,UPS® Ground
Newark,Pagosa Springs,CO,Size L,17.1,4,UPS® Ground
Newark,Pasadena,CA,Size L,18.12,4,UPS® Ground
Newark,Pasadena,TX,Size L,16.04,3,UPS® Ground
Newark,Pasco,WA,Size L,18.12,5,UPS® Ground
Newark,Pawtucket,RI,Size L,10.41,1,UPS® Ground
Newark,Pembroke,MA,Size L,10.41,1,UPS® Ground
Newark,Perrysburg,OH,Size L,11.36,2,UPS® Ground
Newark,Plant City,FL,Size L,14.74,3,UPS® Ground
Newark,Port Orchard,WA,Size L,18.12,5,UPS® Ground
Newark,Prescott Valley,AZ,Size L,18.12,3,UPS® Ground
Newark,Princeton,NJ,Size L,9.41,1,UPS® Ground
Newark,Quincy,MA,Size L,10.41,1,UPS® Ground
Newark,Redwood City,CA,Size L,18.12,4,UPS® Ground
Newark,Rohnert Park,CA,Size L,18.12,4,UPS® Ground
Newark,Rigby,ID,Size L,18.12,6,UPS® Ground
Newark,Ripon,WI,Size L,14.74,3,UPS® Ground
Newark,Rogers,AR,Size L,16.04,3,UPS® Ground
Newark,Rowlett,TX,Size L,16.04,3,UPS® Ground
Newark,Rydal,PA,Size L,9.41,1,UPS® Ground
Newark,Shepherdsville,KY,Size L,14.74,2,UPS® Ground
Newark,Shreveport,LA,Size L,16.04,3,UPS® Ground
Newark,Stamford,CT,Size L,9.41,1,UPS® Ground
Newark,Salt Lake City,UT,Size L,18.12,3,UPS® Ground
Newark,Sanford,NC,Size L,11.36,2,UPS® Ground
Newark,Santa Ana,CA,Size L,18.12,4,UPS® Ground
Newark,Santa Cruz,CA,Size L,18.12,4,UPS® Ground
Newark,Santa Fe,NM,Size L,17.1,3,UPS® Ground
Newark,Sarver,PA,Size L,10.41,2,UPS® Ground
Newark,Schenectady,NY,Size L,9.41,1,UPS® Ground
Newark,Sierra Vista,AZ,Size L,18.12,3,UPS® Ground
Newark,Silver Spring,MD,Size L,10.41,1,UPS® Ground
Newark,South Jordan,UT,Size L,18.12,3,UPS® Ground
Newark,Springfield,MO,Size L,16.04,3,UPS® Ground
Newark,Summerville,SC,Size L,14.74,2,UPS® Ground
Newark,Sumter,SC,Size L,11.36,2,UPS® Ground
Newark,Sun City,AZ,Size L,18.12,3,UPS® Ground
Newark,Syosset,NY,Size L,10.41,1,UPS® Ground
Newark,Taunton,MA,Size L,10.41,1,UPS® Ground
Newark,Texarkana,TX,Size L,16.04,3,UPS® Ground
Newark,Toledo,OH,Size L,11.36,2,UPS® Ground
Newark,Urbana,OH,Size L,11.36,2,UPS® Ground
Newark,Valparaiso,IN,Size L,11.36,2,UPS® Ground
Newark,Waco,TX,Size L,16.04,3,UPS® Ground
Newark,West Lafayette,IN,Size L,14.74,2,UPS® Ground
Newark,Winter Garden,FL,Size L,14.74,3,UPS® Ground
Newark,Winter Haven,FL,Size L,14.74,3,UPS® Ground
Newark,Wylie,TX,Size L,16.04,3,UPS® Ground
Newark,Waldorf,MD,Size L,10.41,1,UPS® Ground
Newark,Wesley Chapel,FL,Size L,14.74,3,UPS® Ground
Newark,West Palm Beach,FL,Size L,16.04,3,UPS® Ground
Newark,Williamsburg,VA,Size L,10.41,2,UPS® Ground
Newark,Woodbridge,VA,Size L,10.41,2,UPS® Ground
Newark,Woodside,CA,Size L,18.12,4,UPS® Ground
Newark,Yorba Linda,CA,Size L,18.12,4,UPS® Ground
Newark,Queens Village,NY,Size L,9.41,1,UPS® Ground
Scranton,Brooklyn,NY,Size L,9.41,1,UPS® Ground
Scranton,Phoenix,AZ,Size L,18.12,3,UPS® Ground
Scranton,Houston,TX,Size L,14.74,3,UPS® Ground
Scranton,San Antonio,TX,Size L,17.1,3,UPS® Ground
Scranton,Jacksonville,FL,Size L,14.74,3,UPS® Ground
Scranton,Chicago,IL,Size L,14.74,2,UPS® Ground
Scranton,Dallas,TX,Size L,16.04,3,UPS® Ground
Scranton,Wilmington,DE,Size L,9.41,1,UPS® Ground
Scranton,Austin,TX,Size L,17.1,3,UPS® Ground
Scranton,Canton,OH,Size L,10.41,2,UPS® Ground
Scranton,Charlotte,NC,Size L,11.36,2,UPS® Ground
Scranton,New York,NY,Size L,9.41,1,UPS® Ground
Scranton,Atlanta,GA,Size L,14.74,2,UPS® Ground
Scranton,Franklin,TN,Size L,14.74,2,UPS® Ground
Scranton,Lexington,KY,Size L,14.74,2,UPS® Ground
Scranton,Orlando,FL,Size L,14.74,3,UPS® Ground
Scranton,Rochester,NY,Size L,10.41,2,UPS® Ground
Scranton,Las Vegas,NV,Size L,18.12,3,UPS® Ground
Scranton,Louisville,KY,Size L,11.36,2,UPS® Ground
Scranton,Marietta,GA,Size L,14.74,2,UPS® Ground
Scranton,Colorado Springs,CO,Size L,17.1,3,UPS® Ground
Scranton,Columbus,OH,Size L,11.36,2,UPS® Ground
Scranton,Marble Falls,TX,Size L,17.1,3,UPS® Ground
Scranton,Tampa,FL,Size L,14.74,3,UPS® Ground
Scranton,San Diego,CA,Size L,18.12,4,UPS® Ground
Scranton,Columbia,SC,Size L,11.36,2,UPS® Ground
Scranton,Greenville,SC,Size L,11.36,2,UPS® Ground
Scranton,Lebanon,TN,Size L,14.74,2,UPS® Ground
Scranton,Salem,OR,Size L,18.12,5,UPS® Ground
Scranton,Cleveland,OH,Size L,11.36,2,UPS® Ground
Scranton,Denver,CO,Size L,17.1,3,UPS® Ground
Scranton,Omaha,NE,Size L,16.04,2,UPS® Ground
Scranton,Portland,OR,Size L,18.12,5,UPS® Ground
Scranton,Raleigh,NC,Size L,11.36,2,UPS® Ground
Scranton,Richmond,VA,Size L,10.41,2,UPS® Ground
Scranton,Jackson,MS,Size L,14.74,2,UPS® Ground
Scranton,Albany,NY,Size L,9.41,1,UPS® Ground
Scranton,Fort Worth,TX,Size L,17.1,3,UPS® Ground
Scranton,Oklahoma City,OK,Size L,16.04,3,UPS® Ground
Scranton,Chesapeake,VA,Size L,10.41,2,UPS® Ground
Scranton,Miami,FL,Size L,16.04,3,UPS® Ground
Scranton,Milford,CT,Size L,10.41,1,UPS® Ground
Scranton,Pittsburgh,PA,Size L,10.41,2,UPS® Ground
Scranton,San Francisco,CA,Size L,18.12,4,UPS® Ground
Scranton,San Jose,CA,Size L,18.12,4,UPS® Ground
Scranton,Tucson,AZ,Size L,18.12,3,UPS® Ground
Scranton,Virginia Beach,VA,Size L,10.41,2,UPS® Ground
Scranton,Albuquerque,NM,Size L,17.1,4,UPS® Ground
Scranton,Gilbert,AZ,Size L,18.12,3,UPS® Ground
Scranton,Springfield,IL,Size L,14.74,2,UPS® Ground
Scranton,Alexandria,VA,Size L,10.41,1,UPS® Ground
Scranton,Kansas City,MO,Size L,14.74,3,UPS® Ground
Scranton,Knoxville,TN,Size L,11.36,2,UPS® Ground
Scranton,Lakewood,CO,Size L,17.1,3,UPS® Ground
Scranton,Nashville,TN,Size L,14.74,2,UPS® Ground
Scranton,Saint Louis,MO,Size L,14.74,2,UPS® Ground
Scranton,Seattle,WA,Size L,18.12,5,UPS® Ground
Scranton,Arlington,TX,Size L,16.04,3,UPS® Ground
Scranton,Aurora,CO,Size L,17.1,3,UPS® Ground
Scranton,Boise,ID,Size L,18.12,3,UPS® Ground
Scranton,Indianapolis,IN,Size L,11.36,2,UPS® Ground
Scranton,Naples,CO,Size L,17.1,,UPS® Ground
Scranton,Reno,NV,Size L,18.12,3,UPS® Ground
Scranton,Riverside,CA,Size L,18.12,4,UPS® Ground
Scranton,Bismarck,ND,Size L,16.04,4,UPS® Ground
Scranton,Fresno,TX,Size L,16.04,3,UPS® Ground
Scranton,Lincoln,RI,Size L,10.41,2,UPS® Ground
Scranton,Los Angeles,CA,Size L,18.12,4,UPS® Ground
Scranton,Mansfield,MA,Size L,10.41,2,UPS® Ground
Scranton,Milwaukee,WI,Size L,14.74,2,UPS® Ground
Scranton,Madison,IN,Size L,11.36,2,UPS® Ground
Scranton,Mesa,AZ,Size L,18.12,3,UPS® Ground
Scranton,Monroe,NC,Size L,11.36,2,UPS® Ground
Scranton,Philadelphia,PA,Size L,9.41,1,UPS® Ground
Scranton,Staten Island,NY,Size L,9.41,1,UPS® Ground
Scranton,Washington,DC,Size L,10.41,1,UPS® Ground
Scranton,Baltimore,MD,Size L,10.41,1,UPS® Ground
Scranton,Decatur,IL,Size L,14.74,2,UPS® Ground
Scranton,Durham,NC,Size L,11.36,2,UPS® Ground
Scranton,Fayetteville,AR,Size L,16.04,3,UPS® Ground
Scranton,Glendale,AZ,Size L,18.12,3,UPS® Ground
Scranton,Midland,GA,Size L,14.74,2,UPS® Ground
Scranton,Scottsdale,AZ,Size L,18.12,3,UPS® Ground
Scranton,Woodstock,GA,Size L,14.74,2,UPS® Ground
Scranton,Chandler,AZ,Size L,18.12,3,UPS® Ground
Scranton,Cincinnati,OH,Size L,11.36,2,UPS® Ground
Scranton,Covington,LA,Size L,16.04,3,UPS® Ground
Scranton,Fort Myers,FL,Size L,16.04,3,UPS® Ground
Scranton,Greensboro,NC,Size L,11.36,2,UPS® Ground
Scranton,Henderson,TX,Size L,16.04,3,UPS® Ground
Scranton,Hamilton,MI,Size L,11.36,2,UPS® Ground
Scranton,Lewisburg,PA,Size L,9.41,1,UPS® Ground
Scranton,Littleton,CO,Size L,17.1,3,UPS® Ground
Scranton,Mount Pleasant,SC,Size L,14.74,2,UPS® Ground
Scranton,Pasadena,MD,Size L,9.41,1,UPS® Ground
Scranton,Plano,TX,Size L,17.1,3,UPS® Ground
Scranton,Sanford,NC,Size L,11.36,2,UPS® Ground
Scranton,Wayne,ME,Size L,11.36,2,UPS® Ground
Scranton,Ashland,PA,Size L,9.41,1,UPS® Ground
Scranton,Burlington,WI,Size L,14.74,2,UPS® Ground
Scranton,Centerville,IA,Size L,14.74,2,UPS® Ground
Scranton,Clayton,NC,Size L,11.36,2,UPS® Ground
Scranton,Encinitas,CA,Size L,18.12,4,UPS® Ground
Scranton,Fort Collins,CO,Size L,17.1,3,UPS® Ground
Scranton,Golden,CO,Size L,17.1,3,UPS® Ground
Scranton,Hudson,NC,Size L,11.36,2,UPS® Ground
Scranton,Katy,TX,Size L,16.04,3,UPS® Ground
Scranton,Lancaster,SC,Size L,11.36,2,UPS® Ground
Scranton,Newark,NJ,Size L,9.41,1,UPS® Ground
Scranton,Parker,CO,Size L,17.1,3,UPS® Ground
Scranton,Plymouth,MA,Size L,10.41,2,UPS® Ground
Scranton,Rancho Cucamonga,CA,Size L,18.12,4,UPS® Ground
Scranton,Rockville,MD,Size L,10.41,1,UPS® Ground
Scranton,Sacramento,CA,Size L,18.12,4,UPS® Ground
Scranton,Tallahassee,FL,Size L,14.74,3,UPS® Ground
Scranton,The Villages,FL,Size L,14.74,3,UPS® Ground
Scranton,Westfield,IN,Size L,11.36,2,UPS® Ground
Scranton,Waterloo,IA,Size L,14.74,2,UPS® Ground
Scranton,West Chester,PA,Size L,9.41,1,UPS® Ground
Scranton,Bend,OR,Size L,18.12,5,UPS® Ground
Scranton,Amarillo,TX,Size L,17.1,4,UPS® Ground
Scranton,Auburn,MA,Size L,10.41,2,UPS® Ground
Scranton,Bakersfield,CA,Size L,18.12,4,UPS® Ground
Scranton,Boca Raton,FL,Size L,16.04,3,UPS® Ground
Scranton,Benton,LA,Size L,16.04,3,UPS® Ground
Scranton,Bradenton,FL,Size L,14.74,3,UPS® Ground
Scranton,Dayton,OH,Size L,11.36,2,UPS® Ground
Scranton,Duluth,MN,Size L,14.74,2,UPS® Ground
Scranton,Englewood,CO,Size L,17.1,3,UPS® Ground
Scranton,Fort Wayne,IN,Size L,11.36,2,UPS® Ground
Scranton,Frederick,MD,Size L,10.41,1,UPS® Ground
Scranton,Fredericksburg,VA,Size L,10.41,2,UPS® Ground
Scranton,Gainesville,FL,Size L,14.74,3,UPS® Ground
Scranton,Grand Rapids,MI,Size L,11.36,2,UPS® Ground
Scranton,Green Bay,WI,Size L,14.74,2,UPS® Ground
Scranton,Morgantown,WV,Size L,10.41,2,UPS® Ground
Scranton,Pensacola,FL,Size L,14.74,2,UPS® Ground
Scranton,Princeton,MA,Size L,10.41,2,UPS® Ground
Scranton,Peoria,AZ,Size L,18.12,3,UPS® Ground
Scranton,Saint Paul,MN,Size L,14.74,2,UPS® Ground
Scranton,Savannah,GA,Size L,14.74,2,UPS® Ground
Scranton,Seaford,NY,Size L,9.41,1,UPS® Ground
Scranton,Seymour,IN,Size L,11.36,2,UPS® Ground
Scranton,Spokane,WA,Size L,18.12,5,UPS® Ground
Scranton,Windsor,CO,Size L,17.1,3,UPS® Ground
Scranton,Winston-Salem,NC,Size L,11.36,2,UPS® Ground
Scranton,Worcester,MA,Size L,10.41,2,UPS® Ground
Scranton,York,PA,Size L,9.41,1,UPS® Ground
Scranton,Antioch,TN,Size L,14.74,2,UPS® Ground
Scranton,Athens,GA,Size L,14.74,2,UPS® Ground
Scranton,Corona,CA,Size L,18.12,4,UPS® Ground
Scranton,Fairfield,CA,Size L,18.12,4,UPS® Ground
Scranton,Germantown,MD,Size L,10.41,1,UPS® Ground
Scranton,Hillsboro,OR,Size L,18.12,5,UPS® Ground
Scranton,Hope Mills,NC,Size L,11.36,2,UPS® Ground
Scranton,Hendersonville,NC,Size L,11.36,2,UPS® Ground
Scranton,Holly Springs,MS,Size L,14.74,3,UPS® Ground
Scranton,Homer,AK,Size L,46.14,4,UPS® Ground
Scranton,Laurel,MD,Size L,10.41,1,UPS® Ground
Scranton,Long Beach,CA,Size L,18.12,4,UPS® Ground
Scranton,Manteca,CA,Size L,18.12,4,UPS® Ground
Scranton,Maryville,TN,Size L,11.36,2,UPS® Ground
Scranton,Magnolia,MS,Size L,16.04,3,UPS® Ground
Scranton,Memphis,TN,Size L,14.74,2,UPS® Ground
Scranton,Milton,MA,Size L,10.41,2,UPS® Ground
Scranton,Montgomery,TX,Size L,16.04,3,UPS® Ground
Scranton,Myrtle Beach,SC,Size L,11.36,2,UPS® Ground
Scranton,New Market,AL,Size L,14.74,2,UPS® Ground
Scranton,Ocala,FL,Size L,14.74,3,UPS® Ground
Scranton,Olathe,KS,Size L,14.74,3,UPS® Ground
Scranton,Oxford,MI,Size L,11.36,2,UPS® Ground
Scranton,Palm Beach Gardens,FL,Size L,16.04,3,UPS® Ground
Scranton,Roseville,CA,Size L,18.12,4,UPS® Ground
Scranton,Roswell,GA,Size L,14.74,2,UPS® Ground
Scranton,Rockwall,TX,Size L,17.1,3,UPS® Ground
Scranton,Spring,TX,Size L,16.04,3,UPS® Ground
Scranton,Salisbury,MA,Size L,10.41,2,UPS® Ground
Scranton,Santa Rosa,CA,Size L,18.12,4,UPS® Ground
Scranton,Sarasota,FL,Size L,14.74,3,UPS® Ground
Scranton,Vancouver,WA,Size L,18.12,5,UPS® Ground
Scranton,Westminster,MD,Size L,9.41,1,UPS® Ground
Scranton,Canton,GA,Size L,14.74,2,UPS® Ground
Scranton,Columbia,MO,Size L,14.74,2,UPS® Ground
Scranton,Naples,FL,Size L,16.04,3,UPS® Ground
Scranton,Fresno,CA,Size L,18.12,4,UPS® Ground
Scranton,Cleveland,TN,Size L,14.74,2,UPS® Ground
Scranton,Henderson,NV,Size L,18.12,3,UPS® Ground
Scranton,Lincoln,NE,Size L,16.04,2,UPS® Ground
Scranton,Wilmington,NC,Size L,11.36,2,UPS® Ground
Scranton,Arvada,CO,Size L,17.1,3,UPS® Ground
Scranton,Anchorage,AK,Size L,46.14,4,UPS® Ground
Scranton,Birmingham,AL,Size L,14.74,2,UPS® Ground
Scranton,Bozeman,MT,Size L,18.12,3,UPS® Ground
Scranton,Conroe,TX,Size L,16.04,3,UPS® Ground
Scranton,Carmel Valley,CA,Size L,18.12,4,UPS® Ground
Scranton,Castle Rock,CO,Size L,17.1,3,UPS® Ground
Scranton,Cedar Rapids,IA,Size L,14.74,2,UPS® Ground
Scranton,Cooperstown,NY,Size L,9.41,1,UPS® Ground
Scranton,Deland,FL,Size L,14.74,3,UPS® Ground
Scranton,Fort Mill,SC,Size L,11.36,2,UPS® Ground
Scranton,Fargo,ND,Size L,16.04,2,UPS® Ground
Scranton,Glen Allen,VA,Size L,10.41,2,UPS® Ground
Scranton,Grand Junction,CO,Size L,17.1,4,UPS® Ground
Scranton,Highlands Ranch,CO,Size L,17.1,3,UPS® Ground
Scranton,Joliet,IL,Size L,14.74,2,UPS® Ground
Scranton,Kerrville,TX,Size L,17.1,4,UPS® Ground
Scranton,Longmont,CO,Size L,17.1,3,UPS® Ground
Scranton,Minneapolis,MN,Size L,14.74,2,UPS® Ground
Scranton,Naperville,IL,Size L,14.74,2,UPS® Ground
Scranton,Neosho,MO,Size L,16.04,3,UPS® Ground
Scranton,Puyallup,WA,Size L,18.12,5,UPS® Ground
Scranton,Queen Creek,AZ,Size L,18.12,3,UPS® Ground
Scranton,Saline,MI,Size L,11.36,2,UPS® Ground
Scranton,Sevierville,TN,Size L,11.36,2,UPS® Ground
Scranton,Sterling Heights,MI,Size L,11.36,2,UPS® Ground
Scranton,Thornton,CO,Size L,17.1,3,UPS® Ground
Scranton,Ventura,CA,Size L,18.12,4,UPS® Ground
Scranton,Wilmington,MA,Size L,10.41,2,UPS® Ground
Scranton,Clermont,FL,Size L,14.74,3,UPS® Ground
Scranton,Abilene,TX,Size L,17.1,3,UPS® Ground
Scranton,Brick,NJ,Size L,9.41,1,UPS® Ground
Scranton,Bentonville,AR,Size L,16.04,3,UPS® Ground
Scranton,Bogart,GA,Size L,14.74,2,UPS® Ground
Scranton,Boston,MA,Size L,10.41,2,UPS® Ground
Scranton,Buffalo,NY,Size L,10.41,1,UPS® Ground
Scranton,Cary,NC,Size L,11.36,2,UPS® Ground
Scranton,Dallas,GA,Size L,14.74,2,UPS® Ground
Scranton,Doylestown,PA,Size L,9.41,1,UPS® Ground
Scranton,Eugene,OR,Size L,18.12,5,UPS® Ground
Scranton,Edmond,OK,Size L,16.04,3,UPS® Ground
Scranton,Forney,TX,Size L,16.04,3,UPS® Ground
Scranton,Fuquay Varina,NC,Size L,11.36,2,UPS® Ground
Scranton,Glendora,CA,Size L,18.12,4,UPS® Ground
Scranton,Henrico,VA,Size L,10.41,2,UPS® Ground
Scranton,Hockessin,DE,Size L,9.41,1,UPS® Ground
Scranton,Holly Springs,NC,Size L,11.36,2,UPS® Ground
Scranton,Irvine,CA,Size L,18.12,4,UPS® Ground
Scranton,Lakeland,FL,Size L,14.74,3,UPS® Ground
Scranton,Lawrence,KS,Size L,14.74,3,UPS® Ground
Scranton,League City,TX,Size L,16.04,3,UPS® Ground
Scranton,Mansfield,TX,Size L,16.04,3,UPS® Ground
Scranton,Madison,WI,Size L,14.74,2,UPS® Ground
Scranton,McKinney,TX,Size L,17.1,3,UPS® Ground
Scranton,Mentor,OH,Size L,10.41,2,UPS® Ground
Scranton,Mount Airy,MD,Size L,10.41,1,UPS® Ground
Scranton,Norfolk,VA,Size L,10.41,2,UPS® Ground
Scranton,Nampa,ID,Size L,18.12,3,UPS® Ground
Scranton,Noblesville,IN,Size L,11.36,2,UPS® Ground
Scranton,Orland Park,IL,Size L,14.74,2,UPS® Ground
Scranton,Palm Harbor,FL,Size L,14.74,3,UPS® Ground
Scranton,Petaluma,CA,Size L,18.12,4,UPS® Ground
Scranton,Placentia,CA,Size L,18.12,4,UPS® Ground
Scranton,Prescott,AZ,Size L,18.12,3,UPS® Ground
Scranton,Richardson,TX,Size L,17.1,3,UPS® Ground
Scranton,Roanoke,VA,Size L,11.36,2,UPS® Ground
Scranton,Richmond,TX,Size L,16.04,3,UPS® Ground
Scranton,Sanford,ME,Size L,11.36,2,UPS® Ground
Scranton,Seminole,FL,Size L,14.74,3,UPS® Ground
Scranton,Sheridan,WY,Size L,17.1,4,UPS® Ground
Scranton,Sparks,NV,Size L,18.12,3,UPS® Ground
Scranton,Traverse City,MI,Size L,11.36,2,UPS® Ground
Scranton,Tulsa,OK,Size L,16.04,2,UPS® Ground
Scranton,Wake Forest,NC,Size L,11.36,2,UPS® Ground
Scranton,Waterloo,SC,Size L,11.36,2,UPS® Ground
Scranton,Waukesha,WI,Size L,14.74,2,UPS® Ground
Scranton,Wichita,KS,Size L,16.04,3,UPS® Ground
Scranton,Winnsboro,TX,Size L,16.04,3,UPS® Ground
Scranton,Woodbury,MN,Size L,14.74,2,UPS® Ground
Scranton,Cumming,GA,Size L,14.74,2,UPS® Ground
Scranton,Muskegon,MI,Size L,11.36,2,UPS® Ground
Scranton,Akron,OH,Size L,10.41,2,UPS® Ground
Scranton,Albany,OR,Size L,18.12,5,UPS® Ground
Scranton,Alpharetta,GA,Size L,14.74,2,UPS® Ground
Scranton,Asheville,NC,Size L,11.36,2,UPS® Ground
Scranton,Bixby,OK,Size L,16.04,2,UPS® Ground
Scranton,Boulder,CO,Size L,17.1,3,UPS® Ground
Scranton,Bethlehem,PA,Size L,9.41,1,UPS® Ground
Scranton,Brenham,TX,Size L,16.04,3,UPS® Ground
Scranton,Broken Bow,OK,Size L,16.04,3,UPS® Ground
Scranton,Cape Coral,FL,Size L,16.04,3,UPS® Ground
Scranton,Chula Vista,CA,Size L,18.12,4,UPS® Ground
Scranton,Crawfordville,FL,Size L,14.74,3,UPS® Ground
Scranton,Cypress,TX,Size L,16.04,3,UPS® Ground
Scranton,Clearwater,FL,Size L,14.74,3,UPS® Ground
Scranton,Columbiana,AL,Size L,14.74,2,UPS® Ground
Scranton,Columbus,GA,Size L,14.74,2,UPS® Ground
Scranton,Commack,NY,Size L,9.41,1,UPS® Ground
Scranton,Dublin,CA,Size L,18.12,4,UPS® Ground
Scranton,Decatur,GA,Size L,14.74,2,UPS® Ground
Scranton,Deltona,FL,Size L,14.74,3,UPS® Ground
Scranton,Derry,NH,Size L,10.41,2,UPS® Ground
Scranton,Douglassville,PA,Size L,9.41,1,UPS® Ground
Scranton,Easton,PA,Size L,9.41,1,UPS® Ground
Scranton,El Paso,TX,Size L,17.1,3,UPS® Ground
Scranton,Escondido,CA,Size L,18.12,4,UPS® Ground
Scranton,Fairport,NY,Size L,10.41,2,UPS® Ground
Scranton,Flemington,NJ,Size L,9.41,1,UPS® Ground
Scranton,Florence,SC,Size L,11.36,2,UPS® Ground
Scranton,Fort Lauderdale,FL,Size L,16.04,3,UPS® Ground
Scranton,Frisco,TX,Size L,17.1,3,UPS® Ground
Scranton,Goodyear,AZ,Size L,18.12,3,UPS® Ground
Scranton,Gays Mills,WI,Size L,14.74,3,UPS® Ground
Scranton,Grafton,WI,Size L,14.74,2,UPS® Ground
Scranton,Green Cove Springs,FL,Size L,14.74,3,UPS® Ground
Scranton,Greensburg,PA,Size L,10.41,2,UPS® Ground
Scranton,Honolulu,HI,Size L,46.14,5,UPS® Ground
Scranton,Humble,TX,Size L,16.04,3,UPS® Ground
Scranton,Huntington,NY,Size L,9.41,1,UPS® Ground
Scranton,Idaho Falls,ID,Size L,18.12,3,UPS® Ground
Scranton,Jackson,TN,Size L,14.74,2,UPS® Ground
Scranton,Jacksonville,NC,Size L,11.36,2,UPS® Ground
Scranton,Jenkintown,PA,Size L,9.41,1,UPS® Ground
Scranton,Johnson City,TN,Size L,11.36,2,UPS® Ground
Scranton,Kingwood,TX,Size L,16.04,3,UPS® Ground
Scranton,Lansing,MI,Size L,11.36,2,UPS® Ground
Scranton,Lapeer,MI,Size L,11.36,2,UPS® Ground
Scranton,Lawrenceville,GA,Size L,14.74,2,UPS® Ground
Scranton,Lexington,NC,Size L,11.36,2,UPS® Ground
Scranton,Lubbock,TX,Size L,17.1,3,UPS® Ground
Scranton,Medina,OH,Size L,10.41,2,UPS® Ground
Scranton,Macomb,MI,Size L,11.36,2,UPS® Ground
Scranton,Magnolia,TX,Size L,16.04,3,UPS® Ground
Scranton,Martinsburg,WV,Size L,10.41,1,UPS® Ground
Scranton,Meridian,ID,Size L,18.12,3,UPS® Ground
Scranton,Mobile,AL,Size L,14.74,2,UPS® Ground
Scranton,Morrison,CO,Size L,17.1,3,UPS® Ground
Scranton,Napa,CA,Size L,18.12,4,UPS® Ground
Scranton,New Braunfels,TX,Size L,17.1,3,UPS® Ground
Scranton,New Lenox,IL,Size L,14.74,2,UPS® Ground
Scranton,New Orleans,LA,Size L,16.04,3,UPS® Ground
Scranton,Newark,DE,Size L,9.41,1,UPS® Ground
Scranton,Oakland,CA,Size L,18.12,4,UPS® Ground
Scranton,Owasso,OK,Size L,16.04,2,UPS® Ground
Scranton,Overland Park,KS,Size L,14.74,3,UPS® Ground
Scranton,Panama City,FL,Size L,14.74,2,UPS® Ground
Scranton,Panama City Beach,FL,Size L,14.74,2,UPS® Ground
Scranton,Patchogue,NY,Size L,9.41,1,UPS® Ground
Scranton,Port Clinton,OH,Size L,11.36,2,UPS® Ground
Scranton,Paducah,KY,Size L,14.74,2,UPS® Ground
Scranton,Palmetto,FL,Size L,14.74,3,UPS® Ground
Scranton,Pearland,TX,Size L,16.04,3,UPS® Ground
Scranton,Pella,IA,Size L,14.74,2,UPS® Ground
Scranton,Pittsford,NY,Size L,9.41,2,UPS® Ground
Scranton,Port Orange,FL,Size L,14.74,3,UPS® Ground
Scranton,Ravenna,OH,Size L,10.41,2,UPS® Ground
Scranton,Roaming Shores,OH,Size L,10.41,2,UPS® Ground
Scranton,Richmond Hill,GA,Size L,14.74,2,UPS® Ground
Scranton,Riverview,FL,Size L,14.74,3,UPS® Ground
Scranton,Rochester,MN,Size L,14.74,2,UPS® Ground
Scranton,Round Rock,TX,Size L,17.1,3,UPS® Ground
Scranton,Saint Petersburg,FL,Size L,14.74,3,UPS® Ground
Scranton,San Leandro,CA,Size L,18.12,4,UPS® Ground
Scranton,Southington,CT,Size L,10.41,1,UPS® Ground
Scranton,Spartanburg,SC,Size L,11.36,2,UPS® Ground
Scranton,Surprise,AZ,Size L,18.12,3,UPS® Ground
Scranton,Santa Barbara,CA,Size L,18.12,4,UPS® Ground
Scranton,Shelton,CT,Size L,10.41,1,UPS® Ground
Scranton,Spring Branch,TX,Size L,17.1,3,UPS® Ground
Scranton,St. Louis,MO,Size L,14.74,2,UPS® Ground
Scranton,Stroudsburg,PA,Size L,9.41,1,UPS® Ground
Scranton,Sunapee,NH,Size L,10.41,2,UPS® Ground
Scranton,Swedesboro,NJ,Size L,9.41,1,UPS® Ground
Scranton,Syracuse,NY,Size L,9.41,1,UPS® Ground
Scranton,Tomball,TX,Size L,16.04,3,UPS® Ground
Scranton,Topeka,KS,Size L,16.04,3,UPS® Ground
Scranton,Tuscaloosa,AL,Size L,14.74,2,UPS® Ground
Scranton,Terre Haute,IN,Size L,14.74,2,UPS® Ground
Scranton,Tinley Park,IL,Size L,14.74,2,UPS® Ground
Scranton,Toms River,NJ,Size L,9.41,1,UPS® Ground
Scranton,Tulare,CA,Size L,18.12,4,UPS® Ground
Scranton,Vienna,VA,Size L,10.41,1,UPS® Ground
Scranton,Walnut Creek,CA,Size L,18.12,4,UPS® Ground
Scranton,Wayne,NJ,Size L,9.41,1,UPS® Ground
Scranton,Waynesboro,VA,Size L,10.41,2,UPS® Ground
Scranton,West Sacramento,CA,Size L,18.12,4,UPS® Ground
Scranton,Yuba City,CA,Size L,18.12,4,UPS® Ground
Scranton,Zachary,LA,Size L,16.04,3,UPS® Ground
Scranton,Buford,GA,Size L,14.74,2,UPS® Ground
Scranton,Modesto,CA,Size L,18.12,4,UPS® Ground
Scranton,Winter Park,FL,Size L,14.74,3,UPS® Ground
Scranton,Antioch,IL,Size L,14.74,2,UPS® Ground
Scranton,Algonquin,IL,Size L,14.74,2,UPS® Ground
Scranton,Allen,TX,Size L,17.1,3,UPS® Ground
Scranton,Ames,IA,Size L,14.74,2,UPS® Ground
Scranton,Anaheim,CA,Size L,18.12,4,UPS® Ground
Scranton,Aptos,CA,Size L,18.12,4,UPS® Ground
Scranton,Astoria,NY,Size L,9.41,1,UPS® Ground
Scranton,Bloomington,IN,Size L,11.36,2,UPS® Ground
Scranton,Bremerton,WA,Size L,18.12,5,UPS® Ground
Scranton,Brunswick,OH,Size L,10.41,2,UPS® Ground
Scranton,Burke,VA,Size L,10.41,1,UPS® Ground
Scranton,Bedford,IN,Size L,11.36,2,UPS® Ground
Scranton,Benton,LA,Size L,16.04,3,UPS® Ground
Scranton,Billings,MT,Size L,17.1,4,UPS® Ground
Scranton,Birdsboro,PA,Size L,9.41,1,UPS® Ground
Scranton,Bothell,WA,Size L,18.12,5,UPS® Ground
Scranton,Bowie,MD,Size L,10.41,1,UPS® Ground
Scranton,Brentwood,TN,Size L,14.74,2,UPS® Ground
Scranton,Bronx,NY,Size L,9.41,1,UPS® Ground
Scranton,Brookfield,WI,Size L,14.74,2,UPS® Ground
Scranton,Canton,OH,Size L,10.41,2,UPS® Ground
Scranton,Celina,TX,Size L,17.1,3,UPS® Ground
Scranton,Chapel Hill,NC,Size L,11.36,2,UPS® Ground
Scranton,Claremore,OK,Size L,16.04,2,UPS® Ground
Scranton,Clovis,CA,Size L,18.12,4,UPS® Ground
Scranton,Cocoa,FL,Size L,14.74,3,UPS® Ground
Scranton,Callahan,FL,Size L,14.74,3,UPS® Ground
Scranton,Carmel,IN,Size L,11.36,2,UPS® Ground
Scranton,Cedar Park,TX,Size L,17.1,3,UPS® Ground
Scranton,Centennial,CO,Size L,17.1,3,UPS® Ground
Scranton,Centerville,MA,Size L,10.41,2,UPS® Ground
Scranton,Charleston,SC,Size L,14.74,2,UPS® Ground
Scranton,Charlottesville,VA,Size L,10.41,2,UPS® Ground
Scranton,Clarkesville,GA,Size L,14.74,2,UPS® Ground
Scranton,Clayton,NC,Size L,11.36,2,UPS® Ground
Scranton,Clifton,NJ,Size L,9.41,1,UPS® Ground
Scranton,Collinsville,OK,Size L,16.04,2,UPS® Ground
Scranton,Columbia,TN,Size L,14.74,2,UPS® Ground
Scranton,Concord,NC,Size L,11.36,2,UPS® Ground
Scranton,Cookeville,TN,Size L,14.74,2,UPS® Ground
Scranton,Corpus Christi,TX,Size L,17.1,3,UPS® Ground
Scranton,Corrales,NM,Size L,17.1,4,UPS® Ground
Scranton,Corydon,IN,Size L,11.36,2,UPS® Ground
Scranton,Cranston,RI,Size L,10.41,2,UPS® Ground
Scranton,Dekalb,IL,Size L,14.74,2,UPS® Ground
Scranton,Delaware,OH,Size L,11.36,2,UPS® Ground
Scranton,Delmar,NY,Size L,9.41,1,UPS® Ground
Scranton,Des Moines,IA,Size L,14.74,2,UPS® Ground
Scranton,Dickson,TN,Size L,14.74,2,UPS® Ground
Scranton,Downers Grove,IL,Size L,14.74,2,UPS® Ground
Scranton,Dripping Springs,TX,Size L,17.1,3,UPS® Ground
Scranton,Eustis,FL,Size L,14.74,3,UPS® Ground
Scranton,East Hampton,NY,Size L,9.41,1,UPS® Ground
Scranton,Fenton,MO,Size L,14.74,2,UPS® Ground
Scranton,Fayetteville,AR,Size L,16.04,3,UPS® Ground
Scranton,Flower Mound,TX,Size L,17.1,3,UPS® Ground
Scranton,Franklin,OH,Size L,11.36,2,UPS® Ground
Scranton,Friendswood,TX,Size L,16.04,3,UPS® Ground
Scranton,Gainesville,FL,Size L,14.74,3,UPS® Ground
Scranton,Gainesville,GA,Size L,14.74,2,UPS® Ground
Scranton,Glendale,CA,Size L,18.12,4,UPS® Ground
Scranton,Greenville,SC,Size L,11.36,2,UPS® Ground
Scranton,Greenville,MI,Size L,11.36,2,UPS® Ground
Scranton,Gaithersburg,MD,Size L,10.41,1,UPS® Ground
Scranton,Garner,NC,Size L,11.36,2,UPS® Ground
Scranton,Gastonia,NC,Size L,11.36,2,UPS® Ground
Scranton,Granada Hills,CA,Size L,18.12,4,UPS® Ground
Scranton,Granbury,TX,Size L,16.04,3,UPS® Ground
Scranton,Griffin,GA,Size L,14.74,2,UPS® Ground
Scranton,Harpers Ferry,WV,Size L,10.41,1,UPS® Ground
Scranton,Haverhill,MA,Size L,10.41,2,UPS® Ground
Scranton,Hayward,CA,Size L,18.12,4,UPS® Ground
Scranton,Herriman,UT,Size L,18.12,3,UPS® Ground
Scranton,Hillsboro,OR,Size L,18.12,5,UPS® Ground
Scranton,Hoboken,NJ,Size L,9.41,1,UPS® Ground
Scranton,Huntley,IL,Size L,14.74,2,UPS® Ground
Scranton,Hagerstown,MD,Size L,10.41,1,UPS® Ground
Scranton,Hamilton,OH,Size L,11.36,2,UPS® Ground
Scranton,Harrisburg,PA,Size L,9.41,1,UPS® Ground
Scranton,Hendersonville,NC,Size L,11.36,2,UPS® Ground
Scranton,Hendersonville,TN,Size L,14.74,2,UPS® Ground
Scranton,Holland,MI,Size L,11.36,2,UPS® Ground
Scranton,Indian Trail,NC,Size L,11.36,2,UPS® Ground
Scranton,Jersey City,NJ,Size L,9.41,1,UPS® Ground
Scranton,Johnstown,PA,Size L,10.41,1,UPS® Ground
Scranton,Kalamazoo,MI,Size L,11.36,2,UPS® Ground
Scranton,Keatchie,LA,Size L,16.04,3,UPS® Ground
Scranton,Kennewick,WA,Size L,18.12,5,UPS® Ground
Scranton,Kingsport,TN,Size L,11.36,2,UPS® Ground
Scranton,Lake Elsinore,CA,Size L,18.12,4,UPS® Ground
Scranton,Lebanon,OH,Size L,11.36,2,UPS® Ground
Scranton,Little Rock,AR,Size L,14.74,3,UPS® Ground
Scranton,Livonia,MI,Size L,11.36,2,UPS® Ground
Scranton,Los Alamos,NM,Size L,17.1,4,UPS® Ground
Scranton,Loveland,CO,Size L,17.1,3,UPS® Ground
Scranton,La Mesa,CA,Size L,18.12,4,UPS® Ground
Scranton,La Quinta,CA,Size L,18.12,4,UPS® Ground
Scranton,Lake Oswego,OR,Size L,18.12,5,UPS® Ground
Scranton,Lake Saint Louis,MO,Size L,14.74,2,UPS® Ground
Scranton,Lake in the Hills,IL,Size L,14.74,2,UPS® Ground
Scranton,Lakeway,TX,Size L,17.1,3,UPS® Ground
Scranton,Lancaster,NY,Size L,10.41,1,UPS® Ground
Scranton,Leander,TX,Size L,17.1,3,UPS® Ground
Scranton,Lees Summit,MO,Size L,14.74,3,UPS® Ground
Scranton,Lenoir,NC,Size L,11.36,2,UPS® Ground
Scranton,Lewis Center,OH,Size L,11.36,2,UPS® Ground
Scranton,Lexington,IN,Size L,11.36,2,UPS® Ground
Scranton,Lodi,CA,Size L,18.12,4,UPS® Ground
Scranton,Lynden,WA,Size L,18.12,5,UPS® Ground
Scranton,Methuen,MA,Size L,10.41,2,UPS® Ground
Scranton,Milford,CT,Size L,10.41,1,UPS® Ground
Scranton,Mineola,TX,Size L,16.04,3,UPS® Ground
Scranton,Missoula,MT,Size L,18.12,4,UPS® Ground
Scranton,Mansfield,OH,Size L,11.36,2,UPS® Ground
Scranton,McDonough,GA,Size L,14.74,2,UPS® Ground
Scranton,Merritt Island,FL,Size L,14.74,3,UPS® Ground
Scranton,Midlothian,VA,Size L,10.41,2,UPS® Ground
Scranton,Millington,TN,Size L,14.74,2,UPS® Ground
Scranton,Milton,FL,Size L,14.74,2,UPS® Ground
Scranton,Moab,UT,Size L,18.12,4,UPS® Ground
Scranton,Monroe,NC,Size L,11.36,2,UPS® Ground
Scranton,Mooresville,IN,Size L,11.36,2,UPS® Ground
Scranton,Morganton,NC,Size L,11.36,2,UPS® Ground
Scranton,Murfreesboro,TN,Size L,14.74,2,UPS® Ground
Scranton,Newburgh,NY,Size L,9.41,1,UPS® Ground
Scranton,Navarre,FL,Size L,14.74,2,UPS® Ground
Scranton,New Market,AL,Size L,14.74,2,UPS® Ground
Scranton,Newnan,GA,Size L,14.74,2,UPS® Ground
Scranton,Norman,OK,Size L,16.04,3,UPS® Ground
Scranton,Novi,MI,Size L,11.36,2,UPS® Ground
Scranton,Ormond Beach,FL,Size L,14.74,3,UPS® Ground
Scranton,Owensboro,KY,Size L,14.74,2,UPS® Ground
Scranton,Oconto,WI,Size L,14.74,2,UPS® Ground
Scranton,Old Bridge,NJ,Size L,9.41,1,UPS® Ground
Scranton,Olympia,WA,Size L,18.12,5,UPS® Ground
Scranton,Oregon City,OR,Size L,18.12,5,UPS® Ground
Scranton,Oxford,MI,Size L,11.36,2,UPS® Ground
Scranton,Peachtree City,GA,Size L,14.74,2,UPS® Ground
Scranton,Pleasanton,CA,Size L,18.12,4,UPS® Ground
Scranton,Poughkeepsie,NY,Size L,9.41,1,UPS® Ground
Scranton,Pagosa Springs,CO,Size L,17.1,4,UPS® Ground
Scranton,Pasadena,CA,Size L,18.12,4,UPS® Ground
Scranton,Pasadena,TX,Size L,16.04,3,UPS® Ground
Scranton,Pasco,WA,Size L,18.12,5,UPS® Ground
Scranton,Pawtucket,RI,Size L,10.41,2,UPS® Ground
Scranton,Pembroke,MA,Size L,10.41,2,UPS® Ground
Scranton,Perrysburg,OH,Size L,11.36,2,UPS® Ground
Scranton,Plant City,FL,Size L,14.74,3,UPS® Ground
Scranton,Port Orchard,WA,Size L,18.12,5,UPS® Ground
Scranton,Prescott Valley,AZ,Size L,18.12,3,UPS® Ground
Scranton,Princeton,NJ,Size L,9.41,1,UPS® Ground
Scranton,Quincy,MA,Size L,10.41,2,UPS® Ground
Scranton,Redwood City,CA,Size L,18.12,4,UPS® Ground
Scranton,Rohnert Park,CA,Size L,18.12,4,UPS® Ground
Scranton,Rigby,ID,Size L,18.12,5,UPS® Ground
Scranton,Ripon,WI,Size L,14.74,2,UPS® Ground
Scranton,Rogers,AR,Size L,16.04,3,UPS® Ground
Scranton,Rowlett,TX,Size L,17.1,3,UPS® Ground
Scranton,Rydal,PA,Size L,9.41,1,UPS® Ground
Scranton,Shepherdsville,KY,Size L,11.36,2,UPS® Ground
Scranton,Shreveport,LA,Size L,16.04,3,UPS® Ground
Scranton,Stamford,CT,Size L,9.41,1,UPS® Ground
Scranton,Salt Lake City,UT,Size L,18.12,3,UPS® Ground
Scranton,Sanford,NC,Size L,11.36,2,UPS® Ground
Scranton,Santa Ana,CA,Size L,18.12,4,UPS® Ground
Scranton,Santa Cruz,CA,Size L,18.12,4,UPS® Ground
Scranton,Santa Fe,NM,Size L,17.1,4,UPS® Ground
Scranton,Sarver,PA,Size L,10.41,2,UPS® Ground
Scranton,Schenectady,NY,Size L,9.41,1,UPS® Ground
Scranton,Sierra Vista,AZ,Size L,18.12,3,UPS® Ground
Scranton,Silver Spring,MD,Size L,10.41,1,UPS® Ground
Scranton,South Jordan,UT,Size L,18.12,3,UPS® Ground
Scranton,Springfield,MO,Size L,14.74,3,UPS® Ground
Scranton,Summerville,SC,Size L,14.74,2,UPS® Ground
Scranton,Sumter,SC,Size L,11.36,2,UPS® Ground
Scranton,Sun City,AZ,Size L,18.12,3,UPS® Ground
Scranton,Syosset,NY,Size L,9.41,1,UPS® Ground
Scranton,Taunton,MA,Size L,10.41,2,UPS® Ground
Scranton,Texarkana,TX,Size L,16.04,3,UPS® Ground
Scranton,Toledo,OH,Size L,11.36,2,UPS® Ground
Scranton,Urbana,OH,Size L,11.36,2,UPS® Ground
Scranton,Valparaiso,IN,Size L,11.36,2,UPS® Ground
Scranton,Waco,TX,Size L,16.04,3,UPS® Ground
Scranton,West Lafayette,IN,Size L,11.36,2,UPS® Ground
Scranton,Winter Garden,FL,Size L,14.74,3,UPS® Ground
Scranton,Winter Haven,FL,Size L,14.74,3,UPS® Ground
Scranton,Wylie,TX,Size L,17.1,3,UPS® Ground
Scranton,Waldorf,MD,Size L,10.41,1,UPS® Ground
Scranton,Wesley Chapel,FL,Size L,14.74,3,UPS® Ground
Scranton,West Palm Beach,FL,Size L,16.04,3,UPS® Ground
Scranton,Williamsburg,VA,Size L,10.41,2,UPS® Ground
Scranton,Woodbridge,VA,Size L,10.41,1,UPS® Ground
Scranton,Woodside,CA,Size L,18.12,4,UPS® Ground
Scranton,Yorba Linda,CA,Size L,18.12,4,UPS® Ground
Scranton,Queens Village,NY,Size L,9.41,1,UPS® Ground
Baltimore,Brooklyn,NY,Size L,10.41,1,UPS® Ground
Baltimore,Phoenix,AZ,Size L,18.12,3,UPS® Ground
Baltimore,Houston,TX,Size L,17.1,3,UPS® Ground
Baltimore,San Antonio,TX,Size L,17.1,4,UPS® Ground
Baltimore,Jacksonville,FL,Size L,14.74,2,UPS® Ground
Baltimore,Chicago,IL,Size L,14.74,2,UPS® Ground
Baltimore,Dallas,TX,Size L,16.04,3,UPS® Ground
Baltimore,Wilmington,DE,Size L,9.41,1,UPS® Ground
Baltimore,Austin,TX,Size L,16.04,4,UPS® Ground
Baltimore,Canton,OH,Size L,10.41,2,UPS® Ground
Baltimore,Charlotte,NC,Size L,11.36,2,UPS® Ground
Baltimore,New York,NY,Size L,10.41,1,UPS® Ground
Baltimore,Atlanta,GA,Size L,14.74,2,UPS® Ground
Baltimore,Franklin,TN,Size L,14.74,2,UPS® Ground
Baltimore,Lexington,KY,Size L,14.74,2,UPS® Ground
Baltimore,Orlando,FL,Size L,14.74,2,UPS® Ground
Baltimore,Rochester,NY,Size L,10.41,2,UPS® Ground
Baltimore,Las Vegas,NV,Size L,18.12,4,UPS® Ground
Baltimore,Louisville,KY,Size L,11.36,2,UPS® Ground
Baltimore,Marietta,GA,Size L,14.74,2,UPS® Ground
Baltimore,Colorado Springs,CO,Size L,17.1,3,UPS® Ground
Baltimore,Columbus,OH,Size L,11.36,2,UPS® Ground
Baltimore,Marble Falls,TX,Size L,16.04,4,UPS® Ground
Baltimore,Tampa,FL,Size L,14.74,2,UPS® Ground
Baltimore,San Diego,CA,Size L,18.12,4,UPS® Ground
Baltimore,Columbia,SC,Size L,11.36,2,UPS® Ground
Baltimore,Greenville,SC,Size L,11.36,2,UPS® Ground
Baltimore,Lebanon,TN,Size L,14.74,2,UPS® Ground
Baltimore,Salem,OR,Size L,18.12,4,UPS® Ground
Baltimore,Cleveland,OH,Size L,11.36,2,UPS® Ground
Baltimore,Denver,CO,Size L,17.1,3,UPS® Ground
Baltimore,Omaha,NE,Size L,16.04,3,UPS® Ground
Baltimore,Portland,OR,Size L,18.12,4,UPS® Ground
Baltimore,Raleigh,NC,Size L,10.41,1,UPS® Ground
Baltimore,Richmond,VA,Size L,9.41,1,UPS® Ground
Baltimore,Jackson,MS,Size L,14.74,3,UPS® Ground
Baltimore,Albany,NY,Size L,10.41,2,UPS® Ground
Baltimore,Fort Worth,TX,Size L,17.1,3,UPS® Ground
Baltimore,Oklahoma City,OK,Size L,16.04,4,UPS® Ground
Baltimore,Chesapeake,VA,Size L,10.41,1,UPS® Ground
Baltimore,Miami,FL,Size L,16.04,2,UPS® Ground
Baltimore,Milford,CT,Size L,10.41,2,UPS® Ground
Baltimore,Pittsburgh,PA,Size L,10.41,2,UPS® Ground
Baltimore,San Francisco,CA,Size L,18.12,4,UPS® Ground
Baltimore,San Jose,CA,Size L,18.12,4,UPS® Ground
Baltimore,Tucson,AZ,Size L,18.12,3,UPS® Ground
Baltimore,Virginia Beach,VA,Size L,10.41,1,UPS® Ground
Baltimore,Albuquerque,NM,Size L,17.1,5,UPS® Ground
Baltimore,Gilbert,AZ,Size L,18.12,3,UPS® Ground
Baltimore,Springfield,IL,Size L,14.74,3,UPS® Ground
Baltimore,Alexandria,VA,Size L,9.41,1,UPS® Ground
Baltimore,Kansas City,MO,Size L,14.74,3,UPS® Ground
Baltimore,Knoxville,TN,Size L,11.36,2,UPS® Ground
Baltimore,Lakewood,CO,Size L,17.1,3,UPS® Ground
Baltimore,Nashville,TN,Size L,14.74,2,UPS® Ground
Baltimore,Saint Louis,MO,Size L,14.74,3,UPS® Ground
Baltimore,Seattle,WA,Size L,18.12,4,UPS® Ground
Baltimore,Arlington,TX,Size L,16.04,3,UPS® Ground
Baltimore,Aurora,CO,Size L,17.1,3,UPS® Ground
Baltimore,Boise,ID,Size L,18.12,4,UPS® Ground
Baltimore,Indianapolis,IN,Size L,11.36,2,UPS® Ground
Baltimore,Naples,CO,Size L,17.1,,UPS® Ground
Baltimore,Reno,NV,Size L,18.12,4,UPS® Ground
Baltimore,Riverside,CA,Size L,18.12,4,UPS® Ground
Baltimore,Bismarck,ND,Size L,16.04,5,UPS® Ground
Baltimore,Fresno,TX,Size L,16.04,3,UPS® Ground
Baltimore,Lincoln,RI,Size L,11.36,2,UPS® Ground
Baltimore,Los Angeles,CA,Size L,18.12,4,UPS® Ground
Baltimore,Mansfield,MA,Size L,11.36,2,UPS® Ground
Baltimore,Milwaukee,WI,Size L,14.74,3,UPS® Ground
Baltimore,Madison,IN,Size L,11.36,2,UPS® Ground
Baltimore,Mesa,AZ,Size L,18.12,3,UPS® Ground
Baltimore,Monroe,NC,Size L,11.36,2,UPS® Ground
Baltimore,Philadelphia,PA,Size L,9.41,1,UPS® Ground
Baltimore,Staten Island,NY,Size L,10.41,1,UPS® Ground
Baltimore,Washington,DC,Size L,9.41,1,UPS® Ground
Baltimore,Baltimore,MD,Size L,9.41,1,UPS® Ground
Baltimore,Decatur,IL,Size L,14.74,3,UPS® Ground
Baltimore,Durham,NC,Size L,10.41,1,UPS® Ground
Baltimore,Fayetteville,AR,Size L,14.74,3,UPS® Ground
Baltimore,Glendale,AZ,Size L,18.12,3,UPS® Ground
Baltimore,Midland,GA,Size L,14.74,2,UPS® Ground
Baltimore,Scottsdale,AZ,Size L,18.12,3,UPS® Ground
Baltimore,Woodstock,GA,Size L,14.74,2,UPS® Ground
Baltimore,Chandler,AZ,Size L,18.12,3,UPS® Ground
Baltimore,Cincinnati,OH,Size L,11.36,2,UPS® Ground
Baltimore,Covington,LA,Size L,14.74,3,UPS® Ground
Baltimore,Fort Myers,FL,Size L,14.74,2,UPS® Ground
Baltimore,Greensboro,NC,Size L,10.41,1,UPS® Ground
Baltimore,Henderson,TX,Size L,16.04,3,UPS® Ground
Baltimore,Hamilton,MI,Size L,11.36,2,UPS® Ground
Baltimore,Lewisburg,PA,Size L,9.41,1,UPS® Ground
Baltimore,Littleton,CO,Size L,17.1,3,UPS® Ground
Baltimore,Mount Pleasant,SC,Size L,11.36,2,UPS® Ground
Baltimore,Pasadena,MD,Size L,9.41,1,UPS® Ground
Baltimore,Plano,TX,Size L,17.1,3,UPS® Ground
Baltimore,Sanford,NC,Size L,11.36,2,UPS® Ground
Baltimore,Wayne,ME,Size L,11.36,2,UPS® Ground
Baltimore,Ashland,PA,Size L,9.41,1,UPS® Ground
Baltimore,Burlington,WI,Size L,14.74,3,UPS® Ground
Baltimore,Centerville,IA,Size L,14.74,3,UPS® Ground
Baltimore,Clayton,NC,Size L,11.36,1,UPS® Ground
Baltimore,Encinitas,CA,Size L,18.12,4,UPS® Ground
Baltimore,Fort Collins,CO,Size L,17.1,3,UPS® Ground
Baltimore,Golden,CO,Size L,17.1,3,UPS® Ground
Baltimore,Hudson,NC,Size L,11.36,2,UPS® Ground
Baltimore,Katy,TX,Size L,16.04,3,UPS® Ground
Baltimore,Lancaster,SC,Size L,11.36,2,UPS® Ground
Baltimore,Newark,NJ,Size L,10.41,1,UPS® Ground
Baltimore,Parker,CO,Size L,17.1,3,UPS® Ground
Baltimore,Plymouth,MA,Size L,11.36,2,UPS® Ground
Baltimore,Rancho Cucamonga,CA,Size L,18.12,4,UPS® Ground
Baltimore,Rockville,MD,Size L,9.41,1,UPS® Ground
Baltimore,Sacramento,CA,Size L,18.12,4,UPS® Ground
Baltimore,Tallahassee,FL,Size L,14.74,2,UPS® Ground
Baltimore,The Villages,FL,Size L,14.74,2,UPS® Ground
Baltimore,Westfield,IN,Size L,11.36,2,UPS® Ground
Baltimore,Waterloo,IA,Size L,14.74,3,UPS® Ground
Baltimore,West Chester,PA,Size L,9.41,1,UPS® Ground
Baltimore,Bend,OR,Size L,18.12,4,UPS® Ground
Baltimore,Amarillo,TX,Size L,17.1,4,UPS® Ground
Baltimore,Auburn,MA,Size L,11.36,2,UPS® Ground
Baltimore,Bakersfield,CA,Size L,18.12,4,UPS® Ground
Baltimore,Boca Raton,FL,Size L,16.04,2,UPS® Ground
Baltimore,Benton,LA,Size L,16.04,3,UPS® Ground
Baltimore,Bradenton,FL,Size L,14.74,2,UPS® Ground
Baltimore,Dayton,OH,Size L,11.36,2,UPS® Ground
Baltimore,Duluth,MN,Size L,14.74,3,UPS® Ground
Baltimore,Englewood,CO,Size L,17.1,3,UPS® Ground
Baltimore,Fort Wayne,IN,Size L,11.36,2,UPS® Ground
Baltimore,Frederick,MD,Size L,9.41,1,UPS® Ground
Baltimore,Fredericksburg,VA,Size L,9.41,1,UPS® Ground
Baltimore,Gainesville,FL,Size L,14.74,2,UPS® Ground
Baltimore,Grand Rapids,MI,Size L,11.36,2,UPS® Ground
Baltimore,Green Bay,WI,Size L,14.74,3,UPS® Ground
Baltimore,Morgantown,WV,Size L,10.41,2,UPS® Ground
Baltimore,Pensacola,FL,Size L,14.74,2,UPS® Ground
Baltimore,Princeton,MA,Size L,11.36,2,UPS® Ground
Baltimore,Peoria,AZ,Size L,18.12,3,UPS® Ground
Baltimore,Saint Paul,MN,Size L,14.74,3,UPS® Ground
Baltimore,Savannah,GA,Size L,11.36,2,UPS® Ground
Baltimore,Seaford,NY,Size L,10.41,1,UPS® Ground
Baltimore,Seymour,IN,Size L,11.36,2,UPS® Ground
Baltimore,Spokane,WA,Size L,18.12,4,UPS® Ground
Baltimore,Windsor,CO,Size L,17.1,3,UPS® Ground
Baltimore,Winston-Salem,NC,Size L,10.41,2,UPS® Ground
Baltimore,Worcester,MA,Size L,11.36,2,UPS® Ground
Baltimore,York,PA,Size L,9.41,1,UPS® Ground
Baltimore,Antioch,TN,Size L,14.74,2,UPS® Ground
Baltimore,Athens,GA,Size L,11.36,2,UPS® Ground
Baltimore,Corona,CA,Size L,18.12,4,UPS® Ground
Baltimore,Fairfield,CA,Size L,18.12,4,UPS® Ground
Baltimore,Germantown,MD,Size L,9.41,1,UPS® Ground
Baltimore,Hillsboro,OR,Size L,18.12,4,UPS® Ground
Baltimore,Hope Mills,NC,Size L,11.36,2,UPS® Ground
Baltimore,Hendersonville,NC,Size L,11.36,2,UPS® Ground
Baltimore,Holly Springs,MS,Size L,14.74,2,UPS® Ground
Baltimore,Homer,AK,Size L,46.14,4,UPS® Ground
Baltimore,Laurel,MD,Size L,9.41,1,UPS® Ground
Baltimore,Long Beach,CA,Size L,18.12,4,UPS® Ground
Baltimore,Manteca,CA,Size L,18.12,4,UPS® Ground
Baltimore,Maryville,TN,Size L,11.36,2,UPS® Ground
Baltimore,Magnolia,MS,Size L,14.74,3,UPS® Ground
Baltimore,Memphis,TN,Size L,14.74,2,UPS® Ground
Baltimore,Milton,MA,Size L,11.36,2,UPS® Ground
Baltimore,Montgomery,TX,Size L,16.04,3,UPS® Ground
Baltimore,Myrtle Beach,SC,Size L,11.36,2,UPS® Ground
Baltimore,New Market,AL,Size L,14.74,2,UPS® Ground
Baltimore,Ocala,FL,Size L,14.74,2,UPS® Ground
Baltimore,Olathe,KS,Size L,14.74,3,UPS® Ground
Baltimore,Oxford,MI,Size L,11.36,2,UPS® Ground
Baltimore,Palm Beach Gardens,FL,Size L,16.04,2,UPS® Ground
Baltimore,Roseville,CA,Size L,18.12,4,UPS® Ground
Baltimore,Roswell,GA,Size L,14.74,2,UPS® Ground
Baltimore,Rockwall,TX,Size L,17.1,3,UPS® Ground
Baltimore,Spring,TX,Size L,16.04,3,UPS® Ground
Baltimore,Salisbury,MA,Size L,11.36,2,UPS® Ground
Baltimore,Santa Rosa,CA,Size L,18.12,4,UPS® Ground
Baltimore,Sarasota,FL,Size L,14.74,2,UPS® Ground
Baltimore,Vancouver,WA,Size L,18.12,4,UPS® Ground
Baltimore,Westminster,MD,Size L,9.41,1,UPS® Ground
Baltimore,Canton,GA,Size L,14.74,2,UPS® Ground
Baltimore,Columbia,MO,Size L,14.74,3,UPS® Ground
Baltimore,Naples,FL,Size L,14.74,2,UPS® Ground
Baltimore,Fresno,CA,Size L,18.12,4,UPS® Ground
Baltimore,Cleveland,TN,Size L,11.36,2,UPS® Ground
Baltimore,Henderson,NV,Size L,18.12,4,UPS® Ground
Baltimore,Lincoln,NE,Size L,16.04,3,UPS® Ground
Baltimore,Wilmington,NC,Size L,11.36,2,UPS® Ground
Baltimore,Arvada,CO,Size L,17.1,3,UPS® Ground
Baltimore,Anchorage,AK,Size L,46.14,4,UPS® Ground
Baltimore,Birmingham,AL,Size L,14.74,2,UPS® Ground
Baltimore,Bozeman,MT,Size L,18.12,4,UPS® Ground
Baltimore,Conroe,TX,Size L,16.04,3,UPS® Ground
Baltimore,Carmel Valley,CA,Size L,18.12,4,UPS® Ground
Baltimore,Castle Rock,CO,Size L,17.1,3,UPS® Ground
Baltimore,Cedar Rapids,IA,Size L,14.74,3,UPS® Ground
Baltimore,Cooperstown,NY,Size L,10.41,2,UPS® Ground
Baltimore,Deland,FL,Size L,14.74,2,UPS® Ground
Baltimore,Fort Mill,SC,Size L,11.36,2,UPS® Ground
Baltimore,Fargo,ND,Size L,16.04,3,UPS® Ground
Baltimore,Glen Allen,VA,Size L,10.41,1,UPS® Ground
Baltimore,Grand Junction,CO,Size L,17.1,4,UPS® Ground
Baltimore,Highlands Ranch,CO,Size L,17.1,3,UPS® Ground
Baltimore,Joliet,IL,Size L,14.74,2,UPS® Ground
Baltimore,Kerrville,TX,Size L,17.1,5,UPS® Ground
Baltimore,Longmont,CO,Size L,17.1,3,UPS® Ground
Baltimore,Minneapolis,MN,Size L,14.74,3,UPS® Ground
Baltimore,Naperville,IL,Size L,14.74,2,UPS® Ground
Baltimore,Neosho,MO,Size L,14.74,3,UPS® Ground
Baltimore,Puyallup,WA,Size L,18.12,4,UPS® Ground
Baltimore,Queen Creek,AZ,Size L,18.12,3,UPS® Ground
Baltimore,Saline,MI,Size L,11.36,2,UPS® Ground
Baltimore,Sevierville,TN,Size L,11.36,2,UPS® Ground
Baltimore,Sterling Heights,MI,Size L,11.36,2,UPS® Ground
Baltimore,Thornton,CO,Size L,17.1,3,UPS® Ground
Baltimore,Ventura,CA,Size L,18.12,4,UPS® Ground
Baltimore,Wilmington,MA,Size L,11.36,2,UPS® Ground
Baltimore,Clermont,FL,Size L,14.74,2,UPS® Ground
Baltimore,Abilene,TX,Size L,16.04,3,UPS® Ground
Baltimore,Brick,NJ,Size L,9.41,1,UPS® Ground
Baltimore,Bentonville,AR,Size L,14.74,3,UPS® Ground
Baltimore,Bogart,GA,Size L,11.36,2,UPS® Ground
Baltimore,Boston,MA,Size L,11.36,2,UPS® Ground
Baltimore,Buffalo,NY,Size L,10.41,2,UPS® Ground
Baltimore,Cary,NC,Size L,11.36,1,UPS® Ground
Baltimore,Dallas,GA,Size L,14.74,2,UPS® Ground
Baltimore,Doylestown,PA,Size L,9.41,1,UPS® Ground
Baltimore,Eugene,OR,Size L,18.12,4,UPS® Ground
Baltimore,Edmond,OK,Size L,16.04,4,UPS® Ground
Baltimore,Forney,TX,Size L,16.04,3,UPS® Ground
Baltimore,Fuquay Varina,NC,Size L,11.36,1,UPS® Ground
Baltimore,Glendora,CA,Size L,18.12,4,UPS® Ground
Baltimore,Henrico,VA,Size L,9.41,1,UPS® Ground
Baltimore,Hockessin,DE,Size L,9.41,1,UPS® Ground
Baltimore,Holly Springs,NC,Size L,11.36,1,UPS® Ground
Baltimore,Irvine,CA,Size L,18.12,4,UPS® Ground
Baltimore,Lakeland,FL,Size L,14.74,2,UPS® Ground
Baltimore,Lawrence,KS,Size L,14.74,3,UPS® Ground
Baltimore,League City,TX,Size L,16.04,3,UPS® Ground
Baltimore,Mansfield,TX,Size L,16.04,3,UPS® Ground
Baltimore,Madison,WI,Size L,14.74,3,UPS® Ground
Baltimore,McKinney,TX,Size L,17.1,3,UPS® Ground
Baltimore,Mentor,OH,Size L,11.36,2,UPS® Ground
Baltimore,Mount Airy,MD,Size L,9.41,1,UPS® Ground
Baltimore,Norfolk,VA,Size L,10.41,1,UPS® Ground
Baltimore,Nampa,ID,Size L,18.12,4,UPS® Ground
Baltimore,Noblesville,IN,Size L,11.36,2,UPS® Ground
Baltimore,Orland Park,IL,Size L,14.74,2,UPS® Ground
Baltimore,Palm Harbor,FL,Size L,14.74,2,UPS® Ground
Baltimore,Petaluma,CA,Size L,18.12,4,UPS® Ground
Baltimore,Placentia,CA,Size L,18.12,4,UPS® Ground
Baltimore,Prescott,AZ,Size L,18.12,3,UPS® Ground
Baltimore,Richardson,TX,Size L,17.1,3,UPS® Ground
Baltimore,Roanoke,VA,Size L,11.36,1,UPS® Ground
Baltimore,Richmond,TX,Size L,16.04,3,UPS® Ground
Baltimore,Sanford,ME,Size L,11.36,2,UPS® Ground
Baltimore,Seminole,FL,Size L,14.74,2,UPS® Ground
Baltimore,Sheridan,WY,Size L,17.1,4,UPS® Ground
Baltimore,Sparks,NV,Size L,18.12,4,UPS® Ground
Baltimore,Traverse City,MI,Size L,11.36,2,UPS® Ground
Baltimore,Tulsa,OK,Size L,16.04,3,UPS® Ground
Baltimore,Wake Forest,NC,Size L,11.36,1,UPS® Ground
Baltimore,Waterloo,SC,Size L,11.36,2,UPS® Ground
Baltimore,Waukesha,WI,Size L,14.74,3,UPS® Ground
Baltimore,Wichita,KS,Size L,16.04,3,UPS® Ground
Baltimore,Winnsboro,TX,Size L,16.04,3,UPS® Ground
Baltimore,Woodbury,MN,Size L,14.74,3,UPS® Ground
Baltimore,Cumming,GA,Size L,14.74,2,UPS® Ground
Baltimore,Muskegon,MI,Size L,11.36,2,UPS® Ground
Baltimore,Akron,OH,Size L,10.41,2,UPS® Ground
Baltimore,Albany,OR,Size L,18.12,4,UPS® Ground
Baltimore,Alpharetta,GA,Size L,14.74,2,UPS® Ground
Baltimore,Asheville,NC,Size L,11.36,2,UPS® Ground
Baltimore,Bixby,OK,Size L,16.04,3,UPS® Ground
Baltimore,Boulder,CO,Size L,17.1,3,UPS® Ground
Baltimore,Bethlehem,PA,Size L,9.41,1,UPS® Ground
Baltimore,Brenham,TX,Size L,16.04,3,UPS® Ground
Baltimore,Broken Bow,OK,Size L,16.04,4,UPS® Ground
Baltimore,Cape Coral,FL,Size L,14.74,2,UPS® Ground
Baltimore,Chula Vista,CA,Size L,18.12,4,UPS® Ground
Baltimore,Crawfordville,FL,Size L,14.74,2,UPS® Ground
Baltimore,Cypress,TX,Size L,16.04,3,UPS® Ground
Baltimore,Clearwater,FL,Size L,14.74,2,UPS® Ground
Baltimore,Columbiana,AL,Size L,14.74,2,UPS® Ground
Baltimore,Columbus,GA,Size L,14.74,2,UPS® Ground
Baltimore,Commack,NY,Size L,10.41,1,UPS® Ground
Baltimore,Dublin,CA,Size L,18.12,4,UPS® Ground
Baltimore,Decatur,GA,Size L,14.74,2,UPS® Ground
Baltimore,Deltona,FL,Size L,14.74,2,UPS® Ground
Baltimore,Derry,NH,Size L,11.36,2,UPS® Ground
Baltimore,Douglassville,PA,Size L,9.41,1,UPS® Ground
Baltimore,Easton,PA,Size L,9.41,1,UPS® Ground
Baltimore,El Paso,TX,Size L,17.1,4,UPS® Ground
Baltimore,Escondido,CA,Size L,18.12,4,UPS® Ground
Baltimore,Fairport,NY,Size L,10.41,2,UPS® Ground
Baltimore,Flemington,NJ,Size L,9.41,1,UPS® Ground
Baltimore,Florence,SC,Size L,11.36,2,UPS® Ground
Baltimore,Fort Lauderdale,FL,Size L,16.04,2,UPS® Ground
Baltimore,Frisco,TX,Size L,17.1,3,UPS® Ground
Baltimore,Goodyear,AZ,Size L,18.12,3,UPS® Ground
Baltimore,Gays Mills,WI,Size L,14.74,4,UPS® Ground
Baltimore,Grafton,WI,Size L,14.74,3,UPS® Ground
Baltimore,Green Cove Springs,FL,Size L,14.74,2,UPS® Ground
Baltimore,Greensburg,PA,Size L,10.41,2,UPS® Ground
Baltimore,Honolulu,HI,Size L,46.14,5,UPS® Ground
Baltimore,Humble,TX,Size L,16.04,3,UPS® Ground
Baltimore,Huntington,NY,Size L,10.41,1,UPS® Ground
Baltimore,Idaho Falls,ID,Size L,18.12,4,UPS® Ground
Baltimore,Jackson,TN,Size L,14.74,2,UPS® Ground
Baltimore,Jacksonville,NC,Size L,10.41,2,UPS® Ground
Baltimore,Jenkintown,PA,Size L,9.41,1,UPS® Ground
Baltimore,Johnson City,TN,Size L,11.36,2,UPS® Ground
Baltimore,Kingwood,TX,Size L,16.04,3,UPS® Ground
Baltimore,Lansing,MI,Size L,11.36,2,UPS® Ground
Baltimore,Lapeer,MI,Size L,11.36,2,UPS® Ground
Baltimore,Lawrenceville,GA,Size L,14.74,2,UPS® Ground
Baltimore,Lexington,NC,Size L,11.36,2,UPS® Ground
Baltimore,Lubbock,TX,Size L,17.1,3,UPS® Ground
Baltimore,Medina,OH,Size L,11.36,2,UPS® Ground
Baltimore,Macomb,MI,Size L,11.36,2,UPS® Ground
Baltimore,Magnolia,TX,Size L,16.04,3,UPS® Ground
Baltimore,Martinsburg,WV,Size L,9.41,1,UPS® Ground
Baltimore,Meridian,ID,Size L,18.12,4,UPS® Ground
Baltimore,Mobile,AL,Size L,14.74,2,UPS® Ground
Baltimore,Morrison,CO,Size L,17.1,3,UPS® Ground
Baltimore,Napa,CA,Size L,18.12,4,UPS® Ground
Baltimore,New Braunfels,TX,Size L,17.1,4,UPS® Ground
Baltimore,New Lenox,IL,Size L,14.74,2,UPS® Ground
Baltimore,New Orleans,LA,Size L,14.74,3,UPS® Ground
Baltimore,Newark,DE,Size L,9.41,1,UPS® Ground
Baltimore,Oakland,CA,Size L,18.12,4,UPS® Ground
Baltimore,Owasso,OK,Size L,16.04,3,UPS® Ground
Baltimore,Overland Park,KS,Size L,14.74,3,UPS® Ground
Baltimore,Panama City,FL,Size L,14.74,2,UPS® Ground
Baltimore,Panama City Beach,FL,Size L,14.74,2,UPS® Ground
Baltimore,Patchogue,NY,Size L,10.41,1,UPS® Ground
Baltimore,Port Clinton,OH,Size L,11.36,2,UPS® Ground
Baltimore,Paducah,KY,Size L,14.74,2,UPS® Ground
Baltimore,Palmetto,FL,Size L,14.74,2,UPS® Ground
Baltimore,Pearland,TX,Size L,16.04,3,UPS® Ground
Baltimore,Pella,IA,Size L,14.74,3,UPS® Ground
Baltimore,Pittsford,NY,Size L,10.41,2,UPS® Ground
Baltimore,Port Orange,FL,Size L,14.74,2,UPS® Ground
Baltimore,Ravenna,OH,Size L,11.36,2,UPS® Ground
Baltimore,Roaming Shores,OH,Size L,11.36,2,UPS® Ground
Baltimore,Richmond Hill,GA,Size L,11.36,2,UPS® Ground
Baltimore,Riverview,FL,Size L,14.74,2,UPS® Ground
Baltimore,Rochester,MN,Size L,14.74,3,UPS® Ground
Baltimore,Round Rock,TX,Size L,16.04,4,UPS® Ground
Baltimore,Saint Petersburg,FL,Size L,14.74,2,UPS® Ground
Baltimore,San Leandro,CA,Size L,18.12,4,UPS® Ground
Baltimore,Southington,CT,Size L,10.41,2,UPS® Ground
Baltimore,Spartanburg,SC,Size L,11.36,2,UPS® Ground
Baltimore,Surprise,AZ,Size L,18.12,3,UPS® Ground
Baltimore,Santa Barbara,CA,Size L,18.12,4,UPS® Ground
Baltimore,Shelton,CT,Size L,10.41,2,UPS® Ground
Baltimore,Spring Branch,TX,Size L,17.1,4,UPS® Ground
Baltimore,St. Louis,MO,Size L,14.74,3,UPS® Ground
Baltimore,Stroudsburg,PA,Size L,9.41,1,UPS® Ground
Baltimore,Sunapee,NH,Size L,11.36,2,UPS® Ground
Baltimore,Swedesboro,NJ,Size L,9.41,1,UPS® Ground
Baltimore,Syracuse,NY,Size L,10.41,2,UPS® Ground
Baltimore,Tomball,TX,Size L,16.04,3,UPS® Ground
Baltimore,Topeka,KS,Size L,16.04,3,UPS® Ground
Baltimore,Tuscaloosa,AL,Size L,14.74,2,UPS® Ground
Baltimore,Terre Haute,IN,Size L,11.36,2,UPS® Ground
Baltimore,Tinley Park,IL,Size L,14.74,2,UPS® Ground
Baltimore,Toms River,NJ,Size L,9.41,1,UPS® Ground
Baltimore,Tulare,CA,Size L,18.12,4,UPS® Ground
Baltimore,Vienna,VA,Size L,9.41,1,UPS® Ground
Baltimore,Walnut Creek,CA,Size L,18.12,4,UPS® Ground
Baltimore,Wayne,NJ,Size L,10.41,1,UPS® Ground
Baltimore,Waynesboro,VA,Size L,9.41,1,UPS® Ground
Baltimore,West Sacramento,CA,Size L,18.12,4,UPS® Ground
Baltimore,Yuba City,CA,Size L,18.12,4,UPS® Ground
Baltimore,Zachary,LA,Size L,16.04,3,UPS® Ground
Baltimore,Buford,GA,Size L,14.74,2,UPS® Ground
Baltimore,Modesto,CA,Size L,18.12,4,UPS® Ground
Baltimore,Winter Park,FL,Size L,14.74,2,UPS® Ground
Baltimore,Antioch,IL,Size L,14.74,2,UPS® Ground
Baltimore,Algonquin,IL,Size L,14.74,2,UPS® Ground
Baltimore,Allen,TX,Size L,17.1,3,UPS® Ground
Baltimore,Ames,IA,Size L,14.74,3,UPS® Ground
Baltimore,Anaheim,CA,Size L,18.12,4,UPS® Ground
Baltimore,Aptos,CA,Size L,18.12,4,UPS® Ground
Baltimore,Astoria,NY,Size L,10.41,1,UPS® Ground
Baltimore,Bloomington,IN,Size L,11.36,2,UPS® Ground
Baltimore,Bremerton,WA,Size L,18.12,4,UPS® Ground
Baltimore,Brunswick,OH,Size L,11.36,2,UPS® Ground
Baltimore,Burke,VA,Size L,9.41,1,UPS® Ground
Baltimore,Bedford,IN,Size L,11.36,2,UPS® Ground
Baltimore,Benton,LA,Size L,16.04,3,UPS® Ground
Baltimore,Billings,MT,Size L,17.1,5,UPS® Ground
Baltimore,Birdsboro,PA,Size L,9.41,1,UPS® Ground
Baltimore,Bothell,WA,Size L,18.12,4,UPS® Ground
Baltimore,Bowie,MD,Size L,9.41,1,UPS® Ground
Baltimore,Brentwood,TN,Size L,14.74,2,UPS® Ground
Baltimore,Bronx,NY,Size L,10.41,1,UPS® Ground
Baltimore,Brookfield,WI,Size L,14.74,3,UPS® Ground
Baltimore,Canton,OH,Size L,10.41,2,UPS® Ground
Baltimore,Celina,TX,Size L,17.1,3,UPS® Ground
Baltimore,Chapel Hill,NC,Size L,11.36,1,UPS® Ground
Baltimore,Claremore,OK,Size L,16.04,3,UPS® Ground
Baltimore,Clovis,CA,Size L,18.12,4,UPS® Ground
Baltimore,Cocoa,FL,Size L,14.74,2,UPS® Ground
Baltimore,Callahan,FL,Size L,14.74,2,UPS® Ground
Baltimore,Carmel,IN,Size L,11.36,2,UPS® Ground
Baltimore,Cedar Park,TX,Size L,16.04,4,UPS® Ground
Baltimore,Centennial,CO,Size L,17.1,3,UPS® Ground
Baltimore,Centerville,MA,Size L,11.36,2,UPS® Ground
Baltimore,Charleston,SC,Size L,11.36,2,UPS® Ground
Baltimore,Charlottesville,VA,Size L,9.41,1,UPS® Ground
Baltimore,Clarkesville,GA,Size L,14.74,2,UPS® Ground
Baltimore,Clayton,NC,Size L,11.36,1,UPS® Ground
Baltimore,Clifton,NJ,Size L,10.41,1,UPS® Ground
Baltimore,Collinsville,OK,Size L,16.04,3,UPS® Ground
Baltimore,Columbia,TN,Size L,14.74,2,UPS® Ground
Baltimore,Concord,NC,Size L,11.36,2,UPS® Ground
Baltimore,Cookeville,TN,Size L,11.36,2,UPS® Ground
Baltimore,Corpus Christi,TX,Size L,17.1,4,UPS® Ground
Baltimore,Corrales,NM,Size L,17.1,5,UPS® Ground
Baltimore,Corydon,IN,Size L,11.36,2,UPS® Ground
Baltimore,Cranston,RI,Size L,11.36,2,UPS® Ground
Baltimore,Dekalb,IL,Size L,14.74,2,UPS® Ground
Baltimore,Delaware,OH,Size L,11.36,2,UPS® Ground
Baltimore,Delmar,NY,Size L,10.41,2,UPS® Ground
Baltimore,Des Moines,IA,Size L,14.74,3,UPS® Ground
Baltimore,Dickson,TN,Size L,14.74,2,UPS® Ground
Baltimore,Downers Grove,IL,Size L,14.74,2,UPS® Ground
Baltimore,Dripping Springs,TX,Size L,16.04,4,UPS® Ground
Baltimore,Eustis,FL,Size L,14.74,2,UPS® Ground
Baltimore,East Hampton,NY,Size L,10.41,1,UPS® Ground
Baltimore,Fenton,MO,Size L,14.74,3,UPS® Ground
Baltimore,Fayetteville,AR,Size L,14.74,3,UPS® Ground
Baltimore,Flower Mound,TX,Size L,17.1,3,UPS® Ground
Baltimore,Franklin,OH,Size L,11.36,2,UPS® Ground
Baltimore,Friendswood,TX,Size L,16.04,3,UPS® Ground
Baltimore,Gainesville,FL,Size L,14.74,2,UPS® Ground
Baltimore,Gainesville,GA,Size L,14.74,2,UPS® Ground
Baltimore,Glendale,CA,Size L,18.12,4,UPS® Ground
Baltimore,Greenville,SC,Size L,11.36,2,UPS® Ground
Baltimore,Greenville,MI,Size L,11.36,2,UPS® Ground
Baltimore,Gaithersburg,MD,Size L,9.41,1,UPS® Ground
Baltimore,Garner,NC,Size L,11.36,1,UPS® Ground
Baltimore,Gastonia,NC,Size L,11.36,2,UPS® Ground
Baltimore,Granada Hills,CA,Size L,18.12,4,UPS® Ground
Baltimore,Granbury,TX,Size L,16.04,3,UPS® Ground
Baltimore,Griffin,GA,Size L,14.74,2,UPS® Ground
Baltimore,Harpers Ferry,WV,Size L,9.41,1,UPS® Ground
Baltimore,Haverhill,MA,Size L,11.36,2,UPS® Ground
Baltimore,Hayward,CA,Size L,18.12,4,UPS® Ground
Baltimore,Herriman,UT,Size L,18.12,4,UPS® Ground
Baltimore,Hillsboro,OR,Size L,18.12,4,UPS® Ground
Baltimore,Hoboken,NJ,Size L,10.41,1,UPS® Ground
Baltimore,Huntley,IL,Size L,14.74,2,UPS® Ground
Baltimore,Hagerstown,MD,Size L,9.41,1,UPS® Ground
Baltimore,Hamilton,OH,Size L,11.36,2,UPS® Ground
Baltimore,Harrisburg,PA,Size L,9.41,1,UPS® Ground
Baltimore,Hendersonville,NC,Size L,11.36,2,UPS® Ground
Baltimore,Hendersonville,TN,Size L,14.74,2,UPS® Ground
Baltimore,Holland,MI,Size L,11.36,2,UPS® Ground
Baltimore,Indian Trail,NC,Size L,11.36,2,UPS® Ground
Baltimore,Jersey City,NJ,Size L,10.41,1,UPS® Ground
Baltimore,Johnstown,PA,Size L,9.41,1,UPS® Ground
Baltimore,Kalamazoo,MI,Size L,11.36,2,UPS® Ground
Baltimore,Keatchie,LA,Size L,16.04,3,UPS® Ground
Baltimore,Kennewick,WA,Size L,18.12,4,UPS® Ground
Baltimore,Kingsport,TN,Size L,11.36,2,UPS® Ground
Baltimore,Lake Elsinore,CA,Size L,18.12,4,UPS® Ground
Baltimore,Lebanon,OH,Size L,11.36,2,UPS® Ground
Baltimore,Little Rock,AR,Size L,14.74,3,UPS® Ground
Baltimore,Livonia,MI,Size L,11.36,2,UPS® Ground
Baltimore,Los Alamos,NM,Size L,17.1,5,UPS® Ground
Baltimore,Loveland,CO,Size L,17.1,3,UPS® Ground
Baltimore,La Mesa,CA,Size L,18.12,4,UPS® Ground
Baltimore,La Quinta,CA,Size L,18.12,4,UPS® Ground
Baltimore,Lake Oswego,OR,Size L,18.12,4,UPS® Ground
Baltimore,Lake Saint Louis,MO,Size L,14.74,3,UPS® Ground
Baltimore,Lake in the Hills,IL,Size L,14.74,2,UPS® Ground
Baltimore,Lakeway,TX,Size L,16.04,4,UPS® Ground
Baltimore,Lancaster,NY,Size L,10.41,2,UPS® Ground
Baltimore,Leander,TX,Size L,16.04,4,UPS® Ground
Baltimore,Lees Summit,MO,Size L,14.74,3,UPS® Ground
Baltimore,Lenoir,NC,Size L,11.36,2,UPS® Ground
Baltimore,Lewis Center,OH,Size L,11.36,2,UPS® Ground
Baltimore,Lexington,IN,Size L,11.36,2,UPS® Ground
Baltimore,Lodi,CA,Size L,18.12,4,UPS® Ground
Baltimore,Lynden,WA,Size L,18.12,4,UPS® Ground
Baltimore,Methuen,MA,Size L,11.36,2,UPS® Ground
Baltimore,Milford,CT,Size L,10.41,2,UPS® Ground
Baltimore,Mineola,TX,Size L,16.04,3,UPS® Ground
Baltimore,Missoula,MT,Size L,18.12,5,UPS® Ground
Baltimore,Mansfield,OH,Size L,11.36,2,UPS® Ground
Baltimore,McDonough,GA,Size L,14.74,2,UPS® Ground
Baltimore,Merritt Island,FL,Size L,14.74,2,UPS® Ground
Baltimore,Midlothian,VA,Size L,9.41,1,UPS® Ground
Baltimore,Millington,TN,Size L,14.74,2,UPS® Ground
Baltimore,Milton,FL,Size L,14.74,2,UPS® Ground
Baltimore,Moab,UT,Size L,17.1,5,UPS® Ground
Baltimore,Monroe,NC,Size L,11.36,2,UPS® Ground
Baltimore,Mooresville,IN,Size L,11.36,2,UPS® Ground
Baltimore,Morganton,NC,Size L,11.36,2,UPS® Ground
Baltimore,Murfreesboro,TN,Size L,11.36,2,UPS® Ground
Baltimore,Newburgh,NY,Size L,10.41,2,UPS® Ground
Baltimore,Navarre,FL,Size L,14.74,2,UPS® Ground
Baltimore,New Market,AL,Size L,14.74,2,UPS® Ground
Baltimore,Newnan,GA,Size L,14.74,2,UPS® Ground
Baltimore,Norman,OK,Size L,16.04,4,UPS® Ground
Baltimore,Novi,MI,Size L,11.36,2,UPS® Ground
Baltimore,Ormond Beach,FL,Size L,14.74,2,UPS® Ground
Baltimore,Owensboro,KY,Size L,11.36,2,UPS® Ground
Baltimore,Oconto,WI,Size L,14.74,3,UPS® Ground
Baltimore,Old Bridge,NJ,Size L,9.41,1,UPS® Ground
Baltimore,Olympia,WA,Size L,18.12,4,UPS® Ground
Baltimore,Oregon City,OR,Size L,18.12,4,UPS® Ground
Baltimore,Oxford,MI,Size L,11.36,2,UPS® Ground
Baltimore,Peachtree City,GA,Size L,14.74,2,UPS® Ground
Baltimore,Pleasanton,CA,Size L,18.12,4,UPS® Ground
Baltimore,Poughkeepsie,NY,Size L,10.41,2,UPS® Ground
Baltimore,Pagosa Springs,CO,Size L,17.1,4,UPS® Ground
Baltimore,Pasadena,CA,Size L,18.12,4,UPS® Ground
Baltimore,Pasadena,TX,Size L,16.04,3,UPS® Ground
Baltimore,Pasco,WA,Size L,18.12,4,UPS® Ground
Baltimore,Pawtucket,RI,Size L,11.36,2,UPS® Ground
Baltimore,Pembroke,MA,Size L,11.36,2,UPS® Ground
Baltimore,Perrysburg,OH,Size L,11.36,2,UPS® Ground
Baltimore,Plant City,FL,Size L,14.74,2,UPS® Ground
Baltimore,Port Orchard,WA,Size L,18.12,4,UPS® Ground
Baltimore,Prescott Valley,AZ,Size L,18.12,3,UPS® Ground
Baltimore,Princeton,NJ,Size L,9.41,1,UPS® Ground
Baltimore,Quincy,MA,Size L,11.36,2,UPS® Ground
Baltimore,Redwood City,CA,Size L,18.12,4,UPS® Ground
Baltimore,Rohnert Park,CA,Size L,18.12,4,UPS® Ground
Baltimore,Rigby,ID,Size L,18.12,6,UPS® Ground
Baltimore,Ripon,WI,Size L,14.74,3,UPS® Ground
Baltimore,Rogers,AR,Size L,14.74,3,UPS® Ground
Baltimore,Rowlett,TX,Size L,17.1,3,UPS® Ground
Baltimore,Rydal,PA,Size L,9.41,1,UPS® Ground
Baltimore,Shepherdsville,KY,Size L,11.36,2,UPS® Ground
Baltimore,Shreveport,LA,Size L,16.04,3,UPS® Ground
Baltimore,Stamford,CT,Size L,10.41,2,UPS® Ground
Baltimore,Salt Lake City,UT,Size L,18.12,4,UPS® Ground
Baltimore,Sanford,NC,Size L,11.36,2,UPS® Ground
Baltimore,Santa Ana,CA,Size L,18.12,4,UPS® Ground
Baltimore,Santa Cruz,CA,Size L,18.12,4,UPS® Ground
Baltimore,Santa Fe,NM,Size L,17.1,5,UPS® Ground
Baltimore,Sarver,PA,Size L,10.41,2,UPS® Ground
Baltimore,Schenectady,NY,Size L,10.41,2,UPS® Ground
Baltimore,Sierra Vista,AZ,Size L,18.12,3,UPS® Ground
Baltimore,Silver Spring,MD,Size L,9.41,1,UPS® Ground
Baltimore,South Jordan,UT,Size L,18.12,4,UPS® Ground
Baltimore,Springfield,MO,Size L,14.74,3,UPS® Ground
Baltimore,Summerville,SC,Size L,11.36,2,UPS® Ground
Baltimore,Sumter,SC,Size L,11.36,2,UPS® Ground
Baltimore,Sun City,AZ,Size L,18.12,3,UPS® Ground
Baltimore,Syosset,NY,Size L,10.41,1,UPS® Ground
Baltimore,Taunton,MA,Size L,11.36,2,UPS® Ground
Baltimore,Texarkana,TX,Size L,16.04,3,UPS® Ground
Baltimore,Toledo,OH,Size L,11.36,2,UPS® Ground
Baltimore,Urbana,OH,Size L,11.36,2,UPS® Ground
Baltimore,Valparaiso,IN,Size L,11.36,2,UPS® Ground
Baltimore,Waco,TX,Size L,16.04,3,UPS® Ground
Baltimore,West Lafayette,IN,Size L,11.36,2,UPS® Ground
Baltimore,Winter Garden,FL,Size L,14.74,2,UPS® Ground
Baltimore,Winter Haven,FL,Size L,14.74,2,UPS® Ground
Baltimore,Wylie,TX,Size L,17.1,3,UPS® Ground
Baltimore,Waldorf,MD,Size L,9.41,1,UPS® Ground
Baltimore,Wesley Chapel,FL,Size L,14.74,2,UPS® Ground
Baltimore,West Palm Beach,FL,Size L,16.04,2,UPS® Ground
Baltimore,Williamsburg,VA,Size L,9.41,1,UPS® Ground
Baltimore,Woodbridge,VA,Size L,9.41,1,UPS® Ground
Baltimore,Woodside,CA,Size L,18.12,4,UPS® Ground
Baltimore,Yorba Linda,CA,Size L,18.12,4,UPS® Ground
Baltimore,Queens Village,NY,Size L,10.41,1,UPS® Ground
Hewitt,Brooklyn,NY,Size L,17.1,3,UPS® Ground
Hewitt,Phoenix,AZ,Size L,14.74,2,UPS® Ground
Hewitt,Houston,TX,Size L,9.41,2,UPS® Ground
Hewitt,San Antonio,TX,Size L,10.41,1,UPS® Ground
Hewitt,Jacksonville,FL,Size L,14.74,2,UPS® Ground
Hewitt,Chicago,IL,Size L,14.74,2,UPS® Ground
Hewitt,Dallas,TX,Size L,9.41,1,UPS® Ground
Hewitt,Wilmington,DE,Size L,16.04,3,UPS® Ground
Hewitt,Austin,TX,Size L,9.41,1,UPS® Ground
Hewitt,Canton,OH,Size L,14.74,3,UPS® Ground
Hewitt,Charlotte,NC,Size L,14.74,3,UPS® Ground
Hewitt,New York,NY,Size L,16.04,3,UPS® Ground
Hewitt,Atlanta,GA,Size L,14.74,2,UPS® Ground
Hewitt,Franklin,TN,Size L,14.74,2,UPS® Ground
Hewitt,Lexington,KY,Size L,14.74,3,UPS® Ground
Hewitt,Orlando,FL,Size L,14.74,2,UPS® Ground
Hewitt,Rochester,NY,Size L,16.04,4,UPS® Ground
Hewitt,Las Vegas,NV,Size L,16.04,3,UPS® Ground
Hewitt,Louisville,KY,Size L,14.74,3,UPS® Ground
Hewitt,Marietta,GA,Size L,14.74,2,UPS® Ground
Hewitt,Colorado Springs,CO,Size L,14.74,2,UPS® Ground
Hewitt,Columbus,OH,Size L,14.74,3,UPS® Ground
Hewitt,Marble Falls,TX,Size L,9.41,1,UPS® Ground
Hewitt,Tampa,FL,Size L,14.74,3,UPS® Ground
Hewitt,San Diego,CA,Size L,16.04,3,UPS® Ground
Hewitt,Columbia,SC,Size L,14.74,2,UPS® Ground
Hewitt,Greenville,SC,Size L,14.74,2,UPS® Ground
Hewitt,Lebanon,TN,Size L,14.74,2,UPS® Ground
Hewitt,Salem,OR,Size L,17.1,4,UPS® Ground
Hewitt,Cleveland,OH,Size L,14.74,3,UPS® Ground
Hewitt,Denver,CO,Size L,14.74,2,UPS® Ground
Hewitt,Omaha,NE,Size L,14.74,2,UPS® Ground
Hewitt,Portland,OR,Size L,17.1,4,UPS® Ground
Hewitt,Raleigh,NC,Size L,16.04,3,UPS® Ground
Hewitt,Richmond,VA,Size L,16.04,3,UPS® Ground
Hewitt,Jackson,MS,Size L,11.36,2,UPS® Ground
Hewitt,Albany,NY,Size L,17.1,4,UPS® Ground
Hewitt,Fort Worth,TX,Size L,9.41,1,UPS® Ground
Hewitt,Oklahoma City,OK,Size L,10.41,2,UPS® Ground
Hewitt,Chesapeake,VA,Size L,16.04,3,UPS® Ground
Hewitt,Miami,FL,Size L,16.04,3,UPS® Ground
Hewitt,Milford,CT,Size L,17.1,3,UPS® Ground
Hewitt,Pittsburgh,PA,Size L,16.04,3,UPS® Ground
Hewitt,San Francisco,CA,Size L,17.1,3,UPS® Ground
Hewitt,San Jose,CA,Size L,17.1,3,UPS® Ground
Hewitt,Tucson,AZ,Size L,14.74,2,UPS® Ground
Hewitt,Virginia Beach,VA,Size L,16.04,3,UPS® Ground
Hewitt,Albuquerque,NM,Size L,11.36,2,UPS® Ground
Hewitt,Gilbert,AZ,Size L,14.74,2,UPS® Ground
Hewitt,Springfield,IL,Size L,14.74,2,UPS® Ground
Hewitt,Alexandria,VA,Size L,16.04,3,UPS® Ground
Hewitt,Kansas City,MO,Size L,11.36,2,UPS® Ground
Hewitt,Knoxville,TN,Size L,14.74,2,UPS® Ground
Hewitt,Lakewood,CO,Size L,14.74,2,UPS® Ground
Hewitt,Nashville,TN,Size L,14.74,2,UPS® Ground
Hewitt,Saint Louis,MO,Size L,14.74,2,UPS® Ground
Hewitt,Seattle,WA,Size L,17.1,4,UPS® Ground
Hewitt,Arlington,TX,Size L,9.41,1,UPS® Ground
Hewitt,Aurora,CO,Size L,14.74,2,UPS® Ground
Hewitt,Boise,ID,Size L,16.04,4,UPS® Ground
Hewitt,Indianapolis,IN,Size L,14.74,3,UPS® Ground
Hewitt,Naples,CO,Size L,11.36,,UPS® Ground
Hewitt,Reno,NV,Size L,16.04,3,UPS® Ground
Hewitt,Riverside,CA,Size L,16.04,3,UPS® Ground
Hewitt,Bismarck,ND,Size L,16.04,3,UPS® Ground
Hewitt,Fresno,TX,Size L,10.41,2,UPS® Ground
Hewitt,Lincoln,RI,Size L,17.1,3,UPS® Ground
Hewitt,Los Angeles,CA,Size L,16.04,3,UPS® Ground
Hewitt,Mansfield,MA,Size L,17.1,3,UPS® Ground
Hewitt,Milwaukee,WI,Size L,14.74,3,UPS® Ground
Hewitt,Madison,IN,Size L,14.74,3,UPS® Ground
Hewitt,Mesa,AZ,Size L,14.74,2,UPS® Ground
Hewitt,Monroe,NC,Size L,14.74,3,UPS® Ground
Hewitt,Philadelphia,PA,Size L,16.04,3,UPS® Ground
Hewitt,Staten Island,NY,Size L,16.04,3,UPS® Ground
Hewitt,Washington,DC,Size L,16.04,3,UPS® Ground
Hewitt,Baltimore,MD,Size L,16.04,3,UPS® Ground
Hewitt,Decatur,IL,Size L,14.74,3,UPS® Ground
Hewitt,Durham,NC,Size L,16.04,3,UPS® Ground
Hewitt,Fayetteville,AR,Size L,11.36,2,UPS® Ground
Hewitt,Glendale,AZ,Size L,14.74,2,UPS® Ground
Hewitt,Midland,GA,Size L,14.74,2,UPS® Ground
Hewitt,Scottsdale,AZ,Size L,14.74,2,UPS® Ground
Hewitt,Woodstock,GA,Size L,14.74,2,UPS® Ground
Hewitt,Chandler,AZ,Size L,14.74,2,UPS® Ground
Hewitt,Cincinnati,OH,Size L,14.74,3,UPS® Ground
Hewitt,Covington,LA,Size L,11.36,2,UPS® Ground
Hewitt,Fort Myers,FL,Size L,14.74,3,UPS® Ground
Hewitt,Greensboro,NC,Size L,16.04,3,UPS® Ground
Hewitt,Henderson,TX,Size L,9.41,1,UPS® Ground
Hewitt,Hamilton,MI,Size L,14.74,3,UPS® Ground
Hewitt,Lewisburg,PA,Size L,16.04,3,UPS® Ground
Hewitt,Littleton,CO,Size L,14.74,2,UPS® Ground
Hewitt,Mount Pleasant,SC,Size L,14.74,2,UPS® Ground
Hewitt,Pasadena,MD,Size L,16.04,3,UPS® Ground
Hewitt,Plano,TX,Size L,9.41,1,UPS® Ground
Hewitt,Sanford,NC,Size L,16.04,3,UPS® Ground
Hewitt,Wayne,ME,Size L,17.1,3,UPS® Ground
Hewitt,Ashland,PA,Size L,16.04,3,UPS® Ground
Hewitt,Burlington,WI,Size L,14.74,3,UPS® Ground
Hewitt,Centerville,IA,Size L,14.74,2,UPS® Ground
Hewitt,Clayton,NC,Size L,16.04,3,UPS® Ground
Hewitt,Encinitas,CA,Size L,16.04,3,UPS® Ground
Hewitt,Fort Collins,CO,Size L,14.74,2,UPS® Ground
Hewitt,Golden,CO,Size L,14.74,2,UPS® Ground
Hewitt,Hudson,NC,Size L,14.74,3,UPS® Ground
Hewitt,Katy,TX,Size L,10.41,2,UPS® Ground
Hewitt,Lancaster,SC,Size L,14.74,2,UPS® Ground
Hewitt,Newark,NJ,Size L,16.04,3,UPS® Ground
Hewitt,Parker,CO,Size L,14.74,2,UPS® Ground
Hewitt,Plymouth,MA,Size L,17.1,3,UPS® Ground
Hewitt,Rancho Cucamonga,CA,Size L,16.04,3,UPS® Ground
Hewitt,Rockville,MD,Size L,16.04,3,UPS® Ground
Hewitt,Sacramento,CA,Size L,17.1,3,UPS® Ground
Hewitt,Tallahassee,FL,Size L,14.74,2,UPS® Ground
Hewitt,The Villages,FL,Size L,14.74,2,UPS® Ground
Hewitt,Westfield,IN,Size L,14.74,3,UPS® Ground
Hewitt,Waterloo,IA,Size L,14.74,2,UPS® Ground
Hewitt,West Chester,PA,Size L,16.04,3,UPS® Ground
Hewitt,Bend,OR,Size L,17.1,4,UPS® Ground
Hewitt,Amarillo,TX,Size L,11.36,2,UPS® Ground
Hewitt,Auburn,MA,Size L,17.1,3,UPS® Ground
Hewitt,Bakersfield,CA,Size L,16.04,3,UPS® Ground
Hewitt,Boca Raton,FL,Size L,16.04,3,UPS® Ground
Hewitt,Benton,LA,Size L,10.41,1,UPS® Ground
Hewitt,Bradenton,FL,Size L,14.74,3,UPS® Ground
Hewitt,Dayton,OH,Size L,14.74,3,UPS® Ground
Hewitt,Duluth,MN,Size L,14.74,3,UPS® Ground
Hewitt,Englewood,CO,Size L,14.74,2,UPS® Ground
Hewitt,Fort Wayne,IN,Size L,14.74,3,UPS® Ground
Hewitt,Frederick,MD,Size L,16.04,3,UPS® Ground
Hewitt,Fredericksburg,VA,Size L,16.04,3,UPS® Ground
Hewitt,Gainesville,FL,Size L,14.74,2,UPS® Ground
Hewitt,Grand Rapids,MI,Size L,14.74,3,UPS® Ground
Hewitt,Green Bay,WI,Size L,14.74,3,UPS® Ground
Hewitt,Morgantown,WV,Size L,16.04,3,UPS® Ground
Hewitt,Pensacola,FL,Size L,11.36,2,UPS® Ground
Hewitt,Princeton,MA,Size L,17.1,3,UPS® Ground
Hewitt,Peoria,AZ,Size L,14.74,2,UPS® Ground
Hewitt,Saint Paul,MN,Size L,14.74,3,UPS® Ground
Hewitt,Savannah,GA,Size L,14.74,2,UPS® Ground
Hewitt,Seaford,NY,Size L,17.1,3,UPS® Ground
Hewitt,Seymour,IN,Size L,14.74,3,UPS® Ground
Hewitt,Spokane,WA,Size L,17.1,4,UPS® Ground
Hewitt,Windsor,CO,Size L,14.74,2,UPS® Ground
Hewitt,Winston-Salem,NC,Size L,14.74,3,UPS® Ground
Hewitt,Worcester,MA,Size L,17.1,3,UPS® Ground
Hewitt,York,PA,Size L,16.04,3,UPS® Ground
Hewitt,Antioch,TN,Size L,14.74,2,UPS® Ground
Hewitt,Athens,GA,Size L,14.74,2,UPS® Ground
Hewitt,Corona,CA,Size L,16.04,3,UPS® Ground
Hewitt,Fairfield,CA,Size L,17.1,3,UPS® Ground
Hewitt,Germantown,MD,Size L,16.04,3,UPS® Ground
Hewitt,Hillsboro,OR,Size L,17.1,4,UPS® Ground
Hewitt,Hope Mills,NC,Size L,16.04,3,UPS® Ground
Hewitt,Hendersonville,NC,Size L,14.74,3,UPS® Ground
Hewitt,Holly Springs,MS,Size L,11.36,2,UPS® Ground
Hewitt,Homer,AK,Size L,46.14,4,UPS® Ground
Hewitt,Laurel,MD,Size L,16.04,3,UPS® Ground
Hewitt,Long Beach,CA,Size L,16.04,3,UPS® Ground
Hewitt,Manteca,CA,Size L,17.1,3,UPS® Ground
Hewitt,Maryville,TN,Size L,14.74,2,UPS® Ground
Hewitt,Magnolia,MS,Size L,11.36,2,UPS® Ground
Hewitt,Memphis,TN,Size L,11.36,2,UPS® Ground
Hewitt,Milton,MA,Size L,17.1,3,UPS® Ground
Hewitt,Montgomery,TX,Size L,9.41,2,UPS® Ground
Hewitt,Myrtle Beach,SC,Size L,16.04,2,UPS® Ground
Hewitt,New Market,AL,Size L,14.74,2,UPS® Ground
Hewitt,Ocala,FL,Size L,14.74,2,UPS® Ground
Hewitt,Olathe,KS,Size L,11.36,2,UPS® Ground
Hewitt,Oxford,MI,Size L,16.04,3,UPS® Ground
Hewitt,Palm Beach Gardens,FL,Size L,16.04,3,UPS® Ground
Hewitt,Roseville,CA,Size L,17.1,3,UPS® Ground
Hewitt,Roswell,GA,Size L,14.74,2,UPS® Ground
Hewitt,Rockwall,TX,Size L,9.41,1,UPS® Ground
Hewitt,Spring,TX,Size L,9.41,2,UPS® Ground
Hewitt,Salisbury,MA,Size L,17.1,3,UPS® Ground
Hewitt,Santa Rosa,CA,Size L,17.1,3,UPS® Ground
Hewitt,Sarasota,FL,Size L,14.74,3,UPS® Ground
Hewitt,Vancouver,WA,Size L,17.1,4,UPS® Ground
Hewitt,Westminster,MD,Size L,16.04,3,UPS® Ground
Hewitt,Canton,GA,Size L,14.74,2,UPS® Ground
Hewitt,Columbia,MO,Size L,11.36,2,UPS® Ground
Hewitt,Naples,FL,Size L,14.74,3,UPS® Ground
Hewitt,Fresno,CA,Size L,16.04,3,UPS® Ground
Hewitt,Cleveland,TN,Size L,14.74,2,UPS® Ground
Hewitt,Henderson,NV,Size L,16.04,3,UPS® Ground
Hewitt,Lincoln,NE,Size L,14.74,2,UPS® Ground
Hewitt,Wilmington,NC,Size L,16.04,3,UPS® Ground
Hewitt,Arvada,CO,Size L,14.74,2,UPS® Ground
Hewitt,Anchorage,AK,Size L,46.14,4,UPS® Ground
Hewitt,Birmingham,AL,Size L,11.36,2,UPS® Ground
Hewitt,Bozeman,MT,Size L,16.04,3,UPS® Ground
Hewitt,Conroe,TX,Size L,9.41,2,UPS® Ground
Hewitt,Carmel Valley,CA,Size L,16.04,3,UPS® Ground
Hewitt,Castle Rock,CO,Size L,14.74,2,UPS® Ground
Hewitt,Cedar Rapids,IA,Size L,14.74,2,UPS® Ground
Hewitt,Cooperstown,NY,Size L,16.04,4,UPS® Ground
Hewitt,Deland,FL,Size L,14.74,2,UPS® Ground
Hewitt,Fort Mill,SC,Size L,14.74,3,UPS® Ground
Hewitt,Fargo,ND,Size L,16.04,3,UPS® Ground
Hewitt,Glen Allen,VA,Size L,16.04,3,UPS® Ground
Hewitt,Grand Junction,CO,Size L,14.74,3,UPS® Ground
Hewitt,Highlands Ranch,CO,Size L,14.74,2,UPS® Ground
Hewitt,Joliet,IL,Size L,14.74,2,UPS® Ground
Hewitt,Kerrville,TX,Size L,10.41,1,UPS® Ground
Hewitt,Longmont,CO,Size L,14.74,2,UPS® Ground
Hewitt,Minneapolis,MN,Size L,14.74,3,UPS® Ground
Hewitt,Naperville,IL,Size L,14.74,2,UPS® Ground
Hewitt,Neosho,MO,Size L,11.36,2,UPS® Ground
Hewitt,Puyallup,WA,Size L,17.1,4,UPS® Ground
Hewitt,Queen Creek,AZ,Size L,14.74,2,UPS® Ground
Hewitt,Saline,MI,Size L,16.04,3,UPS® Ground
Hewitt,Sevierville,TN,Size L,14.74,2,UPS® Ground
Hewitt,Sterling Heights,MI,Size L,16.04,3,UPS® Ground
Hewitt,Thornton,CO,Size L,14.74,2,UPS® Ground
Hewitt,Ventura,CA,Size L,16.04,3,UPS® Ground
Hewitt,Wilmington,MA,Size L,17.1,3,UPS® Ground
Hewitt,Clermont,FL,Size L,14.74,2,UPS® Ground
Hewitt,Abilene,TX,Size L,9.41,1,UPS® Ground
Hewitt,Brick,NJ,Size L,16.04,3,UPS® Ground
Hewitt,Bentonville,AR,Size L,11.36,2,UPS® Ground
Hewitt,Bogart,GA,Size L,14.74,2,UPS® Ground
Hewitt,Boston,MA,Size L,17.1,3,UPS® Ground
Hewitt,Buffalo,NY,Size L,16.04,4,UPS® Ground
Hewitt,Cary,NC,Size L,16.04,3,UPS® Ground
Hewitt,Dallas,GA,Size L,14.74,2,UPS® Ground
Hewitt,Doylestown,PA,Size L,16.04,3,UPS® Ground
Hewitt,Eugene,OR,Size L,17.1,4,UPS® Ground
Hewitt,Edmond,OK,Size L,10.41,2,UPS® Ground
Hewitt,Forney,TX,Size L,9.41,1,UPS® Ground
Hewitt,Fuquay Varina,NC,Size L,16.04,3,UPS® Ground
Hewitt,Glendora,CA,Size L,16.04,3,UPS® Ground
Hewitt,Henrico,VA,Size L,16.04,3,UPS® Ground
Hewitt,Hockessin,DE,Size L,16.04,3,UPS® Ground
Hewitt,Holly Springs,NC,Size L,16.04,3,UPS® Ground
Hewitt,Irvine,CA,Size L,16.04,3,UPS® Ground
Hewitt,Lakeland,FL,Size L,14.74,3,UPS® Ground
Hewitt,Lawrence,KS,Size L,11.36,2,UPS® Ground
Hewitt,League City,TX,Size L,10.41,2,UPS® Ground
Hewitt,Mansfield,TX,Size L,9.41,1,UPS® Ground
Hewitt,Madison,WI,Size L,14.74,3,UPS® Ground
Hewitt,McKinney,TX,Size L,9.41,1,UPS® Ground
Hewitt,Mentor,OH,Size L,14.74,3,UPS® Ground
Hewitt,Mount Airy,MD,Size L,16.04,3,UPS® Ground
Hewitt,Norfolk,VA,Size L,16.04,3,UPS® Ground
Hewitt,Nampa,ID,Size L,16.04,4,UPS® Ground
Hewitt,Noblesville,IN,Size L,14.74,3,UPS® Ground
Hewitt,Orland Park,IL,Size L,14.74,2,UPS® Ground
Hewitt,Palm Harbor,FL,Size L,14.74,2,UPS® Ground
Hewitt,Petaluma,CA,Size L,17.1,3,UPS® Ground
Hewitt,Placentia,CA,Size L,16.04,3,UPS® Ground
Hewitt,Prescott,AZ,Size L,14.74,2,UPS® Ground
Hewitt,Richardson,TX,Size L,9.41,1,UPS® Ground
Hewitt,Roanoke,VA,Size L,14.74,3,UPS® Ground
Hewitt,Richmond,TX,Size L,10.41,2,UPS® Ground
Hewitt,Sanford,ME,Size L,17.1,3,UPS® Ground
Hewitt,Seminole,FL,Size L,14.74,3,UPS® Ground
Hewitt,Sheridan,WY,Size L,16.04,3,UPS® Ground
Hewitt,Sparks,NV,Size L,16.04,3,UPS® Ground
Hewitt,Traverse City,MI,Size L,16.04,3,UPS® Ground
Hewitt,Tulsa,OK,Size L,11.36,2,UPS® Ground
Hewitt,Wake Forest,NC,Size L,16.04,3,UPS® Ground
Hewitt,Waterloo,SC,Size L,14.74,2,UPS® Ground
Hewitt,Waukesha,WI,Size L,14.74,3,UPS® Ground
Hewitt,Wichita,KS,Size L,11.36,2,UPS® Ground
Hewitt,Winnsboro,TX,Size L,9.41,1,UPS® Ground
Hewitt,Woodbury,MN,Size L,14.74,3,UPS® Ground
Hewitt,Cumming,GA,Size L,14.74,2,UPS® Ground
Hewitt,Muskegon,MI,Size L,14.74,3,UPS® Ground
Hewitt,Akron,OH,Size L,14.74,3,UPS® Ground
Hewitt,Albany,OR,Size L,17.1,4,UPS® Ground
Hewitt,Alpharetta,GA,Size L,14.74,2,UPS® Ground
Hewitt,Asheville,NC,Size L,14.74,3,UPS® Ground
Hewitt,Bixby,OK,Size L,11.36,2,UPS® Ground
Hewitt,Boulder,CO,Size L,14.74,2,UPS® Ground
Hewitt,Bethlehem,PA,Size L,16.04,3,UPS® Ground
Hewitt,Brenham,TX,Size L,9.41,1,UPS® Ground
Hewitt,Broken Bow,OK,Size L,9.41,2,UPS® Ground
Hewitt,Cape Coral,FL,Size L,14.74,3,UPS® Ground
Hewitt,Chula Vista,CA,Size L,16.04,3,UPS® Ground
Hewitt,Crawfordville,FL,Size L,14.74,2,UPS® Ground
Hewitt,Cypress,TX,Size L,10.41,2,UPS® Ground
Hewitt,Clearwater,FL,Size L,14.74,3,UPS® Ground
Hewitt,Columbiana,AL,Size L,11.36,2,UPS® Ground
Hewitt,Columbus,GA,Size L,14.74,2,UPS® Ground
Hewitt,Commack,NY,Size L,17.1,3,UPS® Ground
Hewitt,Dublin,CA,Size L,17.1,3,UPS® Ground
Hewitt,Decatur,GA,Size L,14.74,2,UPS® Ground
Hewitt,Deltona,FL,Size L,14.74,2,UPS® Ground
Hewitt,Derry,NH,Size L,17.1,3,UPS® Ground
Hewitt,Douglassville,PA,Size L,16.04,3,UPS® Ground
Hewitt,Easton,PA,Size L,16.04,3,UPS® Ground
Hewitt,El Paso,TX,Size L,11.36,2,UPS® Ground
Hewitt,Escondido,CA,Size L,16.04,3,UPS® Ground
Hewitt,Fairport,NY,Size L,16.04,4,UPS® Ground
Hewitt,Flemington,NJ,Size L,16.04,3,UPS® Ground
Hewitt,Florence,SC,Size L,16.04,2,UPS® Ground
Hewitt,Fort Lauderdale,FL,Size L,16.04,3,UPS® Ground
Hewitt,Frisco,TX,Size L,9.41,1,UPS® Ground
Hewitt,Goodyear,AZ,Size L,14.74,2,UPS® Ground
Hewitt,Gays Mills,WI,Size L,14.74,4,UPS® Ground
Hewitt,Grafton,WI,Size L,14.74,3,UPS® Ground
Hewitt,Green Cove Springs,FL,Size L,14.74,2,UPS® Ground
Hewitt,Greensburg,PA,Size L,16.04,3,UPS® Ground
Hewitt,Honolulu,HI,Size L,46.14,4,UPS® Ground
Hewitt,Humble,TX,Size L,9.41,2,UPS® Ground
Hewitt,Huntington,NY,Size L,17.1,3,UPS® Ground
Hewitt,Idaho Falls,ID,Size L,16.04,3,UPS® Ground
Hewitt,Jackson,TN,Size L,11.36,2,UPS® Ground
Hewitt,Jacksonville,NC,Size L,16.04,3,UPS® Ground
Hewitt,Jenkintown,PA,Size L,16.04,3,UPS® Ground
Hewitt,Johnson City,TN,Size L,14.74,2,UPS® Ground
Hewitt,Kingwood,TX,Size L,9.41,2,UPS® Ground
Hewitt,Lansing,MI,Size L,14.74,3,UPS® Ground
Hewitt,Lapeer,MI,Size L,14.74,3,UPS® Ground
Hewitt,Lawrenceville,GA,Size L,14.74,2,UPS® Ground
Hewitt,Lexington,NC,Size L,16.04,3,UPS® Ground
Hewitt,Lubbock,TX,Size L,11.36,2,UPS® Ground
Hewitt,Medina,OH,Size L,14.74,3,UPS® Ground
Hewitt,Macomb,MI,Size L,16.04,3,UPS® Ground
Hewitt,Magnolia,TX,Size L,9.41,2,UPS® Ground
Hewitt,Martinsburg,WV,Size L,16.04,3,UPS® Ground
Hewitt,Meridian,ID,Size L,16.04,4,UPS® Ground
Hewitt,Mobile,AL,Size L,11.36,2,UPS® Ground
Hewitt,Morrison,CO,Size L,14.74,2,UPS® Ground
Hewitt,Napa,CA,Size L,17.1,3,UPS® Ground
Hewitt,New Braunfels,TX,Size L,10.41,1,UPS® Ground
Hewitt,New Lenox,IL,Size L,14.74,2,UPS® Ground
Hewitt,New Orleans,LA,Size L,11.36,2,UPS® Ground
Hewitt,Newark,DE,Size L,16.04,3,UPS® Ground
Hewitt,Oakland,CA,Size L,17.1,3,UPS® Ground
Hewitt,Owasso,OK,Size L,11.36,2,UPS® Ground
Hewitt,Overland Park,KS,Size L,11.36,2,UPS® Ground
Hewitt,Panama City,FL,Size L,14.74,2,UPS® Ground
Hewitt,Panama City Beach,FL,Size L,14.74,2,UPS® Ground
Hewitt,Patchogue,NY,Size L,17.1,3,UPS® Ground
Hewitt,Port Clinton,OH,Size L,14.74,3,UPS® Ground
Hewitt,Paducah,KY,Size L,11.36,2,UPS® Ground
Hewitt,Palmetto,FL,Size L,14.74,3,UPS® Ground
Hewitt,Pearland,TX,Size L,10.41,2,UPS® Ground
Hewitt,Pella,IA,Size L,14.74,2,UPS® Ground
Hewitt,Pittsford,NY,Size L,16.04,4,UPS® Ground
Hewitt,Port Orange,FL,Size L,14.74,2,UPS® Ground
Hewitt,Ravenna,OH,Size L,14.74,3,UPS® Ground
Hewitt,Roaming Shores,OH,Size L,14.74,3,UPS® Ground
Hewitt,Richmond Hill,GA,Size L,14.74,2,UPS® Ground
Hewitt,Riverview,FL,Size L,14.74,3,UPS® Ground
Hewitt,Rochester,MN,Size L,14.74,3,UPS® Ground
Hewitt,Round Rock,TX,Size L,9.41,1,UPS® Ground
Hewitt,Saint Petersburg,FL,Size L,14.74,3,UPS® Ground
Hewitt,San Leandro,CA,Size L,17.1,3,UPS® Ground
Hewitt,Southington,CT,Size L,17.1,3,UPS® Ground
Hewitt,Spartanburg,SC,Size L,14.74,2,UPS® Ground
Hewitt,Surprise,AZ,Size L,14.74,2,UPS® Ground
Hewitt,Santa Barbara,CA,Size L,16.04,3,UPS® Ground
Hewitt,Shelton,CT,Size L,17.1,3,UPS® Ground
Hewitt,Spring Branch,TX,Size L,10.41,1,UPS® Ground
Hewitt,St. Louis,MO,Size L,14.74,2,UPS® Ground
Hewitt,Stroudsburg,PA,Size L,16.04,3,UPS® Ground
Hewitt,Sunapee,NH,Size L,17.1,3,UPS® Ground
Hewitt,Swedesboro,NJ,Size L,16.04,3,UPS® Ground
Hewitt,Syracuse,NY,Size L,16.04,4,UPS® Ground
Hewitt,Tomball,TX,Size L,9.41,2,UPS® Ground
Hewitt,Topeka,KS,Size L,11.36,2,UPS® Ground
Hewitt,Tuscaloosa,AL,Size L,11.36,2,UPS® Ground
Hewitt,Terre Haute,IN,Size L,14.74,3,UPS® Ground
Hewitt,Tinley Park,IL,Size L,14.74,2,UPS® Ground
Hewitt,Toms River,NJ,Size L,16.04,3,UPS® Ground
Hewitt,Tulare,CA,Size L,16.04,3,UPS® Ground
Hewitt,Vienna,VA,Size L,16.04,3,UPS® Ground
Hewitt,Walnut Creek,CA,Size L,17.1,3,UPS® Ground
Hewitt,Wayne,NJ,Size L,16.04,3,UPS® Ground
Hewitt,Waynesboro,VA,Size L,16.04,3,UPS® Ground
Hewitt,West Sacramento,CA,Size L,17.1,3,UPS® Ground
Hewitt,Yuba City,CA,Size L,17.1,3,UPS® Ground
Hewitt,Zachary,LA,Size L,11.36,2,UPS® Ground
Hewitt,Buford,GA,Size L,14.74,2,UPS® Ground
Hewitt,Modesto,CA,Size L,17.1,3,UPS® Ground
Hewitt,Winter Park,FL,Size L,14.74,2,UPS® Ground
Hewitt,Antioch,IL,Size L,14.74,2,UPS® Ground
Hewitt,Algonquin,IL,Size L,14.74,2,UPS® Ground
Hewitt,Allen,TX,Size L,9.41,1,UPS® Ground
Hewitt,Ames,IA,Size L,14.74,2,UPS® Ground
Hewitt,Anaheim,CA,Size L,16.04,3,UPS® Ground
Hewitt,Aptos,CA,Size L,17.1,3,UPS® Ground
Hewitt,Astoria,NY,Size L,17.1,3,UPS® Ground
Hewitt,Bloomington,IN,Size L,14.74,3,UPS® Ground
Hewitt,Bremerton,WA,Size L,17.1,4,UPS® Ground
Hewitt,Brunswick,OH,Size L,14.74,3,UPS® Ground
Hewitt,Burke,VA,Size L,16.04,3,UPS® Ground
Hewitt,Bedford,IN,Size L,14.74,3,UPS® Ground
Hewitt,Benton,LA,Size L,10.41,1,UPS® Ground
Hewitt,Billings,MT,Size L,16.04,3,UPS® Ground
Hewitt,Birdsboro,PA,Size L,16.04,3,UPS® Ground
Hewitt,Bothell,WA,Size L,17.1,4,UPS® Ground
Hewitt,Bowie,MD,Size L,16.04,3,UPS® Ground
Hewitt,Brentwood,TN,Size L,14.74,2,UPS® Ground
Hewitt,Bronx,NY,Size L,16.04,3,UPS® Ground
Hewitt,Brookfield,WI,Size L,14.74,3,UPS® Ground
Hewitt,Canton,OH,Size L,14.74,3,UPS® Ground
Hewitt,Celina,TX,Size L,9.41,1,UPS® Ground
Hewitt,Chapel Hill,NC,Size L,16.04,3,UPS® Ground
Hewitt,Claremore,OK,Size L,11.36,2,UPS® Ground
Hewitt,Clovis,CA,Size L,16.04,3,UPS® Ground
Hewitt,Cocoa,FL,Size L,14.74,3,UPS® Ground
Hewitt,Callahan,FL,Size L,14.74,2,UPS® Ground
Hewitt,Carmel,IN,Size L,14.74,3,UPS® Ground
Hewitt,Cedar Park,TX,Size L,9.41,1,UPS® Ground
Hewitt,Centennial,CO,Size L,14.74,2,UPS® Ground
Hewitt,Centerville,MA,Size L,17.1,3,UPS® Ground
Hewitt,Charleston,SC,Size L,14.74,2,UPS® Ground
Hewitt,Charlottesville,VA,Size L,16.04,3,UPS® Ground
Hewitt,Clarkesville,GA,Size L,14.74,2,UPS® Ground
Hewitt,Clayton,NC,Size L,16.04,3,UPS® Ground
Hewitt,Clifton,NJ,Size L,16.04,3,UPS® Ground
Hewitt,Collinsville,OK,Size L,11.36,2,UPS® Ground
Hewitt,Columbia,TN,Size L,11.36,2,UPS® Ground
Hewitt,Concord,NC,Size L,14.74,3,UPS® Ground
Hewitt,Cookeville,TN,Size L,14.74,2,UPS® Ground
Hewitt,Corpus Christi,TX,Size L,10.41,1,UPS® Ground
Hewitt,Corrales,NM,Size L,11.36,2,UPS® Ground
Hewitt,Corydon,IN,Size L,14.74,3,UPS® Ground
Hewitt,Cranston,RI,Size L,17.1,3,UPS® Ground
Hewitt,Dekalb,IL,Size L,14.74,2,UPS® Ground
Hewitt,Delaware,OH,Size L,14.74,3,UPS® Ground
Hewitt,Delmar,NY,Size L,17.1,4,UPS® Ground
Hewitt,Des Moines,IA,Size L,14.74,2,UPS® Ground
Hewitt,Dickson,TN,Size L,14.74,2,UPS® Ground
Hewitt,Downers Grove,IL,Size L,14.74,2,UPS® Ground
Hewitt,Dripping Springs,TX,Size L,9.41,1,UPS® Ground
Hewitt,Eustis,FL,Size L,14.74,2,UPS® Ground
Hewitt,East Hampton,NY,Size L,17.1,3,UPS® Ground
Hewitt,Fenton,MO,Size L,11.36,2,UPS® Ground
Hewitt,Fayetteville,AR,Size L,11.36,2,UPS® Ground
Hewitt,Flower Mound,TX,Size L,9.41,1,UPS® Ground
Hewitt,Franklin,OH,Size L,14.74,3,UPS® Ground
Hewitt,Friendswood,TX,Size L,10.41,2,UPS® Ground
Hewitt,Gainesville,FL,Size L,14.74,2,UPS® Ground
Hewitt,Gainesville,GA,Size L,14.74,2,UPS® Ground
Hewitt,Glendale,CA,Size L,16.04,3,UPS® Ground
Hewitt,Greenville,SC,Size L,14.74,2,UPS® Ground
Hewitt,Greenville,MI,Size L,14.74,3,UPS® Ground
Hewitt,Gaithersburg,MD,Size L,16.04,3,UPS® Ground
Hewitt,Garner,NC,Size L,16.04,3,UPS® Ground
Hewitt,Gastonia,NC,Size L,14.74,3,UPS® Ground
Hewitt,Granada Hills,CA,Size L,16.04,3,UPS® Ground
Hewitt,Granbury,TX,Size L,9.41,1,UPS® Ground
Hewitt,Griffin,GA,Size L,14.74,2,UPS® Ground
Hewitt,Harpers Ferry,WV,Size L,16.04,3,UPS® Ground
Hewitt,Haverhill,MA,Size L,17.1,3,UPS® Ground
Hewitt,Hayward,CA,Size L,17.1,3,UPS® Ground
Hewitt,Herriman,UT,Size L,14.74,3,UPS® Ground
Hewitt,Hillsboro,OR,Size L,17.1,4,UPS® Ground
Hewitt,Hoboken,NJ,Size L,16.04,3,UPS® Ground
Hewitt,Huntley,IL,Size L,14.74,2,UPS® Ground
Hewitt,Hagerstown,MD,Size L,16.04,3,UPS® Ground
Hewitt,Hamilton,OH,Size L,14.74,3,UPS® Ground
Hewitt,Harrisburg,PA,Size L,16.04,3,UPS® Ground
Hewitt,Hendersonville,NC,Size L,14.74,3,UPS® Ground
Hewitt,Hendersonville,TN,Size L,14.74,2,UPS® Ground
Hewitt,Holland,MI,Size L,14.74,3,UPS® Ground
Hewitt,Indian Trail,NC,Size L,14.74,3,UPS® Ground
Hewitt,Jersey City,NJ,Size L,16.04,3,UPS® Ground
Hewitt,Johnstown,PA,Size L,16.04,3,UPS® Ground
Hewitt,Kalamazoo,MI,Size L,14.74,3,UPS® Ground
Hewitt,Keatchie,LA,Size L,10.41,2,UPS® Ground
Hewitt,Kennewick,WA,Size L,17.1,4,UPS® Ground
Hewitt,Kingsport,TN,Size L,14.74,2,UPS® Ground
Hewitt,Lake Elsinore,CA,Size L,16.04,3,UPS® Ground
Hewitt,Lebanon,OH,Size L,14.74,3,UPS® Ground
Hewitt,Little Rock,AR,Size L,11.36,2,UPS® Ground
Hewitt,Livonia,MI,Size L,16.04,3,UPS® Ground
Hewitt,Los Alamos,NM,Size L,11.36,2,UPS® Ground
Hewitt,Loveland,CO,Size L,14.74,2,UPS® Ground
Hewitt,La Mesa,CA,Size L,16.04,3,UPS® Ground
Hewitt,La Quinta,CA,Size L,16.04,3,UPS® Ground
Hewitt,Lake Oswego,OR,Size L,17.1,4,UPS® Ground
Hewitt,Lake Saint Louis,MO,Size L,14.74,2,UPS® Ground
Hewitt,Lake in the Hills,IL,Size L,14.74,2,UPS® Ground
Hewitt,Lakeway,TX,Size L,9.41,1,UPS® Ground
Hewitt,Lancaster,NY,Size L,16.04,4,UPS® Ground
Hewitt,Leander,TX,Size L,9.41,1,UPS® Ground
Hewitt,Lees Summit,MO,Size L,11.36,2,UPS® Ground
Hewitt,Lenoir,NC,Size L,14.74,3,UPS® Ground
Hewitt,Lewis Center,OH,Size L,14.74,3,UPS® Ground
Hewitt,Lexington,IN,Size L,14.74,3,UPS® Ground
Hewitt,Lodi,CA,Size L,17.1,3,UPS® Ground
Hewitt,Lynden,WA,Size L,17.1,4,UPS® Ground
Hewitt,Methuen,MA,Size L,17.1,3,UPS® Ground
Hewitt,Milford,CT,Size L,17.1,3,UPS® Ground
Hewitt,Mineola,TX,Size L,9.41,1,UPS® Ground
Hewitt,Missoula,MT,Size L,16.04,3,UPS® Ground
Hewitt,Mansfield,OH,Size L,14.74,3,UPS® Ground
Hewitt,McDonough,GA,Size L,14.74,2,UPS® Ground
Hewitt,Merritt Island,FL,Size L,14.74,3,UPS® Ground
Hewitt,Midlothian,VA,Size L,16.04,3,UPS® Ground
Hewitt,Millington,TN,Size L,11.36,2,UPS® Ground
Hewitt,Milton,FL,Size L,11.36,2,UPS® Ground
Hewitt,Moab,UT,Size L,14.74,4,UPS® Ground
Hewitt,Monroe,NC,Size L,14.74,3,UPS® Ground
Hewitt,Mooresville,IN,Size L,14.74,3,UPS® Ground
Hewitt,Morganton,NC,Size L,14.74,3,UPS® Ground
Hewitt,Murfreesboro,TN,Size L,14.74,2,UPS® Ground
Hewitt,Newburgh,NY,Size L,17.1,5,UPS® Ground
Hewitt,Navarre,FL,Size L,11.36,2,UPS® Ground
Hewitt,New Market,AL,Size L,14.74,2,UPS® Ground
Hewitt,Newnan,GA,Size L,14.74,2,UPS® Ground
Hewitt,Norman,OK,Size L,10.41,2,UPS® Ground
Hewitt,Novi,MI,Size L,16.04,3,UPS® Ground
Hewitt,Ormond Beach,FL,Size L,14.74,2,UPS® Ground
Hewitt,Owensboro,KY,Size L,14.74,2,UPS® Ground
Hewitt,Oconto,WI,Size L,14.74,3,UPS® Ground
Hewitt,Old Bridge,NJ,Size L,16.04,3,UPS® Ground
Hewitt,Olympia,WA,Size L,17.1,4,UPS® Ground
Hewitt,Oregon City,OR,Size L,17.1,4,UPS® Ground
Hewitt,Oxford,MI,Size L,16.04,3,UPS® Ground
Hewitt,Peachtree City,GA,Size L,14.74,2,UPS® Ground
Hewitt,Pleasanton,CA,Size L,17.1,3,UPS® Ground
Hewitt,Poughkeepsie,NY,Size L,17.1,5,UPS® Ground
Hewitt,Pagosa Springs,CO,Size L,11.36,3,UPS® Ground
Hewitt,Pasadena,CA,Size L,16.04,3,UPS® Ground
Hewitt,Pasadena,TX,Size L,10.41,2,UPS® Ground
Hewitt,Pasco,WA,Size L,17.1,4,UPS® Ground
Hewitt,Pawtucket,RI,Size L,17.1,3,UPS® Ground
Hewitt,Pembroke,MA,Size L,17.1,3,UPS® Ground
Hewitt,Perrysburg,OH,Size L,14.74,3,UPS® Ground
Hewitt,Plant City,FL,Size L,14.74,3,UPS® Ground
Hewitt,Port Orchard,WA,Size L,17.1,4,UPS® Ground
Hewitt,Prescott Valley,AZ,Size L,14.74,2,UPS® Ground
Hewitt,Princeton,NJ,Size L,16.04,3,UPS® Ground
Hewitt,Quincy,MA,Size L,17.1,3,UPS® Ground
Hewitt,Redwood City,CA,Size L,17.1,3,UPS® Ground
Hewitt,Rohnert Park,CA,Size L,17.1,3,UPS® Ground
Hewitt,Rigby,ID,Size L,16.04,4,UPS® Ground
Hewitt,Ripon,WI,Size L,14.74,3,UPS® Ground
Hewitt,Rogers,AR,Size L,11.36,2,UPS® Ground
Hewitt,Rowlett,TX,Size L,9.41,1,UPS® Ground
Hewitt,Rydal,PA,Size L,16.04,3,UPS® Ground
Hewitt,Shepherdsville,KY,Size L,14.74,3,UPS® Ground
Hewitt,Shreveport,LA,Size L,10.41,1,UPS® Ground
Hewitt,Stamford,CT,Size L,17.1,3,UPS® Ground
Hewitt,Salt Lake City,UT,Size L,14.74,3,UPS® Ground
Hewitt,Sanford,NC,Size L,16.04,3,UPS® Ground
Hewitt,Santa Ana,CA,Size L,16.04,3,UPS® Ground
Hewitt,Santa Cruz,CA,Size L,17.1,3,UPS® Ground
Hewitt,Santa Fe,NM,Size L,11.36,2,UPS® Ground
Hewitt,Sarver,PA,Size L,16.04,3,UPS® Ground
Hewitt,Schenectady,NY,Size L,17.1,4,UPS® Ground
Hewitt,Sierra Vista,AZ,Size L,14.74,2,UPS® Ground
Hewitt,Silver Spring,MD,Size L,16.04,3,UPS® Ground
Hewitt,South Jordan,UT,Size L,14.74,3,UPS® Ground
Hewitt,Springfield,MO,Size L,11.36,2,UPS® Ground
Hewitt,Summerville,SC,Size L,14.74,2,UPS® Ground
Hewitt,Sumter,SC,Size L,14.74,2,UPS® Ground
Hewitt,Sun City,AZ,Size L,14.74,2,UPS® Ground
Hewitt,Syosset,NY,Size L,17.1,3,UPS® Ground
Hewitt,Taunton,MA,Size L,17.1,3,UPS® Ground
Hewitt,Texarkana,TX,Size L,10.41,1,UPS® Ground
Hewitt,Toledo,OH,Size L,14.74,3,UPS® Ground
Hewitt,Urbana,OH,Size L,14.74,3,UPS® Ground
Hewitt,Valparaiso,IN,Size L,14.74,3,UPS® Ground
Hewitt,Waco,TX,Size L,9.41,1,UPS® Ground
Hewitt,West Lafayette,IN,Size L,14.74,3,UPS® Ground
Hewitt,Winter Garden,FL,Size L,14.74,2,UPS® Ground
Hewitt,Winter Haven,FL,Size L,14.74,2,UPS® Ground
Hewitt,Wylie,TX,Size L,9.41,1,UPS® Ground
Hewitt,Waldorf,MD,Size L,16.04,3,UPS® Ground
Hewitt,Wesley Chapel,FL,Size L,14.74,3,UPS® Ground
Hewitt,West Palm Beach,FL,Size L,16.04,3,UPS® Ground
Hewitt,Williamsburg,VA,Size L,16.04,3,UPS® Ground
Hewitt,Woodbridge,VA,Size L,16.04,3,UPS® Ground
Hewitt,Woodside,CA,Size L,17.1,3,UPS® Ground
Hewitt,Yorba Linda,CA,Size L,16.04,3,UPS® Ground
Hewitt,Queens Village,NY,Size L,17.1,3,UPS® Ground
FromAddress,ToCity,ToState,PackageSize,Cost,ShippingTimeDays,Service
Albuquerque,Brooklyn,NY,Size L,18.12,6,UPS® Ground
Albuquerque,Phoenix,AZ,Size L,11.36,2,UPS® Ground
Albuquerque,Houston,TX,Size L,14.74,2,UPS® Ground
Albuquerque,San Antonio,TX,Size L,14.74,2,UPS® Ground
Albuquerque,Jacksonville,FL,Size L,17.1,3,UPS® Ground
Albuquerque,Chicago,IL,Size L,16.04,4,UPS® Ground
Albuquerque,Dallas,TX,Size L,11.36,2,UPS® Ground
Albuquerque,Wilmington,DE,Size L,17.1,4,UPS® Ground
Albuquerque,Austin,TX,Size L,14.74,2,UPS® Ground
Albuquerque,Canton,OH,Size L,17.1,5,UPS® Ground
Albuquerque,Charlotte,NC,Size L,17.1,3,UPS® Ground
Albuquerque,New York,NY,Size L,18.12,6,UPS® Ground
Albuquerque,Atlanta,GA,Size L,16.04,3,UPS® Ground
Albuquerque,Franklin,TN,Size L,16.04,3,UPS® Ground
Albuquerque,Lexington,KY,Size L,16.04,4,UPS® Ground
Albuquerque,Orlando,FL,Size L,17.1,3,UPS® Ground
Albuquerque,Rochester,NY,Size L,17.1,5,UPS® Ground
Albuquerque,Las Vegas,NV,Size L,11.36,2,UPS® Ground
Albuquerque,Louisville,KY,Size L,16.04,4,UPS® Ground
Albuquerque,Marietta,GA,Size L,16.04,3,UPS® Ground
Albuquerque,Colorado Springs,CO,Size L,11.36,3,UPS® Ground
Albuquerque,Columbus,OH,Size L,16.04,5,UPS® Ground
Albuquerque,Marble Falls,TX,Size L,14.74,2,UPS® Ground
Albuquerque,Tampa,FL,Size L,17.1,3,UPS® Ground
Albuquerque,San Diego,CA,Size L,14.74,3,UPS® Ground
Albuquerque,Columbia,SC,Size L,17.1,3,UPS® Ground
Albuquerque,Greenville,SC,Size L,16.04,3,UPS® Ground
Albuquerque,Lebanon,TN,Size L,16.04,3,UPS® Ground
Albuquerque,Salem,OR,Size L,16.04,4,UPS® Ground
Albuquerque,Cleveland,OH,Size L,17.1,5,UPS® Ground
Albuquerque,Denver,CO,Size L,11.36,3,UPS® Ground
Albuquerque,Omaha,NE,Size L,14.74,4,UPS® Ground
Albuquerque,Portland,OR,Size L,16.04,4,UPS® Ground
Albuquerque,Raleigh,NC,Size L,17.1,3,UPS® Ground
Albuquerque,Richmond,VA,Size L,17.1,4,UPS® Ground
Albuquerque,Jackson,MS,Size L,14.74,3,UPS® Ground
Albuquerque,Albany,NY,Size L,18.12,5,UPS® Ground
Albuquerque,Fort Worth,TX,Size L,11.36,2,UPS® Ground
Albuquerque,Oklahoma City,OK,Size L,11.36,2,UPS® Ground
Albuquerque,Chesapeake,VA,Size L,17.1,4,UPS® Ground
Albuquerque,Miami,FL,Size L,17.1,4,UPS® Ground
Albuquerque,Milford,CT,Size L,18.12,6,UPS® Ground
Albuquerque,Pittsburgh,PA,Size L,17.1,5,UPS® Ground
Albuquerque,San Francisco,CA,Size L,14.74,3,UPS® Ground
Albuquerque,San Jose,CA,Size L,14.74,3,UPS® Ground
Albuquerque,Tucson,AZ,Size L,11.36,2,UPS® Ground
Albuquerque,Virginia Beach,VA,Size L,17.1,4,UPS® Ground
Albuquerque,Albuquerque,NM,Size L,9.41,1,UPS® Ground
Albuquerque,Gilbert,AZ,Size L,11.36,2,UPS® Ground
Albuquerque,Springfield,IL,Size L,14.74,3,UPS® Ground
Albuquerque,Alexandria,VA,Size L,17.1,4,UPS® Ground
Albuquerque,Kansas City,MO,Size L,14.74,3,UPS® Ground
Albuquerque,Knoxville,TN,Size L,16.04,3,UPS® Ground
Albuquerque,Lakewood,CO,Size L,11.36,3,UPS® Ground
Albuquerque,Nashville,TN,Size L,16.04,3,UPS® Ground
Albuquerque,Saint Louis,MO,Size L,14.74,3,UPS® Ground
Albuquerque,Seattle,WA,Size L,16.04,4,UPS® Ground
Albuquerque,Arlington,TX,Size L,11.36,2,UPS® Ground
Albuquerque,Aurora,CO,Size L,11.36,3,UPS® Ground
Albuquerque,Boise,ID,Size L,14.74,4,UPS® Ground
Albuquerque,Indianapolis,IN,Size L,16.04,5,UPS® Ground
Albuquerque,Naples,CO,Size L,10.41,,UPS® Ground
Albuquerque,Reno,NV,Size L,14.74,3,UPS® Ground
Albuquerque,Riverside,CA,Size L,11.36,3,UPS® Ground
Albuquerque,Bismarck,ND,Size L,14.74,5,UPS® Ground
Albuquerque,Fresno,TX,Size L,14.74,2,UPS® Ground
Albuquerque,Lincoln,RI,Size L,18.12,6,UPS® Ground
Albuquerque,Los Angeles,CA,Size L,14.74,3,UPS® Ground
Albuquerque,Mansfield,MA,Size L,18.12,6,UPS® Ground
Albuquerque,Milwaukee,WI,Size L,16.04,4,UPS® Ground
Albuquerque,Madison,IN,Size L,16.04,5,UPS® Ground
Albuquerque,Mesa,AZ,Size L,11.36,2,UPS® Ground
Albuquerque,Monroe,NC,Size L,17.1,3,UPS® Ground
Albuquerque,Philadelphia,PA,Size L,17.1,5,UPS® Ground
Albuquerque,Staten Island,NY,Size L,17.1,6,UPS® Ground
Albuquerque,Washington,DC,Size L,17.1,4,UPS® Ground
Albuquerque,Baltimore,MD,Size L,17.1,4,UPS® Ground
Albuquerque,Decatur,IL,Size L,14.74,3,UPS® Ground
Albuquerque,Durham,NC,Size L,17.1,3,UPS® Ground
Albuquerque,Fayetteville,AR,Size L,14.74,2,UPS® Ground
Albuquerque,Glendale,AZ,Size L,11.36,2,UPS® Ground
Albuquerque,Midland,GA,Size L,16.04,3,UPS® Ground
Albuquerque,Scottsdale,AZ,Size L,11.36,2,UPS® Ground
Albuquerque,Woodstock,GA,Size L,16.04,3,UPS® Ground
Albuquerque,Chandler,AZ,Size L,11.36,2,UPS® Ground
Albuquerque,Cincinnati,OH,Size L,16.04,5,UPS® Ground
Albuquerque,Covington,LA,Size L,16.04,3,UPS® Ground
Albuquerque,Fort Myers,FL,Size L,17.1,4,UPS® Ground
Albuquerque,Greensboro,NC,Size L,17.1,3,UPS® Ground
Albuquerque,Henderson,TX,Size L,14.74,2,UPS® Ground
Albuquerque,Hamilton,MI,Size L,16.04,4,UPS® Ground
Albuquerque,Lewisburg,PA,Size L,17.1,5,UPS® Ground
Albuquerque,Littleton,CO,Size L,11.36,3,UPS® Ground
Albuquerque,Mount Pleasant,SC,Size L,17.1,3,UPS® Ground
Albuquerque,Pasadena,MD,Size L,17.1,4,UPS® Ground
Albuquerque,Plano,TX,Size L,11.36,2,UPS® Ground
Albuquerque,Sanford,NC,Size L,17.1,3,UPS® Ground
Albuquerque,Wayne,ME,Size L,18.12,6,UPS® Ground
Albuquerque,Ashland,PA,Size L,17.1,5,UPS® Ground
Albuquerque,Burlington,WI,Size L,16.04,4,UPS® Ground
Albuquerque,Centerville,IA,Size L,14.74,3,UPS® Ground
Albuquerque,Clayton,NC,Size L,17.1,3,UPS® Ground
Albuquerque,Encinitas,CA,Size L,11.36,3,UPS® Ground
Albuquerque,Fort Collins,CO,Size L,11.36,3,UPS® Ground
Albuquerque,Golden,CO,Size L,11.36,3,UPS® Ground
Albuquerque,Hudson,NC,Size L,17.1,3,UPS® Ground
Albuquerque,Katy,TX,Size L,16.04,2,UPS® Ground
Albuquerque,Lancaster,SC,Size L,17.1,3,UPS® Ground
Albuquerque,Newark,NJ,Size L,17.1,6,UPS® Ground
Albuquerque,Parker,CO,Size L,11.36,3,UPS® Ground
Albuquerque,Plymouth,MA,Size L,18.12,6,UPS® Ground
Albuquerque,Rancho Cucamonga,CA,Size L,14.74,3,UPS® Ground
Albuquerque,Rockville,MD,Size L,17.1,4,UPS® Ground
Albuquerque,Sacramento,CA,Size L,14.74,3,UPS® Ground
Albuquerque,Tallahassee,FL,Size L,16.04,3,UPS® Ground
Albuquerque,The Villages,FL,Size L,17.1,3,UPS® Ground
Albuquerque,Westfield,IN,Size L,16.04,5,UPS® Ground
Albuquerque,Waterloo,IA,Size L,14.74,3,UPS® Ground
Albuquerque,West Chester,PA,Size L,17.1,5,UPS® Ground
Albuquerque,Bend,OR,Size L,14.74,4,UPS® Ground
Albuquerque,Amarillo,TX,Size L,10.41,1,UPS® Ground
Albuquerque,Auburn,MA,Size L,18.12,6,UPS® Ground
Albuquerque,Bakersfield,CA,Size L,14.74,3,UPS® Ground
Albuquerque,Boca Raton,FL,Size L,17.1,4,UPS® Ground
Albuquerque,Benton,LA,Size L,14.74,2,UPS® Ground
Albuquerque,Bradenton,FL,Size L,17.1,4,UPS® Ground
Albuquerque,Dayton,OH,Size L,16.04,5,UPS® Ground
Albuquerque,Duluth,MN,Size L,16.04,4,UPS® Ground
Albuquerque,Englewood,CO,Size L,11.36,3,UPS® Ground
Albuquerque,Fort Wayne,IN,Size L,16.04,4,UPS® Ground
Albuquerque,Frederick,MD,Size L,17.1,4,UPS® Ground
Albuquerque,Fredericksburg,VA,Size L,17.1,4,UPS® Ground
Albuquerque,Gainesville,FL,Size L,17.1,3,UPS® Ground
Albuquerque,Grand Rapids,MI,Size L,16.04,4,UPS® Ground
Albuquerque,Green Bay,WI,Size L,16.04,5,UPS® Ground
Albuquerque,Morgantown,WV,Size L,17.1,4,UPS® Ground
Albuquerque,Pensacola,FL,Size L,16.04,3,UPS® Ground
Albuquerque,Princeton,MA,Size L,18.12,6,UPS® Ground
Albuquerque,Peoria,AZ,Size L,11.36,2,UPS® Ground
Albuquerque,Saint Paul,MN,Size L,14.74,4,UPS® Ground
Albuquerque,Savannah,GA,Size L,17.1,3,UPS® Ground
Albuquerque,Seaford,NY,Size L,18.12,6,UPS® Ground
Albuquerque,Seymour,IN,Size L,16.04,5,UPS® Ground
Albuquerque,Spokane,WA,Size L,16.04,4,UPS® Ground
Albuquerque,Windsor,CO,Size L,11.36,3,UPS® Ground
Albuquerque,Winston-Salem,NC,Size L,17.1,3,UPS® Ground
Albuquerque,Worcester,MA,Size L,18.12,6,UPS® Ground
Albuquerque,York,PA,Size L,17.1,5,UPS® Ground
Albuquerque,Antioch,TN,Size L,16.04,3,UPS® Ground
Albuquerque,Athens,GA,Size L,16.04,3,UPS® Ground
Albuquerque,Corona,CA,Size L,14.74,3,UPS® Ground
Albuquerque,Fairfield,CA,Size L,14.74,3,UPS® Ground
Albuquerque,Germantown,MD,Size L,17.1,4,UPS® Ground
Albuquerque,Hillsboro,OR,Size L,16.04,4,UPS® Ground
Albuquerque,Hope Mills,NC,Size L,17.1,3,UPS® Ground
Albuquerque,Hendersonville,NC,Size L,16.04,3,UPS® Ground
Albuquerque,Holly Springs,MS,Size L,14.74,3,UPS® Ground
Albuquerque,Homer,AK,Size L,46.14,5,UPS® Ground
Albuquerque,Laurel,MD,Size L,17.1,4,UPS® Ground
Albuquerque,Long Beach,CA,Size L,14.74,3,UPS® Ground
Albuquerque,Manteca,CA,Size L,14.74,3,UPS® Ground
Albuquerque,Maryville,TN,Size L,16.04,3,UPS® Ground
Albuquerque,Magnolia,MS,Size L,14.74,3,UPS® Ground
Albuquerque,Memphis,TN,Size L,14.74,3,UPS® Ground
Albuquerque,Milton,MA,Size L,18.12,6,UPS® Ground
Albuquerque,Montgomery,TX,Size L,14.74,2,UPS® Ground
Albuquerque,Myrtle Beach,SC,Size L,17.1,3,UPS® Ground
Albuquerque,New Market,AL,Size L,16.04,3,UPS® Ground
Albuquerque,Ocala,FL,Size L,17.1,3,UPS® Ground
Albuquerque,Olathe,KS,Size L,14.74,4,UPS® Ground
Albuquerque,Oxford,MI,Size L,16.04,5,UPS® Ground
Albuquerque,Palm Beach Gardens,FL,Size L,17.1,4,UPS® Ground
Albuquerque,Roseville,CA,Size L,14.74,3,UPS® Ground
Albuquerque,Roswell,GA,Size L,16.04,3,UPS® Ground
Albuquerque,Rockwall,TX,Size L,11.36,2,UPS® Ground
Albuquerque,Spring,TX,Size L,14.74,2,UPS® Ground
Albuquerque,Salisbury,MA,Size L,18.12,6,UPS® Ground
Albuquerque,Santa Rosa,CA,Size L,14.74,3,UPS® Ground
Albuquerque,Sarasota,FL,Size L,17.1,4,UPS® Ground
Albuquerque,Vancouver,WA,Size L,16.04,4,UPS® Ground
Albuquerque,Westminster,MD,Size L,17.1,4,UPS® Ground
Albuquerque,Canton,GA,Size L,16.04,3,UPS® Ground
Albuquerque,Columbia,MO,Size L,14.74,3,UPS® Ground
Albuquerque,Naples,FL,Size L,17.1,4,UPS® Ground
Albuquerque,Fresno,CA,Size L,14.74,3,UPS® Ground
Albuquerque,Cleveland,TN,Size L,16.04,3,UPS® Ground
Albuquerque,Henderson,NV,Size L,11.36,2,UPS® Ground
Albuquerque,Lincoln,NE,Size L,14.74,4,UPS® Ground
Albuquerque,Wilmington,NC,Size L,17.1,3,UPS® Ground
Albuquerque,Arvada,CO,Size L,11.36,3,UPS® Ground
Albuquerque,Anchorage,AK,Size L,46.14,5,UPS® Ground
Albuquerque,Birmingham,AL,Size L,16.04,3,UPS® Ground
Albuquerque,Bozeman,MT,Size L,14.74,4,UPS® Ground
Albuquerque,Conroe,TX,Size L,14.74,2,UPS® Ground
Albuquerque,Carmel Valley,CA,Size L,14.74,3,UPS® Ground
Albuquerque,Castle Rock,CO,Size L,11.36,3,UPS® Ground
Albuquerque,Cedar Rapids,IA,Size L,14.74,3,UPS® Ground
Albuquerque,Cooperstown,NY,Size L,17.1,5,UPS® Ground
Albuquerque,Deland,FL,Size L,17.1,3,UPS® Ground
Albuquerque,Fort Mill,SC,Size L,17.1,3,UPS® Ground
Albuquerque,Fargo,ND,Size L,14.74,4,UPS® Ground
Albuquerque,Glen Allen,VA,Size L,17.1,4,UPS® Ground
Albuquerque,Grand Junction,CO,Size L,10.41,3,UPS® Ground
Albuquerque,Highlands Ranch,CO,Size L,11.36,3,UPS® Ground
Albuquerque,Joliet,IL,Size L,16.04,4,UPS® Ground
Albuquerque,Kerrville,TX,Size L,14.74,2,UPS® Ground
Albuquerque,Longmont,CO,Size L,11.36,3,UPS® Ground
Albuquerque,Minneapolis,MN,Size L,14.74,4,UPS® Ground
Albuquerque,Naperville,IL,Size L,16.04,4,UPS® Ground
Albuquerque,Neosho,MO,Size L,14.74,3,UPS® Ground
Albuquerque,Puyallup,WA,Size L,16.04,4,UPS® Ground
Albuquerque,Queen Creek,AZ,Size L,11.36,2,UPS® Ground
Albuquerque,Saline,MI,Size L,16.04,5,UPS® Ground
Albuquerque,Sevierville,TN,Size L,16.04,3,UPS® Ground
Albuquerque,Sterling Heights,MI,Size L,16.04,5,UPS® Ground
Albuquerque,Thornton,CO,Size L,11.36,3,UPS® Ground
Albuquerque,Ventura,CA,Size L,14.74,3,UPS® Ground
Albuquerque,Wilmington,MA,Size L,18.12,6,UPS® Ground
Albuquerque,Clermont,FL,Size L,17.1,3,UPS® Ground
Albuquerque,Abilene,TX,Size L,11.36,2,UPS® Ground
Albuquerque,Brick,NJ,Size L,18.12,6,UPS® Ground
Albuquerque,Bentonville,AR,Size L,14.74,2,UPS® Ground
Albuquerque,Bogart,GA,Size L,16.04,3,UPS® Ground
Albuquerque,Boston,MA,Size L,18.12,6,UPS® Ground
Albuquerque,Buffalo,NY,Size L,17.1,5,UPS® Ground
Albuquerque,Cary,NC,Size L,17.1,3,UPS® Ground
Albuquerque,Dallas,GA,Size L,16.04,3,UPS® Ground
Albuquerque,Doylestown,PA,Size L,17.1,5,UPS® Ground
Albuquerque,Eugene,OR,Size L,16.04,4,UPS® Ground
Albuquerque,Edmond,OK,Size L,11.36,2,UPS® Ground
Albuquerque,Forney,TX,Size L,14.74,2,UPS® Ground
Albuquerque,Fuquay Varina,NC,Size L,17.1,3,UPS® Ground
Albuquerque,Glendora,CA,Size L,14.74,3,UPS® Ground
Albuquerque,Henrico,VA,Size L,17.1,4,UPS® Ground
Albuquerque,Hockessin,DE,Size L,17.1,4,UPS® Ground
Albuquerque,Holly Springs,NC,Size L,17.1,3,UPS® Ground
Albuquerque,Irvine,CA,Size L,14.74,3,UPS® Ground
Albuquerque,Lakeland,FL,Size L,17.1,3,UPS® Ground
Albuquerque,Lawrence,KS,Size L,14.74,3,UPS® Ground
Albuquerque,League City,TX,Size L,14.74,2,UPS® Ground
Albuquerque,Mansfield,TX,Size L,11.36,2,UPS® Ground
Albuquerque,Madison,WI,Size L,16.04,4,UPS® Ground
Albuquerque,McKinney,TX,Size L,11.36,2,UPS® Ground
Albuquerque,Mentor,OH,Size L,17.1,5,UPS® Ground
Albuquerque,Mount Airy,MD,Size L,17.1,4,UPS® Ground
Albuquerque,Norfolk,VA,Size L,17.1,4,UPS® Ground
Albuquerque,Nampa,ID,Size L,14.74,4,UPS® Ground
Albuquerque,Noblesville,IN,Size L,16.04,5,UPS® Ground
Albuquerque,Orland Park,IL,Size L,16.04,4,UPS® Ground
Albuquerque,Palm Harbor,FL,Size L,17.1,3,UPS® Ground
Albuquerque,Petaluma,CA,Size L,14.74,3,UPS® Ground
Albuquerque,Placentia,CA,Size L,14.74,3,UPS® Ground
Albuquerque,Prescott,AZ,Size L,11.36,2,UPS® Ground
Albuquerque,Richardson,TX,Size L,11.36,2,UPS® Ground
Albuquerque,Roanoke,VA,Size L,17.1,4,UPS® Ground
Albuquerque,Richmond,TX,Size L,16.04,2,UPS® Ground
Albuquerque,Sanford,ME,Size L,18.12,6,UPS® Ground
Albuquerque,Seminole,FL,Size L,17.1,3,UPS® Ground
Albuquerque,Sheridan,WY,Size L,14.74,4,UPS® Ground
Albuquerque,Sparks,NV,Size L,14.74,3,UPS® Ground
Albuquerque,Traverse City,MI,Size L,16.04,5,UPS® Ground
Albuquerque,Tulsa,OK,Size L,14.74,2,UPS® Ground
Albuquerque,Wake Forest,NC,Size L,17.1,3,UPS® Ground
Albuquerque,Waterloo,SC,Size L,16.04,3,UPS® Ground
Albuquerque,Waukesha,WI,Size L,16.04,4,UPS® Ground
Albuquerque,Wichita,KS,Size L,11.36,4,UPS® Ground
Albuquerque,Winnsboro,TX,Size L,14.74,2,UPS® Ground
Albuquerque,Woodbury,MN,Size L,14.74,4,UPS® Ground
Albuquerque,Cumming,GA,Size L,16.04,3,UPS® Ground
Albuquerque,Muskegon,MI,Size L,16.04,4,UPS® Ground
Albuquerque,Akron,OH,Size L,16.04,5,UPS® Ground
Albuquerque,Albany,OR,Size L,16.04,4,UPS® Ground
Albuquerque,Alpharetta,GA,Size L,16.04,3,UPS® Ground
Albuquerque,Asheville,NC,Size L,16.04,3,UPS® Ground
Albuquerque,Bixby,OK,Size L,11.36,2,UPS® Ground
Albuquerque,Boulder,CO,Size L,11.36,3,UPS® Ground
Albuquerque,Bethlehem,PA,Size L,17.1,5,UPS® Ground
Albuquerque,Brenham,TX,Size L,14.74,2,UPS® Ground
Albuquerque,Broken Bow,OK,Size L,11.36,2,UPS® Ground
Albuquerque,Cape Coral,FL,Size L,17.1,4,UPS® Ground
Albuquerque,Chula Vista,CA,Size L,11.36,3,UPS® Ground
Albuquerque,Crawfordville,FL,Size L,16.04,3,UPS® Ground
Albuquerque,Cypress,TX,Size L,16.04,2,UPS® Ground
Albuquerque,Clearwater,FL,Size L,17.1,3,UPS® Ground
Albuquerque,Columbiana,AL,Size L,16.04,3,UPS® Ground
Albuquerque,Columbus,GA,Size L,16.04,3,UPS® Ground
Albuquerque,Commack,NY,Size L,18.12,6,UPS® Ground
Albuquerque,Dublin,CA,Size L,14.74,3,UPS® Ground
Albuquerque,Decatur,GA,Size L,16.04,3,UPS® Ground
Albuquerque,Deltona,FL,Size L,17.1,3,UPS® Ground
Albuquerque,Derry,NH,Size L,18.12,6,UPS® Ground
Albuquerque,Douglassville,PA,Size L,17.1,5,UPS® Ground
Albuquerque,Easton,PA,Size L,17.1,5,UPS® Ground
Albuquerque,El Paso,TX,Size L,11.36,1,UPS® Ground
Albuquerque,Escondido,CA,Size L,11.36,3,UPS® Ground
Albuquerque,Fairport,NY,Size L,17.1,5,UPS® Ground
Albuquerque,Flemington,NJ,Size L,17.1,6,UPS® Ground
Albuquerque,Florence,SC,Size L,17.1,3,UPS® Ground
Albuquerque,Fort Lauderdale,FL,Size L,17.1,4,UPS® Ground
Albuquerque,Frisco,TX,Size L,11.36,2,UPS® Ground
Albuquerque,Goodyear,AZ,Size L,11.36,2,UPS® Ground
Albuquerque,Gays Mills,WI,Size L,14.74,6,UPS® Ground
Albuquerque,Grafton,WI,Size L,16.04,4,UPS® Ground
Albuquerque,Green Cove Springs,FL,Size L,17.1,3,UPS® Ground
Albuquerque,Greensburg,PA,Size L,17.1,5,UPS® Ground
Albuquerque,Honolulu,HI,Size L,46.14,4,UPS® Ground
Albuquerque,Humble,TX,Size L,14.74,2,UPS® Ground
Albuquerque,Huntington,NY,Size L,18.12,6,UPS® Ground
Albuquerque,Idaho Falls,ID,Size L,14.74,3,UPS® Ground
Albuquerque,Jackson,TN,Size L,14.74,3,UPS® Ground
Albuquerque,Jacksonville,NC,Size L,17.1,3,UPS® Ground
Albuquerque,Jenkintown,PA,Size L,17.1,5,UPS® Ground
Albuquerque,Johnson City,TN,Size L,16.04,4,UPS® Ground
Albuquerque,Kingwood,TX,Size L,14.74,2,UPS® Ground
Albuquerque,Lansing,MI,Size L,16.04,5,UPS® Ground
Albuquerque,Lapeer,MI,Size L,16.04,5,UPS® Ground
Albuquerque,Lawrenceville,GA,Size L,16.04,3,UPS® Ground
Albuquerque,Lexington,NC,Size L,17.1,3,UPS® Ground
Albuquerque,Lubbock,TX,Size L,11.36,1,UPS® Ground
Albuquerque,Medina,OH,Size L,17.1,5,UPS® Ground
Albuquerque,Macomb,MI,Size L,16.04,5,UPS® Ground
Albuquerque,Magnolia,TX,Size L,14.74,2,UPS® Ground
Albuquerque,Martinsburg,WV,Size L,17.1,4,UPS® Ground
Albuquerque,Meridian,ID,Size L,14.74,4,UPS® Ground
Albuquerque,Mobile,AL,Size L,16.04,3,UPS® Ground
Albuquerque,Morrison,CO,Size L,11.36,3,UPS® Ground
Albuquerque,Napa,CA,Size L,14.74,3,UPS® Ground
Albuquerque,New Braunfels,TX,Size L,14.74,2,UPS® Ground
Albuquerque,New Lenox,IL,Size L,16.04,4,UPS® Ground
Albuquerque,New Orleans,LA,Size L,16.04,3,UPS® Ground
Albuquerque,Newark,DE,Size L,17.1,4,UPS® Ground
Albuquerque,Oakland,CA,Size L,14.74,3,UPS® Ground
Albuquerque,Owasso,OK,Size L,11.36,2,UPS® Ground
Albuquerque,Overland Park,KS,Size L,14.74,4,UPS® Ground
Albuquerque,Panama City,FL,Size L,16.04,3,UPS® Ground
Albuquerque,Panama City Beach,FL,Size L,16.04,3,UPS® Ground
Albuquerque,Patchogue,NY,Size L,18.12,6,UPS® Ground
Albuquerque,Port Clinton,OH,Size L,16.04,5,UPS® Ground
Albuquerque,Paducah,KY,Size L,14.74,3,UPS® Ground
Albuquerque,Palmetto,FL,Size L,17.1,4,UPS® Ground
Albuquerque,Pearland,TX,Size L,14.74,2,UPS® Ground
Albuquerque,Pella,IA,Size L,14.74,3,UPS® Ground
Albuquerque,Pittsford,NY,Size L,17.1,5,UPS® Ground
Albuquerque,Port Orange,FL,Size L,17.1,3,UPS® Ground
Albuquerque,Ravenna,OH,Size L,17.1,5,UPS® Ground
Albuquerque,Roaming Shores,OH,Size L,17.1,5,UPS® Ground
Albuquerque,Richmond Hill,GA,Size L,17.1,3,UPS® Ground
Albuquerque,Riverview,FL,Size L,17.1,3,UPS® Ground
Albuquerque,Rochester,MN,Size L,14.74,4,UPS® Ground
Albuquerque,Round Rock,TX,Size L,14.74,2,UPS® Ground
Albuquerque,Saint Petersburg,FL,Size L,17.1,3,UPS® Ground
Albuquerque,San Leandro,CA,Size L,14.74,3,UPS® Ground
Albuquerque,Southington,CT,Size L,18.12,6,UPS® Ground
Albuquerque,Spartanburg,SC,Size L,16.04,3,UPS® Ground
Albuquerque,Surprise,AZ,Size L,11.36,2,UPS® Ground
Albuquerque,Santa Barbara,CA,Size L,14.74,3,UPS® Ground
Albuquerque,Shelton,CT,Size L,18.12,6,UPS® Ground
Albuquerque,Spring Branch,TX,Size L,14.74,2,UPS® Ground
Albuquerque,St. Louis,MO,Size L,14.74,3,UPS® Ground
Albuquerque,Stroudsburg,PA,Size L,17.1,5,UPS® Ground
Albuquerque,Sunapee,NH,Size L,18.12,6,UPS® Ground
Albuquerque,Swedesboro,NJ,Size L,17.1,5,UPS® Ground
Albuquerque,Syracuse,NY,Size L,17.1,5,UPS® Ground
Albuquerque,Tomball,TX,Size L,14.74,2,UPS® Ground
Albuquerque,Topeka,KS,Size L,14.74,4,UPS® Ground
Albuquerque,Tuscaloosa,AL,Size L,16.04,3,UPS® Ground
Albuquerque,Terre Haute,IN,Size L,16.04,5,UPS® Ground
Albuquerque,Tinley Park,IL,Size L,16.04,4,UPS® Ground
Albuquerque,Toms River,NJ,Size L,18.12,6,UPS® Ground
Albuquerque,Tulare,CA,Size L,14.74,3,UPS® Ground
Albuquerque,Vienna,VA,Size L,17.1,4,UPS® Ground
Albuquerque,Walnut Creek,CA,Size L,14.74,3,UPS® Ground
Albuquerque,Wayne,NJ,Size L,17.1,6,UPS® Ground
Albuquerque,Waynesboro,VA,Size L,17.1,4,UPS® Ground
Albuquerque,West Sacramento,CA,Size L,14.74,3,UPS® Ground
Albuquerque,Yuba City,CA,Size L,14.74,3,UPS® Ground
Albuquerque,Zachary,LA,Size L,14.74,3,UPS® Ground
Albuquerque,Buford,GA,Size L,16.04,3,UPS® Ground
Albuquerque,Modesto,CA,Size L,14.74,3,UPS® Ground
Albuquerque,Winter Park,FL,Size L,17.1,3,UPS® Ground
Albuquerque,Antioch,IL,Size L,16.04,4,UPS® Ground
Albuquerque,Algonquin,IL,Size L,16.04,4,UPS® Ground
Albuquerque,Allen,TX,Size L,11.36,2,UPS® Ground
Albuquerque,Ames,IA,Size L,14.74,3,UPS® Ground
Albuquerque,Anaheim,CA,Size L,14.74,3,UPS® Ground
Albuquerque,Aptos,CA,Size L,14.74,3,UPS® Ground
Albuquerque,Astoria,NY,Size L,17.1,6,UPS® Ground
Albuquerque,Bloomington,IN,Size L,16.04,5,UPS® Ground
Albuquerque,Bremerton,WA,Size L,16.04,4,UPS® Ground
Albuquerque,Brunswick,OH,Size L,17.1,5,UPS® Ground
Albuquerque,Burke,VA,Size L,17.1,4,UPS® Ground
Albuquerque,Bedford,IN,Size L,16.04,5,UPS® Ground
Albuquerque,Benton,LA,Size L,14.74,2,UPS® Ground
Albuquerque,Billings,MT,Size L,14.74,4,UPS® Ground
Albuquerque,Birdsboro,PA,Size L,17.1,5,UPS® Ground
Albuquerque,Bothell,WA,Size L,16.04,4,UPS® Ground
Albuquerque,Bowie,MD,Size L,17.1,4,UPS® Ground
Albuquerque,Brentwood,TN,Size L,16.04,3,UPS® Ground
Albuquerque,Bronx,NY,Size L,18.12,6,UPS® Ground
Albuquerque,Brookfield,WI,Size L,16.04,4,UPS® Ground
Albuquerque,Canton,OH,Size L,17.1,5,UPS® Ground
Albuquerque,Celina,TX,Size L,11.36,2,UPS® Ground
Albuquerque,Chapel Hill,NC,Size L,17.1,3,UPS® Ground
Albuquerque,Claremore,OK,Size L,11.36,2,UPS® Ground
Albuquerque,Clovis,CA,Size L,14.74,3,UPS® Ground
Albuquerque,Cocoa,FL,Size L,17.1,3,UPS® Ground
Albuquerque,Callahan,FL,Size L,17.1,3,UPS® Ground
Albuquerque,Carmel,IN,Size L,16.04,5,UPS® Ground
Albuquerque,Cedar Park,TX,Size L,14.74,2,UPS® Ground
Albuquerque,Centennial,CO,Size L,11.36,3,UPS® Ground
Albuquerque,Centerville,MA,Size L,18.12,6,UPS® Ground
Albuquerque,Charleston,SC,Size L,17.1,3,UPS® Ground
Albuquerque,Charlottesville,VA,Size L,17.1,4,UPS® Ground
Albuquerque,Clarkesville,GA,Size L,16.04,3,UPS® Ground
Albuquerque,Clayton,NC,Size L,17.1,3,UPS® Ground
Albuquerque,Clifton,NJ,Size L,18.12,6,UPS® Ground
Albuquerque,Collinsville,OK,Size L,11.36,2,UPS® Ground
Albuquerque,Columbia,TN,Size L,16.04,3,UPS® Ground
Albuquerque,Concord,NC,Size L,17.1,3,UPS® Ground
Albuquerque,Cookeville,TN,Size L,16.04,3,UPS® Ground
Albuquerque,Corpus Christi,TX,Size L,14.74,2,UPS® Ground
Albuquerque,Corrales,NM,Size L,9.41,1,UPS® Ground
Albuquerque,Corydon,IN,Size L,16.04,5,UPS® Ground
Albuquerque,Cranston,RI,Size L,18.12,6,UPS® Ground
Albuquerque,Dekalb,IL,Size L,16.04,4,UPS® Ground
Albuquerque,Delaware,OH,Size L,16.04,5,UPS® Ground
Albuquerque,Delmar,NY,Size L,18.12,5,UPS® Ground
Albuquerque,Des Moines,IA,Size L,14.74,3,UPS® Ground
Albuquerque,Dickson,TN,Size L,16.04,3,UPS® Ground
Albuquerque,Downers Grove,IL,Size L,16.04,4,UPS® Ground
Albuquerque,Dripping Springs,TX,Size L,14.74,2,UPS® Ground
Albuquerque,Eustis,FL,Size L,17.1,3,UPS® Ground
Albuquerque,East Hampton,NY,Size L,18.12,6,UPS® Ground
Albuquerque,Fenton,MO,Size L,14.74,3,UPS® Ground
Albuquerque,Fayetteville,AR,Size L,14.74,2,UPS® Ground
Albuquerque,Flower Mound,TX,Size L,11.36,2,UPS® Ground
Albuquerque,Franklin,OH,Size L,16.04,5,UPS® Ground
Albuquerque,Friendswood,TX,Size L,14.74,2,UPS® Ground
Albuquerque,Gainesville,FL,Size L,17.1,3,UPS® Ground
Albuquerque,Gainesville,GA,Size L,16.04,3,UPS® Ground
Albuquerque,Glendale,CA,Size L,14.74,3,UPS® Ground
Albuquerque,Greenville,SC,Size L,16.04,3,UPS® Ground
Albuquerque,Greenville,MI,Size L,16.04,4,UPS® Ground
Albuquerque,Gaithersburg,MD,Size L,17.1,4,UPS® Ground
Albuquerque,Garner,NC,Size L,17.1,3,UPS® Ground
Albuquerque,Gastonia,NC,Size L,17.1,3,UPS® Ground
Albuquerque,Granada Hills,CA,Size L,14.74,3,UPS® Ground
Albuquerque,Granbury,TX,Size L,11.36,2,UPS® Ground
Albuquerque,Griffin,GA,Size L,16.04,3,UPS® Ground
Albuquerque,Harpers Ferry,WV,Size L,17.1,4,UPS® Ground
Albuquerque,Haverhill,MA,Size L,18.12,6,UPS® Ground
Albuquerque,Hayward,CA,Size L,14.74,3,UPS® Ground
Albuquerque,Herriman,UT,Size L,11.36,3,UPS® Ground
Albuquerque,Hillsboro,OR,Size L,16.04,4,UPS® Ground
Albuquerque,Hoboken,NJ,Size L,18.12,6,UPS® Ground
Albuquerque,Huntley,IL,Size L,16.04,4,UPS® Ground
Albuquerque,Hagerstown,MD,Size L,17.1,4,UPS® Ground
Albuquerque,Hamilton,OH,Size L,16.04,5,UPS® Ground
Albuquerque,Harrisburg,PA,Size L,17.1,5,UPS® Ground
Albuquerque,Hendersonville,NC,Size L,16.04,3,UPS® Ground
Albuquerque,Hendersonville,TN,Size L,16.04,3,UPS® Ground
Albuquerque,Holland,MI,Size L,16.04,4,UPS® Ground
Albuquerque,Indian Trail,NC,Size L,17.1,3,UPS® Ground
Albuquerque,Jersey City,NJ,Size L,17.1,6,UPS® Ground
Albuquerque,Johnstown,PA,Size L,17.1,5,UPS® Ground
Albuquerque,Kalamazoo,MI,Size L,16.04,4,UPS® Ground
Albuquerque,Keatchie,LA,Size L,14.74,3,UPS® Ground
Albuquerque,Kennewick,WA,Size L,14.74,4,UPS® Ground
Albuquerque,Kingsport,TN,Size L,16.04,4,UPS® Ground
Albuquerque,Lake Elsinore,CA,Size L,11.36,3,UPS® Ground
Albuquerque,Lebanon,OH,Size L,16.04,5,UPS® Ground
Albuquerque,Little Rock,AR,Size L,14.74,2,UPS® Ground
Albuquerque,Livonia,MI,Size L,16.04,5,UPS® Ground
Albuquerque,Los Alamos,NM,Size L,9.41,1,UPS® Ground
Albuquerque,Loveland,CO,Size L,11.36,3,UPS® Ground
Albuquerque,La Mesa,CA,Size L,11.36,3,UPS® Ground
Albuquerque,La Quinta,CA,Size L,11.36,3,UPS® Ground
Albuquerque,Lake Oswego,OR,Size L,16.04,4,UPS® Ground
Albuquerque,Lake Saint Louis,MO,Size L,14.74,3,UPS® Ground
Albuquerque,Lake in the Hills,IL,Size L,16.04,4,UPS® Ground
Albuquerque,Lakeway,TX,Size L,14.74,2,UPS® Ground
Albuquerque,Lancaster,NY,Size L,17.1,5,UPS® Ground
Albuquerque,Leander,TX,Size L,14.74,2,UPS® Ground
Albuquerque,Lees Summit,MO,Size L,14.74,3,UPS® Ground
Albuquerque,Lenoir,NC,Size L,17.1,3,UPS® Ground
Albuquerque,Lewis Center,OH,Size L,16.04,5,UPS® Ground
Albuquerque,Lexington,IN,Size L,16.04,5,UPS® Ground
Albuquerque,Lodi,CA,Size L,14.74,3,UPS® Ground
Albuquerque,Lynden,WA,Size L,16.04,4,UPS® Ground
Albuquerque,Methuen,MA,Size L,18.12,6,UPS® Ground
Albuquerque,Milford,CT,Size L,18.12,6,UPS® Ground
Albuquerque,Mineola,TX,Size L,14.74,2,UPS® Ground
Albuquerque,Missoula,MT,Size L,14.74,4,UPS® Ground
Albuquerque,Mansfield,OH,Size L,16.04,5,UPS® Ground
Albuquerque,McDonough,GA,Size L,16.04,3,UPS® Ground
Albuquerque,Merritt Island,FL,Size L,17.1,3,UPS® Ground
Albuquerque,Midlothian,VA,Size L,17.1,4,UPS® Ground
Albuquerque,Millington,TN,Size L,14.74,3,UPS® Ground
Albuquerque,Milton,FL,Size L,16.04,3,UPS® Ground
Albuquerque,Moab,UT,Size L,11.36,4,UPS® Ground
Albuquerque,Monroe,NC,Size L,17.1,3,UPS® Ground
Albuquerque,Mooresville,IN,Size L,16.04,5,UPS® Ground
Albuquerque,Morganton,NC,Size L,17.1,3,UPS® Ground
Albuquerque,Murfreesboro,TN,Size L,16.04,3,UPS® Ground
Albuquerque,Newburgh,NY,Size L,17.1,6,UPS® Ground
Albuquerque,Navarre,FL,Size L,16.04,3,UPS® Ground
Albuquerque,New Market,AL,Size L,16.04,3,UPS® Ground
Albuquerque,Newnan,GA,Size L,16.04,3,UPS® Ground
Albuquerque,Norman,OK,Size L,11.36,2,UPS® Ground
Albuquerque,Novi,MI,Size L,16.04,5,UPS® Ground
Albuquerque,Ormond Beach,FL,Size L,17.1,3,UPS® Ground
Albuquerque,Owensboro,KY,Size L,16.04,3,UPS® Ground
Albuquerque,Oconto,WI,Size L,16.04,5,UPS® Ground
Albuquerque,Old Bridge,NJ,Size L,17.1,6,UPS® Ground
Albuquerque,Olympia,WA,Size L,16.04,4,UPS® Ground
Albuquerque,Oregon City,OR,Size L,16.04,4,UPS® Ground
Albuquerque,Oxford,MI,Size L,16.04,5,UPS® Ground
Albuquerque,Peachtree City,GA,Size L,16.04,3,UPS® Ground
Albuquerque,Pleasanton,CA,Size L,14.74,3,UPS® Ground
Albuquerque,Poughkeepsie,NY,Size L,18.12,6,UPS® Ground
Albuquerque,Pagosa Springs,CO,Size L,10.41,2,UPS® Ground
Albuquerque,Pasadena,CA,Size L,14.74,3,UPS® Ground
Albuquerque,Pasadena,TX,Size L,14.74,2,UPS® Ground
Albuquerque,Pasco,WA,Size L,14.74,4,UPS® Ground
Albuquerque,Pawtucket,RI,Size L,18.12,6,UPS® Ground
Albuquerque,Pembroke,MA,Size L,18.12,6,UPS® Ground
Albuquerque,Perrysburg,OH,Size L,16.04,5,UPS® Ground
Albuquerque,Plant City,FL,Size L,17.1,3,UPS® Ground
Albuquerque,Port Orchard,WA,Size L,16.04,4,UPS® Ground
Albuquerque,Prescott Valley,AZ,Size L,11.36,2,UPS® Ground
Albuquerque,Princeton,NJ,Size L,17.1,6,UPS® Ground
Albuquerque,Quincy,MA,Size L,18.12,6,UPS® Ground
Albuquerque,Redwood City,CA,Size L,14.74,3,UPS® Ground
Albuquerque,Rohnert Park,CA,Size L,14.74,3,UPS® Ground
Albuquerque,Rigby,ID,Size L,14.74,4,UPS® Ground
Albuquerque,Ripon,WI,Size L,16.04,4,UPS® Ground
Albuquerque,Rogers,AR,Size L,14.74,2,UPS® Ground
Albuquerque,Rowlett,TX,Size L,11.36,2,UPS® Ground
Albuquerque,Rydal,PA,Size L,17.1,5,UPS® Ground
Albuquerque,Shepherdsville,KY,Size L,16.04,4,UPS® Ground
Albuquerque,Shreveport,LA,Size L,14.74,2,UPS® Ground
Albuquerque,Stamford,CT,Size L,18.12,6,UPS® Ground
Albuquerque,Salt Lake City,UT,Size L,11.36,3,UPS® Ground
Albuquerque,Sanford,NC,Size L,17.1,3,UPS® Ground
Albuquerque,Santa Ana,CA,Size L,14.74,3,UPS® Ground
Albuquerque,Santa Cruz,CA,Size L,14.74,3,UPS® Ground
Albuquerque,Santa Fe,NM,Size L,9.41,1,UPS® Ground
Albuquerque,Sarver,PA,Size L,17.1,5,UPS® Ground
Albuquerque,Schenectady,NY,Size L,18.12,5,UPS® Ground
Albuquerque,Sierra Vista,AZ,Size L,11.36,2,UPS® Ground
Albuquerque,Silver Spring,MD,Size L,17.1,4,UPS® Ground
Albuquerque,South Jordan,UT,Size L,11.36,3,UPS® Ground
Albuquerque,Springfield,MO,Size L,14.74,3,UPS® Ground
Albuquerque,Summerville,SC,Size L,17.1,3,UPS® Ground
Albuquerque,Sumter,SC,Size L,17.1,3,UPS® Ground
Albuquerque,Sun City,AZ,Size L,11.36,2,UPS® Ground
Albuquerque,Syosset,NY,Size L,18.12,6,UPS® Ground
Albuquerque,Taunton,MA,Size L,18.12,6,UPS® Ground
Albuquerque,Texarkana,TX,Size L,14.74,2,UPS® Ground
Albuquerque,Toledo,OH,Size L,16.04,5,UPS® Ground
Albuquerque,Urbana,OH,Size L,16.04,5,UPS® Ground
Albuquerque,Valparaiso,IN,Size L,16.04,4,UPS® Ground
Albuquerque,Waco,TX,Size L,14.74,2,UPS® Ground
Albuquerque,West Lafayette,IN,Size L,16.04,4,UPS® Ground
Albuquerque,Winter Garden,FL,Size L,17.1,3,UPS® Ground
Albuquerque,Winter Haven,FL,Size L,17.1,3,UPS® Ground
Albuquerque,Wylie,TX,Size L,11.36,2,UPS® Ground
Albuquerque,Waldorf,MD,Size L,17.1,4,UPS® Ground
Albuquerque,Wesley Chapel,FL,Size L,17.1,3,UPS® Ground
Albuquerque,West Palm Beach,FL,Size L,17.1,4,UPS® Ground
Albuquerque,Williamsburg,VA,Size L,17.1,4,UPS® Ground
Albuquerque,Woodbridge,VA,Size L,17.1,4,UPS® Ground
Albuquerque,Woodside,CA,Size L,14.74,3,UPS® Ground
Albuquerque,Yorba Linda,CA,Size L,14.74,3,UPS® Ground
Albuquerque,Queens Village,NY,Size L,18.12,6,UPS® Ground
Kansas City,Brooklyn,NY,Size L,16.04,4,UPS® Ground
Kansas City,Phoenix,AZ,Size L,17.1,4,UPS® Ground
Kansas City,Houston,TX,Size L,16.04,3,UPS® Ground
Kansas City,San Antonio,TX,Size L,14.74,3,UPS® Ground
Kansas City,Jacksonville,FL,Size L,14.74,4,UPS® Ground
Kansas City,Chicago,IL,Size L,11.36,3,UPS® Ground
Kansas City,Dallas,TX,Size L,11.36,3,UPS® Ground
Kansas City,Wilmington,DE,Size L,16.04,3,UPS® Ground
Kansas City,Austin,TX,Size L,14.74,3,UPS® Ground
Kansas City,Canton,OH,Size L,14.74,3,UPS® Ground
Kansas City,Charlotte,NC,Size L,14.74,3,UPS® Ground
Kansas City,New York,NY,Size L,16.04,4,UPS® Ground
Kansas City,Atlanta,GA,Size L,14.74,3,UPS® Ground
Kansas City,Franklin,TN,Size L,14.74,3,UPS® Ground
Kansas City,Lexington,KY,Size L,11.36,3,UPS® Ground
Kansas City,Orlando,FL,Size L,16.04,4,UPS® Ground
Kansas City,Rochester,NY,Size L,14.74,4,UPS® Ground
Kansas City,Las Vegas,NV,Size L,17.1,4,UPS® Ground
Kansas City,Louisville,KY,Size L,11.36,3,UPS® Ground
Kansas City,Marietta,GA,Size L,14.74,3,UPS® Ground
Kansas City,Colorado Springs,CO,Size L,11.36,3,UPS® Ground
Kansas City,Columbus,OH,Size L,14.74,3,UPS® Ground
Kansas City,Marble Falls,TX,Size L,14.74,3,UPS® Ground
Kansas City,Tampa,FL,Size L,16.04,4,UPS® Ground
Kansas City,San Diego,CA,Size L,16.04,4,UPS® Ground
Kansas City,Columbia,SC,Size L,14.74,3,UPS® Ground
Kansas City,Greenville,SC,Size L,14.74,3,UPS® Ground
Kansas City,Lebanon,TN,Size L,14.74,3,UPS® Ground
Kansas City,Salem,OR,Size L,17.1,4,UPS® Ground
Kansas City,Cleveland,OH,Size L,14.74,3,UPS® Ground
Kansas City,Denver,CO,Size L,14.74,3,UPS® Ground
Kansas City,Omaha,NE,Size L,10.41,2,UPS® Ground
Kansas City,Portland,OR,Size L,17.1,4,UPS® Ground
Kansas City,Raleigh,NC,Size L,14.74,3,UPS® Ground
Kansas City,Richmond,VA,Size L,14.74,3,UPS® Ground
Kansas City,Jackson,MS,Size L,11.36,3,UPS® Ground
Kansas City,Albany,NY,Size L,16.04,4,UPS® Ground
Kansas City,Fort Worth,TX,Size L,14.74,3,UPS® Ground
Kansas City,Oklahoma City,OK,Size L,11.36,3,UPS® Ground
Kansas City,Chesapeake,VA,Size L,16.04,3,UPS® Ground
Kansas City,Miami,FL,Size L,17.1,4,UPS® Ground
Kansas City,Milford,CT,Size L,16.04,4,UPS® Ground
Kansas City,Pittsburgh,PA,Size L,14.74,3,UPS® Ground
Kansas City,San Francisco,CA,Size L,17.1,4,UPS® Ground
Kansas City,San Jose,CA,Size L,17.1,4,UPS® Ground
Kansas City,Tucson,AZ,Size L,16.04,4,UPS® Ground
Kansas City,Virginia Beach,VA,Size L,14.74,3,UPS® Ground
Kansas City,Albuquerque,NM,Size L,14.74,3,UPS® Ground
Kansas City,Gilbert,AZ,Size L,16.04,4,UPS® Ground
Kansas City,Springfield,IL,Size L,10.41,3,UPS® Ground
Kansas City,Alexandria,VA,Size L,14.74,3,UPS® Ground
Kansas City,Kansas City,MO,Size L,9.41,1,UPS® Ground
Kansas City,Knoxville,TN,Size L,14.74,3,UPS® Ground
Kansas City,Lakewood,CO,Size L,14.74,3,UPS® Ground
Kansas City,Nashville,TN,Size L,11.36,3,UPS® Ground
Kansas City,Saint Louis,MO,Size L,11.36,2,UPS® Ground
Kansas City,Seattle,WA,Size L,17.1,4,UPS® Ground
Kansas City,Arlington,TX,Size L,11.36,3,UPS® Ground
Kansas City,Aurora,CO,Size L,14.74,3,UPS® Ground
Kansas City,Boise,ID,Size L,16.04,4,UPS® Ground
Kansas City,Indianapolis,IN,Size L,11.36,3,UPS® Ground
Kansas City,Naples,CO,Size L,11.36,,UPS® Ground
Kansas City,Reno,NV,Size L,16.04,4,UPS® Ground
Kansas City,Riverside,CA,Size L,16.04,4,UPS® Ground
Kansas City,Bismarck,ND,Size L,14.74,3,UPS® Ground
Kansas City,Fresno,TX,Size L,14.74,3,UPS® Ground
Kansas City,Lincoln,RI,Size L,16.04,4,UPS® Ground
Kansas City,Los Angeles,CA,Size L,17.1,4,UPS® Ground
Kansas City,Mansfield,MA,Size L,16.04,4,UPS® Ground
Kansas City,Milwaukee,WI,Size L,11.36,3,UPS® Ground
Kansas City,Madison,IN,Size L,11.36,3,UPS® Ground
Kansas City,Mesa,AZ,Size L,16.04,4,UPS® Ground
Kansas City,Monroe,NC,Size L,14.74,3,UPS® Ground
Kansas City,Philadelphia,PA,Size L,16.04,3,UPS® Ground
Kansas City,Staten Island,NY,Size L,16.04,4,UPS® Ground
Kansas City,Washington,DC,Size L,14.74,3,UPS® Ground
Kansas City,Baltimore,MD,Size L,14.74,3,UPS® Ground
Kansas City,Decatur,IL,Size L,10.41,3,UPS® Ground
Kansas City,Durham,NC,Size L,14.74,3,UPS® Ground
Kansas City,Fayetteville,AR,Size L,10.41,3,UPS® Ground
Kansas City,Glendale,AZ,Size L,16.04,4,UPS® Ground
Kansas City,Midland,GA,Size L,11.36,3,UPS® Ground
Kansas City,Scottsdale,AZ,Size L,16.04,4,UPS® Ground
Kansas City,Woodstock,GA,Size L,14.74,3,UPS® Ground
Kansas City,Chandler,AZ,Size L,16.04,4,UPS® Ground
Kansas City,Cincinnati,OH,Size L,11.36,3,UPS® Ground
Kansas City,Covington,LA,Size L,14.74,3,UPS® Ground
Kansas City,Fort Myers,FL,Size L,16.04,4,UPS® Ground
Kansas City,Greensboro,NC,Size L,14.74,3,UPS® Ground
Kansas City,Henderson,TX,Size L,11.36,3,UPS® Ground
Kansas City,Hamilton,MI,Size L,11.36,3,UPS® Ground
Kansas City,Lewisburg,PA,Size L,14.74,3,UPS® Ground
Kansas City,Littleton,CO,Size L,11.36,3,UPS® Ground
Kansas City,Mount Pleasant,SC,Size L,14.74,3,UPS® Ground
Kansas City,Pasadena,MD,Size L,14.74,3,UPS® Ground
Kansas City,Plano,TX,Size L,14.74,3,UPS® Ground
Kansas City,Sanford,NC,Size L,14.74,3,UPS® Ground
Kansas City,Wayne,ME,Size L,16.04,4,UPS® Ground
Kansas City,Ashland,PA,Size L,14.74,3,UPS® Ground
Kansas City,Burlington,WI,Size L,11.36,3,UPS® Ground
Kansas City,Centerville,IA,Size L,10.41,2,UPS® Ground
Kansas City,Clayton,NC,Size L,14.74,3,UPS® Ground
Kansas City,Encinitas,CA,Size L,16.04,4,UPS® Ground
Kansas City,Fort Collins,CO,Size L,11.36,3,UPS® Ground
Kansas City,Golden,CO,Size L,14.74,3,UPS® Ground
Kansas City,Hudson,NC,Size L,14.74,3,UPS® Ground
Kansas City,Katy,TX,Size L,14.74,3,UPS® Ground
Kansas City,Lancaster,SC,Size L,14.74,3,UPS® Ground
Kansas City,Newark,NJ,Size L,16.04,4,UPS® Ground
Kansas City,Parker,CO,Size L,11.36,3,UPS® Ground
Kansas City,Plymouth,MA,Size L,16.04,4,UPS® Ground
Kansas City,Rancho Cucamonga,CA,Size L,16.04,4,UPS® Ground
Kansas City,Rockville,MD,Size L,14.74,3,UPS® Ground
Kansas City,Sacramento,CA,Size L,17.1,4,UPS® Ground
Kansas City,Tallahassee,FL,Size L,14.74,4,UPS® Ground
Kansas City,The Villages,FL,Size L,14.74,4,UPS® Ground
Kansas City,Westfield,IN,Size L,11.36,3,UPS® Ground
Kansas City,Waterloo,IA,Size L,10.41,2,UPS® Ground
Kansas City,West Chester,PA,Size L,16.04,3,UPS® Ground
Kansas City,Bend,OR,Size L,16.04,4,UPS® Ground
Kansas City,Amarillo,TX,Size L,11.36,4,UPS® Ground
Kansas City,Auburn,MA,Size L,16.04,4,UPS® Ground
Kansas City,Bakersfield,CA,Size L,16.04,4,UPS® Ground
Kansas City,Boca Raton,FL,Size L,16.04,4,UPS® Ground
Kansas City,Benton,LA,Size L,11.36,3,UPS® Ground
Kansas City,Bradenton,FL,Size L,16.04,4,UPS® Ground
Kansas City,Dayton,OH,Size L,11.36,3,UPS® Ground
Kansas City,Duluth,MN,Size L,11.36,3,UPS® Ground
Kansas City,Englewood,CO,Size L,11.36,3,UPS® Ground
Kansas City,Fort Wayne,IN,Size L,11.36,3,UPS® Ground
Kansas City,Frederick,MD,Size L,14.74,3,UPS® Ground
Kansas City,Fredericksburg,VA,Size L,14.74,3,UPS® Ground
Kansas City,Gainesville,FL,Size L,14.74,4,UPS® Ground
Kansas City,Grand Rapids,MI,Size L,11.36,3,UPS® Ground
Kansas City,Green Bay,WI,Size L,11.36,3,UPS® Ground
Kansas City,Morgantown,WV,Size L,14.74,3,UPS® Ground
Kansas City,Pensacola,FL,Size L,14.74,3,UPS® Ground
Kansas City,Princeton,MA,Size L,16.04,4,UPS® Ground
Kansas City,Peoria,AZ,Size L,16.04,4,UPS® Ground
Kansas City,Saint Paul,MN,Size L,14.74,3,UPS® Ground
Kansas City,Savannah,GA,Size L,14.74,4,UPS® Ground
Kansas City,Seaford,NY,Size L,16.04,4,UPS® Ground
Kansas City,Seymour,IN,Size L,11.36,3,UPS® Ground
Kansas City,Spokane,WA,Size L,16.04,4,UPS® Ground
Kansas City,Windsor,CO,Size L,11.36,3,UPS® Ground
Kansas City,Winston-Salem,NC,Size L,14.74,3,UPS® Ground
Kansas City,Worcester,MA,Size L,16.04,4,UPS® Ground
Kansas City,York,PA,Size L,14.74,3,UPS® Ground
Kansas City,Antioch,TN,Size L,14.74,3,UPS® Ground
Kansas City,Athens,GA,Size L,14.74,3,UPS® Ground
Kansas City,Corona,CA,Size L,16.04,4,UPS® Ground
Kansas City,Fairfield,CA,Size L,17.1,4,UPS® Ground
Kansas City,Germantown,MD,Size L,14.74,3,UPS® Ground
Kansas City,Hillsboro,OR,Size L,17.1,4,UPS® Ground
Kansas City,Hope Mills,NC,Size L,14.74,3,UPS® Ground
Kansas City,Hendersonville,NC,Size L,14.74,3,UPS® Ground
Kansas City,Holly Springs,MS,Size L,11.36,3,UPS® Ground
Kansas City,Homer,AK,Size L,46.14,5,UPS® Ground
Kansas City,Laurel,MD,Size L,14.74,3,UPS® Ground
Kansas City,Long Beach,CA,Size L,16.04,4,UPS® Ground
Kansas City,Manteca,CA,Size L,17.1,4,UPS® Ground
Kansas City,Maryville,TN,Size L,14.74,3,UPS® Ground
Kansas City,Magnolia,MS,Size L,11.36,3,UPS® Ground
Kansas City,Memphis,TN,Size L,11.36,3,UPS® Ground
Kansas City,Milton,MA,Size L,16.04,4,UPS® Ground
Kansas City,Montgomery,TX,Size L,14.74,3,UPS® Ground
Kansas City,Myrtle Beach,SC,Size L,14.74,3,UPS® Ground
Kansas City,New Market,AL,Size L,11.36,3,UPS® Ground
Kansas City,Ocala,FL,Size L,14.74,4,UPS® Ground
Kansas City,Olathe,KS,Size L,9.41,1,UPS® Ground
Kansas City,Oxford,MI,Size L,14.74,3,UPS® Ground
Kansas City,Palm Beach Gardens,FL,Size L,16.04,4,UPS® Ground
Kansas City,Roseville,CA,Size L,17.1,4,UPS® Ground
Kansas City,Roswell,GA,Size L,14.74,3,UPS® Ground
Kansas City,Rockwall,TX,Size L,14.74,3,UPS® Ground
Kansas City,Spring,TX,Size L,14.74,3,UPS® Ground
Kansas City,Salisbury,MA,Size L,16.04,4,UPS® Ground
Kansas City,Santa Rosa,CA,Size L,17.1,4,UPS® Ground
Kansas City,Sarasota,FL,Size L,16.04,4,UPS® Ground
Kansas City,Vancouver,WA,Size L,17.1,4,UPS® Ground
Kansas City,Westminster,MD,Size L,14.74,3,UPS® Ground
Kansas City,Canton,GA,Size L,14.74,3,UPS® Ground
Kansas City,Columbia,MO,Size L,9.41,2,UPS® Ground
Kansas City,Naples,FL,Size L,16.04,4,UPS® Ground
Kansas City,Fresno,CA,Size L,16.04,4,UPS® Ground
Kansas City,Cleveland,TN,Size L,14.74,3,UPS® Ground
Kansas City,Henderson,NV,Size L,16.04,4,UPS® Ground
Kansas City,Lincoln,NE,Size L,10.41,2,UPS® Ground
Kansas City,Wilmington,NC,Size L,14.74,3,UPS® Ground
Kansas City,Arvada,CO,Size L,14.74,3,UPS® Ground
Kansas City,Anchorage,AK,Size L,46.14,5,UPS® Ground
Kansas City,Birmingham,AL,Size L,11.36,3,UPS® Ground
Kansas City,Bozeman,MT,Size L,14.74,4,UPS® Ground
Kansas City,Conroe,TX,Size L,14.74,3,UPS® Ground
Kansas City,Carmel Valley,CA,Size L,16.04,4,UPS® Ground
Kansas City,Castle Rock,CO,Size L,11.36,3,UPS® Ground
Kansas City,Cedar Rapids,IA,Size L,10.41,2,UPS® Ground
Kansas City,Cooperstown,NY,Size L,14.74,4,UPS® Ground
Kansas City,Deland,FL,Size L,16.04,4,UPS® Ground
Kansas City,Fort Mill,SC,Size L,14.74,3,UPS® Ground
Kansas City,Fargo,ND,Size L,11.36,3,UPS® Ground
Kansas City,Glen Allen,VA,Size L,14.74,3,UPS® Ground
Kansas City,Grand Junction,CO,Size L,14.74,3,UPS® Ground
Kansas City,Highlands Ranch,CO,Size L,11.36,3,UPS® Ground
Kansas City,Joliet,IL,Size L,11.36,3,UPS® Ground
Kansas City,Kerrville,TX,Size L,14.74,3,UPS® Ground
Kansas City,Longmont,CO,Size L,11.36,3,UPS® Ground
Kansas City,Minneapolis,MN,Size L,14.74,3,UPS® Ground
Kansas City,Naperville,IL,Size L,11.36,3,UPS® Ground
Kansas City,Neosho,MO,Size L,10.41,2,UPS® Ground
Kansas City,Puyallup,WA,Size L,17.1,4,UPS® Ground
Kansas City,Queen Creek,AZ,Size L,16.04,4,UPS® Ground
Kansas City,Saline,MI,Size L,14.74,3,UPS® Ground
Kansas City,Sevierville,TN,Size L,14.74,3,UPS® Ground
Kansas City,Sterling Heights,MI,Size L,14.74,3,UPS® Ground
Kansas City,Thornton,CO,Size L,14.74,3,UPS® Ground
Kansas City,Ventura,CA,Size L,17.1,4,UPS® Ground
Kansas City,Wilmington,MA,Size L,16.04,4,UPS® Ground
Kansas City,Clermont,FL,Size L,16.04,4,UPS® Ground
Kansas City,Abilene,TX,Size L,11.36,3,UPS® Ground
Kansas City,Brick,NJ,Size L,16.04,4,UPS® Ground
Kansas City,Bentonville,AR,Size L,10.41,3,UPS® Ground
Kansas City,Bogart,GA,Size L,14.74,3,UPS® Ground
Kansas City,Boston,MA,Size L,16.04,4,UPS® Ground
Kansas City,Buffalo,NY,Size L,14.74,4,UPS® Ground
Kansas City,Cary,NC,Size L,14.74,3,UPS® Ground
Kansas City,Dallas,GA,Size L,14.74,3,UPS® Ground
Kansas City,Doylestown,PA,Size L,16.04,3,UPS® Ground
Kansas City,Eugene,OR,Size L,17.1,4,UPS® Ground
Kansas City,Edmond,OK,Size L,11.36,3,UPS® Ground
Kansas City,Forney,TX,Size L,11.36,3,UPS® Ground
Kansas City,Fuquay Varina,NC,Size L,14.74,3,UPS® Ground
Kansas City,Glendora,CA,Size L,16.04,4,UPS® Ground
Kansas City,Henrico,VA,Size L,14.74,3,UPS® Ground
Kansas City,Hockessin,DE,Size L,16.04,3,UPS® Ground
Kansas City,Holly Springs,NC,Size L,14.74,3,UPS® Ground
Kansas City,Irvine,CA,Size L,16.04,4,UPS® Ground
Kansas City,Lakeland,FL,Size L,16.04,4,UPS® Ground
Kansas City,Lawrence,KS,Size L,9.41,1,UPS® Ground
Kansas City,League City,TX,Size L,14.74,3,UPS® Ground
Kansas City,Mansfield,TX,Size L,11.36,3,UPS® Ground
Kansas City,Madison,WI,Size L,11.36,3,UPS® Ground
Kansas City,McKinney,TX,Size L,14.74,3,UPS® Ground
Kansas City,Mentor,OH,Size L,14.74,3,UPS® Ground
Kansas City,Mount Airy,MD,Size L,14.74,3,UPS® Ground
Kansas City,Norfolk,VA,Size L,16.04,3,UPS® Ground
Kansas City,Nampa,ID,Size L,16.04,4,UPS® Ground
Kansas City,Noblesville,IN,Size L,11.36,3,UPS® Ground
Kansas City,Orland Park,IL,Size L,11.36,3,UPS® Ground
Kansas City,Palm Harbor,FL,Size L,16.04,4,UPS® Ground
Kansas City,Petaluma,CA,Size L,17.1,4,UPS® Ground
Kansas City,Placentia,CA,Size L,16.04,4,UPS® Ground
Kansas City,Prescott,AZ,Size L,16.04,4,UPS® Ground
Kansas City,Richardson,TX,Size L,14.74,3,UPS® Ground
Kansas City,Roanoke,VA,Size L,14.74,3,UPS® Ground
Kansas City,Richmond,TX,Size L,14.74,3,UPS® Ground
Kansas City,Sanford,ME,Size L,16.04,4,UPS® Ground
Kansas City,Seminole,FL,Size L,16.04,4,UPS® Ground
Kansas City,Sheridan,WY,Size L,14.74,4,UPS® Ground
Kansas City,Sparks,NV,Size L,16.04,4,UPS® Ground
Kansas City,Traverse City,MI,Size L,11.36,3,UPS® Ground
Kansas City,Tulsa,OK,Size L,10.41,2,UPS® Ground
Kansas City,Wake Forest,NC,Size L,14.74,3,UPS® Ground
Kansas City,Waterloo,SC,Size L,14.74,3,UPS® Ground
Kansas City,Waukesha,WI,Size L,11.36,3,UPS® Ground
Kansas City,Wichita,KS,Size L,10.41,1,UPS® Ground
Kansas City,Winnsboro,TX,Size L,11.36,3,UPS® Ground
Kansas City,Woodbury,MN,Size L,14.74,3,UPS® Ground
Kansas City,Cumming,GA,Size L,14.74,3,UPS® Ground
Kansas City,Muskegon,MI,Size L,11.36,3,UPS® Ground
Kansas City,Akron,OH,Size L,14.74,3,UPS® Ground
Kansas City,Albany,OR,Size L,17.1,4,UPS® Ground
Kansas City,Alpharetta,GA,Size L,14.74,3,UPS® Ground
Kansas City,Asheville,NC,Size L,14.74,3,UPS® Ground
Kansas City,Bixby,OK,Size L,10.41,2,UPS® Ground
Kansas City,Boulder,CO,Size L,11.36,3,UPS® Ground
Kansas City,Bethlehem,PA,Size L,16.04,3,UPS® Ground
Kansas City,Brenham,TX,Size L,11.36,3,UPS® Ground
Kansas City,Broken Bow,OK,Size L,11.36,3,UPS® Ground
Kansas City,Cape Coral,FL,Size L,16.04,4,UPS® Ground
Kansas City,Chula Vista,CA,Size L,16.04,4,UPS® Ground
Kansas City,Crawfordville,FL,Size L,14.74,4,UPS® Ground
Kansas City,Cypress,TX,Size L,14.74,3,UPS® Ground
Kansas City,Clearwater,FL,Size L,16.04,4,UPS® Ground
Kansas City,Columbiana,AL,Size L,11.36,3,UPS® Ground
Kansas City,Columbus,GA,Size L,14.74,3,UPS® Ground
Kansas City,Commack,NY,Size L,16.04,4,UPS® Ground
Kansas City,Dublin,CA,Size L,17.1,4,UPS® Ground
Kansas City,Decatur,GA,Size L,14.74,3,UPS® Ground
Kansas City,Deltona,FL,Size L,16.04,4,UPS® Ground
Kansas City,Derry,NH,Size L,16.04,4,UPS® Ground
Kansas City,Douglassville,PA,Size L,16.04,3,UPS® Ground
Kansas City,Easton,PA,Size L,16.04,3,UPS® Ground
Kansas City,El Paso,TX,Size L,14.74,3,UPS® Ground
Kansas City,Escondido,CA,Size L,16.04,4,UPS® Ground
Kansas City,Fairport,NY,Size L,14.74,4,UPS® Ground
Kansas City,Flemington,NJ,Size L,16.04,4,UPS® Ground
Kansas City,Florence,SC,Size L,14.74,3,UPS® Ground
Kansas City,Fort Lauderdale,FL,Size L,16.04,4,UPS® Ground
Kansas City,Frisco,TX,Size L,14.74,3,UPS® Ground
Kansas City,Goodyear,AZ,Size L,16.04,4,UPS® Ground
Kansas City,Gays Mills,WI,Size L,11.36,4,UPS® Ground
Kansas City,Grafton,WI,Size L,11.36,3,UPS® Ground
Kansas City,Green Cove Springs,FL,Size L,14.74,4,UPS® Ground
Kansas City,Greensburg,PA,Size L,14.74,3,UPS® Ground
Kansas City,Honolulu,HI,Size L,46.14,5,UPS® Ground
Kansas City,Humble,TX,Size L,14.74,3,UPS® Ground
Kansas City,Huntington,NY,Size L,16.04,4,UPS® Ground
Kansas City,Idaho Falls,ID,Size L,14.74,4,UPS® Ground
Kansas City,Jackson,TN,Size L,11.36,3,UPS® Ground
Kansas City,Jacksonville,NC,Size L,16.04,4,UPS® Ground
Kansas City,Jenkintown,PA,Size L,16.04,3,UPS® Ground
Kansas City,Johnson City,TN,Size L,14.74,3,UPS® Ground
Kansas City,Kingwood,TX,Size L,14.74,3,UPS® Ground
Kansas City,Lansing,MI,Size L,14.74,3,UPS® Ground
Kansas City,Lapeer,MI,Size L,14.74,3,UPS® Ground
Kansas City,Lawrenceville,GA,Size L,14.74,3,UPS® Ground
Kansas City,Lexington,NC,Size L,14.74,3,UPS® Ground
Kansas City,Lubbock,TX,Size L,11.36,3,UPS® Ground
Kansas City,Medina,OH,Size L,14.74,3,UPS® Ground
Kansas City,Macomb,MI,Size L,14.74,3,UPS® Ground
Kansas City,Magnolia,TX,Size L,14.74,3,UPS® Ground
Kansas City,Martinsburg,WV,Size L,14.74,3,UPS® Ground
Kansas City,Meridian,ID,Size L,16.04,4,UPS® Ground
Kansas City,Mobile,AL,Size L,14.74,3,UPS® Ground
Kansas City,Morrison,CO,Size L,14.74,3,UPS® Ground
Kansas City,Napa,CA,Size L,17.1,4,UPS® Ground
Kansas City,New Braunfels,TX,Size L,14.74,3,UPS® Ground
Kansas City,New Lenox,IL,Size L,11.36,3,UPS® Ground
Kansas City,New Orleans,LA,Size L,14.74,3,UPS® Ground
Kansas City,Newark,DE,Size L,16.04,3,UPS® Ground
Kansas City,Oakland,CA,Size L,17.1,4,UPS® Ground
Kansas City,Owasso,OK,Size L,10.41,2,UPS® Ground
Kansas City,Overland Park,KS,Size L,9.41,1,UPS® Ground
Kansas City,Panama City,FL,Size L,14.74,3,UPS® Ground
Kansas City,Panama City Beach,FL,Size L,14.74,3,UPS® Ground
Kansas City,Patchogue,NY,Size L,16.04,4,UPS® Ground
Kansas City,Port Clinton,OH,Size L,14.74,3,UPS® Ground
Kansas City,Paducah,KY,Size L,11.36,3,UPS® Ground
Kansas City,Palmetto,FL,Size L,16.04,4,UPS® Ground
Kansas City,Pearland,TX,Size L,14.74,3,UPS® Ground
Kansas City,Pella,IA,Size L,10.41,2,UPS® Ground
Kansas City,Pittsford,NY,Size L,14.74,4,UPS® Ground
Kansas City,Port Orange,FL,Size L,14.74,4,UPS® Ground
Kansas City,Ravenna,OH,Size L,14.74,3,UPS® Ground
Kansas City,Roaming Shores,OH,Size L,14.74,3,UPS® Ground
Kansas City,Richmond Hill,GA,Size L,14.74,4,UPS® Ground
Kansas City,Riverview,FL,Size L,16.04,4,UPS® Ground
Kansas City,Rochester,MN,Size L,11.36,3,UPS® Ground
Kansas City,Round Rock,TX,Size L,14.74,3,UPS® Ground
Kansas City,Saint Petersburg,FL,Size L,16.04,4,UPS® Ground
Kansas City,San Leandro,CA,Size L,17.1,4,UPS® Ground
Kansas City,Southington,CT,Size L,16.04,4,UPS® Ground
Kansas City,Spartanburg,SC,Size L,14.74,3,UPS® Ground
Kansas City,Surprise,AZ,Size L,16.04,4,UPS® Ground
Kansas City,Santa Barbara,CA,Size L,17.1,4,UPS® Ground
Kansas City,Shelton,CT,Size L,16.04,4,UPS® Ground
Kansas City,Spring Branch,TX,Size L,14.74,3,UPS® Ground
Kansas City,St. Louis,MO,Size L,11.36,2,UPS® Ground
Kansas City,Stroudsburg,PA,Size L,14.74,3,UPS® Ground
Kansas City,Sunapee,NH,Size L,16.04,4,UPS® Ground
Kansas City,Swedesboro,NJ,Size L,16.04,3,UPS® Ground
Kansas City,Syracuse,NY,Size L,14.74,4,UPS® Ground
Kansas City,Tomball,TX,Size L,14.74,3,UPS® Ground
Kansas City,Topeka,KS,Size L,9.41,1,UPS® Ground
Kansas City,Tuscaloosa,AL,Size L,11.36,3,UPS® Ground
Kansas City,Terre Haute,IN,Size L,11.36,3,UPS® Ground
Kansas City,Tinley Park,IL,Size L,11.36,3,UPS® Ground
Kansas City,Toms River,NJ,Size L,16.04,4,UPS® Ground
Kansas City,Tulare,CA,Size L,16.04,4,UPS® Ground
Kansas City,Vienna,VA,Size L,14.74,3,UPS® Ground
Kansas City,Walnut Creek,CA,Size L,17.1,4,UPS® Ground
Kansas City,Wayne,NJ,Size L,16.04,4,UPS® Ground
Kansas City,Waynesboro,VA,Size L,14.74,3,UPS® Ground
Kansas City,West Sacramento,CA,Size L,17.1,4,UPS® Ground
Kansas City,Yuba City,CA,Size L,17.1,4,UPS® Ground
Kansas City,Zachary,LA,Size L,14.74,3,UPS® Ground
Kansas City,Buford,GA,Size L,14.74,3,UPS® Ground
Kansas City,Modesto,CA,Size L,17.1,4,UPS® Ground
Kansas City,Winter Park,FL,Size L,16.04,4,UPS® Ground
Kansas City,Antioch,IL,Size L,11.36,3,UPS® Ground
Kansas City,Algonquin,IL,Size L,11.36,3,UPS® Ground
Kansas City,Allen,TX,Size L,14.74,3,UPS® Ground
Kansas City,Ames,IA,Size L,10.41,2,UPS® Ground
Kansas City,Anaheim,CA,Size L,16.04,4,UPS® Ground
Kansas City,Aptos,CA,Size L,17.1,4,UPS® Ground
Kansas City,Astoria,NY,Size L,16.04,4,UPS® Ground
Kansas City,Bloomington,IN,Size L,11.36,3,UPS® Ground
Kansas City,Bremerton,WA,Size L,17.1,4,UPS® Ground
Kansas City,Brunswick,OH,Size L,14.74,3,UPS® Ground
Kansas City,Burke,VA,Size L,14.74,3,UPS® Ground
Kansas City,Bedford,IN,Size L,11.36,3,UPS® Ground
Kansas City,Benton,LA,Size L,11.36,3,UPS® Ground
Kansas City,Billings,MT,Size L,14.74,4,UPS® Ground
Kansas City,Birdsboro,PA,Size L,16.04,3,UPS® Ground
Kansas City,Bothell,WA,Size L,17.1,4,UPS® Ground
Kansas City,Bowie,MD,Size L,14.74,3,UPS® Ground
Kansas City,Brentwood,TN,Size L,14.74,3,UPS® Ground
Kansas City,Bronx,NY,Size L,16.04,4,UPS® Ground
Kansas City,Brookfield,WI,Size L,11.36,3,UPS® Ground
Kansas City,Canton,OH,Size L,14.74,3,UPS® Ground
Kansas City,Celina,TX,Size L,14.74,3,UPS® Ground
Kansas City,Chapel Hill,NC,Size L,14.74,3,UPS® Ground
Kansas City,Claremore,OK,Size L,10.41,2,UPS® Ground
Kansas City,Clovis,CA,Size L,16.04,4,UPS® Ground
Kansas City,Cocoa,FL,Size L,16.04,4,UPS® Ground
Kansas City,Callahan,FL,Size L,14.74,4,UPS® Ground
Kansas City,Carmel,IN,Size L,11.36,3,UPS® Ground
Kansas City,Cedar Park,TX,Size L,14.74,3,UPS® Ground
Kansas City,Centennial,CO,Size L,11.36,3,UPS® Ground
Kansas City,Centerville,MA,Size L,16.04,4,UPS® Ground
Kansas City,Charleston,SC,Size L,14.74,3,UPS® Ground
Kansas City,Charlottesville,VA,Size L,14.74,3,UPS® Ground
Kansas City,Clarkesville,GA,Size L,14.74,3,UPS® Ground
Kansas City,Clayton,NC,Size L,14.74,3,UPS® Ground
Kansas City,Clifton,NJ,Size L,16.04,4,UPS® Ground
Kansas City,Collinsville,OK,Size L,10.41,2,UPS® Ground
Kansas City,Columbia,TN,Size L,11.36,3,UPS® Ground
Kansas City,Concord,NC,Size L,14.74,3,UPS® Ground
Kansas City,Cookeville,TN,Size L,11.36,3,UPS® Ground
Kansas City,Corpus Christi,TX,Size L,14.74,3,UPS® Ground
Kansas City,Corrales,NM,Size L,14.74,3,UPS® Ground
Kansas City,Corydon,IN,Size L,11.36,3,UPS® Ground
Kansas City,Cranston,RI,Size L,16.04,4,UPS® Ground
Kansas City,Dekalb,IL,Size L,11.36,3,UPS® Ground
Kansas City,Delaware,OH,Size L,14.74,3,UPS® Ground
Kansas City,Delmar,NY,Size L,16.04,4,UPS® Ground
Kansas City,Des Moines,IA,Size L,10.41,2,UPS® Ground
Kansas City,Dickson,TN,Size L,14.74,3,UPS® Ground
Kansas City,Downers Grove,IL,Size L,11.36,3,UPS® Ground
Kansas City,Dripping Springs,TX,Size L,14.74,3,UPS® Ground
Kansas City,Eustis,FL,Size L,16.04,4,UPS® Ground
Kansas City,East Hampton,NY,Size L,16.04,4,UPS® Ground
Kansas City,Fenton,MO,Size L,11.36,2,UPS® Ground
Kansas City,Fayetteville,AR,Size L,10.41,3,UPS® Ground
Kansas City,Flower Mound,TX,Size L,14.74,3,UPS® Ground
Kansas City,Franklin,OH,Size L,11.36,3,UPS® Ground
Kansas City,Friendswood,TX,Size L,14.74,3,UPS® Ground
Kansas City,Gainesville,FL,Size L,14.74,4,UPS® Ground
Kansas City,Gainesville,GA,Size L,14.74,3,UPS® Ground
Kansas City,Glendale,CA,Size L,16.04,4,UPS® Ground
Kansas City,Greenville,SC,Size L,14.74,3,UPS® Ground
Kansas City,Greenville,MI,Size L,14.74,3,UPS® Ground
Kansas City,Gaithersburg,MD,Size L,14.74,3,UPS® Ground
Kansas City,Garner,NC,Size L,14.74,3,UPS® Ground
Kansas City,Gastonia,NC,Size L,14.74,3,UPS® Ground
Kansas City,Granada Hills,CA,Size L,16.04,4,UPS® Ground
Kansas City,Granbury,TX,Size L,11.36,3,UPS® Ground
Kansas City,Griffin,GA,Size L,14.74,3,UPS® Ground
Kansas City,Harpers Ferry,WV,Size L,14.74,3,UPS® Ground
Kansas City,Haverhill,MA,Size L,16.04,4,UPS® Ground
Kansas City,Hayward,CA,Size L,17.1,4,UPS® Ground
Kansas City,Herriman,UT,Size L,14.74,4,UPS® Ground
Kansas City,Hillsboro,OR,Size L,17.1,4,UPS® Ground
Kansas City,Hoboken,NJ,Size L,16.04,4,UPS® Ground
Kansas City,Huntley,IL,Size L,11.36,3,UPS® Ground
Kansas City,Hagerstown,MD,Size L,14.74,3,UPS® Ground
Kansas City,Hamilton,OH,Size L,11.36,3,UPS® Ground
Kansas City,Harrisburg,PA,Size L,14.74,3,UPS® Ground
Kansas City,Hendersonville,NC,Size L,14.74,3,UPS® Ground
Kansas City,Hendersonville,TN,Size L,14.74,3,UPS® Ground
Kansas City,Holland,MI,Size L,11.36,3,UPS® Ground
Kansas City,Indian Trail,NC,Size L,14.74,3,UPS® Ground
Kansas City,Jersey City,NJ,Size L,16.04,4,UPS® Ground
Kansas City,Johnstown,PA,Size L,14.74,3,UPS® Ground
Kansas City,Kalamazoo,MI,Size L,11.36,3,UPS® Ground
Kansas City,Keatchie,LA,Size L,11.36,3,UPS® Ground
Kansas City,Kennewick,WA,Size L,16.04,4,UPS® Ground
Kansas City,Kingsport,TN,Size L,14.74,3,UPS® Ground
Kansas City,Lake Elsinore,CA,Size L,16.04,4,UPS® Ground
Kansas City,Lebanon,OH,Size L,11.36,3,UPS® Ground
Kansas City,Little Rock,AR,Size L,11.36,3,UPS® Ground
Kansas City,Livonia,MI,Size L,14.74,3,UPS® Ground
Kansas City,Los Alamos,NM,Size L,14.74,3,UPS® Ground
Kansas City,Loveland,CO,Size L,11.36,3,UPS® Ground
Kansas City,La Mesa,CA,Size L,16.04,4,UPS® Ground
Kansas City,La Quinta,CA,Size L,16.04,4,UPS® Ground
Kansas City,Lake Oswego,OR,Size L,17.1,4,UPS® Ground
Kansas City,Lake Saint Louis,MO,Size L,11.36,2,UPS® Ground
Kansas City,Lake in the Hills,IL,Size L,11.36,3,UPS® Ground
Kansas City,Lakeway,TX,Size L,14.74,3,UPS® Ground
Kansas City,Lancaster,NY,Size L,14.74,4,UPS® Ground
Kansas City,Leander,TX,Size L,14.74,3,UPS® Ground
Kansas City,Lees Summit,MO,Size L,9.41,1,UPS® Ground
Kansas City,Lenoir,NC,Size L,14.74,3,UPS® Ground
Kansas City,Lewis Center,OH,Size L,14.74,3,UPS® Ground
Kansas City,Lexington,IN,Size L,11.36,3,UPS® Ground
Kansas City,Lodi,CA,Size L,16.04,4,UPS® Ground
Kansas City,Lynden,WA,Size L,17.1,4,UPS® Ground
Kansas City,Methuen,MA,Size L,16.04,4,UPS® Ground
Kansas City,Milford,CT,Size L,16.04,4,UPS® Ground
Kansas City,Mineola,TX,Size L,11.36,3,UPS® Ground
Kansas City,Missoula,MT,Size L,16.04,4,UPS® Ground
Kansas City,Mansfield,OH,Size L,14.74,3,UPS® Ground
Kansas City,McDonough,GA,Size L,14.74,3,UPS® Ground
Kansas City,Merritt Island,FL,Size L,16.04,4,UPS® Ground
Kansas City,Midlothian,VA,Size L,14.74,3,UPS® Ground
Kansas City,Millington,TN,Size L,11.36,3,UPS® Ground
Kansas City,Milton,FL,Size L,14.74,3,UPS® Ground
Kansas City,Moab,UT,Size L,14.74,4,UPS® Ground
Kansas City,Monroe,NC,Size L,14.74,3,UPS® Ground
Kansas City,Mooresville,IN,Size L,11.36,3,UPS® Ground
Kansas City,Morganton,NC,Size L,14.74,3,UPS® Ground
Kansas City,Murfreesboro,TN,Size L,11.36,3,UPS® Ground
Kansas City,Newburgh,NY,Size L,16.04,4,UPS® Ground
Kansas City,Navarre,FL,Size L,14.74,3,UPS® Ground
Kansas City,New Market,AL,Size L,11.36,3,UPS® Ground
Kansas City,Newnan,GA,Size L,14.74,3,UPS® Ground
Kansas City,Norman,OK,Size L,11.36,2,UPS® Ground
Kansas City,Novi,MI,Size L,14.74,3,UPS® Ground
Kansas City,Ormond Beach,FL,Size L,14.74,4,UPS® Ground
Kansas City,Owensboro,KY,Size L,11.36,3,UPS® Ground
Kansas City,Oconto,WI,Size L,11.36,3,UPS® Ground
Kansas City,Old Bridge,NJ,Size L,16.04,4,UPS® Ground
Kansas City,Olympia,WA,Size L,17.1,4,UPS® Ground
Kansas City,Oregon City,OR,Size L,17.1,4,UPS® Ground
Kansas City,Oxford,MI,Size L,14.74,3,UPS® Ground
Kansas City,Peachtree City,GA,Size L,14.74,3,UPS® Ground
Kansas City,Pleasanton,CA,Size L,17.1,4,UPS® Ground
Kansas City,Poughkeepsie,NY,Size L,16.04,4,UPS® Ground
Kansas City,Pagosa Springs,CO,Size L,11.36,3,UPS® Ground
Kansas City,Pasadena,CA,Size L,16.04,4,UPS® Ground
Kansas City,Pasadena,TX,Size L,14.74,3,UPS® Ground
Kansas City,Pasco,WA,Size L,16.04,4,UPS® Ground
Kansas City,Pawtucket,RI,Size L,16.04,4,UPS® Ground
Kansas City,Pembroke,MA,Size L,16.04,4,UPS® Ground
Kansas City,Perrysburg,OH,Size L,11.36,3,UPS® Ground
Kansas City,Plant City,FL,Size L,16.04,4,UPS® Ground
Kansas City,Port Orchard,WA,Size L,17.1,4,UPS® Ground
Kansas City,Prescott Valley,AZ,Size L,16.04,4,UPS® Ground
Kansas City,Princeton,NJ,Size L,16.04,4,UPS® Ground
Kansas City,Quincy,MA,Size L,16.04,4,UPS® Ground
Kansas City,Redwood City,CA,Size L,17.1,4,UPS® Ground
Kansas City,Rohnert Park,CA,Size L,17.1,4,UPS® Ground
Kansas City,Rigby,ID,Size L,14.74,5,UPS® Ground
Kansas City,Ripon,WI,Size L,11.36,3,UPS® Ground
Kansas City,Rogers,AR,Size L,10.41,3,UPS® Ground
Kansas City,Rowlett,TX,Size L,14.74,3,UPS® Ground
Kansas City,Rydal,PA,Size L,16.04,3,UPS® Ground
Kansas City,Shepherdsville,KY,Size L,11.36,3,UPS® Ground
Kansas City,Shreveport,LA,Size L,11.36,3,UPS® Ground
Kansas City,Stamford,CT,Size L,16.04,4,UPS® Ground
Kansas City,Salt Lake City,UT,Size L,14.74,4,UPS® Ground
Kansas City,Sanford,NC,Size L,14.74,3,UPS® Ground
Kansas City,Santa Ana,CA,Size L,16.04,4,UPS® Ground
Kansas City,Santa Cruz,CA,Size L,17.1,4,UPS® Ground
Kansas City,Santa Fe,NM,Size L,14.74,3,UPS® Ground
Kansas City,Sarver,PA,Size L,14.74,3,UPS® Ground
Kansas City,Schenectady,NY,Size L,16.04,4,UPS® Ground
Kansas City,Sierra Vista,AZ,Size L,16.04,4,UPS® Ground
Kansas City,Silver Spring,MD,Size L,14.74,3,UPS® Ground
Kansas City,South Jordan,UT,Size L,14.74,4,UPS® Ground
Kansas City,Springfield,MO,Size L,10.41,1,UPS® Ground
Kansas City,Summerville,SC,Size L,14.74,3,UPS® Ground
Kansas City,Sumter,SC,Size L,14.74,3,UPS® Ground
Kansas City,Sun City,AZ,Size L,16.04,4,UPS® Ground
Kansas City,Syosset,NY,Size L,16.04,4,UPS® Ground
Kansas City,Taunton,MA,Size L,16.04,4,UPS® Ground
Kansas City,Texarkana,TX,Size L,11.36,3,UPS® Ground
Kansas City,Toledo,OH,Size L,14.74,3,UPS® Ground
Kansas City,Urbana,OH,Size L,14.74,3,UPS® Ground
Kansas City,Valparaiso,IN,Size L,11.36,3,UPS® Ground
Kansas City,Waco,TX,Size L,11.36,3,UPS® Ground
Kansas City,West Lafayette,IN,Size L,11.36,3,UPS® Ground
Kansas City,Winter Garden,FL,Size L,16.04,4,UPS® Ground
Kansas City,Winter Haven,FL,Size L,16.04,4,UPS® Ground
Kansas City,Wylie,TX,Size L,14.74,3,UPS® Ground
Kansas City,Waldorf,MD,Size L,14.74,3,UPS® Ground
Kansas City,Wesley Chapel,FL,Size L,16.04,4,UPS® Ground
Kansas City,West Palm Beach,FL,Size L,16.04,4,UPS® Ground
Kansas City,Williamsburg,VA,Size L,14.74,3,UPS® Ground
Kansas City,Woodbridge,VA,Size L,14.74,3,UPS® Ground
Kansas City,Woodside,CA,Size L,17.1,4,UPS® Ground
Kansas City,Yorba Linda,CA,Size L,16.04,4,UPS® Ground
Kansas City,Queens Village,NY,Size L,16.04,4,UPS® Ground
Billings,Brooklyn,NY,Size L,17.1,5,UPS® Ground
Billings,Phoenix,AZ,Size L,14.74,3,UPS® Ground
Billings,Houston,TX,Size L,16.04,3,UPS® Ground
Billings,San Antonio,TX,Size L,16.04,3,UPS® Ground
Billings,Jacksonville,FL,Size L,17.1,4,UPS® Ground
Billings,Chicago,IL,Size L,16.04,3,UPS® Ground
Billings,Dallas,TX,Size L,16.04,3,UPS® Ground
Billings,Wilmington,DE,Size L,17.1,5,UPS® Ground
Billings,Austin,TX,Size L,16.04,3,UPS® Ground
Billings,Canton,OH,Size L,17.1,4,UPS® Ground
Billings,Charlotte,NC,Size L,17.1,5,UPS® Ground
Billings,New York,NY,Size L,17.1,5,UPS® Ground
Billings,Atlanta,GA,Size L,17.1,4,UPS® Ground
Billings,Franklin,TN,Size L,16.04,4,UPS® Ground
Billings,Lexington,KY,Size L,16.04,4,UPS® Ground
Billings,Orlando,FL,Size L,18.12,4,UPS® Ground
Billings,Rochester,NY,Size L,17.1,5,UPS® Ground
Billings,Las Vegas,NV,Size L,14.74,3,UPS® Ground
Billings,Louisville,KY,Size L,16.04,4,UPS® Ground
Billings,Marietta,GA,Size L,17.1,4,UPS® Ground
Billings,Colorado Springs,CO,Size L,11.36,2,UPS® Ground
Billings,Columbus,OH,Size L,16.04,4,UPS® Ground
Billings,Marble Falls,TX,Size L,16.04,3,UPS® Ground
Billings,Tampa,FL,Size L,18.12,4,UPS® Ground
Billings,San Diego,CA,Size L,14.74,3,UPS® Ground
Billings,Columbia,SC,Size L,17.1,5,UPS® Ground
Billings,Greenville,SC,Size L,17.1,5,UPS® Ground
Billings,Lebanon,TN,Size L,16.04,4,UPS® Ground
Billings,Salem,OR,Size L,14.74,2,UPS® Ground
Billings,Cleveland,OH,Size L,16.04,4,UPS® Ground
Billings,Denver,CO,Size L,11.36,2,UPS® Ground
Billings,Omaha,NE,Size L,14.74,3,UPS® Ground
Billings,Portland,OR,Size L,14.74,2,UPS® Ground
Billings,Raleigh,NC,Size L,17.1,5,UPS® Ground
Billings,Richmond,VA,Size L,17.1,5,UPS® Ground
Billings,Jackson,MS,Size L,16.04,4,UPS® Ground
Billings,Albany,NY,Size L,17.1,5,UPS® Ground
Billings,Fort Worth,TX,Size L,16.04,3,UPS® Ground
Billings,Oklahoma City,OK,Size L,14.74,3,UPS® Ground
Billings,Chesapeake,VA,Size L,17.1,5,UPS® Ground
Billings,Miami,FL,Size L,18.12,4,UPS® Ground
Billings,Milford,CT,Size L,18.12,5,UPS® Ground
Billings,Pittsburgh,PA,Size L,17.1,4,UPS® Ground
Billings,San Francisco,CA,Size L,14.74,3,UPS® Ground
Billings,San Jose,CA,Size L,14.74,3,UPS® Ground
Billings,Tucson,AZ,Size L,14.74,3,UPS® Ground
Billings,Virginia Beach,VA,Size L,17.1,5,UPS® Ground
Billings,Albuquerque,NM,Size L,14.74,3,UPS® Ground
Billings,Gilbert,AZ,Size L,14.74,3,UPS® Ground
Billings,Springfield,IL,Size L,16.04,3,UPS® Ground
Billings,Alexandria,VA,Size L,17.1,5,UPS® Ground
Billings,Kansas City,MO,Size L,14.74,3,UPS® Ground
Billings,Knoxville,TN,Size L,17.1,4,UPS® Ground
Billings,Lakewood,CO,Size L,11.36,2,UPS® Ground
Billings,Nashville,TN,Size L,16.04,4,UPS® Ground
Billings,Saint Louis,MO,Size L,16.04,3,UPS® Ground
Billings,Seattle,WA,Size L,14.74,2,UPS® Ground
Billings,Arlington,TX,Size L,16.04,3,UPS® Ground
Billings,Aurora,CO,Size L,11.36,2,UPS® Ground
Billings,Boise,ID,Size L,11.36,3,UPS® Ground
Billings,Indianapolis,IN,Size L,16.04,4,UPS® Ground
Billings,Naples,CO,Size L,11.36,,UPS® Ground
Billings,Reno,NV,Size L,14.74,3,UPS® Ground
Billings,Riverside,CA,Size L,14.74,3,UPS® Ground
Billings,Bismarck,ND,Size L,11.36,2,UPS® Ground
Billings,Fresno,TX,Size L,16.04,3,UPS® Ground
Billings,Lincoln,RI,Size L,18.12,5,UPS® Ground
Billings,Los Angeles,CA,Size L,14.74,3,UPS® Ground
Billings,Mansfield,MA,Size L,18.12,5,UPS® Ground
Billings,Milwaukee,WI,Size L,16.04,3,UPS® Ground
Billings,Madison,IN,Size L,16.04,4,UPS® Ground
Billings,Mesa,AZ,Size L,14.74,3,UPS® Ground
Billings,Monroe,NC,Size L,17.1,5,UPS® Ground
Billings,Philadelphia,PA,Size L,17.1,5,UPS® Ground
Billings,Staten Island,NY,Size L,17.1,5,UPS® Ground
Billings,Washington,DC,Size L,17.1,5,UPS® Ground
Billings,Baltimore,MD,Size L,17.1,5,UPS® Ground
Billings,Decatur,IL,Size L,16.04,4,UPS® Ground
Billings,Durham,NC,Size L,17.1,5,UPS® Ground
Billings,Fayetteville,AR,Size L,14.74,4,UPS® Ground
Billings,Glendale,AZ,Size L,14.74,3,UPS® Ground
Billings,Midland,GA,Size L,17.1,4,UPS® Ground
Billings,Scottsdale,AZ,Size L,14.74,3,UPS® Ground
Billings,Woodstock,GA,Size L,17.1,4,UPS® Ground
Billings,Chandler,AZ,Size L,14.74,3,UPS® Ground
Billings,Cincinnati,OH,Size L,16.04,4,UPS® Ground
Billings,Covington,LA,Size L,17.1,4,UPS® Ground
Billings,Fort Myers,FL,Size L,18.12,4,UPS® Ground
Billings,Greensboro,NC,Size L,17.1,5,UPS® Ground
Billings,Henderson,TX,Size L,16.04,3,UPS® Ground
Billings,Hamilton,MI,Size L,16.04,4,UPS® Ground
Billings,Lewisburg,PA,Size L,17.1,5,UPS® Ground
Billings,Littleton,CO,Size L,11.36,2,UPS® Ground
Billings,Mount Pleasant,SC,Size L,17.1,5,UPS® Ground
Billings,Pasadena,MD,Size L,17.1,5,UPS® Ground
Billings,Plano,TX,Size L,16.04,3,UPS® Ground
Billings,Sanford,NC,Size L,17.1,5,UPS® Ground
Billings,Wayne,ME,Size L,18.12,5,UPS® Ground
Billings,Ashland,PA,Size L,17.1,5,UPS® Ground
Billings,Burlington,WI,Size L,16.04,3,UPS® Ground
Billings,Centerville,IA,Size L,14.74,3,UPS® Ground
Billings,Clayton,NC,Size L,17.1,5,UPS® Ground
Billings,Encinitas,CA,Size L,14.74,3,UPS® Ground
Billings,Fort Collins,CO,Size L,11.36,2,UPS® Ground
Billings,Golden,CO,Size L,11.36,2,UPS® Ground
Billings,Hudson,NC,Size L,17.1,5,UPS® Ground
Billings,Katy,TX,Size L,16.04,3,UPS® Ground
Billings,Lancaster,SC,Size L,17.1,5,UPS® Ground
Billings,Newark,NJ,Size L,17.1,5,UPS® Ground
Billings,Parker,CO,Size L,11.36,2,UPS® Ground
Billings,Plymouth,MA,Size L,18.12,5,UPS® Ground
Billings,Rancho Cucamonga,CA,Size L,14.74,3,UPS® Ground
Billings,Rockville,MD,Size L,17.1,5,UPS® Ground
Billings,Sacramento,CA,Size L,14.74,3,UPS® Ground
Billings,Tallahassee,FL,Size L,17.1,4,UPS® Ground
Billings,The Villages,FL,Size L,17.1,4,UPS® Ground
Billings,Westfield,IN,Size L,16.04,4,UPS® Ground
Billings,Waterloo,IA,Size L,14.74,3,UPS® Ground
Billings,West Chester,PA,Size L,17.1,5,UPS® Ground
Billings,Bend,OR,Size L,14.74,2,UPS® Ground
Billings,Amarillo,TX,Size L,14.74,3,UPS® Ground
Billings,Auburn,MA,Size L,18.12,5,UPS® Ground
Billings,Bakersfield,CA,Size L,14.74,3,UPS® Ground
Billings,Boca Raton,FL,Size L,18.12,4,UPS® Ground
Billings,Benton,LA,Size L,16.04,3,UPS® Ground
Billings,Bradenton,FL,Size L,18.12,4,UPS® Ground
Billings,Dayton,OH,Size L,16.04,4,UPS® Ground
Billings,Duluth,MN,Size L,14.74,3,UPS® Ground
Billings,Englewood,CO,Size L,11.36,2,UPS® Ground
Billings,Fort Wayne,IN,Size L,16.04,3,UPS® Ground
Billings,Frederick,MD,Size L,17.1,5,UPS® Ground
Billings,Fredericksburg,VA,Size L,17.1,5,UPS® Ground
Billings,Gainesville,FL,Size L,17.1,4,UPS® Ground
Billings,Grand Rapids,MI,Size L,16.04,4,UPS® Ground
Billings,Green Bay,WI,Size L,14.74,3,UPS® Ground
Billings,Morgantown,WV,Size L,17.1,5,UPS® Ground
Billings,Pensacola,FL,Size L,17.1,4,UPS® Ground
Billings,Princeton,MA,Size L,18.12,5,UPS® Ground
Billings,Peoria,AZ,Size L,14.74,3,UPS® Ground
Billings,Saint Paul,MN,Size L,14.74,3,UPS® Ground
Billings,Savannah,GA,Size L,17.1,4,UPS® Ground
Billings,Seaford,NY,Size L,17.1,5,UPS® Ground
Billings,Seymour,IN,Size L,16.04,4,UPS® Ground
Billings,Spokane,WA,Size L,11.36,2,UPS® Ground
Billings,Windsor,CO,Size L,11.36,2,UPS® Ground
Billings,Winston-Salem,NC,Size L,17.1,5,UPS® Ground
Billings,Worcester,MA,Size L,18.12,5,UPS® Ground
Billings,York,PA,Size L,17.1,4,UPS® Ground
Billings,Antioch,TN,Size L,16.04,4,UPS® Ground
Billings,Athens,GA,Size L,17.1,4,UPS® Ground
Billings,Corona,CA,Size L,14.74,3,UPS® Ground
Billings,Fairfield,CA,Size L,14.74,3,UPS® Ground
Billings,Germantown,MD,Size L,17.1,5,UPS® Ground
Billings,Hillsboro,OR,Size L,14.74,2,UPS® Ground
Billings,Hope Mills,NC,Size L,17.1,5,UPS® Ground
Billings,Hendersonville,NC,Size L,17.1,5,UPS® Ground
Billings,Holly Springs,MS,Size L,16.04,4,UPS® Ground
Billings,Homer,AK,Size L,46.14,5,UPS® Ground
Billings,Laurel,MD,Size L,17.1,5,UPS® Ground
Billings,Long Beach,CA,Size L,14.74,3,UPS® Ground
Billings,Manteca,CA,Size L,14.74,3,UPS® Ground
Billings,Maryville,TN,Size L,17.1,4,UPS® Ground
Billings,Magnolia,MS,Size L,16.04,4,UPS® Ground
Billings,Memphis,TN,Size L,16.04,4,UPS® Ground
Billings,Milton,MA,Size L,18.12,5,UPS® Ground
Billings,Montgomery,TX,Size L,16.04,3,UPS® Ground
Billings,Myrtle Beach,SC,Size L,17.1,5,UPS® Ground
Billings,New Market,AL,Size L,16.04,4,UPS® Ground
Billings,Ocala,FL,Size L,17.1,4,UPS® Ground
Billings,Olathe,KS,Size L,14.74,3,UPS® Ground
Billings,Oxford,MI,Size L,16.04,4,UPS® Ground
Billings,Palm Beach Gardens,FL,Size L,18.12,4,UPS® Ground
Billings,Roseville,CA,Size L,14.74,3,UPS® Ground
Billings,Roswell,GA,Size L,17.1,4,UPS® Ground
Billings,Rockwall,TX,Size L,16.04,3,UPS® Ground
Billings,Spring,TX,Size L,16.04,3,UPS® Ground
Billings,Salisbury,MA,Size L,18.12,5,UPS® Ground
Billings,Santa Rosa,CA,Size L,14.74,3,UPS® Ground
Billings,Sarasota,FL,Size L,18.12,4,UPS® Ground
Billings,Vancouver,WA,Size L,14.74,2,UPS® Ground
Billings,Westminster,MD,Size L,17.1,5,UPS® Ground
Billings,Canton,GA,Size L,17.1,4,UPS® Ground
Billings,Columbia,MO,Size L,14.74,3,UPS® Ground
Billings,Naples,FL,Size L,18.12,4,UPS® Ground
Billings,Fresno,CA,Size L,14.74,3,UPS® Ground
Billings,Cleveland,TN,Size L,17.1,4,UPS® Ground
Billings,Henderson,NV,Size L,14.74,3,UPS® Ground
Billings,Lincoln,NE,Size L,14.74,3,UPS® Ground
Billings,Wilmington,NC,Size L,17.1,5,UPS® Ground
Billings,Arvada,CO,Size L,11.36,2,UPS® Ground
Billings,Anchorage,AK,Size L,46.14,5,UPS® Ground
Billings,Birmingham,AL,Size L,17.1,4,UPS® Ground
Billings,Bozeman,MT,Size L,10.41,1,UPS® Ground
Billings,Conroe,TX,Size L,16.04,3,UPS® Ground
Billings,Carmel Valley,CA,Size L,14.74,3,UPS® Ground
Billings,Castle Rock,CO,Size L,11.36,2,UPS® Ground
Billings,Cedar Rapids,IA,Size L,14.74,3,UPS® Ground
Billings,Cooperstown,NY,Size L,17.1,5,UPS® Ground
Billings,Deland,FL,Size L,18.12,4,UPS® Ground
Billings,Fort Mill,SC,Size L,17.1,5,UPS® Ground
Billings,Fargo,ND,Size L,11.36,2,UPS® Ground
Billings,Glen Allen,VA,Size L,17.1,5,UPS® Ground
Billings,Grand Junction,CO,Size L,11.36,2,UPS® Ground
Billings,Highlands Ranch,CO,Size L,11.36,2,UPS® Ground
Billings,Joliet,IL,Size L,16.04,3,UPS® Ground
Billings,Kerrville,TX,Size L,16.04,3,UPS® Ground
Billings,Longmont,CO,Size L,11.36,2,UPS® Ground
Billings,Minneapolis,MN,Size L,14.74,3,UPS® Ground
Billings,Naperville,IL,Size L,16.04,3,UPS® Ground
Billings,Neosho,MO,Size L,14.74,3,UPS® Ground
Billings,Puyallup,WA,Size L,14.74,2,UPS® Ground
Billings,Queen Creek,AZ,Size L,14.74,3,UPS® Ground
Billings,Saline,MI,Size L,16.04,4,UPS® Ground
Billings,Sevierville,TN,Size L,17.1,4,UPS® Ground
Billings,Sterling Heights,MI,Size L,16.04,4,UPS® Ground
Billings,Thornton,CO,Size L,11.36,2,UPS® Ground
Billings,Ventura,CA,Size L,14.74,3,UPS® Ground
Billings,Wilmington,MA,Size L,18.12,5,UPS® Ground
Billings,Clermont,FL,Size L,18.12,4,UPS® Ground
Billings,Abilene,TX,Size L,16.04,3,UPS® Ground
Billings,Brick,NJ,Size L,17.1,5,UPS® Ground
Billings,Bentonville,AR,Size L,14.74,4,UPS® Ground
Billings,Bogart,GA,Size L,17.1,4,UPS® Ground
Billings,Boston,MA,Size L,18.12,5,UPS® Ground
Billings,Buffalo,NY,Size L,17.1,5,UPS® Ground
Billings,Cary,NC,Size L,17.1,5,UPS® Ground
Billings,Dallas,GA,Size L,17.1,4,UPS® Ground
Billings,Doylestown,PA,Size L,17.1,5,UPS® Ground
Billings,Eugene,OR,Size L,14.74,2,UPS® Ground
Billings,Edmond,OK,Size L,14.74,3,UPS® Ground
Billings,Forney,TX,Size L,16.04,3,UPS® Ground
Billings,Fuquay Varina,NC,Size L,17.1,5,UPS® Ground
Billings,Glendora,CA,Size L,14.74,3,UPS® Ground
Billings,Henrico,VA,Size L,17.1,5,UPS® Ground
Billings,Hockessin,DE,Size L,17.1,5,UPS® Ground
Billings,Holly Springs,NC,Size L,17.1,5,UPS® Ground
Billings,Irvine,CA,Size L,14.74,3,UPS® Ground
Billings,Lakeland,FL,Size L,18.12,4,UPS® Ground
Billings,Lawrence,KS,Size L,14.74,3,UPS® Ground
Billings,League City,TX,Size L,16.04,3,UPS® Ground
Billings,Mansfield,TX,Size L,16.04,3,UPS® Ground
Billings,Madison,WI,Size L,14.74,3,UPS® Ground
Billings,McKinney,TX,Size L,16.04,3,UPS® Ground
Billings,Mentor,OH,Size L,16.04,4,UPS® Ground
Billings,Mount Airy,MD,Size L,17.1,5,UPS® Ground
Billings,Norfolk,VA,Size L,17.1,5,UPS® Ground
Billings,Nampa,ID,Size L,11.36,3,UPS® Ground
Billings,Noblesville,IN,Size L,16.04,4,UPS® Ground
Billings,Orland Park,IL,Size L,16.04,3,UPS® Ground
Billings,Palm Harbor,FL,Size L,18.12,4,UPS® Ground
Billings,Petaluma,CA,Size L,14.74,3,UPS® Ground
Billings,Placentia,CA,Size L,14.74,3,UPS® Ground
Billings,Prescott,AZ,Size L,14.74,3,UPS® Ground
Billings,Richardson,TX,Size L,16.04,3,UPS® Ground
Billings,Roanoke,VA,Size L,17.1,4,UPS® Ground
Billings,Richmond,TX,Size L,16.04,3,UPS® Ground
Billings,Sanford,ME,Size L,18.12,5,UPS® Ground
Billings,Seminole,FL,Size L,18.12,4,UPS® Ground
Billings,Sheridan,WY,Size L,9.41,1,UPS® Ground
Billings,Sparks,NV,Size L,11.36,3,UPS® Ground
Billings,Traverse City,MI,Size L,16.04,4,UPS® Ground
Billings,Tulsa,OK,Size L,14.74,3,UPS® Ground
Billings,Wake Forest,NC,Size L,17.1,5,UPS® Ground
Billings,Waterloo,SC,Size L,17.1,5,UPS® Ground
Billings,Waukesha,WI,Size L,16.04,3,UPS® Ground
Billings,Wichita,KS,Size L,14.74,3,UPS® Ground
Billings,Winnsboro,TX,Size L,16.04,3,UPS® Ground
Billings,Woodbury,MN,Size L,14.74,3,UPS® Ground
Billings,Cumming,GA,Size L,17.1,4,UPS® Ground
Billings,Muskegon,MI,Size L,16.04,4,UPS® Ground
Billings,Akron,OH,Size L,16.04,4,UPS® Ground
Billings,Albany,OR,Size L,14.74,2,UPS® Ground
Billings,Alpharetta,GA,Size L,17.1,4,UPS® Ground
Billings,Asheville,NC,Size L,17.1,5,UPS® Ground
Billings,Bixby,OK,Size L,14.74,3,UPS® Ground
Billings,Boulder,CO,Size L,11.36,2,UPS® Ground
Billings,Bethlehem,PA,Size L,17.1,5,UPS® Ground
Billings,Brenham,TX,Size L,16.04,3,UPS® Ground
Billings,Broken Bow,OK,Size L,14.74,3,UPS® Ground
Billings,Cape Coral,FL,Size L,18.12,4,UPS® Ground
Billings,Chula Vista,CA,Size L,14.74,3,UPS® Ground
Billings,Crawfordville,FL,Size L,17.1,4,UPS® Ground
Billings,Cypress,TX,Size L,16.04,3,UPS® Ground
Billings,Clearwater,FL,Size L,18.12,4,UPS® Ground
Billings,Columbiana,AL,Size L,16.04,4,UPS® Ground
Billings,Columbus,GA,Size L,17.1,4,UPS® Ground
Billings,Commack,NY,Size L,17.1,5,UPS® Ground
Billings,Dublin,CA,Size L,14.74,3,UPS® Ground
Billings,Decatur,GA,Size L,17.1,4,UPS® Ground
Billings,Deltona,FL,Size L,18.12,4,UPS® Ground
Billings,Derry,NH,Size L,18.12,5,UPS® Ground
Billings,Douglassville,PA,Size L,17.1,5,UPS® Ground
Billings,Easton,PA,Size L,17.1,5,UPS® Ground
Billings,El Paso,TX,Size L,14.74,3,UPS® Ground
Billings,Escondido,CA,Size L,14.74,3,UPS® Ground
Billings,Fairport,NY,Size L,17.1,5,UPS® Ground
Billings,Flemington,NJ,Size L,17.1,5,UPS® Ground
Billings,Florence,SC,Size L,17.1,5,UPS® Ground
Billings,Fort Lauderdale,FL,Size L,18.12,4,UPS® Ground
Billings,Frisco,TX,Size L,16.04,3,UPS® Ground
Billings,Goodyear,AZ,Size L,14.74,3,UPS® Ground
Billings,Gays Mills,WI,Size L,14.74,4,UPS® Ground
Billings,Grafton,WI,Size L,16.04,3,UPS® Ground
Billings,Green Cove Springs,FL,Size L,17.1,4,UPS® Ground
Billings,Greensburg,PA,Size L,17.1,4,UPS® Ground
Billings,Honolulu,HI,Size L,46.14,4,UPS® Ground
Billings,Humble,TX,Size L,16.04,3,UPS® Ground
Billings,Huntington,NY,Size L,17.1,5,UPS® Ground
Billings,Idaho Falls,ID,Size L,10.41,2,UPS® Ground
Billings,Jackson,TN,Size L,16.04,4,UPS® Ground
Billings,Jacksonville,NC,Size L,17.1,5,UPS® Ground
Billings,Jenkintown,PA,Size L,17.1,5,UPS® Ground
Billings,Johnson City,TN,Size L,17.1,4,UPS® Ground
Billings,Kingwood,TX,Size L,16.04,3,UPS® Ground
Billings,Lansing,MI,Size L,16.04,4,UPS® Ground
Billings,Lapeer,MI,Size L,16.04,4,UPS® Ground
Billings,Lawrenceville,GA,Size L,17.1,4,UPS® Ground
Billings,Lexington,NC,Size L,17.1,5,UPS® Ground
Billings,Lubbock,TX,Size L,14.74,3,UPS® Ground
Billings,Medina,OH,Size L,16.04,4,UPS® Ground
Billings,Macomb,MI,Size L,16.04,4,UPS® Ground
Billings,Magnolia,TX,Size L,16.04,3,UPS® Ground
Billings,Martinsburg,WV,Size L,17.1,5,UPS® Ground
Billings,Meridian,ID,Size L,11.36,3,UPS® Ground
Billings,Mobile,AL,Size L,17.1,4,UPS® Ground
Billings,Morrison,CO,Size L,11.36,2,UPS® Ground
Billings,Napa,CA,Size L,14.74,3,UPS® Ground
Billings,New Braunfels,TX,Size L,16.04,3,UPS® Ground
Billings,New Lenox,IL,Size L,16.04,3,UPS® Ground
Billings,New Orleans,LA,Size L,17.1,4,UPS® Ground
Billings,Newark,DE,Size L,17.1,5,UPS® Ground
Billings,Oakland,CA,Size L,14.74,3,UPS® Ground
Billings,Owasso,OK,Size L,14.74,3,UPS® Ground
Billings,Overland Park,KS,Size L,14.74,3,UPS® Ground
Billings,Panama City,FL,Size L,17.1,4,UPS® Ground
Billings,Panama City Beach,FL,Size L,17.1,4,UPS® Ground
Billings,Patchogue,NY,Size L,17.1,5,UPS® Ground
Billings,Port Clinton,OH,Size L,16.04,4,UPS® Ground
Billings,Paducah,KY,Size L,16.04,4,UPS® Ground
Billings,Palmetto,FL,Size L,18.12,4,UPS® Ground
Billings,Pearland,TX,Size L,16.04,3,UPS® Ground
Billings,Pella,IA,Size L,14.74,3,UPS® Ground
Billings,Pittsford,NY,Size L,17.1,5,UPS® Ground
Billings,Port Orange,FL,Size L,17.1,4,UPS® Ground
Billings,Ravenna,OH,Size L,16.04,4,UPS® Ground
Billings,Roaming Shores,OH,Size L,16.04,4,UPS® Ground
Billings,Richmond Hill,GA,Size L,17.1,4,UPS® Ground
Billings,Riverview,FL,Size L,18.12,4,UPS® Ground
Billings,Rochester,MN,Size L,14.74,3,UPS® Ground
Billings,Round Rock,TX,Size L,16.04,3,UPS® Ground
Billings,Saint Petersburg,FL,Size L,18.12,4,UPS® Ground
Billings,San Leandro,CA,Size L,14.74,3,UPS® Ground
Billings,Southington,CT,Size L,18.12,5,UPS® Ground
Billings,Spartanburg,SC,Size L,17.1,5,UPS® Ground
Billings,Surprise,AZ,Size L,14.74,3,UPS® Ground
Billings,Santa Barbara,CA,Size L,14.74,3,UPS® Ground
Billings,Shelton,CT,Size L,18.12,5,UPS® Ground
Billings,Spring Branch,TX,Size L,16.04,3,UPS® Ground
Billings,St. Louis,MO,Size L,16.04,3,UPS® Ground
Billings,Stroudsburg,PA,Size L,17.1,5,UPS® Ground
Billings,Sunapee,NH,Size L,17.1,5,UPS® Ground
Billings,Swedesboro,NJ,Size L,17.1,5,UPS® Ground
Billings,Syracuse,NY,Size L,17.1,5,UPS® Ground
Billings,Tomball,TX,Size L,16.04,3,UPS® Ground
Billings,Topeka,KS,Size L,14.74,3,UPS® Ground
Billings,Tuscaloosa,AL,Size L,16.04,4,UPS® Ground
Billings,Terre Haute,IN,Size L,16.04,4,UPS® Ground
Billings,Tinley Park,IL,Size L,16.04,3,UPS® Ground
Billings,Toms River,NJ,Size L,17.1,5,UPS® Ground
Billings,Tulare,CA,Size L,14.74,3,UPS® Ground
Billings,Vienna,VA,Size L,17.1,4,UPS® Ground
Billings,Walnut Creek,CA,Size L,14.74,3,UPS® Ground
Billings,Wayne,NJ,Size L,17.1,5,UPS® Ground
Billings,Waynesboro,VA,Size L,17.1,5,UPS® Ground
Billings,West Sacramento,CA,Size L,14.74,3,UPS® Ground
Billings,Yuba City,CA,Size L,14.74,3,UPS® Ground
Billings,Zachary,LA,Size L,16.04,4,UPS® Ground
Billings,Buford,GA,Size L,17.1,4,UPS® Ground
Billings,Modesto,CA,Size L,14.74,3,UPS® Ground
Billings,Winter Park,FL,Size L,18.12,4,UPS® Ground
Billings,Antioch,IL,Size L,16.04,3,UPS® Ground
Billings,Algonquin,IL,Size L,16.04,3,UPS® Ground
Billings,Allen,TX,Size L,16.04,3,UPS® Ground
Billings,Ames,IA,Size L,14.74,3,UPS® Ground
Billings,Anaheim,CA,Size L,14.74,3,UPS® Ground
Billings,Aptos,CA,Size L,14.74,3,UPS® Ground
Billings,Astoria,NY,Size L,17.1,5,UPS® Ground
Billings,Bloomington,IN,Size L,16.04,4,UPS® Ground
Billings,Bremerton,WA,Size L,14.74,2,UPS® Ground
Billings,Brunswick,OH,Size L,16.04,4,UPS® Ground
Billings,Burke,VA,Size L,17.1,5,UPS® Ground
Billings,Bedford,IN,Size L,16.04,4,UPS® Ground
Billings,Benton,LA,Size L,16.04,3,UPS® Ground
Billings,Billings,MT,Size L,9.41,1,UPS® Ground
Billings,Birdsboro,PA,Size L,17.1,5,UPS® Ground
Billings,Bothell,WA,Size L,14.74,2,UPS® Ground
Billings,Bowie,MD,Size L,17.1,5,UPS® Ground
Billings,Brentwood,TN,Size L,16.04,4,UPS® Ground
Billings,Bronx,NY,Size L,17.1,5,UPS® Ground
Billings,Brookfield,WI,Size L,16.04,3,UPS® Ground
Billings,Canton,OH,Size L,17.1,4,UPS® Ground
Billings,Celina,TX,Size L,16.04,3,UPS® Ground
Billings,Chapel Hill,NC,Size L,17.1,5,UPS® Ground
Billings,Claremore,OK,Size L,14.74,3,UPS® Ground
Billings,Clovis,CA,Size L,14.74,3,UPS® Ground
Billings,Cocoa,FL,Size L,18.12,4,UPS® Ground
Billings,Callahan,FL,Size L,17.1,4,UPS® Ground
Billings,Carmel,IN,Size L,16.04,4,UPS® Ground
Billings,Cedar Park,TX,Size L,16.04,3,UPS® Ground
Billings,Centennial,CO,Size L,11.36,2,UPS® Ground
Billings,Centerville,MA,Size L,18.12,5,UPS® Ground
Billings,Charleston,SC,Size L,17.1,5,UPS® Ground
Billings,Charlottesville,VA,Size L,17.1,5,UPS® Ground
Billings,Clarkesville,GA,Size L,17.1,4,UPS® Ground
Billings,Clayton,NC,Size L,17.1,5,UPS® Ground
Billings,Clifton,NJ,Size L,17.1,5,UPS® Ground
Billings,Collinsville,OK,Size L,14.74,3,UPS® Ground
Billings,Columbia,TN,Size L,16.04,4,UPS® Ground
Billings,Concord,NC,Size L,17.1,5,UPS® Ground
Billings,Cookeville,TN,Size L,16.04,4,UPS® Ground
Billings,Corpus Christi,TX,Size L,16.04,3,UPS® Ground
Billings,Corrales,NM,Size L,14.74,3,UPS® Ground
Billings,Corydon,IN,Size L,16.04,4,UPS® Ground
Billings,Cranston,RI,Size L,18.12,5,UPS® Ground
Billings,Dekalb,IL,Size L,16.04,3,UPS® Ground
Billings,Delaware,OH,Size L,16.04,4,UPS® Ground
Billings,Delmar,NY,Size L,17.1,5,UPS® Ground
Billings,Des Moines,IA,Size L,14.74,3,UPS® Ground
Billings,Dickson,TN,Size L,16.04,4,UPS® Ground
Billings,Downers Grove,IL,Size L,16.04,3,UPS® Ground
Billings,Dripping Springs,TX,Size L,16.04,3,UPS® Ground
Billings,Eustis,FL,Size L,18.12,4,UPS® Ground
Billings,East Hampton,NY,Size L,18.12,5,UPS® Ground
Billings,Fenton,MO,Size L,16.04,3,UPS® Ground
Billings,Fayetteville,AR,Size L,14.74,4,UPS® Ground
Billings,Flower Mound,TX,Size L,16.04,3,UPS® Ground
Billings,Franklin,OH,Size L,16.04,4,UPS® Ground
Billings,Friendswood,TX,Size L,16.04,3,UPS® Ground
Billings,Gainesville,FL,Size L,17.1,4,UPS® Ground
Billings,Gainesville,GA,Size L,17.1,4,UPS® Ground
Billings,Glendale,CA,Size L,14.74,3,UPS® Ground
Billings,Greenville,SC,Size L,17.1,5,UPS® Ground
Billings,Greenville,MI,Size L,16.04,4,UPS® Ground
Billings,Gaithersburg,MD,Size L,17.1,5,UPS® Ground
Billings,Garner,NC,Size L,17.1,5,UPS® Ground
Billings,Gastonia,NC,Size L,17.1,5,UPS® Ground
Billings,Granada Hills,CA,Size L,14.74,3,UPS® Ground
Billings,Granbury,TX,Size L,16.04,3,UPS® Ground
Billings,Griffin,GA,Size L,17.1,4,UPS® Ground
Billings,Harpers Ferry,WV,Size L,17.1,5,UPS® Ground
Billings,Haverhill,MA,Size L,18.12,5,UPS® Ground
Billings,Hayward,CA,Size L,14.74,3,UPS® Ground
Billings,Herriman,UT,Size L,11.36,2,UPS® Ground
Billings,Hillsboro,OR,Size L,14.74,2,UPS® Ground
Billings,Hoboken,NJ,Size L,17.1,5,UPS® Ground
Billings,Huntley,IL,Size L,16.04,3,UPS® Ground
Billings,Hagerstown,MD,Size L,17.1,5,UPS® Ground
Billings,Hamilton,OH,Size L,16.04,4,UPS® Ground
Billings,Harrisburg,PA,Size L,17.1,4,UPS® Ground
Billings,Hendersonville,NC,Size L,17.1,5,UPS® Ground
Billings,Hendersonville,TN,Size L,16.04,4,UPS® Ground
Billings,Holland,MI,Size L,16.04,4,UPS® Ground
Billings,Indian Trail,NC,Size L,17.1,5,UPS® Ground
Billings,Jersey City,NJ,Size L,17.1,5,UPS® Ground
Billings,Johnstown,PA,Size L,17.1,4,UPS® Ground
Billings,Kalamazoo,MI,Size L,16.04,4,UPS® Ground
Billings,Keatchie,LA,Size L,16.04,4,UPS® Ground
Billings,Kennewick,WA,Size L,11.36,2,UPS® Ground
Billings,Kingsport,TN,Size L,17.1,4,UPS® Ground
Billings,Lake Elsinore,CA,Size L,14.74,3,UPS® Ground
Billings,Lebanon,OH,Size L,16.04,4,UPS® Ground
Billings,Little Rock,AR,Size L,16.04,4,UPS® Ground
Billings,Livonia,MI,Size L,16.04,4,UPS® Ground
Billings,Los Alamos,NM,Size L,14.74,3,UPS® Ground
Billings,Loveland,CO,Size L,11.36,2,UPS® Ground
Billings,La Mesa,CA,Size L,14.74,3,UPS® Ground
Billings,La Quinta,CA,Size L,14.74,3,UPS® Ground
Billings,Lake Oswego,OR,Size L,14.74,2,UPS® Ground
Billings,Lake Saint Louis,MO,Size L,14.74,3,UPS® Ground
Billings,Lake in the Hills,IL,Size L,16.04,3,UPS® Ground
Billings,Lakeway,TX,Size L,16.04,3,UPS® Ground
Billings,Lancaster,NY,Size L,17.1,5,UPS® Ground
Billings,Leander,TX,Size L,16.04,3,UPS® Ground
Billings,Lees Summit,MO,Size L,14.74,3,UPS® Ground
Billings,Lenoir,NC,Size L,17.1,5,UPS® Ground
Billings,Lewis Center,OH,Size L,16.04,4,UPS® Ground
Billings,Lexington,IN,Size L,16.04,4,UPS® Ground
Billings,Lodi,CA,Size L,14.74,3,UPS® Ground
Billings,Lynden,WA,Size L,14.74,2,UPS® Ground
Billings,Methuen,MA,Size L,18.12,5,UPS® Ground
Billings,Milford,CT,Size L,18.12,5,UPS® Ground
Billings,Mineola,TX,Size L,16.04,3,UPS® Ground
Billings,Missoula,MT,Size L,10.41,1,UPS® Ground
Billings,Mansfield,OH,Size L,16.04,4,UPS® Ground
Billings,McDonough,GA,Size L,17.1,4,UPS® Ground
Billings,Merritt Island,FL,Size L,18.12,4,UPS® Ground
Billings,Midlothian,VA,Size L,17.1,5,UPS® Ground
Billings,Millington,TN,Size L,16.04,4,UPS® Ground
Billings,Milton,FL,Size L,17.1,4,UPS® Ground
Billings,Moab,UT,Size L,11.36,3,UPS® Ground
Billings,Monroe,NC,Size L,17.1,5,UPS® Ground
Billings,Mooresville,IN,Size L,16.04,4,UPS® Ground
Billings,Morganton,NC,Size L,17.1,5,UPS® Ground
Billings,Murfreesboro,TN,Size L,16.04,4,UPS® Ground
Billings,Newburgh,NY,Size L,17.1,5,UPS® Ground
Billings,Navarre,FL,Size L,17.1,4,UPS® Ground
Billings,New Market,AL,Size L,16.04,4,UPS® Ground
Billings,Newnan,GA,Size L,17.1,4,UPS® Ground
Billings,Norman,OK,Size L,14.74,3,UPS® Ground
Billings,Novi,MI,Size L,16.04,4,UPS® Ground
Billings,Ormond Beach,FL,Size L,17.1,4,UPS® Ground
Billings,Owensboro,KY,Size L,16.04,4,UPS® Ground
Billings,Oconto,WI,Size L,14.74,3,UPS® Ground
Billings,Old Bridge,NJ,Size L,17.1,5,UPS® Ground
Billings,Olympia,WA,Size L,14.74,2,UPS® Ground
Billings,Oregon City,OR,Size L,14.74,2,UPS® Ground
Billings,Oxford,MI,Size L,16.04,4,UPS® Ground
Billings,Peachtree City,GA,Size L,17.1,4,UPS® Ground
Billings,Pleasanton,CA,Size L,14.74,3,UPS® Ground
Billings,Poughkeepsie,NY,Size L,17.1,5,UPS® Ground
Billings,Pagosa Springs,CO,Size L,11.36,2,UPS® Ground
Billings,Pasadena,CA,Size L,14.74,3,UPS® Ground
Billings,Pasadena,TX,Size L,16.04,3,UPS® Ground
Billings,Pasco,WA,Size L,11.36,2,UPS® Ground
Billings,Pawtucket,RI,Size L,18.12,5,UPS® Ground
Billings,Pembroke,MA,Size L,18.12,5,UPS® Ground
Billings,Perrysburg,OH,Size L,16.04,4,UPS® Ground
Billings,Plant City,FL,Size L,18.12,4,UPS® Ground
Billings,Port Orchard,WA,Size L,14.74,2,UPS® Ground
Billings,Prescott Valley,AZ,Size L,14.74,3,UPS® Ground
Billings,Princeton,NJ,Size L,17.1,5,UPS® Ground
Billings,Quincy,MA,Size L,18.12,5,UPS® Ground
Billings,Redwood City,CA,Size L,14.74,3,UPS® Ground
Billings,Rohnert Park,CA,Size L,14.74,3,UPS® Ground
Billings,Rigby,ID,Size L,10.41,3,UPS® Ground
Billings,Ripon,WI,Size L,14.74,3,UPS® Ground
Billings,Rogers,AR,Size L,14.74,4,UPS® Ground
Billings,Rowlett,TX,Size L,16.04,3,UPS® Ground
Billings,Rydal,PA,Size L,17.1,5,UPS® Ground
Billings,Shepherdsville,KY,Size L,16.04,4,UPS® Ground
Billings,Shreveport,LA,Size L,16.04,3,UPS® Ground
Billings,Stamford,CT,Size L,17.1,5,UPS® Ground
Billings,Salt Lake City,UT,Size L,11.36,2,UPS® Ground
Billings,Sanford,NC,Size L,17.1,5,UPS® Ground
Billings,Santa Ana,CA,Size L,14.74,3,UPS® Ground
Billings,Santa Cruz,CA,Size L,14.74,3,UPS® Ground
Billings,Santa Fe,NM,Size L,14.74,3,UPS® Ground
Billings,Sarver,PA,Size L,17.1,4,UPS® Ground
Billings,Schenectady,NY,Size L,17.1,5,UPS® Ground
Billings,Sierra Vista,AZ,Size L,14.74,3,UPS® Ground
Billings,Silver Spring,MD,Size L,17.1,5,UPS® Ground
Billings,South Jordan,UT,Size L,11.36,2,UPS® Ground
Billings,Springfield,MO,Size L,14.74,3,UPS® Ground
Billings,Summerville,SC,Size L,17.1,5,UPS® Ground
Billings,Sumter,SC,Size L,17.1,5,UPS® Ground
Billings,Sun City,AZ,Size L,14.74,3,UPS® Ground
Billings,Syosset,NY,Size L,17.1,5,UPS® Ground
Billings,Taunton,MA,Size L,18.12,5,UPS® Ground
Billings,Texarkana,TX,Size L,14.74,3,UPS® Ground
Billings,Toledo,OH,Size L,16.04,4,UPS® Ground
Billings,Urbana,OH,Size L,16.04,4,UPS® Ground
Billings,Valparaiso,IN,Size L,16.04,3,UPS® Ground
Billings,Waco,TX,Size L,16.04,3,UPS® Ground
Billings,West Lafayette,IN,Size L,16.04,3,UPS® Ground
Billings,Winter Garden,FL,Size L,18.12,4,UPS® Ground
Billings,Winter Haven,FL,Size L,18.12,4,UPS® Ground
Billings,Wylie,TX,Size L,16.04,3,UPS® Ground
Billings,Waldorf,MD,Size L,17.1,5,UPS® Ground
Billings,Wesley Chapel,FL,Size L,18.12,4,UPS® Ground
Billings,West Palm Beach,FL,Size L,18.12,4,UPS® Ground
Billings,Williamsburg,VA,Size L,17.1,5,UPS® Ground
Billings,Woodbridge,VA,Size L,17.1,5,UPS® Ground
Billings,Woodside,CA,Size L,14.74,3,UPS® Ground
Billings,Yorba Linda,CA,Size L,14.74,3,UPS® Ground
Billings,Queens Village,NY,Size L,17.1,5,UPS® Ground
Minneapolis,Brooklyn,NY,Size L,16.04,3,UPS® Ground
Minneapolis,Phoenix,AZ,Size L,17.1,4,UPS® Ground
Minneapolis,Houston,TX,Size L,16.04,4,UPS® Ground
Minneapolis,San Antonio,TX,Size L,16.04,4,UPS® Ground
Minneapolis,Jacksonville,FL,Size L,16.04,4,UPS® Ground
Minneapolis,Chicago,IL,Size L,11.36,2,UPS® Ground
Minneapolis,Dallas,TX,Size L,14.74,3,UPS® Ground
Minneapolis,Wilmington,DE,Size L,14.74,3,UPS® Ground
Minneapolis,Austin,TX,Size L,16.04,3,UPS® Ground
Minneapolis,Canton,OH,Size L,14.74,2,UPS® Ground
Minneapolis,Charlotte,NC,Size L,14.74,3,UPS® Ground
Minneapolis,New York,NY,Size L,16.04,3,UPS® Ground
Minneapolis,Atlanta,GA,Size L,14.74,4,UPS® Ground
Minneapolis,Franklin,TN,Size L,14.74,3,UPS® Ground
Minneapolis,Lexington,KY,Size L,14.74,2,UPS® Ground
Minneapolis,Orlando,FL,Size L,16.04,4,UPS® Ground
Minneapolis,Rochester,NY,Size L,14.74,3,UPS® Ground
Minneapolis,Las Vegas,NV,Size L,17.1,4,UPS® Ground
Minneapolis,Louisville,KY,Size L,14.74,2,UPS® Ground
Minneapolis,Marietta,GA,Size L,14.74,4,UPS® Ground
Minneapolis,Colorado Springs,CO,Size L,14.74,3,UPS® Ground
Minneapolis,Columbus,OH,Size L,14.74,2,UPS® Ground
Minneapolis,Marble Falls,TX,Size L,16.04,3,UPS® Ground
Minneapolis,Tampa,FL,Size L,16.04,4,UPS® Ground
Minneapolis,San Diego,CA,Size L,17.1,4,UPS® Ground
Minneapolis,Columbia,SC,Size L,16.04,3,UPS® Ground
Minneapolis,Greenville,SC,Size L,14.74,3,UPS® Ground
Minneapolis,Lebanon,TN,Size L,14.74,3,UPS® Ground
Minneapolis,Salem,OR,Size L,17.1,5,UPS® Ground
Minneapolis,Cleveland,OH,Size L,14.74,2,UPS® Ground
Minneapolis,Denver,CO,Size L,14.74,3,UPS® Ground
Minneapolis,Omaha,NE,Size L,10.41,3,UPS® Ground
Minneapolis,Portland,OR,Size L,17.1,5,UPS® Ground
Minneapolis,Raleigh,NC,Size L,14.74,3,UPS® Ground
Minneapolis,Richmond,VA,Size L,14.74,3,UPS® Ground
Minneapolis,Jackson,MS,Size L,14.74,2,UPS® Ground
Minneapolis,Albany,NY,Size L,14.74,3,UPS® Ground
Minneapolis,Fort Worth,TX,Size L,14.74,3,UPS® Ground
Minneapolis,Oklahoma City,OK,Size L,14.74,3,UPS® Ground
Minneapolis,Chesapeake,VA,Size L,16.04,3,UPS® Ground
Minneapolis,Miami,FL,Size L,17.1,4,UPS® Ground
Minneapolis,Milford,CT,Size L,16.04,3,UPS® Ground
Minneapolis,Pittsburgh,PA,Size L,14.74,3,UPS® Ground
Minneapolis,San Francisco,CA,Size L,17.1,4,UPS® Ground
Minneapolis,San Jose,CA,Size L,17.1,4,UPS® Ground
Minneapolis,Tucson,AZ,Size L,16.04,4,UPS® Ground
Minneapolis,Virginia Beach,VA,Size L,16.04,3,UPS® Ground
Minneapolis,Albuquerque,NM,Size L,14.74,4,UPS® Ground
Minneapolis,Gilbert,AZ,Size L,17.1,4,UPS® Ground
Minneapolis,Springfield,IL,Size L,11.36,2,UPS® Ground
Minneapolis,Alexandria,VA,Size L,14.74,3,UPS® Ground
Minneapolis,Kansas City,MO,Size L,11.36,3,UPS® Ground
Minneapolis,Knoxville,TN,Size L,14.74,3,UPS® Ground
Minneapolis,Lakewood,CO,Size L,14.74,3,UPS® Ground
Minneapolis,Nashville,TN,Size L,14.74,3,UPS® Ground
Minneapolis,Saint Louis,MO,Size L,11.36,3,UPS® Ground
Minneapolis,Seattle,WA,Size L,17.1,5,UPS® Ground
Minneapolis,Arlington,TX,Size L,14.74,3,UPS® Ground
Minneapolis,Aurora,CO,Size L,14.74,3,UPS® Ground
Minneapolis,Boise,ID,Size L,16.04,4,UPS® Ground
Minneapolis,Indianapolis,IN,Size L,11.36,2,UPS® Ground
Minneapolis,Naples,CO,Size L,14.74,,UPS® Ground
Minneapolis,Reno,NV,Size L,16.04,4,UPS® Ground
Minneapolis,Riverside,CA,Size L,17.1,4,UPS® Ground
Minneapolis,Bismarck,ND,Size L,11.36,2,UPS® Ground
Minneapolis,Fresno,TX,Size L,16.04,4,UPS® Ground
Minneapolis,Lincoln,RI,Size L,16.04,4,UPS® Ground
Minneapolis,Los Angeles,CA,Size L,17.1,4,UPS® Ground
Minneapolis,Mansfield,MA,Size L,16.04,4,UPS® Ground
Minneapolis,Milwaukee,WI,Size L,10.41,2,UPS® Ground
Minneapolis,Madison,IN,Size L,11.36,2,UPS® Ground
Minneapolis,Mesa,AZ,Size L,17.1,4,UPS® Ground
Minneapolis,Monroe,NC,Size L,14.74,3,UPS® Ground
Minneapolis,Philadelphia,PA,Size L,14.74,3,UPS® Ground
Minneapolis,Staten Island,NY,Size L,16.04,3,UPS® Ground
Minneapolis,Washington,DC,Size L,14.74,3,UPS® Ground
Minneapolis,Baltimore,MD,Size L,14.74,3,UPS® Ground
Minneapolis,Decatur,IL,Size L,11.36,2,UPS® Ground
Minneapolis,Durham,NC,Size L,14.74,3,UPS® Ground
Minneapolis,Fayetteville,AR,Size L,14.74,4,UPS® Ground
Minneapolis,Glendale,AZ,Size L,17.1,4,UPS® Ground
Minneapolis,Midland,GA,Size L,14.74,4,UPS® Ground
Minneapolis,Scottsdale,AZ,Size L,17.1,4,UPS® Ground
Minneapolis,Woodstock,GA,Size L,14.74,4,UPS® Ground
Minneapolis,Chandler,AZ,Size L,17.1,4,UPS® Ground
Minneapolis,Cincinnati,OH,Size L,14.74,2,UPS® Ground
Minneapolis,Covington,LA,Size L,16.04,4,UPS® Ground
Minneapolis,Fort Myers,FL,Size L,17.1,4,UPS® Ground
Minneapolis,Greensboro,NC,Size L,14.74,3,UPS® Ground
Minneapolis,Henderson,TX,Size L,14.74,3,UPS® Ground
Minneapolis,Hamilton,MI,Size L,11.36,2,UPS® Ground
Minneapolis,Lewisburg,PA,Size L,14.74,3,UPS® Ground
Minneapolis,Littleton,CO,Size L,14.74,3,UPS® Ground
Minneapolis,Mount Pleasant,SC,Size L,16.04,3,UPS® Ground
Minneapolis,Pasadena,MD,Size L,14.74,3,UPS® Ground
Minneapolis,Plano,TX,Size L,14.74,3,UPS® Ground
Minneapolis,Sanford,NC,Size L,14.74,3,UPS® Ground
Minneapolis,Wayne,ME,Size L,16.04,4,UPS® Ground
Minneapolis,Ashland,PA,Size L,14.74,3,UPS® Ground
Minneapolis,Burlington,WI,Size L,10.41,2,UPS® Ground
Minneapolis,Centerville,IA,Size L,10.41,2,UPS® Ground
Minneapolis,Clayton,NC,Size L,16.04,3,UPS® Ground
Minneapolis,Encinitas,CA,Size L,17.1,4,UPS® Ground
Minneapolis,Fort Collins,CO,Size L,14.74,3,UPS® Ground
Minneapolis,Golden,CO,Size L,14.74,3,UPS® Ground
Minneapolis,Hudson,NC,Size L,14.74,3,UPS® Ground
Minneapolis,Katy,TX,Size L,16.04,4,UPS® Ground
Minneapolis,Lancaster,SC,Size L,14.74,3,UPS® Ground
Minneapolis,Newark,NJ,Size L,16.04,3,UPS® Ground
Minneapolis,Parker,CO,Size L,14.74,3,UPS® Ground
Minneapolis,Plymouth,MA,Size L,16.04,4,UPS® Ground
Minneapolis,Rancho Cucamonga,CA,Size L,17.1,4,UPS® Ground
Minneapolis,Rockville,MD,Size L,14.74,3,UPS® Ground
Minneapolis,Sacramento,CA,Size L,17.1,4,UPS® Ground
Minneapolis,Tallahassee,FL,Size L,16.04,4,UPS® Ground
Minneapolis,The Villages,FL,Size L,16.04,4,UPS® Ground
Minneapolis,Westfield,IN,Size L,11.36,2,UPS® Ground
Minneapolis,Waterloo,IA,Size L,10.41,2,UPS® Ground
Minneapolis,West Chester,PA,Size L,14.74,3,UPS® Ground
Minneapolis,Bend,OR,Size L,16.04,5,UPS® Ground
Minneapolis,Amarillo,TX,Size L,14.74,4,UPS® Ground
Minneapolis,Auburn,MA,Size L,16.04,4,UPS® Ground
Minneapolis,Bakersfield,CA,Size L,17.1,4,UPS® Ground
Minneapolis,Boca Raton,FL,Size L,17.1,4,UPS® Ground
Minneapolis,Benton,LA,Size L,14.74,4,UPS® Ground
Minneapolis,Bradenton,FL,Size L,16.04,4,UPS® Ground
Minneapolis,Dayton,OH,Size L,11.36,2,UPS® Ground
Minneapolis,Duluth,MN,Size L,9.41,1,UPS® Ground
Minneapolis,Englewood,CO,Size L,14.74,3,UPS® Ground
Minneapolis,Fort Wayne,IN,Size L,11.36,2,UPS® Ground
Minneapolis,Frederick,MD,Size L,14.74,3,UPS® Ground
Minneapolis,Fredericksburg,VA,Size L,14.74,3,UPS® Ground
Minneapolis,Gainesville,FL,Size L,16.04,4,UPS® Ground
Minneapolis,Grand Rapids,MI,Size L,11.36,2,UPS® Ground
Minneapolis,Green Bay,WI,Size L,10.41,2,UPS® Ground
Minneapolis,Morgantown,WV,Size L,14.74,4,UPS® Ground
Minneapolis,Pensacola,FL,Size L,16.04,4,UPS® Ground
Minneapolis,Princeton,MA,Size L,16.04,4,UPS® Ground
Minneapolis,Peoria,AZ,Size L,17.1,4,UPS® Ground
Minneapolis,Saint Paul,MN,Size L,9.41,1,UPS® Ground
Minneapolis,Savannah,GA,Size L,16.04,4,UPS® Ground
Minneapolis,Seaford,NY,Size L,16.04,3,UPS® Ground
Minneapolis,Seymour,IN,Size L,11.36,2,UPS® Ground
Minneapolis,Spokane,WA,Size L,16.04,5,UPS® Ground
Minneapolis,Windsor,CO,Size L,14.74,3,UPS® Ground
Minneapolis,Winston-Salem,NC,Size L,14.74,3,UPS® Ground
Minneapolis,Worcester,MA,Size L,16.04,4,UPS® Ground
Minneapolis,York,PA,Size L,14.74,3,UPS® Ground
Minneapolis,Antioch,TN,Size L,14.74,3,UPS® Ground
Minneapolis,Athens,GA,Size L,14.74,4,UPS® Ground
Minneapolis,Corona,CA,Size L,17.1,4,UPS® Ground
Minneapolis,Fairfield,CA,Size L,17.1,4,UPS® Ground
Minneapolis,Germantown,MD,Size L,14.74,3,UPS® Ground
Minneapolis,Hillsboro,OR,Size L,17.1,5,UPS® Ground
Minneapolis,Hope Mills,NC,Size L,16.04,3,UPS® Ground
Minneapolis,Hendersonville,NC,Size L,14.74,3,UPS® Ground
Minneapolis,Holly Springs,MS,Size L,14.74,3,UPS® Ground
Minneapolis,Homer,AK,Size L,46.14,5,UPS® Ground
Minneapolis,Laurel,MD,Size L,14.74,3,UPS® Ground
Minneapolis,Long Beach,CA,Size L,17.1,4,UPS® Ground
Minneapolis,Manteca,CA,Size L,17.1,4,UPS® Ground
Minneapolis,Maryville,TN,Size L,14.74,3,UPS® Ground
Minneapolis,Magnolia,MS,Size L,14.74,3,UPS® Ground
Minneapolis,Memphis,TN,Size L,14.74,3,UPS® Ground
Minneapolis,Milton,MA,Size L,16.04,4,UPS® Ground
Minneapolis,Montgomery,TX,Size L,16.04,4,UPS® Ground
Minneapolis,Myrtle Beach,SC,Size L,16.04,3,UPS® Ground
Minneapolis,New Market,AL,Size L,14.74,3,UPS® Ground
Minneapolis,Ocala,FL,Size L,16.04,4,UPS® Ground
Minneapolis,Olathe,KS,Size L,11.36,3,UPS® Ground
Minneapolis,Oxford,MI,Size L,11.36,2,UPS® Ground
Minneapolis,Palm Beach Gardens,FL,Size L,17.1,4,UPS® Ground
Minneapolis,Roseville,CA,Size L,17.1,4,UPS® Ground
Minneapolis,Roswell,GA,Size L,14.74,4,UPS® Ground
Minneapolis,Rockwall,TX,Size L,14.74,3,UPS® Ground
Minneapolis,Spring,TX,Size L,16.04,4,UPS® Ground
Minneapolis,Salisbury,MA,Size L,16.04,4,UPS® Ground
Minneapolis,Santa Rosa,CA,Size L,17.1,4,UPS® Ground
Minneapolis,Sarasota,FL,Size L,16.04,4,UPS® Ground
Minneapolis,Vancouver,WA,Size L,16.04,5,UPS® Ground
Minneapolis,Westminster,MD,Size L,14.74,3,UPS® Ground
Minneapolis,Canton,GA,Size L,14.74,4,UPS® Ground
Minneapolis,Columbia,MO,Size L,11.36,3,UPS® Ground
Minneapolis,Naples,FL,Size L,17.1,4,UPS® Ground
Minneapolis,Fresno,CA,Size L,17.1,4,UPS® Ground
Minneapolis,Cleveland,TN,Size L,14.74,3,UPS® Ground
Minneapolis,Henderson,NV,Size L,16.04,4,UPS® Ground
Minneapolis,Lincoln,NE,Size L,11.36,3,UPS® Ground
Minneapolis,Wilmington,NC,Size L,16.04,3,UPS® Ground
Minneapolis,Arvada,CO,Size L,14.74,3,UPS® Ground
Minneapolis,Anchorage,AK,Size L,46.14,5,UPS® Ground
Minneapolis,Birmingham,AL,Size L,14.74,3,UPS® Ground
Minneapolis,Bozeman,MT,Size L,14.74,2,UPS® Ground
Minneapolis,Conroe,TX,Size L,16.04,4,UPS® Ground
Minneapolis,Carmel Valley,CA,Size L,17.1,4,UPS® Ground
Minneapolis,Castle Rock,CO,Size L,14.74,3,UPS® Ground
Minneapolis,Cedar Rapids,IA,Size L,10.41,2,UPS® Ground
Minneapolis,Cooperstown,NY,Size L,14.74,3,UPS® Ground
Minneapolis,Deland,FL,Size L,16.04,4,UPS® Ground
Minneapolis,Fort Mill,SC,Size L,14.74,3,UPS® Ground
Minneapolis,Fargo,ND,Size L,10.41,2,UPS® Ground
Minneapolis,Glen Allen,VA,Size L,14.74,3,UPS® Ground
Minneapolis,Grand Junction,CO,Size L,14.74,4,UPS® Ground
Minneapolis,Highlands Ranch,CO,Size L,14.74,3,UPS® Ground
Minneapolis,Joliet,IL,Size L,11.36,2,UPS® Ground
Minneapolis,Kerrville,TX,Size L,16.04,4,UPS® Ground
Minneapolis,Longmont,CO,Size L,14.74,3,UPS® Ground
Minneapolis,Minneapolis,MN,Size L,9.41,1,UPS® Ground
Minneapolis,Naperville,IL,Size L,11.36,2,UPS® Ground
Minneapolis,Neosho,MO,Size L,11.36,3,UPS® Ground
Minneapolis,Puyallup,WA,Size L,17.1,5,UPS® Ground
Minneapolis,Queen Creek,AZ,Size L,16.04,4,UPS® Ground
Minneapolis,Saline,MI,Size L,11.36,2,UPS® Ground
Minneapolis,Sevierville,TN,Size L,14.74,3,UPS® Ground
Minneapolis,Sterling Heights,MI,Size L,11.36,2,UPS® Ground
Minneapolis,Thornton,CO,Size L,14.74,3,UPS® Ground
Minneapolis,Ventura,CA,Size L,17.1,4,UPS® Ground
Minneapolis,Wilmington,MA,Size L,16.04,4,UPS® Ground
Minneapolis,Clermont,FL,Size L,17.1,4,UPS® Ground
Minneapolis,Abilene,TX,Size L,14.74,3,UPS® Ground
Minneapolis,Brick,NJ,Size L,16.04,3,UPS® Ground
Minneapolis,Bentonville,AR,Size L,14.74,4,UPS® Ground
Minneapolis,Bogart,GA,Size L,14.74,4,UPS® Ground
Minneapolis,Boston,MA,Size L,16.04,4,UPS® Ground
Minneapolis,Buffalo,NY,Size L,14.74,3,UPS® Ground
Minneapolis,Cary,NC,Size L,16.04,3,UPS® Ground
Minneapolis,Dallas,GA,Size L,14.74,4,UPS® Ground
Minneapolis,Doylestown,PA,Size L,14.74,3,UPS® Ground
Minneapolis,Eugene,OR,Size L,17.1,5,UPS® Ground
Minneapolis,Edmond,OK,Size L,14.74,3,UPS® Ground
Minneapolis,Forney,TX,Size L,14.74,3,UPS® Ground
Minneapolis,Fuquay Varina,NC,Size L,16.04,3,UPS® Ground
Minneapolis,Glendora,CA,Size L,17.1,4,UPS® Ground
Minneapolis,Henrico,VA,Size L,14.74,3,UPS® Ground
Minneapolis,Hockessin,DE,Size L,14.74,3,UPS® Ground
Minneapolis,Holly Springs,NC,Size L,16.04,3,UPS® Ground
Minneapolis,Irvine,CA,Size L,17.1,4,UPS® Ground
Minneapolis,Lakeland,FL,Size L,17.1,4,UPS® Ground
Minneapolis,Lawrence,KS,Size L,11.36,3,UPS® Ground
Minneapolis,League City,TX,Size L,16.04,4,UPS® Ground
Minneapolis,Mansfield,TX,Size L,14.74,3,UPS® Ground
Minneapolis,Madison,WI,Size L,10.41,2,UPS® Ground
Minneapolis,McKinney,TX,Size L,,,
Minneapolis,Mentor,OH,Size L,14.74,2,UPS® Ground
Minneapolis,Mount Airy,MD,Size L,14.74,3,UPS® Ground
Minneapolis,Norfolk,VA,Size L,16.04,3,UPS® Ground
Minneapolis,Nampa,ID,Size L,16.04,4,UPS® Ground
Minneapolis,Noblesville,IN,Size L,,,
Minneapolis,Orland Park,IL,Size L,11.36,2,UPS® Ground
Minneapolis,Palm Harbor,FL,Size L,16.04,4,UPS® Ground
Minneapolis,Petaluma,CA,Size L,17.1,4,UPS® Ground
Minneapolis,Placentia,CA,Size L,17.1,4,UPS® Ground
Minneapolis,Prescott,AZ,Size L,16.04,4,UPS® Ground
Minneapolis,Richardson,TX,Size L,14.74,3,UPS® Ground
Minneapolis,Roanoke,VA,Size L,14.74,2,UPS® Ground
Minneapolis,Richmond,TX,Size L,16.04,4,UPS® Ground
Minneapolis,Sanford,ME,Size L,16.04,4,UPS® Ground
Minneapolis,Seminole,FL,Size L,16.04,4,UPS® Ground
Minneapolis,Sheridan,WY,Size L,14.74,3,UPS® Ground
Minneapolis,Sparks,NV,Size L,16.04,4,UPS® Ground
Minneapolis,Traverse City,MI,Size L,11.36,2,UPS® Ground
Minneapolis,Tulsa,OK,Size L,14.74,3,UPS® Ground
Minneapolis,Wake Forest,NC,Size L,16.04,3,UPS® Ground
Minneapolis,Waterloo,SC,Size L,14.74,3,UPS® Ground
Minneapolis,Waukesha,WI,Size L,10.41,2,UPS® Ground
Minneapolis,Wichita,KS,Size L,11.36,3,UPS® Ground
Minneapolis,Winnsboro,TX,Size L,14.74,3,UPS® Ground
Minneapolis,Woodbury,MN,Size L,9.41,1,UPS® Ground
Minneapolis,Cumming,GA,Size L,14.74,4,UPS® Ground
Minneapolis,Muskegon,MI,Size L,11.36,2,UPS® Ground
Minneapolis,Akron,OH,Size L,14.74,2,UPS® Ground
Minneapolis,Albany,OR,Size L,17.1,5,UPS® Ground
Minneapolis,Alpharetta,GA,Size L,14.74,4,UPS® Ground
Minneapolis,Asheville,NC,Size L,14.74,3,UPS® Ground
Minneapolis,Bixby,OK,Size L,14.74,3,UPS® Ground
Minneapolis,Boulder,CO,Size L,14.74,3,UPS® Ground
Minneapolis,Bethlehem,PA,Size L,14.74,3,UPS® Ground
Minneapolis,Brenham,TX,Size L,16.04,4,UPS® Ground
Minneapolis,Broken Bow,OK,Size L,14.74,3,UPS® Ground
Minneapolis,Cape Coral,FL,Size L,17.1,4,UPS® Ground
Minneapolis,Chula Vista,CA,Size L,17.1,4,UPS® Ground
Minneapolis,Crawfordville,FL,Size L,16.04,4,UPS® Ground
Minneapolis,Cypress,TX,Size L,16.04,4,UPS® Ground
Minneapolis,Clearwater,FL,Size L,16.04,4,UPS® Ground
Minneapolis,Columbiana,AL,Size L,14.74,3,UPS® Ground
Minneapolis,Columbus,GA,Size L,14.74,4,UPS® Ground
Minneapolis,Commack,NY,Size L,16.04,3,UPS® Ground
Minneapolis,Dublin,CA,Size L,17.1,4,UPS® Ground
Minneapolis,Decatur,GA,Size L,14.74,4,UPS® Ground
Minneapolis,Deltona,FL,Size L,16.04,4,UPS® Ground
Minneapolis,Derry,NH,Size L,16.04,4,UPS® Ground
Minneapolis,Douglassville,PA,Size L,14.74,3,UPS® Ground
Minneapolis,Easton,PA,Size L,14.74,3,UPS® Ground
Minneapolis,El Paso,TX,Size L,16.04,4,UPS® Ground
Minneapolis,Escondido,CA,Size L,17.1,4,UPS® Ground
Minneapolis,Fairport,NY,Size L,14.74,3,UPS® Ground
Minneapolis,Flemington,NJ,Size L,14.74,3,UPS® Ground
Minneapolis,Florence,SC,Size L,16.04,3,UPS® Ground
Minneapolis,Fort Lauderdale,FL,Size L,17.1,4,UPS® Ground
Minneapolis,Frisco,TX,Size L,14.74,3,UPS® Ground
Minneapolis,Goodyear,AZ,Size L,17.1,4,UPS® Ground
Minneapolis,Gays Mills,WI,Size L,9.41,3,UPS® Ground
Minneapolis,Grafton,WI,Size L,10.41,2,UPS® Ground
Minneapolis,Green Cove Springs,FL,Size L,16.04,4,UPS® Ground
Minneapolis,Greensburg,PA,Size L,14.74,3,UPS® Ground
Minneapolis,Honolulu,HI,Size L,46.14,5,UPS® Ground
Minneapolis,Humble,TX,Size L,16.04,4,UPS® Ground
Minneapolis,Huntington,NY,Size L,16.04,3,UPS® Ground
Minneapolis,Idaho Falls,ID,Size L,14.74,4,UPS® Ground
Minneapolis,Jackson,TN,Size L,14.74,3,UPS® Ground
Minneapolis,Jacksonville,NC,Size L,16.04,3,UPS® Ground
Minneapolis,Jenkintown,PA,Size L,14.74,3,UPS® Ground
Minneapolis,Johnson City,TN,Size L,14.74,3,UPS® Ground
Minneapolis,Kingwood,TX,Size L,16.04,4,UPS® Ground
Minneapolis,Lansing,MI,Size L,11.36,2,UPS® Ground
Minneapolis,Lapeer,MI,Size L,11.36,2,UPS® Ground
Minneapolis,Lawrenceville,GA,Size L,14.74,4,UPS® Ground
Minneapolis,Lexington,NC,Size L,14.74,3,UPS® Ground
Minneapolis,Lubbock,TX,Size L,14.74,4,UPS® Ground
Minneapolis,Medina,OH,Size L,14.74,2,UPS® Ground
Minneapolis,Macomb,MI,Size L,11.36,2,UPS® Ground
Minneapolis,Magnolia,TX,Size L,16.04,4,UPS® Ground
Minneapolis,Martinsburg,WV,Size L,14.74,4,UPS® Ground
Minneapolis,Meridian,ID,Size L,16.04,4,UPS® Ground
Minneapolis,Mobile,AL,Size L,16.04,3,UPS® Ground
Minneapolis,Morrison,CO,Size L,14.74,3,UPS® Ground
Minneapolis,Napa,CA,Size L,17.1,4,UPS® Ground
Minneapolis,New Braunfels,TX,Size L,16.04,4,UPS® Ground
Minneapolis,New Lenox,IL,Size L,11.36,2,UPS® Ground
Minneapolis,New Orleans,LA,Size L,16.04,4,UPS® Ground
Minneapolis,Newark,DE,Size L,14.74,3,UPS® Ground
Minneapolis,Oakland,CA,Size L,17.1,4,UPS® Ground
Minneapolis,Owasso,OK,Size L,14.74,3,UPS® Ground
Minneapolis,Overland Park,KS,Size L,11.36,3,UPS® Ground
Minneapolis,Panama City,FL,Size L,16.04,4,UPS® Ground
Minneapolis,Panama City Beach,FL,Size L,16.04,4,UPS® Ground
Minneapolis,Patchogue,NY,Size L,16.04,3,UPS® Ground
Minneapolis,Port Clinton,OH,Size L,11.36,2,UPS® Ground
Minneapolis,Paducah,KY,Size L,14.74,2,UPS® Ground
Minneapolis,Palmetto,FL,Size L,16.04,4,UPS® Ground
Minneapolis,Pearland,TX,Size L,16.04,4,UPS® Ground
Minneapolis,Pella,IA,Size L,10.41,2,UPS® Ground
Minneapolis,Pittsford,NY,Size L,14.74,3,UPS® Ground
Minneapolis,Port Orange,FL,Size L,16.04,4,UPS® Ground
Minneapolis,Ravenna,OH,Size L,14.74,2,UPS® Ground
Minneapolis,Roaming Shores,OH,Size L,14.74,2,UPS® Ground
Minneapolis,Richmond Hill,GA,Size L,16.04,4,UPS® Ground
Minneapolis,Riverview,FL,Size L,16.04,4,UPS® Ground
Minneapolis,Rochester,MN,Size L,9.41,1,UPS® Ground
Minneapolis,Round Rock,TX,Size L,16.04,3,UPS® Ground
Minneapolis,Saint Petersburg,FL,Size L,16.04,4,UPS® Ground
Minneapolis,San Leandro,CA,Size L,17.1,4,UPS® Ground
Minneapolis,Southington,CT,Size L,16.04,3,UPS® Ground
Minneapolis,Spartanburg,SC,Size L,14.74,3,UPS® Ground
Minneapolis,Surprise,AZ,Size L,17.1,4,UPS® Ground
Minneapolis,Santa Barbara,CA,Size L,17.1,4,UPS® Ground
Minneapolis,Shelton,CT,Size L,16.04,3,UPS® Ground
Minneapolis,Spring Branch,TX,Size L,16.04,4,UPS® Ground
Minneapolis,St. Louis,MO,Size L,11.36,3,UPS® Ground
Minneapolis,Stroudsburg,PA,Size L,14.74,3,UPS® Ground
Minneapolis,Sunapee,NH,Size L,16.04,4,UPS® Ground
Minneapolis,Swedesboro,NJ,Size L,16.04,3,UPS® Ground
Minneapolis,Syracuse,NY,Size L,14.74,3,UPS® Ground
Minneapolis,Tomball,TX,Size L,16.04,4,UPS® Ground
Minneapolis,Topeka,KS,Size L,11.36,3,UPS® Ground
Minneapolis,Tuscaloosa,AL,Size L,14.74,3,UPS® Ground
Minneapolis,Terre Haute,IN,Size L,11.36,2,UPS® Ground
Minneapolis,Tinley Park,IL,Size L,11.36,2,UPS® Ground
Minneapolis,Toms River,NJ,Size L,16.04,3,UPS® Ground
Minneapolis,Tulare,CA,Size L,17.1,4,UPS® Ground
Minneapolis,Vienna,VA,Size L,14.74,3,UPS® Ground
Minneapolis,Walnut Creek,CA,Size L,17.1,4,UPS® Ground
Minneapolis,Wayne,NJ,Size L,14.74,3,UPS® Ground
Minneapolis,Waynesboro,VA,Size L,14.74,3,UPS® Ground
Minneapolis,West Sacramento,CA,Size L,17.1,4,UPS® Ground
Minneapolis,Yuba City,CA,Size L,17.1,4,UPS® Ground
Minneapolis,Zachary,LA,Size L,14.74,4,UPS® Ground
Minneapolis,Buford,GA,Size L,14.74,4,UPS® Ground
Minneapolis,Modesto,CA,Size L,17.1,4,UPS® Ground
Minneapolis,Winter Park,FL,Size L,16.04,4,UPS® Ground
Minneapolis,Antioch,IL,Size L,11.36,2,UPS® Ground
Minneapolis,Algonquin,IL,Size L,11.36,2,UPS® Ground
Minneapolis,Allen,TX,Size L,14.74,3,UPS® Ground
Minneapolis,Ames,IA,Size L,10.41,2,UPS® Ground
Minneapolis,Anaheim,CA,Size L,17.1,4,UPS® Ground
Minneapolis,Aptos,CA,Size L,17.1,4,UPS® Ground
Minneapolis,Astoria,NY,Size L,16.04,3,UPS® Ground
Minneapolis,Bloomington,IN,Size L,11.36,2,UPS® Ground
Minneapolis,Bremerton,WA,Size L,17.1,5,UPS® Ground
Minneapolis,Brunswick,OH,Size L,14.74,2,UPS® Ground
Minneapolis,Burke,VA,Size L,14.74,3,UPS® Ground
Minneapolis,Bedford,IN,Size L,11.36,2,UPS® Ground
Minneapolis,Benton,LA,Size L,14.74,4,UPS® Ground
Minneapolis,Billings,MT,Size L,14.74,2,UPS® Ground
Minneapolis,Birdsboro,PA,Size L,14.74,3,UPS® Ground
Minneapolis,Bothell,WA,Size L,16.04,5,UPS® Ground
Minneapolis,Bowie,MD,Size L,14.74,3,UPS® Ground
Minneapolis,Brentwood,TN,Size L,14.74,3,UPS® Ground
Minneapolis,Bronx,NY,Size L,16.04,3,UPS® Ground
Minneapolis,Brookfield,WI,Size L,10.41,2,UPS® Ground
Minneapolis,Canton,OH,Size L,14.74,2,UPS® Ground
Minneapolis,Celina,TX,Size L,14.74,3,UPS® Ground
Minneapolis,Chapel Hill,NC,Size L,16.04,3,UPS® Ground
Minneapolis,Claremore,OK,Size L,14.74,3,UPS® Ground
Minneapolis,Clovis,CA,Size L,17.1,4,UPS® Ground
Minneapolis,Cocoa,FL,Size L,17.1,4,UPS® Ground
Minneapolis,Callahan,FL,Size L,16.04,4,UPS® Ground
Minneapolis,Carmel,IN,Size L,11.36,2,UPS® Ground
Minneapolis,Cedar Park,TX,Size L,16.04,3,UPS® Ground
Minneapolis,Centennial,CO,Size L,14.74,3,UPS® Ground
Minneapolis,Centerville,MA,Size L,16.04,4,UPS® Ground
Minneapolis,Charleston,SC,Size L,16.04,3,UPS® Ground
Minneapolis,Charlottesville,VA,Size L,14.74,3,UPS® Ground
Minneapolis,Clarkesville,GA,Size L,14.74,4,UPS® Ground
Minneapolis,Clayton,NC,Size L,16.04,3,UPS® Ground
Minneapolis,Clifton,NJ,Size L,16.04,3,UPS® Ground
Minneapolis,Collinsville,OK,Size L,14.74,3,UPS® Ground
Minneapolis,Columbia,TN,Size L,14.74,3,UPS® Ground
Minneapolis,Concord,NC,Size L,14.74,3,UPS® Ground
Minneapolis,Cookeville,TN,Size L,14.74,3,UPS® Ground
Minneapolis,Corpus Christi,TX,Size L,16.04,4,UPS® Ground
Minneapolis,Corrales,NM,Size L,14.74,4,UPS® Ground
Minneapolis,Corydon,IN,Size L,11.36,2,UPS® Ground
Minneapolis,Cranston,RI,Size L,16.04,4,UPS® Ground
Minneapolis,Dekalb,IL,Size L,11.36,3,UPS® Ground
Minneapolis,Delaware,OH,Size L,14.74,2,UPS® Ground
Minneapolis,Delmar,NY,Size L,14.74,3,UPS® Ground
Minneapolis,Des Moines,IA,Size L,10.41,2,UPS® Ground
Minneapolis,Dickson,TN,Size L,14.74,3,UPS® Ground
Minneapolis,Downers Grove,IL,Size L,11.36,2,UPS® Ground
Minneapolis,Dripping Springs,TX,Size L,16.04,3,UPS® Ground
Minneapolis,Eustis,FL,Size L,16.04,4,UPS® Ground
Minneapolis,East Hampton,NY,Size L,16.04,3,UPS® Ground
Minneapolis,Fenton,MO,Size L,11.36,3,UPS® Ground
Minneapolis,Fayetteville,AR,Size L,14.74,4,UPS® Ground
Minneapolis,Flower Mound,TX,Size L,14.74,3,UPS® Ground
Minneapolis,Franklin,OH,Size L,11.36,2,UPS® Ground
Minneapolis,Friendswood,TX,Size L,16.04,4,UPS® Ground
Minneapolis,Gainesville,FL,Size L,16.04,4,UPS® Ground
Minneapolis,Gainesville,GA,Size L,14.74,4,UPS® Ground
Minneapolis,Glendale,CA,Size L,17.1,4,UPS® Ground
Minneapolis,Greenville,SC,Size L,14.74,3,UPS® Ground
Minneapolis,Greenville,MI,Size L,11.36,2,UPS® Ground
Minneapolis,Gaithersburg,MD,Size L,14.74,3,UPS® Ground
Minneapolis,Garner,NC,Size L,16.04,3,UPS® Ground
Minneapolis,Gastonia,NC,Size L,14.74,3,UPS® Ground
Minneapolis,Granada Hills,CA,Size L,17.1,4,UPS® Ground
Minneapolis,Granbury,TX,Size L,14.74,3,UPS® Ground
Minneapolis,Griffin,GA,Size L,14.74,4,UPS® Ground
Minneapolis,Harpers Ferry,WV,Size L,14.74,3,UPS® Ground
Minneapolis,Haverhill,MA,Size L,16.04,4,UPS® Ground
Minneapolis,Hayward,CA,Size L,17.1,4,UPS® Ground
Minneapolis,Herriman,UT,Size L,14.74,4,UPS® Ground
Minneapolis,Hillsboro,OR,Size L,17.1,5,UPS® Ground
Minneapolis,Hoboken,NJ,Size L,16.04,3,UPS® Ground
Minneapolis,Huntley,IL,Size L,11.36,2,UPS® Ground
Minneapolis,Hagerstown,MD,Size L,14.74,3,UPS® Ground
Minneapolis,Hamilton,OH,Size L,11.36,2,UPS® Ground
Minneapolis,Harrisburg,PA,Size L,14.74,3,UPS® Ground
Minneapolis,Hendersonville,NC,Size L,14.74,3,UPS® Ground
Minneapolis,Hendersonville,TN,Size L,14.74,3,UPS® Ground
Minneapolis,Holland,MI,Size L,11.36,2,UPS® Ground
Minneapolis,Indian Trail,NC,Size L,14.74,3,UPS® Ground
Minneapolis,Jersey City,NJ,Size L,16.04,3,UPS® Ground
Minneapolis,Johnstown,PA,Size L,14.74,3,UPS® Ground
Minneapolis,Kalamazoo,MI,Size L,11.36,2,UPS® Ground
Minneapolis,Keatchie,LA,Size L,14.74,5,UPS® Ground
Minneapolis,Kennewick,WA,Size L,16.04,5,UPS® Ground
Minneapolis,Kingsport,TN,Size L,14.74,3,UPS® Ground
Minneapolis,Lake Elsinore,CA,Size L,17.1,4,UPS® Ground
Minneapolis,Lebanon,OH,Size L,11.36,2,UPS® Ground
Minneapolis,Little Rock,AR,Size L,14.74,4,UPS® Ground
Minneapolis,Livonia,MI,Size L,11.36,2,UPS® Ground
Minneapolis,Los Alamos,NM,Size L,14.74,4,UPS® Ground
Minneapolis,Loveland,CO,Size L,14.74,3,UPS® Ground
Minneapolis,La Mesa,CA,Size L,17.1,4,UPS® Ground
Minneapolis,La Quinta,CA,Size L,17.1,4,UPS® Ground
Minneapolis,Lake Oswego,OR,Size L,16.04,5,UPS® Ground
Minneapolis,Lake Saint Louis,MO,Size L,11.36,3,UPS® Ground
Minneapolis,Lake in the Hills,IL,Size L,11.36,2,UPS® Ground
Minneapolis,Lakeway,TX,Size L,16.04,4,UPS® Ground
Minneapolis,Lancaster,NY,Size L,14.74,3,UPS® Ground
Minneapolis,Leander,TX,Size L,16.04,3,UPS® Ground
Minneapolis,Lees Summit,MO,Size L,11.36,3,UPS® Ground
Minneapolis,Lenoir,NC,Size L,14.74,3,UPS® Ground
Minneapolis,Lewis Center,OH,Size L,14.74,2,UPS® Ground
Minneapolis,Lexington,IN,Size L,11.36,2,UPS® Ground
Minneapolis,Lodi,CA,Size L,17.1,4,UPS® Ground
Minneapolis,Lynden,WA,Size L,16.04,5,UPS® Ground
Minneapolis,Methuen,MA,Size L,16.04,4,UPS® Ground
Minneapolis,Milford,CT,Size L,16.04,3,UPS® Ground
Minneapolis,Mineola,TX,Size L,14.74,3,UPS® Ground
Minneapolis,Missoula,MT,Size L,16.04,2,UPS® Ground
Minneapolis,Mansfield,OH,Size L,14.74,2,UPS® Ground
Minneapolis,McDonough,GA,Size L,14.74,4,UPS® Ground
Minneapolis,Merritt Island,FL,Size L,17.1,4,UPS® Ground
Minneapolis,Midlothian,VA,Size L,14.74,3,UPS® Ground
Minneapolis,Millington,TN,Size L,14.74,3,UPS® Ground
Minneapolis,Milton,FL,Size L,16.04,4,UPS® Ground
Minneapolis,Moab,UT,Size L,14.74,5,UPS® Ground
Minneapolis,Monroe,NC,Size L,14.74,3,UPS® Ground
Minneapolis,Mooresville,IN,Size L,11.36,2,UPS® Ground
Minneapolis,Morganton,NC,Size L,14.74,3,UPS® Ground
Minneapolis,Murfreesboro,TN,Size L,14.74,3,UPS® Ground
Minneapolis,Newburgh,NY,Size L,16.04,3,UPS® Ground
Minneapolis,Navarre,FL,Size L,16.04,4,UPS® Ground
Minneapolis,New Market,AL,Size L,14.74,3,UPS® Ground
Minneapolis,Newnan,GA,Size L,14.74,4,UPS® Ground
Minneapolis,Norman,OK,Size L,14.74,3,UPS® Ground
Minneapolis,Novi,MI,Size L,11.36,2,UPS® Ground
Minneapolis,Ormond Beach,FL,Size L,16.04,4,UPS® Ground
Minneapolis,Owensboro,KY,Size L,14.74,2,UPS® Ground
Minneapolis,Oconto,WI,Size L,10.41,2,UPS® Ground
Minneapolis,Old Bridge,NJ,Size L,14.74,3,UPS® Ground
Minneapolis,Olympia,WA,Size L,17.1,5,UPS® Ground
Minneapolis,Oregon City,OR,Size L,16.04,5,UPS® Ground
Minneapolis,Oxford,MI,Size L,11.36,2,UPS® Ground
Minneapolis,Peachtree City,GA,Size L,14.74,4,UPS® Ground
Minneapolis,Pleasanton,CA,Size L,17.1,4,UPS® Ground
Minneapolis,Poughkeepsie,NY,Size L,16.04,3,UPS® Ground
Minneapolis,Pagosa Springs,CO,Size L,14.74,4,UPS® Ground
Minneapolis,Pasadena,CA,Size L,17.1,4,UPS® Ground
Minneapolis,Pasadena,TX,Size L,16.04,4,UPS® Ground
Minneapolis,Pasco,WA,Size L,16.04,5,UPS® Ground
Minneapolis,Pawtucket,RI,Size L,16.04,4,UPS® Ground
Minneapolis,Pembroke,MA,Size L,16.04,4,UPS® Ground
Minneapolis,Perrysburg,OH,Size L,11.36,2,UPS® Ground
Minneapolis,Plant City,FL,Size L,16.04,4,UPS® Ground
Minneapolis,Port Orchard,WA,Size L,17.1,5,UPS® Ground
Minneapolis,Prescott Valley,AZ,Size L,16.04,4,UPS® Ground
Minneapolis,Princeton,NJ,Size L,14.74,3,UPS® Ground
Minneapolis,Quincy,MA,Size L,16.04,4,UPS® Ground
Minneapolis,Redwood City,CA,Size L,17.1,4,UPS® Ground
Minneapolis,Rohnert Park,CA,Size L,17.1,4,UPS® Ground
Minneapolis,Rigby,ID,Size L,14.74,5,UPS® Ground
Minneapolis,Ripon,WI,Size L,10.41,2,UPS® Ground
Minneapolis,Rogers,AR,Size L,14.74,4,UPS® Ground
Minneapolis,Rowlett,TX,Size L,14.74,3,UPS® Ground
Minneapolis,Rydal,PA,Size L,14.74,3,UPS® Ground
Minneapolis,Shepherdsville,KY,Size L,14.74,2,UPS® Ground
Minneapolis,Shreveport,LA,Size L,14.74,4,UPS® Ground
Minneapolis,Stamford,CT,Size L,16.04,3,UPS® Ground
Minneapolis,Salt Lake City,UT,Size L,14.74,4,UPS® Ground
Minneapolis,Sanford,NC,Size L,14.74,3,UPS® Ground
Minneapolis,Santa Ana,CA,Size L,17.1,4,UPS® Ground
Minneapolis,Santa Cruz,CA,Size L,17.1,4,UPS® Ground
Minneapolis,Santa Fe,NM,Size L,14.74,4,UPS® Ground
Minneapolis,Sarver,PA,Size L,14.74,3,UPS® Ground
Minneapolis,Schenectady,NY,Size L,14.74,3,UPS® Ground
Minneapolis,Sierra Vista,AZ,Size L,16.04,4,UPS® Ground
Minneapolis,Silver Spring,MD,Size L,14.74,3,UPS® Ground
Minneapolis,South Jordan,UT,Size L,14.74,4,UPS® Ground
Minneapolis,Springfield,MO,Size L,11.36,3,UPS® Ground
Minneapolis,Summerville,SC,Size L,16.04,3,UPS® Ground
Minneapolis,Sumter,SC,Size L,16.04,3,UPS® Ground
Minneapolis,Sun City,AZ,Size L,17.1,4,UPS® Ground
Minneapolis,Syosset,NY,Size L,16.04,3,UPS® Ground
Minneapolis,Taunton,MA,Size L,16.04,4,UPS® Ground
Minneapolis,Texarkana,TX,Size L,14.74,3,UPS® Ground
Minneapolis,Toledo,OH,Size L,11.36,2,UPS® Ground
Minneapolis,Urbana,OH,Size L,14.74,2,UPS® Ground
Minneapolis,Valparaiso,IN,Size L,11.36,2,UPS® Ground
Minneapolis,Waco,TX,Size L,14.74,3,UPS® Ground
Minneapolis,West Lafayette,IN,Size L,11.36,2,UPS® Ground
Minneapolis,Winter Garden,FL,Size L,17.1,4,UPS® Ground
Minneapolis,Winter Haven,FL,Size L,17.1,4,UPS® Ground
Minneapolis,Wylie,TX,Size L,14.74,3,UPS® Ground
Minneapolis,Waldorf,MD,Size L,14.74,3,UPS® Ground
Minneapolis,Wesley Chapel,FL,Size L,16.04,4,UPS® Ground
Minneapolis,West Palm Beach,FL,Size L,17.1,4,UPS® Ground
Minneapolis,Williamsburg,VA,Size L,14.74,3,UPS® Ground
Minneapolis,Woodbridge,VA,Size L,14.74,3,UPS® Ground
Minneapolis,Woodside,CA,Size L,17.1,4,UPS® Ground
Minneapolis,Yorba Linda,CA,Size L,17.1,4,UPS® Ground
Minneapolis,Queens Village,NY,Size L,16.04,3,UPS® Ground
