FromAddress,ToCity,ToState,PackageSize,Cost,ShippingTimeDays,Service
Ontario,Brooklyn,NY,Size S,9.16,4,UPS® Ground
Ontario,Phoenix,AZ,Size S,7.45,2,UPS® Ground
Ontario,Houston,TX,Size S,8.71,3,UPS® Ground
Ontario,San Antonio,TX,Size S,8.71,3,UPS® Ground
Ontario,Jacksonville,FL,Size S,9.25,4,UPS® Ground
Ontario,Chicago,IL,Size S,9.25,3,UPS® Ground
Ontario,Dallas,TX,Size S,8.71,3,UPS® Ground
Ontario,Wilmington,DE,Size S,9.25,4,UPS® Ground
Ontario,Austin,TX,Size S,8.45,3,UPS® Ground
Ontario,Canton,OH,Size S,9.25,4,UPS® Ground
Ontario,Charlotte,NC,Size S,9.25,4,UPS® Ground
Ontario,New York,NY,Size S,9.25,4,UPS® Ground
Ontario,Atlanta,GA,Size S,9.25,4,UPS® Ground
Ontario,Franklin,TN,Size S,9.25,4,UPS® Ground
Ontario,Lexington,KY,Size S,9.25,4,UPS® Ground
Ontario,Orlando,FL,Size S,9.25,4,UPS® Ground
Ontario,Rochester,NY,Size S,9.25,5,UPS® Ground
Ontario,Las Vegas,NV,Size S,6.75,1,UPS® Ground
Ontario,Louisville,KY,Size S,9.25,4,UPS® Ground
Ontario,Marietta,GA,Size S,9.25,4,UPS® Ground
Ontario,Colorado Springs,CO,Size S,7.45,2,UPS® Ground
Ontario,Columbus,OH,Size S,9.25,4,UPS® Ground
Ontario,Marble Falls,TX,Size S,8.45,3,UPS® Ground
Ontario,Tampa,FL,Size S,9.25,4,UPS® Ground
Ontario,San Diego,CA,Size S,6.65,1,UPS® Ground
Ontario,Columbia,SC,Size S,9.25,4,UPS® Ground
Ontario,Greenville,SC,Size S,9.25,4,UPS® Ground
Ontario,Lebanon,TN,Size S,9.25,4,UPS® Ground
Ontario,Salem,OR,Size S,7.45,3,UPS® Ground
Ontario,Cleveland,OH,Size S,9.25,4,UPS® Ground
Ontario,Denver,CO,Size S,7.45,3,UPS® Ground
Ontario,Omaha,NE,Size S,8.45,4,UPS® Ground
Ontario,Portland,OR,Size S,7.45,3,UPS® Ground
Ontario,Raleigh,NC,Size S,9.25,4,UPS® Ground
Ontario,Richmond,VA,Size S,9.25,4,UPS® Ground
Ontario,Jackson,MS,Size S,8.71,4,UPS® Ground
Ontario,Albany,NY,Size S,9.25,5,UPS® Ground
Ontario,Fort Worth,TX,Size S,8.45,3,UPS® Ground
Ontario,Oklahoma City,OK,Size S,8.45,3,UPS® Ground
Ontario,Chesapeake,VA,Size S,9.25,4,UPS® Ground
Ontario,Miami,FL,Size S,9.25,4,UPS® Ground
Ontario,Milford,CT,Size S,9.25,5,UPS® Ground
Ontario,Pittsburgh,PA,Size S,9.25,4,UPS® Ground
Ontario,San Francisco,CA,Size S,6.84,2,UPS® Ground
Ontario,San Jose,CA,Size S,7.45,2,UPS® Ground
Ontario,Tucson,AZ,Size S,6.84,2,UPS® Ground
Ontario,Virginia Beach,VA,Size S,9.25,4,UPS® Ground
Ontario,Albuquerque,NM,Size S,7.45,2,UPS® Ground
Ontario,Gilbert,AZ,Size S,7.45,2,UPS® Ground
Ontario,Springfield,IL,Size S,8.71,4,UPS® Ground
Ontario,Alexandria,VA,Size S,9.25,4,UPS® Ground
Ontario,Kansas City,MO,Size S,8.45,4,UPS® Ground
Ontario,Knoxville,TN,Size S,9.25,4,UPS® Ground
Ontario,Lakewood,CO,Size S,7.45,2,UPS® Ground
Ontario,Nashville,TN,Size S,8.71,4,UPS® Ground
Ontario,Saint Louis,MO,Size S,8.71,4,UPS® Ground
Ontario,Seattle,WA,Size S,8.45,3,UPS® Ground
Ontario,Arlington,TX,Size S,8.62,3,UPS® Ground
Ontario,Aurora,CO,Size S,7.36,2,UPS® Ground
Ontario,Boise,ID,Size S,7.36,3,UPS® Ground
Ontario,Indianapolis,IN,Size S,9.16,4,UPS® Ground
Ontario,Naples,CO,Size S,7.45,,UPS® Ground
Ontario,Reno,NV,Size S,6.67,2,UPS® Ground
Ontario,Riverside,CA,Size S,6.58,1,UPS® Ground
Ontario,Bismarck,ND,Size S,8.36,4,UPS® Ground
Ontario,Fresno,TX,Size S,8.71,3,UPS® Ground
Ontario,Lincoln,RI,Size S,9.16,5,UPS® Ground
Ontario,Los Angeles,CA,Size S,6.26,1,UPS® Ground
Ontario,Mansfield,MA,Size S,9.25,4,UPS® Ground
Ontario,Milwaukee,WI,Size S,8.71,4,UPS® Ground
Ontario,Madison,IN,Size S,8.62,4,UPS® Ground
Ontario,Mesa,AZ,Size S,7.45,2,UPS® Ground
Ontario,Monroe,NC,Size S,9.16,4,UPS® Ground
Ontario,Philadelphia,PA,Size S,9.16,4,UPS® Ground
Ontario,Staten Island,NY,Size S,9.16,4,UPS® Ground
Ontario,Washington,DC,Size S,9.25,4,UPS® Ground
Ontario,Baltimore,MD,Size S,9.16,4,UPS® Ground
Ontario,Decatur,IL,Size S,8.62,4,UPS® Ground
Ontario,Durham,NC,Size S,9.16,4,UPS® Ground
Ontario,Fayetteville,AR,Size S,8.62,3,UPS® Ground
Ontario,Glendale,AZ,Size S,6.67,2,UPS® Ground
Ontario,Midland,GA,Size S,9.25,4,UPS® Ground
Ontario,Scottsdale,AZ,Size S,7.36,2,UPS® Ground
Ontario,Woodstock,GA,Size S,9.16,4,UPS® Ground
Ontario,Chandler,AZ,Size S,7.36,2,UPS® Ground
Ontario,Cincinnati,OH,Size S,9.16,4,UPS® Ground
Ontario,Covington,LA,Size S,8.62,4,UPS® Ground
Ontario,Fort Myers,FL,Size S,9.16,4,UPS® Ground
Ontario,Greensboro,NC,Size S,9.16,4,UPS® Ground
Ontario,Henderson,TX,Size S,8.45,3,UPS® Ground
Ontario,Hamilton,MI,Size S,9.25,4,UPS® Ground
Ontario,Lewisburg,PA,Size S,9.25,4,UPS® Ground
Ontario,Littleton,CO,Size S,7.36,2,UPS® Ground
Ontario,Mount Pleasant,SC,Size S,9.16,4,UPS® Ground
Ontario,Pasadena,MD,Size S,9.16,4,UPS® Ground
Ontario,Plano,TX,Size S,8.62,3,UPS® Ground
Ontario,Sanford,NC,Size S,9.16,4,UPS® Ground
Ontario,Wayne,ME,Size S,9.25,5,UPS® Ground
Ontario,Ashland,PA,Size S,9.25,4,UPS® Ground
Ontario,Burlington,WI,Size S,8.62,4,UPS® Ground
Ontario,Centerville,IA,Size S,8.45,4,UPS® Ground
Ontario,Clayton,NC,Size S,9.25,4,UPS® Ground
Ontario,Encinitas,CA,Size S,6.58,1,UPS® Ground
Ontario,Fort Collins,CO,Size S,7.36,2,UPS® Ground
Ontario,Golden,CO,Size S,7.36,3,UPS® Ground
Ontario,Hudson,NC,Size S,9.16,4,UPS® Ground
Ontario,Katy,TX,Size S,8.36,3,UPS® Ground
Ontario,Lancaster,SC,Size S,9.16,4,UPS® Ground
Ontario,Newark,NJ,Size S,9.16,4,UPS® Ground
Ontario,Parker,CO,Size S,7.36,2,UPS® Ground
Ontario,Plymouth,MA,Size S,9.16,4,UPS® Ground
Ontario,Rancho Cucamonga,CA,Size S,6.26,1,UPS® Ground
Ontario,Rockville,MD,Size S,9.16,4,UPS® Ground
Ontario,Sacramento,CA,Size S,6.84,2,UPS® Ground
Ontario,Tallahassee,FL,Size S,9.16,4,UPS® Ground
Ontario,The Villages,FL,Size S,9.16,4,UPS® Ground
Ontario,Westfield,IN,Size S,8.62,4,UPS® Ground
Ontario,Waterloo,IA,Size S,8.62,4,UPS® Ground
Ontario,West Chester,PA,Size S,9.16,4,UPS® Ground
Ontario,Bend,OR,Size S,7.36,3,UPS® Ground
Ontario,Amarillo,TX,Size S,7.45,2,UPS® Ground
Ontario,Auburn,MA,Size S,9.16,4,UPS® Ground
Ontario,Bakersfield,CA,Size S,6.26,1,UPS® Ground
Ontario,Boca Raton,FL,Size S,9.16,4,UPS® Ground
Ontario,Benton,LA,Size S,8.71,4,UPS® Ground
Ontario,Bradenton,FL,Size S,9.16,4,UPS® Ground
Ontario,Dayton,OH,Size S,9.16,4,UPS® Ground
Ontario,Duluth,MN,Size S,8.71,4,UPS® Ground
Ontario,Englewood,CO,Size S,7.36,2,UPS® Ground
Ontario,Fort Wayne,IN,Size S,8.62,4,UPS® Ground
Ontario,Frederick,MD,Size S,9.16,4,UPS® Ground
Ontario,Fredericksburg,VA,Size S,9.16,4,UPS® Ground
Ontario,Gainesville,FL,Size S,9.16,4,UPS® Ground
Ontario,Grand Rapids,MI,Size S,9.16,4,UPS® Ground
Ontario,Green Bay,WI,Size S,8.62,4,UPS® Ground
Ontario,Morgantown,WV,Size S,9.16,5,UPS® Ground
Ontario,Pensacola,FL,Size S,9.16,4,UPS® Ground
Ontario,Princeton,MA,Size S,9.16,4,UPS® Ground
Ontario,Peoria,AZ,Size S,6.67,2,UPS® Ground
Ontario,Saint Paul,MN,Size S,8.62,4,UPS® Ground
Ontario,Savannah,GA,Size S,9.16,4,UPS® Ground
Ontario,Seaford,NY,Size S,9.25,4,UPS® Ground
Ontario,Seymour,IN,Size S,8.62,4,UPS® Ground
Ontario,Spokane,WA,Size S,7.36,3,UPS® Ground
Ontario,Windsor,CO,Size S,7.36,2,UPS® Ground
Ontario,Winston-Salem,NC,Size S,9.16,4,UPS® Ground
Ontario,Worcester,MA,Size S,9.16,4,UPS® Ground
Ontario,York,PA,Size S,9.16,4,UPS® Ground
Ontario,Antioch,TN,Size S,9.25,4,UPS® Ground
Ontario,Athens,GA,Size S,9.16,4,UPS® Ground
Ontario,Corona,CA,Size S,6.26,1,UPS® Ground
Ontario,Fairfield,CA,Size S,7.36,2,UPS® Ground
Ontario,Germantown,MD,Size S,9.25,4,UPS® Ground
Ontario,Hillsboro,OR,Size S,7.36,3,UPS® Ground
Ontario,Hope Mills,NC,Size S,9.25,4,UPS® Ground
Ontario,Hendersonville,NC,Size S,9.25,4,UPS® Ground
Ontario,Holly Springs,MS,Size S,8.62,4,UPS® Ground
Ontario,Homer,AK,Size S,30.87,3,UPS® Ground
Ontario,Laurel,MD,Size S,9.16,4,UPS® Ground
Ontario,Long Beach,CA,Size S,6.26,1,UPS® Ground
Ontario,Manteca,CA,Size S,6.67,2,UPS® Ground
Ontario,Maryville,TN,Size S,9.16,4,UPS® Ground
Ontario,Magnolia,MS,Size S,8.71,4,UPS® Ground
Ontario,Memphis,TN,Size S,8.62,4,UPS® Ground
Ontario,Milton,MA,Size S,9.16,4,UPS® Ground
Ontario,Montgomery,TX,Size S,8.62,3,UPS® Ground
Ontario,Myrtle Beach,SC,Size S,9.25,4,UPS® Ground
Ontario,New Market,AL,Size S,8.71,4,UPS® Ground
Ontario,Ocala,FL,Size S,9.16,4,UPS® Ground
Ontario,Olathe,KS,Size S,8.36,4,UPS® Ground
Ontario,Oxford,MI,Size S,9.16,4,UPS® Ground
Ontario,Palm Beach Gardens,FL,Size S,9.16,4,UPS® Ground
Ontario,Roseville,CA,Size S,6.67,2,UPS® Ground
Ontario,Roswell,GA,Size S,9.16,4,UPS® Ground
Ontario,Rockwall,TX,Size S,8.62,3,UPS® Ground
Ontario,Spring,TX,Size S,8.71,3,UPS® Ground
Ontario,Salisbury,MA,Size S,9.16,4,UPS® Ground
Ontario,Santa Rosa,CA,Size S,6.67,2,UPS® Ground
Ontario,Sarasota,FL,Size S,9.16,4,UPS® Ground
Ontario,Vancouver,WA,Size S,7.36,3,UPS® Ground
Ontario,Westminster,MD,Size S,9.16,4,UPS® Ground
Ontario,Canton,GA,Size S,9.25,4,UPS® Ground
Ontario,Columbia,MO,Size S,8.62,4,UPS® Ground
Ontario,Naples,FL,Size S,9.16,4,UPS® Ground
Ontario,Fresno,CA,Size S,6.58,1,UPS® Ground
Ontario,Cleveland,TN,Size S,9.25,4,UPS® Ground
Ontario,Henderson,NV,Size S,6.58,1,UPS® Ground
Ontario,Lincoln,NE,Size S,8.36,4,UPS® Ground
Ontario,Wilmington,NC,Size S,9.25,4,UPS® Ground
Ontario,Arvada,CO,Size S,7.45,3,UPS® Ground
Ontario,Anchorage,AK,Size S,30.87,3,UPS® Ground
Ontario,Birmingham,AL,Size S,8.71,4,UPS® Ground
Ontario,Bozeman,MT,Size S,7.45,3,UPS® Ground
Ontario,Conroe,TX,Size S,8.71,3,UPS® Ground
Ontario,Carmel Valley,CA,Size S,6.65,1,UPS® Ground
Ontario,Castle Rock,CO,Size S,7.45,2,UPS® Ground
Ontario,Cedar Rapids,IA,Size S,8.71,4,UPS® Ground
Ontario,Cooperstown,NY,Size S,9.16,5,UPS® Ground
Ontario,Deland,FL,Size S,9.16,4,UPS® Ground
Ontario,Fort Mill,SC,Size S,9.25,4,UPS® Ground
Ontario,Fargo,ND,Size S,8.71,4,UPS® Ground
Ontario,Glen Allen,VA,Size S,9.25,4,UPS® Ground
Ontario,Grand Junction,CO,Size S,7.45,3,UPS® Ground
Ontario,Highlands Ranch,CO,Size S,7.45,2,UPS® Ground
Ontario,Joliet,IL,Size S,9.25,3,UPS® Ground
Ontario,Kerrville,TX,Size S,8.45,3,UPS® Ground
Ontario,Longmont,CO,Size S,7.45,2,UPS® Ground
Ontario,Minneapolis,MN,Size S,8.62,4,UPS® Ground
Ontario,Naperville,IL,Size S,9.25,3,UPS® Ground
Ontario,Neosho,MO,Size S,8.45,4,UPS® Ground
Ontario,Puyallup,WA,Size S,8.45,3,UPS® Ground
Ontario,Queen Creek,AZ,Size S,6.84,2,UPS® Ground
Ontario,Saline,MI,Size S,9.25,4,UPS® Ground
Ontario,Sevierville,TN,Size S,9.25,4,UPS® Ground
Ontario,Sterling Heights,MI,Size S,9.25,4,UPS® Ground
Ontario,Thornton,CO,Size S,7.45,3,UPS® Ground
Ontario,Ventura,CA,Size S,6.58,1,UPS® Ground
Ontario,Wilmington,MA,Size S,9.25,4,UPS® Ground
Ontario,Clermont,FL,Size S,9.25,4,UPS® Ground
Ontario,Abilene,TX,Size S,8.36,3,UPS® Ground
Ontario,Brick,NJ,Size S,9.16,4,UPS® Ground
Ontario,Bentonville,AR,Size S,8.62,3,UPS® Ground
Ontario,Bogart,GA,Size S,9.25,4,UPS® Ground
Ontario,Boston,MA,Size S,9.25,4,UPS® Ground
Ontario,Buffalo,NY,Size S,9.16,5,UPS® Ground
Ontario,Cary,NC,Size S,9.25,4,UPS® Ground
Ontario,Dallas,GA,Size S,9.25,4,UPS® Ground
Ontario,Doylestown,PA,Size S,9.16,4,UPS® Ground
Ontario,Eugene,OR,Size S,7.36,3,UPS® Ground
Ontario,Edmond,OK,Size S,8.36,3,UPS® Ground
Ontario,Forney,TX,Size S,8.45,3,UPS® Ground
Ontario,Fuquay Varina,NC,Size S,9.16,4,UPS® Ground
Ontario,Glendora,CA,Size S,6.65,1,UPS® Ground
Ontario,Henrico,VA,Size S,9.16,4,UPS® Ground
Ontario,Hockessin,DE,Size S,9.25,4,UPS® Ground
Ontario,Holly Springs,NC,Size S,9.25,4,UPS® Ground
Ontario,Irvine,CA,Size S,6.65,1,UPS® Ground
Ontario,Lakeland,FL,Size S,9.16,4,UPS® Ground
Ontario,Lawrence,KS,Size S,8.36,4,UPS® Ground
Ontario,League City,TX,Size S,8.62,3,UPS® Ground
Ontario,Mansfield,TX,Size S,8.62,3,UPS® Ground
Ontario,Madison,WI,Size S,8.62,4,UPS® Ground
Ontario,McKinney,TX,Size S,8.71,3,UPS® Ground
Ontario,Mentor,OH,Size S,9.16,4,UPS® Ground
Ontario,Mount Airy,MD,Size S,9.25,4,UPS® Ground
Ontario,Norfolk,VA,Size S,9.25,4,UPS® Ground
Ontario,Nampa,ID,Size S,7.45,3,UPS® Ground
Ontario,Noblesville,IN,Size S,8.71,4,UPS® Ground
Ontario,Orland Park,IL,Size S,9.25,3,UPS® Ground
Ontario,Palm Harbor,FL,Size S,9.25,4,UPS® Ground
Ontario,Petaluma,CA,Size S,6.84,2,UPS® Ground
Ontario,Placentia,CA,Size S,6.65,1,UPS® Ground
Ontario,Prescott,AZ,Size S,6.84,2,UPS® Ground
Ontario,Richardson,TX,Size S,8.71,3,UPS® Ground
Ontario,Roanoke,VA,Size S,9.25,4,UPS® Ground
Ontario,Richmond,TX,Size S,8.45,3,UPS® Ground
Ontario,Sanford,ME,Size S,9.25,5,UPS® Ground
Ontario,Seminole,FL,Size S,9.16,4,UPS® Ground
Ontario,Sheridan,WY,Size S,7.45,3,UPS® Ground
Ontario,Sparks,NV,Size S,6.84,2,UPS® Ground
Ontario,Traverse City,MI,Size S,9.25,4,UPS® Ground
Ontario,Tulsa,OK,Size S,8.45,3,UPS® Ground
Ontario,Wake Forest,NC,Size S,9.25,4,UPS® Ground
Ontario,Waterloo,SC,Size S,9.25,4,UPS® Ground
Ontario,Waukesha,WI,Size S,8.71,4,UPS® Ground
Ontario,Wichita,KS,Size S,8.45,4,UPS® Ground
Ontario,Winnsboro,TX,Size S,8.45,3,UPS® Ground
Ontario,Woodbury,MN,Size S,8.71,4,UPS® Ground
Ontario,Cumming,GA,Size S,9.16,4,UPS® Ground
Ontario,Muskegon,MI,Size S,9.25,4,UPS® Ground
Ontario,Akron,OH,Size S,9.16,4,UPS® Ground
Ontario,Albany,OR,Size S,7.45,3,UPS® Ground
Ontario,Alpharetta,GA,Size S,9.25,4,UPS® Ground
Ontario,Asheville,NC,Size S,9.16,4,UPS® Ground
Ontario,Bixby,OK,Size S,8.45,3,UPS® Ground
Ontario,Boulder,CO,Size S,7.36,2,UPS® Ground
Ontario,Bethlehem,PA,Size S,9.25,4,UPS® Ground
Ontario,Brenham,TX,Size S,8.45,3,UPS® Ground
Ontario,Broken Bow,OK,Size S,8.45,3,UPS® Ground
Ontario,Cape Coral,FL,Size S,9.25,4,UPS® Ground
Ontario,Chula Vista,CA,Size S,6.58,1,UPS® Ground
Ontario,Crawfordville,FL,Size S,9.25,4,UPS® Ground
Ontario,Cypress,TX,Size S,8.45,3,UPS® Ground
Ontario,Clearwater,FL,Size S,9.25,4,UPS® Ground
Ontario,Columbiana,AL,Size S,8.71,4,UPS® Ground
Ontario,Columbus,GA,Size S,9.25,4,UPS® Ground
Ontario,Commack,NY,Size S,9.25,4,UPS® Ground
Ontario,Dublin,CA,Size S,7.45,2,UPS® Ground
Ontario,Decatur,GA,Size S,9.25,4,UPS® Ground
Ontario,Deltona,FL,Size S,9.25,4,UPS® Ground
Ontario,Derry,NH,Size S,9.25,5,UPS® Ground
Ontario,Douglassville,PA,Size S,9.25,4,UPS® Ground
Ontario,Easton,PA,Size S,9.25,4,UPS® Ground
Ontario,El Paso,TX,Size S,7.45,2,UPS® Ground
Ontario,Escondido,CA,Size S,6.75,1,UPS® Ground
Ontario,Fairport,NY,Size S,9.25,5,UPS® Ground
Ontario,Flemington,NJ,Size S,9.25,4,UPS® Ground
Ontario,Florence,SC,Size S,9.25,4,UPS® Ground
Ontario,Fort Lauderdale,FL,Size S,9.25,4,UPS® Ground
Ontario,Frisco,TX,Size S,8.62,3,UPS® Ground
Ontario,Goodyear,AZ,Size S,6.84,2,UPS® Ground
Ontario,Gays Mills,WI,Size S,8.71,5,UPS® Ground
Ontario,Grafton,WI,Size S,8.62,4,UPS® Ground
Ontario,Green Cove Springs,FL,Size S,9.25,4,UPS® Ground
Ontario,Greensburg,PA,Size S,9.25,4,UPS® Ground
Ontario,Honolulu,HI,Size S,30.87,3,UPS® Ground
Ontario,Humble,TX,Size S,8.71,3,UPS® Ground
Ontario,Huntington,NY,Size S,9.25,4,UPS® Ground
Ontario,Idaho Falls,ID,Size S,7.45,2,UPS® Ground
Ontario,Jackson,TN,Size S,8.71,4,UPS® Ground
Ontario,Jacksonville,NC,Size S,9.25,5,UPS® Ground
Ontario,Jenkintown,PA,Size S,9.25,4,UPS® Ground
Ontario,Johnson City,TN,Size S,9.25,4,UPS® Ground
Ontario,Kingwood,TX,Size S,8.71,3,UPS® Ground
Ontario,Lansing,MI,Size S,9.25,4,UPS® Ground
Ontario,Lapeer,MI,Size S,9.25,4,UPS® Ground
Ontario,Lawrenceville,GA,Size S,9.25,4,UPS® Ground
Ontario,Lexington,NC,Size S,9.25,4,UPS® Ground
Ontario,Lubbock,TX,Size S,7.45,2,UPS® Ground
Ontario,Medina,OH,Size S,9.25,4,UPS® Ground
Ontario,Macomb,MI,Size S,9.25,4,UPS® Ground
Ontario,Magnolia,TX,Size S,8.71,3,UPS® Ground
Ontario,Martinsburg,WV,Size S,9.25,5,UPS® Ground
Ontario,Meridian,ID,Size S,7.45,3,UPS® Ground
Ontario,Mobile,AL,Size S,8.62,4,UPS® Ground
Ontario,Morrison,CO,Size S,7.45,2,UPS® Ground
Ontario,Napa,CA,Size S,7.45,2,UPS® Ground
Ontario,New Braunfels,TX,Size S,8.45,3,UPS® Ground
Ontario,New Lenox,IL,Size S,9.25,3,UPS® Ground
Ontario,New Orleans,LA,Size S,8.71,4,UPS® Ground
Ontario,Newark,DE,Size S,9.25,4,UPS® Ground
Ontario,Oakland,CA,Size S,6.67,2,UPS® Ground
Ontario,Owasso,OK,Size S,8.45,3,UPS® Ground
Ontario,Overland Park,KS,Size S,8.45,4,UPS® Ground
Ontario,Panama City,FL,Size S,9.25,4,UPS® Ground
Ontario,Panama City Beach,FL,Size S,9.16,4,UPS® Ground
Ontario,Patchogue,NY,Size S,9.25,4,UPS® Ground
Ontario,Port Clinton,OH,Size S,9.25,4,UPS® Ground
Ontario,Paducah,KY,Size S,8.71,4,UPS® Ground
Ontario,Palmetto,FL,Size S,9.25,4,UPS® Ground
Ontario,Pearland,TX,Size S,8.62,3,UPS® Ground
Ontario,Pella,IA,Size S,8.71,4,UPS® Ground
Ontario,Pittsford,NY,Size S,9.25,5,UPS® Ground
Ontario,Port Orange,FL,Size S,9.25,4,UPS® Ground
Ontario,Ravenna,OH,Size S,9.25,4,UPS® Ground
Ontario,Roaming Shores,OH,Size S,9.25,4,UPS® Ground
Ontario,Richmond Hill,GA,Size S,9.25,4,UPS® Ground
Ontario,Riverview,FL,Size S,9.25,4,UPS® Ground
Ontario,Rochester,MN,Size S,8.71,4,UPS® Ground
Ontario,Round Rock,TX,Size S,8.45,3,UPS® Ground
Ontario,Saint Petersburg,FL,Size S,9.16,4,UPS® Ground
Ontario,San Leandro,CA,Size S,7.45,2,UPS® Ground
Ontario,Southington,CT,Size S,9.25,5,UPS® Ground
Ontario,Spartanburg,SC,Size S,9.25,4,UPS® Ground
Ontario,Surprise,AZ,Size S,6.67,2,UPS® Ground
Ontario,Santa Barbara,CA,Size S,6.26,1,UPS® Ground
Ontario,Shelton,CT,Size S,9.25,5,UPS® Ground
Ontario,Spring Branch,TX,Size S,8.45,3,UPS® Ground
Ontario,St. Louis,MO,Size S,8.71,4,UPS® Ground
Ontario,Stroudsburg,PA,Size S,9.16,4,UPS® Ground
Ontario,Sunapee,NH,Size S,9.25,5,UPS® Ground
Ontario,Swedesboro,NJ,Size S,9.25,4,UPS® Ground
Ontario,Syracuse,NY,Size S,9.25,5,UPS® Ground
Ontario,Tomball,TX,Size S,8.71,3,UPS® Ground
Ontario,Topeka,KS,Size S,8.45,4,UPS® Ground
Ontario,Tuscaloosa,AL,Size S,8.71,4,UPS® Ground
Ontario,Terre Haute,IN,Size S,8.71,4,UPS® Ground
Ontario,Tinley Park,IL,Size S,9.25,3,UPS® Ground
Ontario,Toms River,NJ,Size S,9.25,4,UPS® Ground
Ontario,Tulare,CA,Size S,6.65,1,UPS® Ground
Ontario,Vienna,VA,Size S,9.25,4,UPS® Ground
Ontario,Walnut Creek,CA,Size S,7.45,2,UPS® Ground
Ontario,Wayne,NJ,Size S,9.16,4,UPS® Ground
Ontario,Waynesboro,VA,Size S,9.25,5,UPS® Ground
Ontario,West Sacramento,CA,Size S,6.84,2,UPS® Ground
Ontario,Yuba City,CA,Size S,6.84,2,UPS® Ground
Ontario,Zachary,LA,Size S,8.62,4,UPS® Ground
Ontario,Buford,GA,Size S,9.25,4,UPS® Ground
Ontario,Modesto,CA,Size S,6.84,2,UPS® Ground
Ontario,Winter Park,FL,Size S,9.25,4,UPS® Ground
Ontario,Antioch,IL,Size S,9.25,3,UPS® Ground
Ontario,Algonquin,IL,Size S,9.25,3,UPS® Ground
Ontario,Allen,TX,Size S,8.71,3,UPS® Ground
Ontario,Ames,IA,Size S,8.71,4,UPS® Ground
Ontario,Anaheim,CA,Size S,6.65,1,UPS® Ground
Ontario,Aptos,CA,Size S,7.45,2,UPS® Ground
Ontario,Astoria,NY,Size S,9.25,4,UPS® Ground
Ontario,Bloomington,IN,Size S,8.71,4,UPS® Ground
Ontario,Bremerton,WA,Size S,8.45,3,UPS® Ground
Ontario,Brunswick,OH,Size S,9.25,4,UPS® Ground
Ontario,Burke,VA,Size S,9.25,4,UPS® Ground
Ontario,Bedford,IN,Size S,8.71,4,UPS® Ground
Ontario,Benton,LA,Size S,8.71,4,UPS® Ground
Ontario,Billings,MT,Size S,7.45,3,UPS® Ground
Ontario,Birdsboro,PA,Size S,9.25,4,UPS® Ground
Ontario,Bothell,WA,Size S,8.45,3,UPS® Ground
Ontario,Bowie,MD,Size S,9.25,4,UPS® Ground
Ontario,Brentwood,TN,Size S,9.16,4,UPS® Ground
Ontario,Bronx,NY,Size S,9.25,4,UPS® Ground
Ontario,Brookfield,WI,Size S,8.71,4,UPS® Ground
Ontario,Canton,OH,Size S,9.25,4,UPS® Ground
Ontario,Celina,TX,Size S,8.71,3,UPS® Ground
Ontario,Chapel Hill,NC,Size S,9.25,4,UPS® Ground
Ontario,Claremore,OK,Size S,8.45,3,UPS® Ground
Ontario,Clovis,CA,Size S,6.75,1,UPS® Ground
Ontario,Cocoa,FL,Size S,9.16,4,UPS® Ground
Ontario,Callahan,FL,Size S,9.25,4,UPS® Ground
Ontario,Carmel,IN,Size S,8.71,4,UPS® Ground
Ontario,Cedar Park,TX,Size S,8.45,3,UPS® Ground
Ontario,Centennial,CO,Size S,7.45,2,UPS® Ground
Ontario,Centerville,MA,Size S,9.25,4,UPS® Ground
Ontario,Charleston,SC,Size S,9.25,4,UPS® Ground
Ontario,Charlottesville,VA,Size S,9.16,4,UPS® Ground
Ontario,Clarkesville,GA,Size S,9.25,4,UPS® Ground
Ontario,Clayton,NC,Size S,9.25,4,UPS® Ground
Ontario,Clifton,NJ,Size S,9.25,4,UPS® Ground
Ontario,Collinsville,OK,Size S,8.45,3,UPS® Ground
Ontario,Columbia,TN,Size S,8.71,4,UPS® Ground
Ontario,Concord,NC,Size S,9.16,4,UPS® Ground
Ontario,Cookeville,TN,Size S,9.25,4,UPS® Ground
Ontario,Corpus Christi,TX,Size S,8.45,3,UPS® Ground
Ontario,Corrales,NM,Size S,7.45,2,UPS® Ground
Ontario,Corydon,IN,Size S,9.25,4,UPS® Ground
Ontario,Cranston,RI,Size S,9.25,5,UPS® Ground
Ontario,Dekalb,IL,Size S,9.25,3,UPS® Ground
Ontario,Delaware,OH,Size S,9.25,4,UPS® Ground
Ontario,Delmar,NY,Size S,9.25,5,UPS® Ground
Ontario,Des Moines,IA,Size S,8.62,4,UPS® Ground
Ontario,Dickson,TN,Size S,9.25,4,UPS® Ground
Ontario,Downers Grove,IL,Size S,9.25,3,UPS® Ground
Ontario,Dripping Springs,TX,Size S,8.45,3,UPS® Ground
Ontario,Eustis,FL,Size S,9.25,4,UPS® Ground
Ontario,East Hampton,NY,Size S,9.25,4,UPS® Ground
Ontario,Fenton,MO,Size S,8.71,4,UPS® Ground
Ontario,Fayetteville,AR,Size S,8.62,3,UPS® Ground
Ontario,Flower Mound,TX,Size S,8.71,3,UPS® Ground
Ontario,Franklin,OH,Size S,9.25,4,UPS® Ground
Ontario,Friendswood,TX,Size S,8.71,3,UPS® Ground
Ontario,Gainesville,FL,Size S,9.25,4,UPS® Ground
Ontario,Gainesville,GA,Size S,9.25,4,UPS® Ground
Ontario,Glendale,CA,Size S,6.65,1,UPS® Ground
Ontario,Greenville,SC,Size S,9.25,4,UPS® Ground
Ontario,Greenville,MI,Size S,9.25,4,UPS® Ground
Ontario,Gaithersburg,MD,Size S,9.25,4,UPS® Ground
Ontario,Garner,NC,Size S,9.16,4,UPS® Ground
Ontario,Gastonia,NC,Size S,9.25,4,UPS® Ground
Ontario,Granada Hills,CA,Size S,6.65,1,UPS® Ground
Ontario,Granbury,TX,Size S,8.71,3,UPS® Ground
Ontario,Griffin,GA,Size S,9.25,4,UPS® Ground
Ontario,Harpers Ferry,WV,Size S,9.25,4,UPS® Ground
Ontario,Haverhill,MA,Size S,9.25,4,UPS® Ground
Ontario,Hayward,CA,Size S,7.45,2,UPS® Ground
Ontario,Herriman,UT,Size S,7.45,2,UPS® Ground
Ontario,Hillsboro,OR,Size S,7.45,3,UPS® Ground
Ontario,Hoboken,NJ,Size S,9.25,4,UPS® Ground
Ontario,Huntley,IL,Size S,9.25,3,UPS® Ground
Ontario,Hagerstown,MD,Size S,9.25,4,UPS® Ground
Ontario,Hamilton,OH,Size S,9.16,4,UPS® Ground
Ontario,Harrisburg,PA,Size S,9.25,4,UPS® Ground
Ontario,Hendersonville,NC,Size S,9.25,4,UPS® Ground
Ontario,Hendersonville,TN,Size S,9.25,4,UPS® Ground
Ontario,Holland,MI,Size S,9.25,4,UPS® Ground
Ontario,Indian Trail,NC,Size S,9.25,4,UPS® Ground
Ontario,Jersey City,NJ,Size S,9.25,4,UPS® Ground
Ontario,Johnstown,PA,Size S,9.25,4,UPS® Ground
Ontario,Kalamazoo,MI,Size S,9.25,4,UPS® Ground
Ontario,Keatchie,LA,Size S,8.71,4,UPS® Ground
Ontario,Kennewick,WA,Size S,7.36,3,UPS® Ground
Ontario,Kingsport,TN,Size S,9.25,4,UPS® Ground
Ontario,Lake Elsinore,CA,Size S,6.75,1,UPS® Ground
Ontario,Lebanon,OH,Size S,9.25,4,UPS® Ground
Ontario,Little Rock,AR,Size S,8.62,3,UPS® Ground
Ontario,Livonia,MI,Size S,9.25,4,UPS® Ground
Ontario,Los Alamos,NM,Size S,7.45,2,UPS® Ground
Ontario,Loveland,CO,Size S,7.45,2,UPS® Ground
Ontario,La Mesa,CA,Size S,6.75,1,UPS® Ground
Ontario,La Quinta,CA,Size S,6.75,1,UPS® Ground
Ontario,Lake Oswego,OR,Size S,7.36,3,UPS® Ground
Ontario,Lake Saint Louis,MO,Size S,8.71,4,UPS® Ground
Ontario,Lake in the Hills,IL,Size S,9.25,3,UPS® Ground
Ontario,Lakeway,TX,Size S,8.36,3,UPS® Ground
Ontario,Lancaster,NY,Size S,9.16,5,UPS® Ground
Ontario,Leander,TX,Size S,8.45,3,UPS® Ground
Ontario,Lees Summit,MO,Size S,8.45,4,UPS® Ground
Ontario,Lenoir,NC,Size S,9.25,4,UPS® Ground
Ontario,Lewis Center,OH,Size S,9.25,4,UPS® Ground
Ontario,Lexington,IN,Size S,9.25,4,UPS® Ground
Ontario,Lodi,CA,Size S,6.84,2,UPS® Ground
Ontario,Lynden,WA,Size S,7.45,3,UPS® Ground
Ontario,Methuen,MA,Size S,9.25,4,UPS® Ground
Ontario,Milford,CT,Size S,9.25,5,UPS® Ground
Ontario,Mineola,TX,Size S,8.45,3,UPS® Ground
Ontario,Missoula,MT,Size S,7.36,3,UPS® Ground
Ontario,Mansfield,OH,Size S,9.25,4,UPS® Ground
Ontario,McDonough,GA,Size S,9.25,4,UPS® Ground
Ontario,Merritt Island,FL,Size S,9.25,4,UPS® Ground
Ontario,Midlothian,VA,Size S,9.25,4,UPS® Ground
Ontario,Millington,TN,Size S,8.71,4,UPS® Ground
Ontario,Milton,FL,Size S,9.25,4,UPS® Ground
Ontario,Moab,UT,Size S,6.67,3,UPS® Ground
Ontario,Monroe,NC,Size S,9.16,4,UPS® Ground
Ontario,Mooresville,IN,Size S,9.25,4,UPS® Ground
Ontario,Morganton,NC,Size S,9.16,4,UPS® Ground
Ontario,Murfreesboro,TN,Size S,8.71,4,UPS® Ground
Ontario,Newburgh,NY,Size S,9.25,5,UPS® Ground
Ontario,Navarre,FL,Size S,9.25,4,UPS® Ground
Ontario,New Market,AL,Size S,8.71,4,UPS® Ground
Ontario,Newnan,GA,Size S,9.25,4,UPS® Ground
Ontario,Norman,OK,Size S,8.45,3,UPS® Ground
Ontario,Novi,MI,Size S,9.25,4,UPS® Ground
Ontario,Ormond Beach,FL,Size S,9.25,4,UPS® Ground
Ontario,Owensboro,KY,Size S,8.62,4,UPS® Ground
Ontario,Oconto,WI,Size S,8.71,4,UPS® Ground
Ontario,Old Bridge,NJ,Size S,9.25,4,UPS® Ground
Ontario,Olympia,WA,Size S,7.36,3,UPS® Ground
Ontario,Oregon City,OR,Size S,7.45,3,UPS® Ground
Ontario,Oxford,MI,Size S,9.25,4,UPS® Ground
Ontario,Peachtree City,GA,Size S,9.25,4,UPS® Ground
Ontario,Pleasanton,CA,Size S,7.36,2,UPS® Ground
Ontario,Poughkeepsie,NY,Size S,9.25,5,UPS® Ground
Ontario,Pagosa Springs,CO,Size S,7.45,3,UPS® Ground
Ontario,Pasadena,CA,Size S,6.26,1,UPS® Ground
Ontario,Pasadena,TX,Size S,8.71,3,UPS® Ground
Ontario,Pasco,WA,Size S,7.36,3,UPS® Ground
Ontario,Pawtucket,RI,Size S,9.25,5,UPS® Ground
Ontario,Pembroke,MA,Size S,9.25,4,UPS® Ground
Ontario,Perrysburg,OH,Size S,9.25,4,UPS® Ground
Ontario,Plant City,FL,Size S,9.25,4,UPS® Ground
Ontario,Port Orchard,WA,Size S,8.45,3,UPS® Ground
Ontario,Prescott Valley,AZ,Size S,6.67,2,UPS® Ground
Ontario,Princeton,NJ,Size S,9.16,4,UPS® Ground
Ontario,Quincy,MA,Size S,9.25,4,UPS® Ground
Ontario,Redwood City,CA,Size S,6.84,2,UPS® Ground
Ontario,Rohnert Park,CA,Size S,6.84,2,UPS® Ground
Ontario,Rigby,ID,Size S,7.45,3,UPS® Ground
Ontario,Ripon,WI,Size S,8.71,4,UPS® Ground
Ontario,Rogers,AR,Size S,8.71,3,UPS® Ground
Ontario,Rowlett,TX,Size S,8.71,3,UPS® Ground
Ontario,Rydal,PA,Size S,9.25,4,UPS® Ground
Ontario,Shepherdsville,KY,Size S,9.25,4,UPS® Ground
Ontario,Shreveport,LA,Size S,8.36,4,UPS® Ground
Ontario,Stamford,CT,Size S,9.25,5,UPS® Ground
Ontario,Salt Lake City,UT,Size S,7.36,2,UPS® Ground
Ontario,Sanford,NC,Size S,9.25,4,UPS® Ground
Ontario,Santa Ana,CA,Size S,6.26,1,UPS® Ground
Ontario,Santa Cruz,CA,Size S,7.45,2,UPS® Ground
Ontario,Santa Fe,NM,Size S,7.36,2,UPS® Ground
Ontario,Sarver,PA,Size S,9.25,4,UPS® Ground
Ontario,Schenectady,NY,Size S,9.16,5,UPS® Ground
Ontario,Sierra Vista,AZ,Size S,6.84,2,UPS® Ground
Ontario,Silver Spring,MD,Size S,9.25,4,UPS® Ground
Ontario,South Jordan,UT,Size S,7.45,2,UPS® Ground
Ontario,Springfield,MO,Size S,8.45,4,UPS® Ground
Ontario,Summerville,SC,Size S,9.16,4,UPS® Ground
Ontario,Sumter,SC,Size S,9.16,4,UPS® Ground
Ontario,Sun City,AZ,Size S,6.67,2,UPS® Ground
Ontario,Syosset,NY,Size S,9.25,4,UPS® Ground
Ontario,Taunton,MA,Size S,9.16,4,UPS® Ground
Ontario,Texarkana,TX,Size S,8.45,3,UPS® Ground
Ontario,Toledo,OH,Size S,9.25,4,UPS® Ground
Ontario,Urbana,OH,Size S,9.25,4,UPS® Ground
Ontario,Valparaiso,IN,Size S,9.16,4,UPS® Ground
Ontario,Waco,TX,Size S,8.45,3,UPS® Ground
Ontario,West Lafayette,IN,Size S,8.71,4,UPS® Ground
Ontario,Winter Garden,FL,Size S,9.25,4,UPS® Ground
Ontario,Winter Haven,FL,Size S,9.25,4,UPS® Ground
Ontario,Wylie,TX,Size S,8.71,3,UPS® Ground
Ontario,Waldorf,MD,Size S,9.25,4,UPS® Ground
Ontario,Wesley Chapel,FL,Size S,9.16,4,UPS® Ground
Ontario,West Palm Beach,FL,Size S,9.16,4,UPS® Ground
Ontario,Williamsburg,VA,Size S,9.25,4,UPS® Ground
Ontario,Woodbridge,VA,Size S,9.25,4,UPS® Ground
Ontario,Woodside,CA,Size S,6.84,2,UPS® Ground
Ontario,Yorba Linda,CA,Size S,6.65,1,UPS® Ground
Ontario,Queens Village,NY,Size S,9.25,4,UPS® Ground
Oklahoma City,Brooklyn,NY,Size S,8.36,4,UPS® Ground
Oklahoma City,Phoenix,AZ,Size S,7.45,3,UPS® Ground
Oklahoma City,Houston,TX,Size S,7.45,2,UPS® Ground
Oklahoma City,San Antonio,TX,Size S,6.84,2,UPS® Ground
Oklahoma City,Jacksonville,FL,Size S,7.45,3,UPS® Ground
Oklahoma City,Chicago,IL,Size S,7.45,2,UPS® Ground
Oklahoma City,Dallas,TX,Size S,6.75,2,UPS® Ground
Oklahoma City,Wilmington,DE,Size S,8.45,3,UPS® Ground
Oklahoma City,Austin,TX,Size S,6.84,2,UPS® Ground
Oklahoma City,Canton,OH,Size S,7.45,3,UPS® Ground
Oklahoma City,Charlotte,NC,Size S,7.45,3,UPS® Ground
Oklahoma City,New York,NY,Size S,8.45,4,UPS® Ground
Oklahoma City,Atlanta,GA,Size S,7.45,3,UPS® Ground
Oklahoma City,Franklin,TN,Size S,6.84,2,UPS® Ground
Oklahoma City,Lexington,KY,Size S,7.45,3,UPS® Ground
Oklahoma City,Orlando,FL,Size S,8.45,3,UPS® Ground
Oklahoma City,Rochester,NY,Size S,8.45,3,UPS® Ground
Oklahoma City,Las Vegas,NV,Size S,8.45,3,UPS® Ground
Oklahoma City,Louisville,KY,Size S,7.45,3,UPS® Ground
Oklahoma City,Marietta,GA,Size S,7.45,3,UPS® Ground
Oklahoma City,Colorado Springs,CO,Size S,6.84,2,UPS® Ground
Oklahoma City,Columbus,OH,Size S,7.45,3,UPS® Ground
Oklahoma City,Marble Falls,TX,Size S,6.84,2,UPS® Ground
Oklahoma City,Tampa,FL,Size S,8.45,3,UPS® Ground
Oklahoma City,San Diego,CA,Size S,8.45,3,UPS® Ground
Oklahoma City,Columbia,SC,Size S,7.45,3,UPS® Ground
Oklahoma City,Greenville,SC,Size S,7.45,3,UPS® Ground
Oklahoma City,Lebanon,TN,Size S,6.84,2,UPS® Ground
Oklahoma City,Salem,OR,Size S,8.71,4,UPS® Ground
Oklahoma City,Cleveland,OH,Size S,7.45,3,UPS® Ground
Oklahoma City,Denver,CO,Size S,6.84,2,UPS® Ground
Oklahoma City,Omaha,NE,Size S,6.84,2,UPS® Ground
Oklahoma City,Portland,OR,Size S,8.71,4,UPS® Ground
Oklahoma City,Raleigh,NC,Size S,8.45,3,UPS® Ground
Oklahoma City,Richmond,VA,Size S,8.45,3,UPS® Ground
Oklahoma City,Jackson,MS,Size S,6.84,2,UPS® Ground
Oklahoma City,Albany,NY,Size S,8.45,3,UPS® Ground
Oklahoma City,Fort Worth,TX,Size S,6.75,2,UPS® Ground
Oklahoma City,Oklahoma City,OK,Size S,6.65,1,UPS® Ground
Oklahoma City,Chesapeake,VA,Size S,8.45,3,UPS® Ground
Oklahoma City,Miami,FL,Size S,8.71,3,UPS® Ground
Oklahoma City,Milford,CT,Size S,8.71,3,UPS® Ground
Oklahoma City,Pittsburgh,PA,Size S,8.45,3,UPS® Ground
Oklahoma City,San Francisco,CA,Size S,8.45,4,UPS® Ground
Oklahoma City,San Jose,CA,Size S,8.45,4,UPS® Ground
Oklahoma City,Tucson,AZ,Size S,7.45,3,UPS® Ground
Oklahoma City,Virginia Beach,VA,Size S,8.45,3,UPS® Ground
Oklahoma City,Albuquerque,NM,Size S,6.84,2,UPS® Ground
Oklahoma City,Gilbert,AZ,Size S,7.45,3,UPS® Ground
Oklahoma City,Springfield,IL,Size S,6.84,2,UPS® Ground
Oklahoma City,Alexandria,VA,Size S,8.45,3,UPS® Ground
Oklahoma City,Kansas City,MO,Size S,6.84,2,UPS® Ground
Oklahoma City,Knoxville,TN,Size S,7.45,2,UPS® Ground
Oklahoma City,Lakewood,CO,Size S,6.84,2,UPS® Ground
Oklahoma City,Nashville,TN,Size S,6.84,2,UPS® Ground
Oklahoma City,Saint Louis,MO,Size S,6.84,2,UPS® Ground
Oklahoma City,Seattle,WA,Size S,8.71,4,UPS® Ground
Oklahoma City,Arlington,TX,Size S,6.58,2,UPS® Ground
Oklahoma City,Aurora,CO,Size S,6.67,2,UPS® Ground
Oklahoma City,Boise,ID,Size S,8.36,3,UPS® Ground
Oklahoma City,Indianapolis,IN,Size S,7.36,3,UPS® Ground
Oklahoma City,Naples,CO,Size S,6.84,,UPS® Ground
Oklahoma City,Reno,NV,Size S,8.36,4,UPS® Ground
Oklahoma City,Riverside,CA,Size S,8.36,3,UPS® Ground
Oklahoma City,Bismarck,ND,Size S,7.36,3,UPS® Ground
Oklahoma City,Fresno,TX,Size S,6.84,2,UPS® Ground
Oklahoma City,Lincoln,RI,Size S,8.62,4,UPS® Ground
Oklahoma City,Los Angeles,CA,Size S,8.36,3,UPS® Ground
Oklahoma City,Mansfield,MA,Size S,8.71,4,UPS® Ground
Oklahoma City,Milwaukee,WI,Size S,7.45,2,UPS® Ground
Oklahoma City,Madison,IN,Size S,7.36,3,UPS® Ground
Oklahoma City,Mesa,AZ,Size S,7.45,3,UPS® Ground
Oklahoma City,Monroe,NC,Size S,7.36,3,UPS® Ground
Oklahoma City,Philadelphia,PA,Size S,8.36,3,UPS® Ground
Oklahoma City,Staten Island,NY,Size S,8.36,4,UPS® Ground
Oklahoma City,Washington,DC,Size S,8.36,3,UPS® Ground
Oklahoma City,Baltimore,MD,Size S,8.36,3,UPS® Ground
Oklahoma City,Decatur,IL,Size S,6.67,2,UPS® Ground
Oklahoma City,Durham,NC,Size S,8.36,3,UPS® Ground
Oklahoma City,Fayetteville,AR,Size S,6.67,2,UPS® Ground
Oklahoma City,Glendale,AZ,Size S,7.36,3,UPS® Ground
Oklahoma City,Midland,GA,Size S,7.45,3,UPS® Ground
Oklahoma City,Scottsdale,AZ,Size S,7.36,3,UPS® Ground
Oklahoma City,Woodstock,GA,Size S,7.36,3,UPS® Ground
Oklahoma City,Chandler,AZ,Size S,7.36,3,UPS® Ground
Oklahoma City,Cincinnati,OH,Size S,7.36,3,UPS® Ground
Oklahoma City,Covington,LA,Size S,7.36,2,UPS® Ground
Oklahoma City,Fort Myers,FL,Size S,8.36,3,UPS® Ground
Oklahoma City,Greensboro,NC,Size S,7.36,3,UPS® Ground
Oklahoma City,Henderson,TX,Size S,6.75,2,UPS® Ground
Oklahoma City,Hamilton,MI,Size S,7.45,3,UPS® Ground
Oklahoma City,Lewisburg,PA,Size S,8.45,3,UPS® Ground
Oklahoma City,Littleton,CO,Size S,6.67,2,UPS® Ground
Oklahoma City,Mount Pleasant,SC,Size S,8.36,3,UPS® Ground
Oklahoma City,Pasadena,MD,Size S,8.36,3,UPS® Ground
Oklahoma City,Plano,TX,Size S,6.58,2,UPS® Ground
Oklahoma City,Sanford,NC,Size S,8.36,3,UPS® Ground
Oklahoma City,Wayne,ME,Size S,8.71,4,UPS® Ground
Oklahoma City,Ashland,PA,Size S,8.45,3,UPS® Ground
Oklahoma City,Burlington,WI,Size S,7.36,2,UPS® Ground
Oklahoma City,Centerville,IA,Size S,6.84,2,UPS® Ground
Oklahoma City,Clayton,NC,Size S,8.36,3,UPS® Ground
Oklahoma City,Encinitas,CA,Size S,8.36,3,UPS® Ground
Oklahoma City,Fort Collins,CO,Size S,6.67,2,UPS® Ground
Oklahoma City,Golden,CO,Size S,6.67,2,UPS® Ground
Oklahoma City,Hudson,NC,Size S,7.36,3,UPS® Ground
Oklahoma City,Katy,TX,Size S,7.36,2,UPS® Ground
Oklahoma City,Lancaster,SC,Size S,7.36,3,UPS® Ground
Oklahoma City,Newark,NJ,Size S,8.36,4,UPS® Ground
Oklahoma City,Parker,CO,Size S,6.67,2,UPS® Ground
Oklahoma City,Plymouth,MA,Size S,8.62,4,UPS® Ground
Oklahoma City,Rancho Cucamonga,CA,Size S,8.62,3,UPS® Ground
Oklahoma City,Rockville,MD,Size S,8.36,3,UPS® Ground
Oklahoma City,Sacramento,CA,Size S,8.45,4,UPS® Ground
Oklahoma City,Tallahassee,FL,Size S,7.36,3,UPS® Ground
Oklahoma City,The Villages,FL,Size S,8.36,3,UPS® Ground
Oklahoma City,Westfield,IN,Size S,7.36,3,UPS® Ground
Oklahoma City,Waterloo,IA,Size S,6.67,2,UPS® Ground
Oklahoma City,West Chester,PA,Size S,8.36,3,UPS® Ground
Oklahoma City,Bend,OR,Size S,8.36,4,UPS® Ground
Oklahoma City,Amarillo,TX,Size S,6.75,2,UPS® Ground
Oklahoma City,Auburn,MA,Size S,8.62,4,UPS® Ground
Oklahoma City,Bakersfield,CA,Size S,8.36,3,UPS® Ground
Oklahoma City,Boca Raton,FL,Size S,8.36,3,UPS® Ground
Oklahoma City,Benton,LA,Size S,6.84,2,UPS® Ground
Oklahoma City,Bradenton,FL,Size S,8.36,3,UPS® Ground
Oklahoma City,Dayton,OH,Size S,7.36,3,UPS® Ground
Oklahoma City,Duluth,MN,Size S,7.45,3,UPS® Ground
Oklahoma City,Englewood,CO,Size S,6.67,2,UPS® Ground
Oklahoma City,Fort Wayne,IN,Size S,7.36,2,UPS® Ground
Oklahoma City,Frederick,MD,Size S,8.36,3,UPS® Ground
Oklahoma City,Fredericksburg,VA,Size S,8.36,3,UPS® Ground
Oklahoma City,Gainesville,FL,Size S,7.36,3,UPS® Ground
Oklahoma City,Grand Rapids,MI,Size S,7.36,3,UPS® Ground
Oklahoma City,Green Bay,WI,Size S,7.36,3,UPS® Ground
Oklahoma City,Morgantown,WV,Size S,7.36,3,UPS® Ground
Oklahoma City,Pensacola,FL,Size S,7.36,3,UPS® Ground
Oklahoma City,Princeton,MA,Size S,8.62,4,UPS® Ground
Oklahoma City,Peoria,AZ,Size S,7.36,3,UPS® Ground
Oklahoma City,Saint Paul,MN,Size S,7.36,3,UPS® Ground
Oklahoma City,Savannah,GA,Size S,7.36,3,UPS® Ground
Oklahoma City,Seaford,NY,Size S,8.45,4,UPS® Ground
Oklahoma City,Seymour,IN,Size S,7.36,3,UPS® Ground
Oklahoma City,Spokane,WA,Size S,8.36,3,UPS® Ground
Oklahoma City,Windsor,CO,Size S,6.67,2,UPS® Ground
Oklahoma City,Winston-Salem,NC,Size S,7.36,3,UPS® Ground
Oklahoma City,Worcester,MA,Size S,8.62,4,UPS® Ground
Oklahoma City,York,PA,Size S,8.36,3,UPS® Ground
Oklahoma City,Antioch,TN,Size S,6.84,2,UPS® Ground
Oklahoma City,Athens,GA,Size S,7.36,3,UPS® Ground
Oklahoma City,Corona,CA,Size S,8.36,3,UPS® Ground
Oklahoma City,Fairfield,CA,Size S,8.36,4,UPS® Ground
Oklahoma City,Germantown,MD,Size S,8.45,3,UPS® Ground
Oklahoma City,Hillsboro,OR,Size S,8.62,4,UPS® Ground
Oklahoma City,Hope Mills,NC,Size S,8.45,3,UPS® Ground
Oklahoma City,Hendersonville,NC,Size S,7.36,3,UPS® Ground
Oklahoma City,Holly Springs,MS,Size S,6.67,2,UPS® Ground
Oklahoma City,Homer,AK,Size S,30.87,4,UPS® Ground
Oklahoma City,Laurel,MD,Size S,8.36,3,UPS® Ground
Oklahoma City,Long Beach,CA,Size S,8.36,3,UPS® Ground
Oklahoma City,Manteca,CA,Size S,8.36,4,UPS® Ground
Oklahoma City,Maryville,TN,Size S,7.36,2,UPS® Ground
Oklahoma City,Magnolia,MS,Size S,6.84,2,UPS® Ground
Oklahoma City,Memphis,TN,Size S,6.67,2,UPS® Ground
Oklahoma City,Milton,MA,Size S,8.62,4,UPS® Ground
Oklahoma City,Montgomery,TX,Size S,6.67,2,UPS® Ground
Oklahoma City,Myrtle Beach,SC,Size S,8.45,3,UPS® Ground
Oklahoma City,New Market,AL,Size S,7.45,2,UPS® Ground
Oklahoma City,Ocala,FL,Size S,7.36,3,UPS® Ground
Oklahoma City,Olathe,KS,Size S,6.67,2,UPS® Ground
Oklahoma City,Oxford,MI,Size S,7.36,3,UPS® Ground
Oklahoma City,Palm Beach Gardens,FL,Size S,8.36,3,UPS® Ground
Oklahoma City,Roseville,CA,Size S,8.36,4,UPS® Ground
Oklahoma City,Roswell,GA,Size S,7.36,3,UPS® Ground
Oklahoma City,Rockwall,TX,Size S,6.58,2,UPS® Ground
Oklahoma City,Spring,TX,Size S,6.84,2,UPS® Ground
Oklahoma City,Salisbury,MA,Size S,8.62,4,UPS® Ground
Oklahoma City,Santa Rosa,CA,Size S,8.62,4,UPS® Ground
Oklahoma City,Sarasota,FL,Size S,8.36,3,UPS® Ground
Oklahoma City,Vancouver,WA,Size S,8.62,4,UPS® Ground
Oklahoma City,Westminster,MD,Size S,8.36,3,UPS® Ground
Oklahoma City,Canton,GA,Size S,7.45,3,UPS® Ground
Oklahoma City,Columbia,MO,Size S,6.67,2,UPS® Ground
Oklahoma City,Naples,FL,Size S,8.36,3,UPS® Ground
Oklahoma City,Fresno,CA,Size S,8.36,4,UPS® Ground
Oklahoma City,Cleveland,TN,Size S,7.45,2,UPS® Ground
Oklahoma City,Henderson,NV,Size S,7.36,3,UPS® Ground
Oklahoma City,Lincoln,NE,Size S,6.67,2,UPS® Ground
Oklahoma City,Wilmington,NC,Size S,8.45,3,UPS® Ground
Oklahoma City,Arvada,CO,Size S,6.84,2,UPS® Ground
Oklahoma City,Anchorage,AK,Size S,30.87,4,UPS® Ground
Oklahoma City,Birmingham,AL,Size S,7.45,2,UPS® Ground
Oklahoma City,Bozeman,MT,Size S,8.45,3,UPS® Ground
Oklahoma City,Conroe,TX,Size S,6.84,2,UPS® Ground
Oklahoma City,Carmel Valley,CA,Size S,8.45,3,UPS® Ground
Oklahoma City,Castle Rock,CO,Size S,6.84,2,UPS® Ground
Oklahoma City,Cedar Rapids,IA,Size S,6.84,2,UPS® Ground
Oklahoma City,Cooperstown,NY,Size S,8.36,3,UPS® Ground
Oklahoma City,Deland,FL,Size S,8.36,3,UPS® Ground
Oklahoma City,Fort Mill,SC,Size S,7.45,3,UPS® Ground
Oklahoma City,Fargo,ND,Size S,7.45,3,UPS® Ground
Oklahoma City,Glen Allen,VA,Size S,8.45,3,UPS® Ground
Oklahoma City,Grand Junction,CO,Size S,7.45,2,UPS® Ground
Oklahoma City,Highlands Ranch,CO,Size S,6.84,2,UPS® Ground
Oklahoma City,Joliet,IL,Size S,7.45,2,UPS® Ground
Oklahoma City,Kerrville,TX,Size S,6.84,2,UPS® Ground
Oklahoma City,Longmont,CO,Size S,6.84,2,UPS® Ground
Oklahoma City,Minneapolis,MN,Size S,7.36,3,UPS® Ground
Oklahoma City,Naperville,IL,Size S,7.45,2,UPS® Ground
Oklahoma City,Neosho,MO,Size S,6.75,2,UPS® Ground
Oklahoma City,Puyallup,WA,Size S,8.71,4,UPS® Ground
Oklahoma City,Queen Creek,AZ,Size S,7.45,3,UPS® Ground
Oklahoma City,Saline,MI,Size S,7.45,3,UPS® Ground
Oklahoma City,Sevierville,TN,Size S,7.45,2,UPS® Ground
Oklahoma City,Sterling Heights,MI,Size S,7.45,3,UPS® Ground
Oklahoma City,Thornton,CO,Size S,6.84,2,UPS® Ground
Oklahoma City,Ventura,CA,Size S,8.36,3,UPS® Ground
Oklahoma City,Wilmington,MA,Size S,8.71,4,UPS® Ground
Oklahoma City,Clermont,FL,Size S,8.45,3,UPS® Ground
Oklahoma City,Abilene,TX,Size S,6.58,2,UPS® Ground
Oklahoma City,Brick,NJ,Size S,8.36,4,UPS® Ground
Oklahoma City,Bentonville,AR,Size S,6.67,2,UPS® Ground
Oklahoma City,Bogart,GA,Size S,7.45,3,UPS® Ground
Oklahoma City,Boston,MA,Size S,8.71,4,UPS® Ground
Oklahoma City,Buffalo,NY,Size S,8.36,3,UPS® Ground
Oklahoma City,Cary,NC,Size S,8.45,3,UPS® Ground
Oklahoma City,Dallas,GA,Size S,7.45,3,UPS® Ground
Oklahoma City,Doylestown,PA,Size S,8.36,3,UPS® Ground
Oklahoma City,Eugene,OR,Size S,8.62,4,UPS® Ground
Oklahoma City,Edmond,OK,Size S,6.26,1,UPS® Ground
Oklahoma City,Forney,TX,Size S,6.75,2,UPS® Ground
Oklahoma City,Fuquay Varina,NC,Size S,8.36,3,UPS® Ground
Oklahoma City,Glendora,CA,Size S,8.71,3,UPS® Ground
Oklahoma City,Henrico,VA,Size S,8.36,3,UPS® Ground
Oklahoma City,Hockessin,DE,Size S,8.45,3,UPS® Ground
Oklahoma City,Holly Springs,NC,Size S,8.45,3,UPS® Ground
Oklahoma City,Irvine,CA,Size S,8.45,3,UPS® Ground
Oklahoma City,Lakeland,FL,Size S,8.36,3,UPS® Ground
Oklahoma City,Lawrence,KS,Size S,6.67,2,UPS® Ground
Oklahoma City,League City,TX,Size S,6.67,2,UPS® Ground
Oklahoma City,Mansfield,TX,Size S,6.58,2,UPS® Ground
Oklahoma City,Madison,WI,Size S,7.36,2,UPS® Ground
Oklahoma City,McKinney,TX,Size S,6.75,2,UPS® Ground
Oklahoma City,Mentor,OH,Size S,7.36,3,UPS® Ground
Oklahoma City,Mount Airy,MD,Size S,8.45,3,UPS® Ground
Oklahoma City,Norfolk,VA,Size S,8.45,3,UPS® Ground
Oklahoma City,Nampa,ID,Size S,8.45,3,UPS® Ground
Oklahoma City,Noblesville,IN,Size S,7.45,3,UPS® Ground
Oklahoma City,Orland Park,IL,Size S,7.45,2,UPS® Ground
Oklahoma City,Palm Harbor,FL,Size S,8.45,3,UPS® Ground
Oklahoma City,Petaluma,CA,Size S,8.71,4,UPS® Ground
Oklahoma City,Placentia,CA,Size S,8.45,3,UPS® Ground
Oklahoma City,Prescott,AZ,Size S,7.45,3,UPS® Ground
Oklahoma City,Richardson,TX,Size S,6.75,2,UPS® Ground
Oklahoma City,Roanoke,VA,Size S,7.45,3,UPS® Ground
Oklahoma City,Richmond,TX,Size S,7.45,2,UPS® Ground
Oklahoma City,Sanford,ME,Size S,8.71,4,UPS® Ground
Oklahoma City,Seminole,FL,Size S,8.36,3,UPS® Ground
Oklahoma City,Sheridan,WY,Size S,7.45,3,UPS® Ground
Oklahoma City,Sparks,NV,Size S,8.45,4,UPS® Ground
Oklahoma City,Traverse City,MI,Size S,7.45,3,UPS® Ground
Oklahoma City,Tulsa,OK,Size S,6.65,1,UPS® Ground
Oklahoma City,Wake Forest,NC,Size S,8.45,3,UPS® Ground
Oklahoma City,Waterloo,SC,Size S,7.45,3,UPS® Ground
Oklahoma City,Waukesha,WI,Size S,7.45,2,UPS® Ground
Oklahoma City,Wichita,KS,Size S,6.75,1,UPS® Ground
Oklahoma City,Winnsboro,TX,Size S,6.75,2,UPS® Ground
Oklahoma City,Woodbury,MN,Size S,7.45,3,UPS® Ground
Oklahoma City,Cumming,GA,Size S,7.36,3,UPS® Ground
Oklahoma City,Muskegon,MI,Size S,7.45,3,UPS® Ground
Oklahoma City,Akron,OH,Size S,7.36,3,UPS® Ground
Oklahoma City,Albany,OR,Size S,8.71,4,UPS® Ground
Oklahoma City,Alpharetta,GA,Size S,7.45,3,UPS® Ground
Oklahoma City,Asheville,NC,Size S,7.36,3,UPS® Ground
Oklahoma City,Bixby,OK,Size S,6.65,1,UPS® Ground
Oklahoma City,Boulder,CO,Size S,6.67,2,UPS® Ground
Oklahoma City,Bethlehem,PA,Size S,8.45,3,UPS® Ground
Oklahoma City,Brenham,TX,Size S,6.84,2,UPS® Ground
Oklahoma City,Broken Bow,OK,Size S,6.75,1,UPS® Ground
Oklahoma City,Cape Coral,FL,Size S,8.45,3,UPS® Ground
Oklahoma City,Chula Vista,CA,Size S,8.36,3,UPS® Ground
Oklahoma City,Crawfordville,FL,Size S,7.45,3,UPS® Ground
Oklahoma City,Cypress,TX,Size S,7.45,2,UPS® Ground
Oklahoma City,Clearwater,FL,Size S,8.45,3,UPS® Ground
Oklahoma City,Columbiana,AL,Size S,7.45,2,UPS® Ground
Oklahoma City,Columbus,GA,Size S,7.45,3,UPS® Ground
Oklahoma City,Commack,NY,Size S,8.45,4,UPS® Ground
Oklahoma City,Dublin,CA,Size S,8.45,4,UPS® Ground
Oklahoma City,Decatur,GA,Size S,7.45,3,UPS® Ground
Oklahoma City,Deltona,FL,Size S,8.45,3,UPS® Ground
Oklahoma City,Derry,NH,Size S,8.71,4,UPS® Ground
Oklahoma City,Douglassville,PA,Size S,8.45,3,UPS® Ground
Oklahoma City,Easton,PA,Size S,8.45,3,UPS® Ground
Oklahoma City,El Paso,TX,Size S,7.45,2,UPS® Ground
Oklahoma City,Escondido,CA,Size S,8.45,3,UPS® Ground
Oklahoma City,Fairport,NY,Size S,8.45,3,UPS® Ground
Oklahoma City,Flemington,NJ,Size S,8.45,4,UPS® Ground
Oklahoma City,Florence,SC,Size S,8.45,3,UPS® Ground
Oklahoma City,Fort Lauderdale,FL,Size S,8.45,3,UPS® Ground
Oklahoma City,Frisco,TX,Size S,6.58,2,UPS® Ground
Oklahoma City,Goodyear,AZ,Size S,7.45,3,UPS® Ground
Oklahoma City,Gays Mills,WI,Size S,7.45,4,UPS® Ground
Oklahoma City,Grafton,WI,Size S,7.36,2,UPS® Ground
Oklahoma City,Green Cove Springs,FL,Size S,7.45,3,UPS® Ground
Oklahoma City,Greensburg,PA,Size S,8.45,3,UPS® Ground
Oklahoma City,Honolulu,HI,Size S,30.87,4,UPS® Ground
Oklahoma City,Humble,TX,Size S,6.84,2,UPS® Ground
Oklahoma City,Huntington,NY,Size S,8.45,4,UPS® Ground
Oklahoma City,Idaho Falls,ID,Size S,7.45,3,UPS® Ground
Oklahoma City,Jackson,TN,Size S,6.84,2,UPS® Ground
Oklahoma City,Jacksonville,NC,Size S,8.45,3,UPS® Ground
Oklahoma City,Jenkintown,PA,Size S,8.45,3,UPS® Ground
Oklahoma City,Johnson City,TN,Size S,7.45,3,UPS® Ground
Oklahoma City,Kingwood,TX,Size S,6.84,2,UPS® Ground
Oklahoma City,Lansing,MI,Size S,7.45,3,UPS® Ground
Oklahoma City,Lapeer,MI,Size S,7.45,3,UPS® Ground
Oklahoma City,Lawrenceville,GA,Size S,7.45,3,UPS® Ground
Oklahoma City,Lexington,NC,Size S,7.45,3,UPS® Ground
Oklahoma City,Lubbock,TX,Size S,6.75,2,UPS® Ground
Oklahoma City,Medina,OH,Size S,7.45,3,UPS® Ground
Oklahoma City,Macomb,MI,Size S,7.45,3,UPS® Ground
Oklahoma City,Magnolia,TX,Size S,6.84,2,UPS® Ground
Oklahoma City,Martinsburg,WV,Size S,8.45,3,UPS® Ground
Oklahoma City,Meridian,ID,Size S,8.45,3,UPS® Ground
Oklahoma City,Mobile,AL,Size S,7.36,2,UPS® Ground
Oklahoma City,Morrison,CO,Size S,6.84,2,UPS® Ground
Oklahoma City,Napa,CA,Size S,8.45,4,UPS® Ground
Oklahoma City,New Braunfels,TX,Size S,6.84,2,UPS® Ground
Oklahoma City,New Lenox,IL,Size S,7.45,2,UPS® Ground
Oklahoma City,New Orleans,LA,Size S,6.84,2,UPS® Ground
Oklahoma City,Newark,DE,Size S,8.45,3,UPS® Ground
Oklahoma City,Oakland,CA,Size S,8.36,4,UPS® Ground
Oklahoma City,Owasso,OK,Size S,6.65,1,UPS® Ground
Oklahoma City,Overland Park,KS,Size S,6.84,2,UPS® Ground
Oklahoma City,Panama City,FL,Size S,7.45,3,UPS® Ground
Oklahoma City,Panama City Beach,FL,Size S,7.36,3,UPS® Ground
Oklahoma City,Patchogue,NY,Size S,8.45,4,UPS® Ground
Oklahoma City,Port Clinton,OH,Size S,7.45,3,UPS® Ground
Oklahoma City,Paducah,KY,Size S,6.84,2,UPS® Ground
Oklahoma City,Palmetto,FL,Size S,8.45,3,UPS® Ground
Oklahoma City,Pearland,TX,Size S,6.67,2,UPS® Ground
Oklahoma City,Pella,IA,Size S,6.84,2,UPS® Ground
Oklahoma City,Pittsford,NY,Size S,8.45,3,UPS® Ground
Oklahoma City,Port Orange,FL,Size S,8.45,3,UPS® Ground
Oklahoma City,Ravenna,OH,Size S,7.45,3,UPS® Ground
Oklahoma City,Roaming Shores,OH,Size S,7.45,3,UPS® Ground
Oklahoma City,Richmond Hill,GA,Size S,7.45,3,UPS® Ground
Oklahoma City,Riverview,FL,Size S,8.45,3,UPS® Ground
Oklahoma City,Rochester,MN,Size S,7.45,3,UPS® Ground
Oklahoma City,Round Rock,TX,Size S,6.84,2,UPS® Ground
Oklahoma City,Saint Petersburg,FL,Size S,8.36,3,UPS® Ground
Oklahoma City,San Leandro,CA,Size S,8.45,4,UPS® Ground
Oklahoma City,Southington,CT,Size S,8.71,3,UPS® Ground
Oklahoma City,Spartanburg,SC,Size S,7.45,3,UPS® Ground
Oklahoma City,Surprise,AZ,Size S,7.36,3,UPS® Ground
Oklahoma City,Santa Barbara,CA,Size S,8.36,3,UPS® Ground
Oklahoma City,Shelton,CT,Size S,8.71,3,UPS® Ground
Oklahoma City,Spring Branch,TX,Size S,6.84,2,UPS® Ground
Oklahoma City,St. Louis,MO,Size S,6.84,2,UPS® Ground
Oklahoma City,Stroudsburg,PA,Size S,8.36,3,UPS® Ground
Oklahoma City,Sunapee,NH,Size S,8.71,4,UPS® Ground
Oklahoma City,Swedesboro,NJ,Size S,8.45,3,UPS® Ground
Oklahoma City,Syracuse,NY,Size S,8.45,3,UPS® Ground
Oklahoma City,Tomball,TX,Size S,6.84,2,UPS® Ground
Oklahoma City,Topeka,KS,Size S,6.75,2,UPS® Ground
Oklahoma City,Tuscaloosa,AL,Size S,6.84,2,UPS® Ground
Oklahoma City,Terre Haute,IN,Size S,7.45,3,UPS® Ground
Oklahoma City,Tinley Park,IL,Size S,7.45,2,UPS® Ground
Oklahoma City,Toms River,NJ,Size S,8.45,4,UPS® Ground
Oklahoma City,Tulare,CA,Size S,8.45,3,UPS® Ground
Oklahoma City,Vienna,VA,Size S,8.45,3,UPS® Ground
Oklahoma City,Walnut Creek,CA,Size S,8.45,4,UPS® Ground
Oklahoma City,Wayne,NJ,Size S,8.36,4,UPS® Ground
Oklahoma City,Waynesboro,VA,Size S,8.45,3,UPS® Ground
Oklahoma City,West Sacramento,CA,Size S,8.45,4,UPS® Ground
Oklahoma City,Yuba City,CA,Size S,8.45,4,UPS® Ground
Oklahoma City,Zachary,LA,Size S,6.67,2,UPS® Ground
Oklahoma City,Buford,GA,Size S,7.45,3,UPS® Ground
Oklahoma City,Modesto,CA,Size S,8.45,4,UPS® Ground
Oklahoma City,Winter Park,FL,Size S,8.45,3,UPS® Ground
Oklahoma City,Antioch,IL,Size S,7.45,2,UPS® Ground
Oklahoma City,Algonquin,IL,Size S,7.45,2,UPS® Ground
Oklahoma City,Allen,TX,Size S,6.75,2,UPS® Ground
Oklahoma City,Ames,IA,Size S,6.84,2,UPS® Ground
Oklahoma City,Anaheim,CA,Size S,8.45,3,UPS® Ground
Oklahoma City,Aptos,CA,Size S,8.45,4,UPS® Ground
Oklahoma City,Astoria,NY,Size S,8.45,4,UPS® Ground
Oklahoma City,Bloomington,IN,Size S,7.45,3,UPS® Ground
Oklahoma City,Bremerton,WA,Size S,8.71,4,UPS® Ground
Oklahoma City,Brunswick,OH,Size S,7.45,3,UPS® Ground
Oklahoma City,Burke,VA,Size S,8.45,3,UPS® Ground
Oklahoma City,Bedford,IN,Size S,7.45,3,UPS® Ground
Oklahoma City,Benton,LA,Size S,6.84,2,UPS® Ground
Oklahoma City,Billings,MT,Size S,7.45,3,UPS® Ground
Oklahoma City,Birdsboro,PA,Size S,8.45,3,UPS® Ground
Oklahoma City,Bothell,WA,Size S,8.71,4,UPS® Ground
Oklahoma City,Bowie,MD,Size S,8.45,3,UPS® Ground
Oklahoma City,Brentwood,TN,Size S,6.67,2,UPS® Ground
Oklahoma City,Bronx,NY,Size S,8.45,4,UPS® Ground
Oklahoma City,Brookfield,WI,Size S,7.45,2,UPS® Ground
Oklahoma City,Canton,OH,Size S,7.45,3,UPS® Ground
Oklahoma City,Celina,TX,Size S,6.75,2,UPS® Ground
Oklahoma City,Chapel Hill,NC,Size S,8.45,3,UPS® Ground
Oklahoma City,Claremore,OK,Size S,6.65,1,UPS® Ground
Oklahoma City,Clovis,CA,Size S,8.45,4,UPS® Ground
Oklahoma City,Cocoa,FL,Size S,8.36,3,UPS® Ground
Oklahoma City,Callahan,FL,Size S,7.45,3,UPS® Ground
Oklahoma City,Carmel,IN,Size S,7.45,3,UPS® Ground
Oklahoma City,Cedar Park,TX,Size S,6.84,2,UPS® Ground
Oklahoma City,Centennial,CO,Size S,6.84,2,UPS® Ground
Oklahoma City,Centerville,MA,Size S,8.71,4,UPS® Ground
Oklahoma City,Charleston,SC,Size S,8.45,3,UPS® Ground
Oklahoma City,Charlottesville,VA,Size S,8.36,3,UPS® Ground
Oklahoma City,Clarkesville,GA,Size S,7.45,3,UPS® Ground
Oklahoma City,Clayton,NC,Size S,8.45,3,UPS® Ground
Oklahoma City,Clifton,NJ,Size S,8.45,4,UPS® Ground
Oklahoma City,Collinsville,OK,Size S,6.65,1,UPS® Ground
Oklahoma City,Columbia,TN,Size S,6.84,2,UPS® Ground
Oklahoma City,Concord,NC,Size S,7.36,3,UPS® Ground
Oklahoma City,Cookeville,TN,Size S,7.45,2,UPS® Ground
Oklahoma City,Corpus Christi,TX,Size S,6.84,2,UPS® Ground
Oklahoma City,Corrales,NM,Size S,6.84,2,UPS® Ground
Oklahoma City,Corydon,IN,Size S,7.45,3,UPS® Ground
Oklahoma City,Cranston,RI,Size S,8.71,4,UPS® Ground
Oklahoma City,Dekalb,IL,Size S,7.45,2,UPS® Ground
Oklahoma City,Delaware,OH,Size S,7.45,3,UPS® Ground
Oklahoma City,Delmar,NY,Size S,8.45,3,UPS® Ground
Oklahoma City,Des Moines,IA,Size S,6.67,2,UPS® Ground
Oklahoma City,Dickson,TN,Size S,6.84,2,UPS® Ground
Oklahoma City,Downers Grove,IL,Size S,7.45,2,UPS® Ground
Oklahoma City,Dripping Springs,TX,Size S,6.84,2,UPS® Ground
Oklahoma City,Eustis,FL,Size S,8.45,3,UPS® Ground
Oklahoma City,East Hampton,NY,Size S,8.71,4,UPS® Ground
Oklahoma City,Fenton,MO,Size S,6.84,2,UPS® Ground
Oklahoma City,Fayetteville,AR,Size S,6.67,2,UPS® Ground
Oklahoma City,Flower Mound,TX,Size S,6.75,2,UPS® Ground
Oklahoma City,Franklin,OH,Size S,7.45,3,UPS® Ground
Oklahoma City,Friendswood,TX,Size S,6.84,2,UPS® Ground
Oklahoma City,Gainesville,FL,Size S,7.45,3,UPS® Ground
Oklahoma City,Gainesville,GA,Size S,7.45,3,UPS® Ground
Oklahoma City,Glendale,CA,Size S,8.45,3,UPS® Ground
Oklahoma City,Greenville,SC,Size S,7.45,3,UPS® Ground
Oklahoma City,Greenville,MI,Size S,7.45,3,UPS® Ground
Oklahoma City,Gaithersburg,MD,Size S,8.45,3,UPS® Ground
Oklahoma City,Garner,NC,Size S,8.36,3,UPS® Ground
Oklahoma City,Gastonia,NC,Size S,7.45,3,UPS® Ground
Oklahoma City,Granada Hills,CA,Size S,8.45,3,UPS® Ground
Oklahoma City,Granbury,TX,Size S,6.75,2,UPS® Ground
Oklahoma City,Griffin,GA,Size S,7.45,3,UPS® Ground
Oklahoma City,Harpers Ferry,WV,Size S,8.45,3,UPS® Ground
Oklahoma City,Haverhill,MA,Size S,8.71,4,UPS® Ground
Oklahoma City,Hayward,CA,Size S,8.45,4,UPS® Ground
Oklahoma City,Herriman,UT,Size S,7.45,3,UPS® Ground
Oklahoma City,Hillsboro,OR,Size S,8.71,4,UPS® Ground
Oklahoma City,Hoboken,NJ,Size S,8.45,4,UPS® Ground
Oklahoma City,Huntley,IL,Size S,7.45,2,UPS® Ground
Oklahoma City,Hagerstown,MD,Size S,8.45,3,UPS® Ground
Oklahoma City,Hamilton,OH,Size S,7.36,3,UPS® Ground
Oklahoma City,Harrisburg,PA,Size S,8.45,3,UPS® Ground
Oklahoma City,Hendersonville,NC,Size S,7.45,3,UPS® Ground
Oklahoma City,Hendersonville,TN,Size S,6.84,2,UPS® Ground
Oklahoma City,Holland,MI,Size S,7.45,3,UPS® Ground
Oklahoma City,Indian Trail,NC,Size S,7.45,3,UPS® Ground
Oklahoma City,Jersey City,NJ,Size S,8.45,4,UPS® Ground
Oklahoma City,Johnstown,PA,Size S,8.45,3,UPS® Ground
Oklahoma City,Kalamazoo,MI,Size S,7.45,3,UPS® Ground
Oklahoma City,Keatchie,LA,Size S,6.84,2,UPS® Ground
Oklahoma City,Kennewick,WA,Size S,8.36,3,UPS® Ground
Oklahoma City,Kingsport,TN,Size S,7.45,3,UPS® Ground
Oklahoma City,Lake Elsinore,CA,Size S,8.45,3,UPS® Ground
Oklahoma City,Lebanon,OH,Size S,7.45,3,UPS® Ground
Oklahoma City,Little Rock,AR,Size S,6.58,2,UPS® Ground
Oklahoma City,Livonia,MI,Size S,7.45,3,UPS® Ground
Oklahoma City,Los Alamos,NM,Size S,6.84,2,UPS® Ground
Oklahoma City,Loveland,CO,Size S,6.84,2,UPS® Ground
Oklahoma City,La Mesa,CA,Size S,8.45,3,UPS® Ground
Oklahoma City,La Quinta,CA,Size S,8.45,3,UPS® Ground
Oklahoma City,Lake Oswego,OR,Size S,8.62,4,UPS® Ground
Oklahoma City,Lake Saint Louis,MO,Size S,6.84,2,UPS® Ground
Oklahoma City,Lake in the Hills,IL,Size S,7.45,2,UPS® Ground
Oklahoma City,Lakeway,TX,Size S,6.67,2,UPS® Ground
Oklahoma City,Lancaster,NY,Size S,8.36,3,UPS® Ground
Oklahoma City,Leander,TX,Size S,6.84,2,UPS® Ground
Oklahoma City,Lees Summit,MO,Size S,6.84,2,UPS® Ground
Oklahoma City,Lenoir,NC,Size S,7.45,3,UPS® Ground
Oklahoma City,Lewis Center,OH,Size S,7.45,3,UPS® Ground
Oklahoma City,Lexington,IN,Size S,7.45,3,UPS® Ground
Oklahoma City,Lodi,CA,Size S,8.45,4,UPS® Ground
Oklahoma City,Lynden,WA,Size S,8.71,4,UPS® Ground
Oklahoma City,Methuen,MA,Size S,8.71,4,UPS® Ground
Oklahoma City,Milford,CT,Size S,8.71,3,UPS® Ground
Oklahoma City,Mineola,TX,Size S,6.75,2,UPS® Ground
Oklahoma City,Missoula,MT,Size S,8.36,3,UPS® Ground
Oklahoma City,Mansfield,OH,Size S,7.45,3,UPS® Ground
Oklahoma City,McDonough,GA,Size S,7.45,3,UPS® Ground
Oklahoma City,Merritt Island,FL,Size S,8.45,3,UPS® Ground
Oklahoma City,Midlothian,VA,Size S,8.45,3,UPS® Ground
Oklahoma City,Millington,TN,Size S,6.84,2,UPS® Ground
Oklahoma City,Milton,FL,Size S,7.45,3,UPS® Ground
Oklahoma City,Moab,UT,Size S,7.36,4,UPS® Ground
Oklahoma City,Monroe,NC,Size S,7.36,3,UPS® Ground
Oklahoma City,Mooresville,IN,Size S,7.45,3,UPS® Ground
Oklahoma City,Morganton,NC,Size S,7.36,3,UPS® Ground
Oklahoma City,Murfreesboro,TN,Size S,7.45,2,UPS® Ground
Oklahoma City,Newburgh,NY,Size S,8.45,4,UPS® Ground
Oklahoma City,Navarre,FL,Size S,7.45,3,UPS® Ground
Oklahoma City,New Market,AL,Size S,7.45,2,UPS® Ground
Oklahoma City,Newnan,GA,Size S,7.45,3,UPS® Ground
Oklahoma City,Norman,OK,Size S,6.65,1,UPS® Ground
Oklahoma City,Novi,MI,Size S,7.45,3,UPS® Ground
Oklahoma City,Ormond Beach,FL,Size S,8.45,3,UPS® Ground
Oklahoma City,Owensboro,KY,Size S,6.67,2,UPS® Ground
Oklahoma City,Oconto,WI,Size S,7.45,3,UPS® Ground
Oklahoma City,Old Bridge,NJ,Size S,8.45,4,UPS® Ground
Oklahoma City,Olympia,WA,Size S,8.62,4,UPS® Ground
Oklahoma City,Oregon City,OR,Size S,8.71,4,UPS® Ground
Oklahoma City,Oxford,MI,Size S,7.45,3,UPS® Ground
Oklahoma City,Peachtree City,GA,Size S,7.45,3,UPS® Ground
Oklahoma City,Pleasanton,CA,Size S,8.36,4,UPS® Ground
Oklahoma City,Poughkeepsie,NY,Size S,8.45,4,UPS® Ground
Oklahoma City,Pagosa Springs,CO,Size S,6.84,2,UPS® Ground
Oklahoma City,Pasadena,CA,Size S,8.36,3,UPS® Ground
Oklahoma City,Pasadena,TX,Size S,6.84,2,UPS® Ground
Oklahoma City,Pasco,WA,Size S,8.36,3,UPS® Ground
Oklahoma City,Pawtucket,RI,Size S,8.71,4,UPS® Ground
Oklahoma City,Pembroke,MA,Size S,8.71,4,UPS® Ground
Oklahoma City,Perrysburg,OH,Size S,7.45,3,UPS® Ground
Oklahoma City,Plant City,FL,Size S,8.45,3,UPS® Ground
Oklahoma City,Port Orchard,WA,Size S,8.71,4,UPS® Ground
Oklahoma City,Prescott Valley,AZ,Size S,7.36,3,UPS® Ground
Oklahoma City,Princeton,NJ,Size S,8.36,4,UPS® Ground
Oklahoma City,Quincy,MA,Size S,8.71,4,UPS® Ground
Oklahoma City,Redwood City,CA,Size S,8.45,4,UPS® Ground
Oklahoma City,Rohnert Park,CA,Size S,8.71,4,UPS® Ground
Oklahoma City,Rigby,ID,Size S,7.45,4,UPS® Ground
Oklahoma City,Ripon,WI,Size S,7.45,2,UPS® Ground
Oklahoma City,Rogers,AR,Size S,6.84,2,UPS® Ground
Oklahoma City,Rowlett,TX,Size S,6.75,2,UPS® Ground
Oklahoma City,Rydal,PA,Size S,8.45,3,UPS® Ground
Oklahoma City,Shepherdsville,KY,Size S,7.45,3,UPS® Ground
Oklahoma City,Shreveport,LA,Size S,6.58,2,UPS® Ground
Oklahoma City,Stamford,CT,Size S,8.45,3,UPS® Ground
Oklahoma City,Salt Lake City,UT,Size S,7.36,3,UPS® Ground
Oklahoma City,Sanford,NC,Size S,8.45,3,UPS® Ground
Oklahoma City,Santa Ana,CA,Size S,8.36,3,UPS® Ground
Oklahoma City,Santa Cruz,CA,Size S,8.45,4,UPS® Ground
Oklahoma City,Santa Fe,NM,Size S,6.67,2,UPS® Ground
Oklahoma City,Sarver,PA,Size S,8.45,3,UPS® Ground
Oklahoma City,Schenectady,NY,Size S,8.36,3,UPS® Ground
Oklahoma City,Sierra Vista,AZ,Size S,7.45,3,UPS® Ground
Oklahoma City,Silver Spring,MD,Size S,8.45,3,UPS® Ground
Oklahoma City,South Jordan,UT,Size S,7.36,3,UPS® Ground
Oklahoma City,Springfield,MO,Size S,6.75,2,UPS® Ground
Oklahoma City,Summerville,SC,Size S,8.36,3,UPS® Ground
Oklahoma City,Sumter,SC,Size S,7.36,3,UPS® Ground
Oklahoma City,Sun City,AZ,Size S,7.36,3,UPS® Ground
Oklahoma City,Syosset,NY,Size S,8.45,4,UPS® Ground
Oklahoma City,Taunton,MA,Size S,8.62,4,UPS® Ground
Oklahoma City,Texarkana,TX,Size S,6.75,2,UPS® Ground
Oklahoma City,Toledo,OH,Size S,7.45,3,UPS® Ground
Oklahoma City,Urbana,OH,Size S,7.45,3,UPS® Ground
Oklahoma City,Valparaiso,IN,Size S,7.36,2,UPS® Ground
Oklahoma City,Waco,TX,Size S,6.75,2,UPS® Ground
Oklahoma City,West Lafayette,IN,Size S,7.45,2,UPS® Ground
Oklahoma City,Winter Garden,FL,Size S,8.45,3,UPS® Ground
Oklahoma City,Winter Haven,FL,Size S,8.45,3,UPS® Ground
Oklahoma City,Wylie,TX,Size S,6.75,2,UPS® Ground
Oklahoma City,Waldorf,MD,Size S,8.45,3,UPS® Ground
Oklahoma City,Wesley Chapel,FL,Size S,8.36,3,UPS® Ground
Oklahoma City,West Palm Beach,FL,Size S,8.36,3,UPS® Ground
Oklahoma City,Williamsburg,VA,Size S,8.45,3,UPS® Ground
Oklahoma City,Woodbridge,VA,Size S,8.45,3,UPS® Ground
Oklahoma City,Woodside,CA,Size S,8.45,4,UPS® Ground
Oklahoma City,Yorba Linda,CA,Size S,8.45,3,UPS® Ground
Oklahoma City,Queens Village,NY,Size S,8.45,4,UPS® Ground
Stockton,Brooklyn,NY,Size S,9.16,4,UPS® Ground
Stockton,Phoenix,AZ,Size S,7.45,2,UPS® Ground
Stockton,Houston,TX,Size S,8.71,4,UPS® Ground
Stockton,San Antonio,TX,Size S,8.45,3,UPS® Ground
Stockton,Jacksonville,FL,Size S,9.25,5,UPS® Ground
Stockton,Chicago,IL,Size S,8.71,3,UPS® Ground
Stockton,Dallas,TX,Size S,8.45,4,UPS® Ground
Stockton,Wilmington,DE,Size S,9.25,4,UPS® Ground
Stockton,Austin,TX,Size S,8.71,3,UPS® Ground
Stockton,Canton,OH,Size S,9.25,4,UPS® Ground
Stockton,Charlotte,NC,Size S,9.25,5,UPS® Ground
Stockton,New York,NY,Size S,9.25,4,UPS® Ground
Stockton,Atlanta,GA,Size S,9.25,4,UPS® Ground
Stockton,Franklin,TN,Size S,9.25,4,UPS® Ground
Stockton,Lexington,KY,Size S,9.25,4,UPS® Ground
Stockton,Orlando,FL,Size S,9.25,5,UPS® Ground
Stockton,Rochester,NY,Size S,9.25,4,UPS® Ground
Stockton,Las Vegas,NV,Size S,6.84,2,UPS® Ground
Stockton,Louisville,KY,Size S,9.25,3,UPS® Ground
Stockton,Marietta,GA,Size S,9.25,4,UPS® Ground
Stockton,Colorado Springs,CO,Size S,7.45,3,UPS® Ground
Stockton,Columbus,OH,Size S,9.25,4,UPS® Ground
Stockton,Marble Falls,TX,Size S,8.71,3,UPS® Ground
Stockton,Tampa,FL,Size S,9.25,5,UPS® Ground
Stockton,San Diego,CA,Size S,6.84,2,UPS® Ground
Stockton,Columbia,SC,Size S,9.25,5,UPS® Ground
Stockton,Greenville,SC,Size S,9.25,5,UPS® Ground
Stockton,Lebanon,TN,Size S,9.25,4,UPS® Ground
Stockton,Salem,OR,Size S,6.84,2,UPS® Ground
Stockton,Cleveland,OH,Size S,9.25,4,UPS® Ground
Stockton,Denver,CO,Size S,7.45,3,UPS® Ground
Stockton,Omaha,NE,Size S,8.45,4,UPS® Ground
Stockton,Portland,OR,Size S,6.84,2,UPS® Ground
Stockton,Raleigh,NC,Size S,9.25,5,UPS® Ground
Stockton,Richmond,VA,Size S,9.25,4,UPS® Ground
Stockton,Jackson,MS,Size S,8.71,4,UPS® Ground
Stockton,Albany,NY,Size S,9.25,4,UPS® Ground
Stockton,Fort Worth,TX,Size S,8.45,4,UPS® Ground
Stockton,Oklahoma City,OK,Size S,8.45,4,UPS® Ground
Stockton,Chesapeake,VA,Size S,9.25,4,UPS® Ground
Stockton,Miami,FL,Size S,9.25,5,UPS® Ground
Stockton,Milford,CT,Size S,9.25,5,UPS® Ground
Stockton,Pittsburgh,PA,Size S,9.25,4,UPS® Ground
Stockton,San Francisco,CA,Size S,6.65,1,UPS® Ground
Stockton,San Jose,CA,Size S,6.65,1,UPS® Ground
Stockton,Tucson,AZ,Size S,7.45,2,UPS® Ground
Stockton,Virginia Beach,VA,Size S,9.25,4,UPS® Ground
Stockton,Albuquerque,NM,Size S,7.45,3,UPS® Ground
Stockton,Gilbert,AZ,Size S,7.45,2,UPS® Ground
Stockton,Springfield,IL,Size S,8.71,3,UPS® Ground
Stockton,Alexandria,VA,Size S,9.25,4,UPS® Ground
Stockton,Kansas City,MO,Size S,8.45,4,UPS® Ground
Stockton,Knoxville,TN,Size S,9.25,4,UPS® Ground
Stockton,Lakewood,CO,Size S,7.45,3,UPS® Ground
Stockton,Nashville,TN,Size S,9.25,4,UPS® Ground
Stockton,Saint Louis,MO,Size S,8.71,4,UPS® Ground
Stockton,Seattle,WA,Size S,8.45,2,UPS® Ground
Stockton,Arlington,TX,Size S,8.62,4,UPS® Ground
Stockton,Aurora,CO,Size S,7.36,3,UPS® Ground
Stockton,Boise,ID,Size S,6.67,2,UPS® Ground
Stockton,Indianapolis,IN,Size S,9.16,3,UPS® Ground
Stockton,Naples,CO,Size S,7.45,,UPS® Ground
Stockton,Reno,NV,Size S,6.58,1,UPS® Ground
Stockton,Riverside,CA,Size S,6.67,2,UPS® Ground
Stockton,Bismarck,ND,Size S,8.36,4,UPS® Ground
Stockton,Fresno,TX,Size S,8.71,4,UPS® Ground
Stockton,Lincoln,RI,Size S,9.16,5,UPS® Ground
Stockton,Los Angeles,CA,Size S,6.67,2,UPS® Ground
Stockton,Mansfield,MA,Size S,9.25,5,UPS® Ground
Stockton,Milwaukee,WI,Size S,8.71,3,UPS® Ground
Stockton,Madison,IN,Size S,9.16,4,UPS® Ground
Stockton,Mesa,AZ,Size S,7.45,2,UPS® Ground
Stockton,Monroe,NC,Size S,9.16,5,UPS® Ground
Stockton,Philadelphia,PA,Size S,9.16,4,UPS® Ground
Stockton,Staten Island,NY,Size S,9.16,4,UPS® Ground
Stockton,Washington,DC,Size S,9.16,4,UPS® Ground
Stockton,Baltimore,MD,Size S,9.16,4,UPS® Ground
Stockton,Decatur,IL,Size S,8.62,3,UPS® Ground
Stockton,Durham,NC,Size S,9.16,5,UPS® Ground
Stockton,Fayetteville,AR,Size S,8.62,4,UPS® Ground
Stockton,Glendale,AZ,Size S,6.67,2,UPS® Ground
Stockton,Midland,GA,Size S,9.25,4,UPS® Ground
Stockton,Scottsdale,AZ,Size S,7.36,2,UPS® Ground
Stockton,Woodstock,GA,Size S,9.16,4,UPS® Ground
Stockton,Chandler,AZ,Size S,7.36,2,UPS® Ground
Stockton,Cincinnati,OH,Size S,9.16,3,UPS® Ground
Stockton,Covington,LA,Size S,8.62,4,UPS® Ground
Stockton,Fort Myers,FL,Size S,9.16,5,UPS® Ground
Stockton,Greensboro,NC,Size S,9.16,5,UPS® Ground
Stockton,Henderson,TX,Size S,8.71,4,UPS® Ground
Stockton,Hamilton,MI,Size S,9.25,3,UPS® Ground
Stockton,Lewisburg,PA,Size S,9.25,4,UPS® Ground
Stockton,Littleton,CO,Size S,7.36,3,UPS® Ground
Stockton,Mount Pleasant,SC,Size S,9.16,5,UPS® Ground
Stockton,Pasadena,MD,Size S,9.16,4,UPS® Ground
Stockton,Plano,TX,Size S,8.36,4,UPS® Ground
Stockton,Sanford,NC,Size S,9.16,5,UPS® Ground
Stockton,Wayne,ME,Size S,9.25,5,UPS® Ground
Stockton,Ashland,PA,Size S,9.25,4,UPS® Ground
Stockton,Burlington,WI,Size S,8.62,3,UPS® Ground
Stockton,Centerville,IA,Size S,8.71,4,UPS® Ground
Stockton,Clayton,NC,Size S,9.16,5,UPS® Ground
Stockton,Encinitas,CA,Size S,6.67,2,UPS® Ground
Stockton,Fort Collins,CO,Size S,7.36,3,UPS® Ground
Stockton,Golden,CO,Size S,7.36,3,UPS® Ground
Stockton,Hudson,NC,Size S,9.16,5,UPS® Ground
Stockton,Katy,TX,Size S,8.62,4,UPS® Ground
Stockton,Lancaster,SC,Size S,9.16,5,UPS® Ground
Stockton,Newark,NJ,Size S,9.16,4,UPS® Ground
Stockton,Parker,CO,Size S,7.36,3,UPS® Ground
Stockton,Plymouth,MA,Size S,9.16,5,UPS® Ground
Stockton,Rancho Cucamonga,CA,Size S,6.67,2,UPS® Ground
Stockton,Rockville,MD,Size S,9.16,4,UPS® Ground
Stockton,Sacramento,CA,Size S,6.65,1,UPS® Ground
Stockton,Tallahassee,FL,Size S,9.16,5,UPS® Ground
Stockton,The Villages,FL,Size S,9.16,5,UPS® Ground
Stockton,Westfield,IN,Size S,9.16,3,UPS® Ground
Stockton,Waterloo,IA,Size S,8.62,4,UPS® Ground
Stockton,West Chester,PA,Size S,9.16,4,UPS® Ground
Stockton,Bend,OR,Size S,6.67,2,UPS® Ground
Stockton,Amarillo,TX,Size S,8.45,3,UPS® Ground
Stockton,Auburn,MA,Size S,9.16,5,UPS® Ground
Stockton,Bakersfield,CA,Size S,6.58,2,UPS® Ground
Stockton,Boca Raton,FL,Size S,9.16,5,UPS® Ground
Stockton,Benton,LA,Size S,8.71,4,UPS® Ground
Stockton,Bradenton,FL,Size S,9.16,5,UPS® Ground
Stockton,Dayton,OH,Size S,9.16,3,UPS® Ground
Stockton,Duluth,MN,Size S,8.71,4,UPS® Ground
Stockton,Englewood,CO,Size S,7.36,3,UPS® Ground
Stockton,Fort Wayne,IN,Size S,9.16,3,UPS® Ground
Stockton,Frederick,MD,Size S,9.16,4,UPS® Ground
Stockton,Fredericksburg,VA,Size S,9.16,4,UPS® Ground
Stockton,Gainesville,FL,Size S,9.16,5,UPS® Ground
Stockton,Grand Rapids,MI,Size S,9.16,3,UPS® Ground
Stockton,Green Bay,WI,Size S,8.62,3,UPS® Ground
Stockton,Morgantown,WV,Size S,9.16,4,UPS® Ground
Stockton,Pensacola,FL,Size S,9.16,5,UPS® Ground
Stockton,Princeton,MA,Size S,9.16,5,UPS® Ground
Stockton,Peoria,AZ,Size S,6.67,2,UPS® Ground
Stockton,Saint Paul,MN,Size S,8.62,3,UPS® Ground
Stockton,Savannah,GA,Size S,9.16,5,UPS® Ground
Stockton,Seaford,NY,Size S,9.25,4,UPS® Ground
Stockton,Seymour,IN,Size S,9.16,4,UPS® Ground
Stockton,Spokane,WA,Size S,7.36,2,UPS® Ground
Stockton,Windsor,CO,Size S,7.36,3,UPS® Ground
Stockton,Winston-Salem,NC,Size S,9.16,5,UPS® Ground
Stockton,Worcester,MA,Size S,9.16,5,UPS® Ground
Stockton,York,PA,Size S,9.16,4,UPS® Ground
Stockton,Antioch,TN,Size S,9.25,4,UPS® Ground
Stockton,Athens,GA,Size S,9.16,4,UPS® Ground
Stockton,Corona,CA,Size S,6.67,2,UPS® Ground
Stockton,Fairfield,CA,Size S,6.58,1,UPS® Ground
Stockton,Germantown,MD,Size S,9.25,4,UPS® Ground
Stockton,Hillsboro,OR,Size S,6.67,2,UPS® Ground
Stockton,Hope Mills,NC,Size S,9.25,5,UPS® Ground
Stockton,Hendersonville,NC,Size S,9.16,5,UPS® Ground
Stockton,Holly Springs,MS,Size S,8.62,4,UPS® Ground
Stockton,Homer,AK,Size S,30.87,3,UPS® Ground
Stockton,Laurel,MD,Size S,9.16,4,UPS® Ground
Stockton,Long Beach,CA,Size S,6.67,2,UPS® Ground
Stockton,Manteca,CA,Size S,6.26,1,UPS® Ground
Stockton,Maryville,TN,Size S,9.16,4,UPS® Ground
Stockton,Magnolia,MS,Size S,8.71,4,UPS® Ground
Stockton,Memphis,TN,Size S,8.62,4,UPS® Ground
Stockton,Milton,MA,Size S,9.16,5,UPS® Ground
Stockton,Montgomery,TX,Size S,8.62,4,UPS® Ground
Stockton,Myrtle Beach,SC,Size S,9.25,5,UPS® Ground
Stockton,New Market,AL,Size S,9.25,5,UPS® Ground
Stockton,Ocala,FL,Size S,9.16,5,UPS® Ground
Stockton,Olathe,KS,Size S,8.36,4,UPS® Ground
Stockton,Oxford,MI,Size S,9.16,4,UPS® Ground
Stockton,Palm Beach Gardens,FL,Size S,9.16,5,UPS® Ground
Stockton,Roseville,CA,Size S,6.26,1,UPS® Ground
Stockton,Roswell,GA,Size S,9.16,4,UPS® Ground
Stockton,Rockwall,TX,Size S,8.36,4,UPS® Ground
Stockton,Spring,TX,Size S,8.71,4,UPS® Ground
Stockton,Salisbury,MA,Size S,9.16,5,UPS® Ground
Stockton,Santa Rosa,CA,Size S,6.58,1,UPS® Ground
Stockton,Sarasota,FL,Size S,9.16,5,UPS® Ground
Stockton,Vancouver,WA,Size S,6.67,2,UPS® Ground
Stockton,Westminster,MD,Size S,9.16,4,UPS® Ground
Stockton,Canton,GA,Size S,9.25,4,UPS® Ground
Stockton,Columbia,MO,Size S,8.62,4,UPS® Ground
Stockton,Naples,FL,Size S,9.16,5,UPS® Ground
Stockton,Fresno,CA,Size S,6.26,1,UPS® Ground
Stockton,Cleveland,TN,Size S,9.25,4,UPS® Ground
Stockton,Henderson,NV,Size S,6.67,2,UPS® Ground
Stockton,Lincoln,NE,Size S,8.36,4,UPS® Ground
Stockton,Wilmington,NC,Size S,9.25,5,UPS® Ground
Stockton,Arvada,CO,Size S,7.45,3,UPS® Ground
Stockton,Anchorage,AK,Size S,30.87,3,UPS® Ground
Stockton,Birmingham,AL,Size S,9.25,5,UPS® Ground
Stockton,Bozeman,MT,Size S,7.45,3,UPS® Ground
Stockton,Conroe,TX,Size S,8.71,4,UPS® Ground
Stockton,Carmel Valley,CA,Size S,6.84,2,UPS® Ground
Stockton,Castle Rock,CO,Size S,7.45,3,UPS® Ground
Stockton,Cedar Rapids,IA,Size S,8.71,4,UPS® Ground
Stockton,Cooperstown,NY,Size S,9.16,4,UPS® Ground
Stockton,Deland,FL,Size S,9.16,5,UPS® Ground
Stockton,Fort Mill,SC,Size S,9.25,5,UPS® Ground
Stockton,Fargo,ND,Size S,8.45,4,UPS® Ground
Stockton,Glen Allen,VA,Size S,9.25,4,UPS® Ground
Stockton,Grand Junction,CO,Size S,7.45,3,UPS® Ground
Stockton,Highlands Ranch,CO,Size S,7.45,3,UPS® Ground
Stockton,Joliet,IL,Size S,8.71,3,UPS® Ground
Stockton,Kerrville,TX,Size S,8.71,3,UPS® Ground
Stockton,Longmont,CO,Size S,7.45,3,UPS® Ground
Stockton,Minneapolis,MN,Size S,8.62,3,UPS® Ground
Stockton,Naperville,IL,Size S,8.71,3,UPS® Ground
Stockton,Neosho,MO,Size S,8.71,4,UPS® Ground
Stockton,Puyallup,WA,Size S,7.45,2,UPS® Ground
Stockton,Queen Creek,AZ,Size S,7.45,2,UPS® Ground
Stockton,Saline,MI,Size S,9.25,4,UPS® Ground
Stockton,Sevierville,TN,Size S,9.25,4,UPS® Ground
Stockton,Sterling Heights,MI,Size S,9.25,3,UPS® Ground
Stockton,Thornton,CO,Size S,7.45,3,UPS® Ground
Stockton,Ventura,CA,Size S,6.58,2,UPS® Ground
Stockton,Wilmington,MA,Size S,9.25,5,UPS® Ground
Stockton,Clermont,FL,Size S,9.25,5,UPS® Ground
Stockton,Abilene,TX,Size S,8.36,4,UPS® Ground
Stockton,Brick,NJ,Size S,9.16,4,UPS® Ground
Stockton,Bentonville,AR,Size S,8.62,4,UPS® Ground
Stockton,Bogart,GA,Size S,9.25,4,UPS® Ground
Stockton,Boston,MA,Size S,9.25,5,UPS® Ground
Stockton,Buffalo,NY,Size S,9.16,4,UPS® Ground
Stockton,Cary,NC,Size S,9.25,5,UPS® Ground
Stockton,Dallas,GA,Size S,9.25,4,UPS® Ground
Stockton,Doylestown,PA,Size S,9.16,4,UPS® Ground
Stockton,Eugene,OR,Size S,6.67,2,UPS® Ground
Stockton,Edmond,OK,Size S,8.36,4,UPS® Ground
Stockton,Forney,TX,Size S,8.71,4,UPS® Ground
Stockton,Fuquay Varina,NC,Size S,9.16,5,UPS® Ground
Stockton,Glendora,CA,Size S,6.84,2,UPS® Ground
Stockton,Henrico,VA,Size S,9.16,4,UPS® Ground
Stockton,Hockessin,DE,Size S,9.25,4,UPS® Ground
Stockton,Holly Springs,NC,Size S,9.25,5,UPS® Ground
Stockton,Irvine,CA,Size S,6.84,2,UPS® Ground
Stockton,Lakeland,FL,Size S,9.16,5,UPS® Ground
Stockton,Lawrence,KS,Size S,8.36,4,UPS® Ground
Stockton,League City,TX,Size S,8.62,4,UPS® Ground
Stockton,Mansfield,TX,Size S,8.62,4,UPS® Ground
Stockton,Madison,WI,Size S,8.62,3,UPS® Ground
Stockton,McKinney,TX,Size S,8.45,4,UPS® Ground
Stockton,Mentor,OH,Size S,9.16,4,UPS® Ground
Stockton,Mount Airy,MD,Size S,9.25,4,UPS® Ground
Stockton,Norfolk,VA,Size S,9.25,4,UPS® Ground
Stockton,Nampa,ID,Size S,6.84,2,UPS® Ground
Stockton,Noblesville,IN,Size S,9.25,3,UPS® Ground
Stockton,Orland Park,IL,Size S,8.71,3,UPS® Ground
Stockton,Palm Harbor,FL,Size S,9.25,5,UPS® Ground
Stockton,Petaluma,CA,Size S,6.75,1,UPS® Ground
Stockton,Placentia,CA,Size S,6.84,2,UPS® Ground
Stockton,Prescott,AZ,Size S,6.84,2,UPS® Ground
Stockton,Richardson,TX,Size S,8.45,4,UPS® Ground
Stockton,Roanoke,VA,Size S,9.25,5,UPS® Ground
Stockton,Richmond,TX,Size S,8.71,4,UPS® Ground
Stockton,Sanford,ME,Size S,9.25,5,UPS® Ground
Stockton,Seminole,FL,Size S,9.16,5,UPS® Ground
Stockton,Sheridan,WY,Size S,7.45,3,UPS® Ground
Stockton,Sparks,NV,Size S,6.75,1,UPS® Ground
Stockton,Traverse City,MI,Size S,9.25,4,UPS® Ground
Stockton,Tulsa,OK,Size S,8.45,4,UPS® Ground
Stockton,Wake Forest,NC,Size S,9.25,5,UPS® Ground
Stockton,Waterloo,SC,Size S,9.25,5,UPS® Ground
Stockton,Waukesha,WI,Size S,8.71,3,UPS® Ground
Stockton,Wichita,KS,Size S,8.45,4,UPS® Ground
Stockton,Winnsboro,TX,Size S,8.71,4,UPS® Ground
Stockton,Woodbury,MN,Size S,8.71,3,UPS® Ground
Stockton,Cumming,GA,Size S,9.16,4,UPS® Ground
Stockton,Muskegon,MI,Size S,9.25,3,UPS® Ground
Stockton,Akron,OH,Size S,9.16,4,UPS® Ground
Stockton,Albany,OR,Size S,6.84,2,UPS® Ground
Stockton,Alpharetta,GA,Size S,9.25,4,UPS® Ground
Stockton,Asheville,NC,Size S,9.16,5,UPS® Ground
Stockton,Bixby,OK,Size S,8.45,4,UPS® Ground
Stockton,Boulder,CO,Size S,7.36,3,UPS® Ground
Stockton,Bethlehem,PA,Size S,9.25,4,UPS® Ground
Stockton,Brenham,TX,Size S,8.71,4,UPS® Ground
Stockton,Broken Bow,OK,Size S,8.71,4,UPS® Ground
Stockton,Cape Coral,FL,Size S,9.25,5,UPS® Ground
Stockton,Chula Vista,CA,Size S,6.67,2,UPS® Ground
Stockton,Crawfordville,FL,Size S,9.25,5,UPS® Ground
Stockton,Cypress,TX,Size S,8.71,4,UPS® Ground
Stockton,Clearwater,FL,Size S,9.25,5,UPS® Ground
Stockton,Columbiana,AL,Size S,9.25,5,UPS® Ground
Stockton,Columbus,GA,Size S,9.25,4,UPS® Ground
Stockton,Commack,NY,Size S,9.25,4,UPS® Ground
Stockton,Dublin,CA,Size S,6.75,1,UPS® Ground
Stockton,Decatur,GA,Size S,9.25,4,UPS® Ground
Stockton,Deltona,FL,Size S,9.25,5,UPS® Ground
Stockton,Derry,NH,Size S,9.25,5,UPS® Ground
Stockton,Douglassville,PA,Size S,9.25,4,UPS® Ground
Stockton,Easton,PA,Size S,9.25,4,UPS® Ground
Stockton,El Paso,TX,Size S,7.45,3,UPS® Ground
Stockton,Escondido,CA,Size S,6.84,2,UPS® Ground
Stockton,Fairport,NY,Size S,9.25,4,UPS® Ground
Stockton,Flemington,NJ,Size S,9.25,4,UPS® Ground
Stockton,Florence,SC,Size S,9.25,5,UPS® Ground
Stockton,Fort Lauderdale,FL,Size S,9.25,5,UPS® Ground
Stockton,Frisco,TX,Size S,8.36,4,UPS® Ground
Stockton,Goodyear,AZ,Size S,6.84,2,UPS® Ground
Stockton,Gays Mills,WI,Size S,8.71,4,UPS® Ground
Stockton,Grafton,WI,Size S,8.62,3,UPS® Ground
Stockton,Green Cove Springs,FL,Size S,9.25,5,UPS® Ground
Stockton,Greensburg,PA,Size S,9.25,4,UPS® Ground
Stockton,Honolulu,HI,Size S,30.87,2,UPS® Ground
Stockton,Humble,TX,Size S,8.71,4,UPS® Ground
Stockton,Huntington,NY,Size S,9.25,4,UPS® Ground
Stockton,Idaho Falls,ID,Size S,6.84,2,UPS® Ground
Stockton,Jackson,TN,Size S,8.71,4,UPS® Ground
Stockton,Jacksonville,NC,Size S,9.25,5,UPS® Ground
Stockton,Jenkintown,PA,Size S,9.25,4,UPS® Ground
Stockton,Johnson City,TN,Size S,9.25,4,UPS® Ground
Stockton,Kingwood,TX,Size S,8.71,4,UPS® Ground
Stockton,Lansing,MI,Size S,9.25,3,UPS® Ground
Stockton,Lapeer,MI,Size S,9.25,3,UPS® Ground
Stockton,Lawrenceville,GA,Size S,9.25,4,UPS® Ground
Stockton,Lexington,NC,Size S,9.25,5,UPS® Ground
Stockton,Lubbock,TX,Size S,8.45,3,UPS® Ground
Stockton,Medina,OH,Size S,9.25,4,UPS® Ground
Stockton,Macomb,MI,Size S,9.25,3,UPS® Ground
Stockton,Magnolia,TX,Size S,8.71,4,UPS® Ground
Stockton,Martinsburg,WV,Size S,9.25,4,UPS® Ground
Stockton,Meridian,ID,Size S,6.84,2,UPS® Ground
Stockton,Mobile,AL,Size S,9.16,5,UPS® Ground
Stockton,Morrison,CO,Size S,7.45,3,UPS® Ground
Stockton,Napa,CA,Size S,6.75,1,UPS® Ground
Stockton,New Braunfels,TX,Size S,8.71,3,UPS® Ground
Stockton,New Lenox,IL,Size S,8.71,3,UPS® Ground
Stockton,New Orleans,LA,Size S,9.25,4,UPS® Ground
Stockton,Newark,DE,Size S,9.25,4,UPS® Ground
Stockton,Oakland,CA,Size S,6.26,1,UPS® Ground
Stockton,Owasso,OK,Size S,8.45,4,UPS® Ground
Stockton,Overland Park,KS,Size S,8.45,4,UPS® Ground
Stockton,Panama City,FL,Size S,9.25,5,UPS® Ground
Stockton,Panama City Beach,FL,Size S,9.16,5,UPS® Ground
Stockton,Patchogue,NY,Size S,9.25,4,UPS® Ground
Stockton,Port Clinton,OH,Size S,9.25,3,UPS® Ground
Stockton,Paducah,KY,Size S,8.71,4,UPS® Ground
Stockton,Palmetto,FL,Size S,9.25,5,UPS® Ground
Stockton,Pearland,TX,Size S,8.62,4,UPS® Ground
Stockton,Pella,IA,Size S,8.71,4,UPS® Ground
Stockton,Pittsford,NY,Size S,9.25,4,UPS® Ground
Stockton,Port Orange,FL,Size S,9.25,5,UPS® Ground
Stockton,Ravenna,OH,Size S,9.25,4,UPS® Ground
Stockton,Roaming Shores,OH,Size S,9.25,4,UPS® Ground
Stockton,Richmond Hill,GA,Size S,9.25,5,UPS® Ground
Stockton,Riverview,FL,Size S,9.25,5,UPS® Ground
Stockton,Rochester,MN,Size S,8.71,4,UPS® Ground
Stockton,Round Rock,TX,Size S,8.71,3,UPS® Ground
Stockton,Saint Petersburg,FL,Size S,9.16,5,UPS® Ground
Stockton,San Leandro,CA,Size S,6.75,1,UPS® Ground
Stockton,Southington,CT,Size S,9.25,5,UPS® Ground
Stockton,Spartanburg,SC,Size S,9.25,5,UPS® Ground
Stockton,Surprise,AZ,Size S,6.67,2,UPS® Ground
Stockton,Santa Barbara,CA,Size S,6.58,2,UPS® Ground
Stockton,Shelton,CT,Size S,9.25,5,UPS® Ground
Stockton,Spring Branch,TX,Size S,8.71,3,UPS® Ground
Stockton,St. Louis,MO,Size S,8.71,4,UPS® Ground
Stockton,Stroudsburg,PA,Size S,9.16,4,UPS® Ground
Stockton,Sunapee,NH,Size S,9.25,5,UPS® Ground
Stockton,Swedesboro,NJ,Size S,9.25,4,UPS® Ground
Stockton,Syracuse,NY,Size S,9.25,4,UPS® Ground
Stockton,Tomball,TX,Size S,8.71,4,UPS® Ground
Stockton,Topeka,KS,Size S,8.45,4,UPS® Ground
Stockton,Tuscaloosa,AL,Size S,9.25,5,UPS® Ground
Stockton,Terre Haute,IN,Size S,8.71,4,UPS® Ground
Stockton,Tinley Park,IL,Size S,8.71,3,UPS® Ground
Stockton,Toms River,NJ,Size S,9.25,4,UPS® Ground
Stockton,Tulare,CA,Size S,6.75,1,UPS® Ground
Stockton,Vienna,VA,Size S,9.25,4,UPS® Ground
Stockton,Walnut Creek,CA,Size S,6.75,1,UPS® Ground
Stockton,Wayne,NJ,Size S,9.16,4,UPS® Ground
Stockton,Waynesboro,VA,Size S,9.25,5,UPS® Ground
Stockton,West Sacramento,CA,Size S,6.65,1,UPS® Ground
Stockton,Yuba City,CA,Size S,6.65,1,UPS® Ground
Stockton,Zachary,LA,Size S,8.62,4,UPS® Ground
Stockton,Buford,GA,Size S,9.25,4,UPS® Ground
Stockton,Modesto,CA,Size S,6.65,1,UPS® Ground
Stockton,Winter Park,FL,Size S,9.25,5,UPS® Ground
Stockton,Antioch,IL,Size S,8.71,3,UPS® Ground
Stockton,Algonquin,IL,Size S,8.71,3,UPS® Ground
Stockton,Allen,TX,Size S,8.45,4,UPS® Ground
Stockton,Ames,IA,Size S,8.45,4,UPS® Ground
Stockton,Anaheim,CA,Size S,6.84,2,UPS® Ground
Stockton,Aptos,CA,Size S,6.75,1,UPS® Ground
Stockton,Astoria,NY,Size S,9.25,4,UPS® Ground
Stockton,Bloomington,IN,Size S,9.25,4,UPS® Ground
Stockton,Bremerton,WA,Size S,7.45,2,UPS® Ground
Stockton,Brunswick,OH,Size S,9.25,4,UPS® Ground
Stockton,Burke,VA,Size S,9.25,4,UPS® Ground
Stockton,Bedford,IN,Size S,9.25,4,UPS® Ground
Stockton,Benton,LA,Size S,8.71,4,UPS® Ground
Stockton,Billings,MT,Size S,7.45,3,UPS® Ground
Stockton,Birdsboro,PA,Size S,9.25,4,UPS® Ground
Stockton,Bothell,WA,Size S,8.45,2,UPS® Ground
Stockton,Bowie,MD,Size S,9.25,4,UPS® Ground
Stockton,Brentwood,TN,Size S,9.16,4,UPS® Ground
Stockton,Bronx,NY,Size S,9.25,4,UPS® Ground
Stockton,Brookfield,WI,Size S,8.71,3,UPS® Ground
Stockton,Canton,OH,Size S,9.25,4,UPS® Ground
Stockton,Celina,TX,Size S,8.45,4,UPS® Ground
Stockton,Chapel Hill,NC,Size S,9.25,5,UPS® Ground
Stockton,Claremore,OK,Size S,8.45,4,UPS® Ground
Stockton,Clovis,CA,Size S,6.65,1,UPS® Ground
Stockton,Cocoa,FL,Size S,9.16,5,UPS® Ground
Stockton,Callahan,FL,Size S,9.25,5,UPS® Ground
Stockton,Carmel,IN,Size S,9.25,3,UPS® Ground
Stockton,Cedar Park,TX,Size S,8.71,3,UPS® Ground
Stockton,Centennial,CO,Size S,7.45,3,UPS® Ground
Stockton,Centerville,MA,Size S,9.25,5,UPS® Ground
Stockton,Charleston,SC,Size S,9.25,5,UPS® Ground
Stockton,Charlottesville,VA,Size S,9.16,4,UPS® Ground
Stockton,Clarkesville,GA,Size S,9.25,4,UPS® Ground
Stockton,Clayton,NC,Size S,9.25,5,UPS® Ground
Stockton,Clifton,NJ,Size S,9.25,4,UPS® Ground
Stockton,Collinsville,OK,Size S,8.45,4,UPS® Ground
Stockton,Columbia,TN,Size S,9.25,4,UPS® Ground
Stockton,Concord,NC,Size S,9.16,5,UPS® Ground
Stockton,Cookeville,TN,Size S,9.25,4,UPS® Ground
Stockton,Corpus Christi,TX,Size S,8.71,3,UPS® Ground
Stockton,Corrales,NM,Size S,7.45,3,UPS® Ground
Stockton,Corydon,IN,Size S,9.25,4,UPS® Ground
Stockton,Cranston,RI,Size S,9.25,5,UPS® Ground
Stockton,Dekalb,IL,Size S,8.71,3,UPS® Ground
Stockton,Delaware,OH,Size S,9.25,4,UPS® Ground
Stockton,Delmar,NY,Size S,9.25,4,UPS® Ground
Stockton,Des Moines,IA,Size S,8.62,4,UPS® Ground
Stockton,Dickson,TN,Size S,9.25,4,UPS® Ground
Stockton,Downers Grove,IL,Size S,8.71,3,UPS® Ground
Stockton,Dripping Springs,TX,Size S,8.71,3,UPS® Ground
Stockton,Eustis,FL,Size S,9.25,5,UPS® Ground
Stockton,East Hampton,NY,Size S,9.25,4,UPS® Ground
Stockton,Fenton,MO,Size S,8.71,4,UPS® Ground
Stockton,Fayetteville,AR,Size S,8.62,4,UPS® Ground
Stockton,Flower Mound,TX,Size S,8.45,4,UPS® Ground
Stockton,Franklin,OH,Size S,9.25,3,UPS® Ground
Stockton,Friendswood,TX,Size S,8.71,4,UPS® Ground
Stockton,Gainesville,FL,Size S,9.25,5,UPS® Ground
Stockton,Gainesville,GA,Size S,9.25,4,UPS® Ground
Stockton,Glendale,CA,Size S,6.75,2,UPS® Ground
Stockton,Greenville,SC,Size S,9.25,5,UPS® Ground
Stockton,Greenville,MI,Size S,9.25,3,UPS® Ground
Stockton,Gaithersburg,MD,Size S,9.25,4,UPS® Ground
Stockton,Garner,NC,Size S,9.16,5,UPS® Ground
Stockton,Gastonia,NC,Size S,9.25,5,UPS® Ground
Stockton,Granada Hills,CA,Size S,6.84,2,UPS® Ground
Stockton,Granbury,TX,Size S,8.71,4,UPS® Ground
Stockton,Griffin,GA,Size S,9.25,4,UPS® Ground
Stockton,Harpers Ferry,WV,Size S,9.25,4,UPS® Ground
Stockton,Haverhill,MA,Size S,9.25,5,UPS® Ground
Stockton,Hayward,CA,Size S,6.75,1,UPS® Ground
Stockton,Herriman,UT,Size S,6.84,2,UPS® Ground
Stockton,Hillsboro,OR,Size S,6.84,2,UPS® Ground
Stockton,Hoboken,NJ,Size S,9.25,4,UPS® Ground
Stockton,Huntley,IL,Size S,8.71,3,UPS® Ground
Stockton,Hagerstown,MD,Size S,9.25,4,UPS® Ground
Stockton,Hamilton,OH,Size S,9.16,3,UPS® Ground
Stockton,Harrisburg,PA,Size S,9.25,4,UPS® Ground
Stockton,Hendersonville,NC,Size S,9.25,5,UPS® Ground
Stockton,Hendersonville,TN,Size S,9.25,4,UPS® Ground
Stockton,Holland,MI,Size S,9.25,3,UPS® Ground
Stockton,Indian Trail,NC,Size S,9.25,5,UPS® Ground
Stockton,Jersey City,NJ,Size S,9.25,4,UPS® Ground
Stockton,Johnstown,PA,Size S,9.25,4,UPS® Ground
Stockton,Kalamazoo,MI,Size S,9.25,3,UPS® Ground
Stockton,Keatchie,LA,Size S,8.71,4,UPS® Ground
Stockton,Kennewick,WA,Size S,6.67,2,UPS® Ground
Stockton,Kingsport,TN,Size S,9.25,4,UPS® Ground
Stockton,Lake Elsinore,CA,Size S,6.84,2,UPS® Ground
Stockton,Lebanon,OH,Size S,9.25,3,UPS® Ground
Stockton,Little Rock,AR,Size S,8.62,4,UPS® Ground
Stockton,Livonia,MI,Size S,9.25,3,UPS® Ground
Stockton,Los Alamos,NM,Size S,7.45,3,UPS® Ground
Stockton,Loveland,CO,Size S,7.45,3,UPS® Ground
Stockton,La Mesa,CA,Size S,6.84,2,UPS® Ground
Stockton,La Quinta,CA,Size S,6.84,2,UPS® Ground
Stockton,Lake Oswego,OR,Size S,6.67,2,UPS® Ground
Stockton,Lake Saint Louis,MO,Size S,8.71,4,UPS® Ground
Stockton,Lake in the Hills,IL,Size S,8.71,3,UPS® Ground
Stockton,Lakeway,TX,Size S,8.62,3,UPS® Ground
Stockton,Lancaster,NY,Size S,9.16,4,UPS® Ground
Stockton,Leander,TX,Size S,8.71,3,UPS® Ground
Stockton,Lees Summit,MO,Size S,8.71,4,UPS® Ground
Stockton,Lenoir,NC,Size S,9.25,5,UPS® Ground
Stockton,Lewis Center,OH,Size S,9.25,4,UPS® Ground
Stockton,Lexington,IN,Size S,9.25,4,UPS® Ground
Stockton,Lodi,CA,Size S,6.65,1,UPS® Ground
Stockton,Lynden,WA,Size S,8.45,2,UPS® Ground
Stockton,Methuen,MA,Size S,9.25,5,UPS® Ground
Stockton,Milford,CT,Size S,9.25,5,UPS® Ground
Stockton,Mineola,TX,Size S,8.71,4,UPS® Ground
Stockton,Missoula,MT,Size S,7.36,3,UPS® Ground
Stockton,Mansfield,OH,Size S,9.25,4,UPS® Ground
Stockton,McDonough,GA,Size S,9.25,4,UPS® Ground
Stockton,Merritt Island,FL,Size S,9.25,5,UPS® Ground
Stockton,Midlothian,VA,Size S,9.25,4,UPS® Ground
Stockton,Millington,TN,Size S,8.71,4,UPS® Ground
Stockton,Milton,FL,Size S,9.25,5,UPS® Ground
Stockton,Moab,UT,Size S,6.67,3,UPS® Ground
Stockton,Monroe,NC,Size S,9.16,5,UPS® Ground
Stockton,Mooresville,IN,Size S,9.25,3,UPS® Ground
Stockton,Morganton,NC,Size S,9.16,5,UPS® Ground
Stockton,Murfreesboro,TN,Size S,9.25,4,UPS® Ground
Stockton,Newburgh,NY,Size S,9.25,5,UPS® Ground
Stockton,Navarre,FL,Size S,9.25,5,UPS® Ground
Stockton,New Market,AL,Size S,9.25,5,UPS® Ground
Stockton,Newnan,GA,Size S,9.25,4,UPS® Ground
Stockton,Norman,OK,Size S,8.45,4,UPS® Ground
Stockton,Novi,MI,Size S,9.25,3,UPS® Ground
Stockton,Ormond Beach,FL,Size S,9.25,5,UPS® Ground
Stockton,Owensboro,KY,Size S,9.16,4,UPS® Ground
Stockton,Oconto,WI,Size S,8.71,3,UPS® Ground
Stockton,Old Bridge,NJ,Size S,9.25,4,UPS® Ground
Stockton,Olympia,WA,Size S,7.36,2,UPS® Ground
Stockton,Oregon City,OR,Size S,6.84,2,UPS® Ground
Stockton,Oxford,MI,Size S,9.25,4,UPS® Ground
Stockton,Peachtree City,GA,Size S,9.25,4,UPS® Ground
Stockton,Pleasanton,CA,Size S,6.58,1,UPS® Ground
Stockton,Poughkeepsie,NY,Size S,9.25,5,UPS® Ground
Stockton,Pagosa Springs,CO,Size S,7.45,3,UPS® Ground
Stockton,Pasadena,CA,Size S,6.67,2,UPS® Ground
Stockton,Pasadena,TX,Size S,8.71,4,UPS® Ground
Stockton,Pasco,WA,Size S,6.67,2,UPS® Ground
Stockton,Pawtucket,RI,Size S,9.25,5,UPS® Ground
Stockton,Pembroke,MA,Size S,9.25,5,UPS® Ground
Stockton,Perrysburg,OH,Size S,9.25,3,UPS® Ground
Stockton,Plant City,FL,Size S,9.25,5,UPS® Ground
Stockton,Port Orchard,WA,Size S,7.45,2,UPS® Ground
Stockton,Prescott Valley,AZ,Size S,6.67,2,UPS® Ground
Stockton,Princeton,NJ,Size S,9.16,4,UPS® Ground
Stockton,Quincy,MA,Size S,9.25,5,UPS® Ground
Stockton,Redwood City,CA,Size S,6.65,1,UPS® Ground
Stockton,Rohnert Park,CA,Size S,6.75,1,UPS® Ground
Stockton,Rigby,ID,Size S,6.84,3,UPS® Ground
Stockton,Ripon,WI,Size S,8.71,3,UPS® Ground
Stockton,Rogers,AR,Size S,8.71,4,UPS® Ground
Stockton,Rowlett,TX,Size S,8.45,4,UPS® Ground
Stockton,Rydal,PA,Size S,9.25,4,UPS® Ground
Stockton,Shepherdsville,KY,Size S,9.25,3,UPS® Ground
Stockton,Shreveport,LA,Size S,8.62,4,UPS® Ground
Stockton,Stamford,CT,Size S,9.25,5,UPS® Ground
Stockton,Salt Lake City,UT,Size S,6.67,2,UPS® Ground
Stockton,Sanford,NC,Size S,9.25,5,UPS® Ground
Stockton,Santa Ana,CA,Size S,6.67,2,UPS® Ground
Stockton,Santa Cruz,CA,Size S,6.75,1,UPS® Ground
Stockton,Santa Fe,NM,Size S,7.36,3,UPS® Ground
Stockton,Sarver,PA,Size S,9.25,4,UPS® Ground
Stockton,Schenectady,NY,Size S,9.16,4,UPS® Ground
Stockton,Sierra Vista,AZ,Size S,7.45,2,UPS® Ground
Stockton,Silver Spring,MD,Size S,9.25,4,UPS® Ground
Stockton,South Jordan,UT,Size S,6.67,2,UPS® Ground
Stockton,Springfield,MO,Size S,8.71,4,UPS® Ground
Stockton,Summerville,SC,Size S,9.16,5,UPS® Ground
Stockton,Sumter,SC,Size S,9.16,5,UPS® Ground
Stockton,Sun City,AZ,Size S,6.67,2,UPS® Ground
Stockton,Syosset,NY,Size S,9.25,4,UPS® Ground
Stockton,Taunton,MA,Size S,9.16,5,UPS® Ground
Stockton,Texarkana,TX,Size S,8.71,4,UPS® Ground
Stockton,Toledo,OH,Size S,9.25,3,UPS® Ground
Stockton,Urbana,OH,Size S,9.25,4,UPS® Ground
Stockton,Valparaiso,IN,Size S,8.62,3,UPS® Ground
Stockton,Waco,TX,Size S,8.71,4,UPS® Ground
Stockton,West Lafayette,IN,Size S,8.71,3,UPS® Ground
Stockton,Winter Garden,FL,Size S,9.25,5,UPS® Ground
Stockton,Winter Haven,FL,Size S,9.25,5,UPS® Ground
Stockton,Wylie,TX,Size S,8.45,4,UPS® Ground
Stockton,Waldorf,MD,Size S,9.25,4,UPS® Ground
Stockton,Wesley Chapel,FL,Size S,9.16,5,UPS® Ground
Stockton,West Palm Beach,FL,Size S,9.16,5,UPS® Ground
Stockton,Williamsburg,VA,Size S,9.25,4,UPS® Ground
Stockton,Woodbridge,VA,Size S,9.25,4,UPS® Ground
Stockton,Woodside,CA,Size S,6.65,1,UPS® Ground
Stockton,Yorba Linda,CA,Size S,6.84,2,UPS® Ground
Stockton,Queens Village,NY,Size S,9.25,4,UPS® Ground
Austin,Brooklyn,NY,Size S,8.62,3,UPS® Ground
Austin,Phoenix,AZ,Size S,7.45,3,UPS® Ground
Austin,Houston,TX,Size S,6.75,1,UPS® Ground
Austin,San Antonio,TX,Size S,6.65,1,UPS® Ground
Austin,Jacksonville,FL,Size S,7.45,2,UPS® Ground
Austin,Chicago,IL,Size S,8.45,2,UPS® Ground
Austin,Dallas,TX,Size S,6.75,1,UPS® Ground
Austin,Wilmington,DE,Size S,8.71,3,UPS® Ground
Austin,Austin,TX,Size S,6.65,1,UPS® Ground
Austin,Canton,OH,Size S,8.45,3,UPS® Ground
Austin,Charlotte,NC,Size S,8.71,3,UPS® Ground
Austin,New York,NY,Size S,8.71,3,UPS® Ground
Austin,Atlanta,GA,Size S,7.45,3,UPS® Ground
Austin,Franklin,TN,Size S,7.45,2,UPS® Ground
Austin,Lexington,KY,Size S,7.45,3,UPS® Ground
Austin,Orlando,FL,Size S,7.45,2,UPS® Ground
Austin,Rochester,NY,Size S,8.71,4,UPS® Ground
Austin,Las Vegas,NV,Size S,8.45,3,UPS® Ground
Austin,Louisville,KY,Size S,7.45,3,UPS® Ground
Austin,Marietta,GA,Size S,7.45,3,UPS® Ground
Austin,Colorado Springs,CO,Size S,7.45,2,UPS® Ground
Austin,Columbus,OH,Size S,8.45,3,UPS® Ground
Austin,Marble Falls,TX,Size S,6.65,1,UPS® Ground
Austin,Tampa,FL,Size S,7.45,2,UPS® Ground
Austin,San Diego,CA,Size S,8.45,3,UPS® Ground
Austin,Columbia,SC,Size S,8.45,3,UPS® Ground
Austin,Greenville,SC,Size S,7.45,3,UPS® Ground
Austin,Lebanon,TN,Size S,7.45,2,UPS® Ground
Austin,Salem,OR,Size S,8.71,4,UPS® Ground
Austin,Cleveland,OH,Size S,8.45,3,UPS® Ground
Austin,Denver,CO,Size S,7.45,2,UPS® Ground
Austin,Omaha,NE,Size S,7.45,2,UPS® Ground
Austin,Portland,OR,Size S,8.71,4,UPS® Ground
Austin,Raleigh,NC,Size S,8.45,3,UPS® Ground
Austin,Richmond,VA,Size S,8.45,3,UPS® Ground
Austin,Jackson,MS,Size S,6.84,2,UPS® Ground
Austin,Albany,NY,Size S,8.71,4,UPS® Ground
Austin,Fort Worth,TX,Size S,6.75,1,UPS® Ground
Austin,Oklahoma City,OK,Size S,6.84,2,UPS® Ground
Austin,Chesapeake,VA,Size S,8.45,3,UPS® Ground
Austin,Miami,FL,Size S,8.45,2,UPS® Ground
Austin,Milford,CT,Size S,8.71,3,UPS® Ground
Austin,Pittsburgh,PA,Size S,8.45,3,UPS® Ground
Austin,San Francisco,CA,Size S,8.71,4,UPS® Ground
Austin,San Jose,CA,Size S,8.71,4,UPS® Ground
Austin,Tucson,AZ,Size S,7.45,3,UPS® Ground
Austin,Virginia Beach,VA,Size S,8.45,3,UPS® Ground
Austin,Albuquerque,NM,Size S,7.45,2,UPS® Ground
Austin,Gilbert,AZ,Size S,7.45,3,UPS® Ground
Austin,Springfield,IL,Size S,7.45,2,UPS® Ground
Austin,Alexandria,VA,Size S,8.45,3,UPS® Ground
Austin,Kansas City,MO,Size S,7.45,2,UPS® Ground
Austin,Knoxville,TN,Size S,7.45,2,UPS® Ground
Austin,Lakewood,CO,Size S,7.45,2,UPS® Ground
Austin,Nashville,TN,Size S,7.45,2,UPS® Ground
Austin,Saint Louis,MO,Size S,7.45,2,UPS® Ground
Austin,Seattle,WA,Size S,9.25,4,UPS® Ground
Austin,Arlington,TX,Size S,6.58,1,UPS® Ground
Austin,Aurora,CO,Size S,7.36,2,UPS® Ground
Austin,Boise,ID,Size S,8.36,4,UPS® Ground
Austin,Indianapolis,IN,Size S,7.36,3,UPS® Ground
Austin,Naples,CO,Size S,7.45,,UPS® Ground
Austin,Reno,NV,Size S,8.62,4,UPS® Ground
Austin,Riverside,CA,Size S,8.36,3,UPS® Ground
Austin,Bismarck,ND,Size S,8.36,3,UPS® Ground
Austin,Fresno,TX,Size S,6.75,1,UPS® Ground
Austin,Lincoln,RI,Size S,8.62,3,UPS® Ground
Austin,Los Angeles,CA,Size S,8.36,3,UPS® Ground
Austin,Mansfield,MA,Size S,8.71,3,UPS® Ground
Austin,Milwaukee,WI,Size S,8.45,2,UPS® Ground
Austin,Madison,IN,Size S,7.36,3,UPS® Ground
Austin,Mesa,AZ,Size S,7.45,3,UPS® Ground
Austin,Monroe,NC,Size S,8.36,3,UPS® Ground
Austin,Philadelphia,PA,Size S,8.62,3,UPS® Ground
Austin,Staten Island,NY,Size S,8.62,3,UPS® Ground
Austin,Washington,DC,Size S,8.36,3,UPS® Ground
Austin,Baltimore,MD,Size S,8.36,3,UPS® Ground
Austin,Decatur,IL,Size S,7.36,3,UPS® Ground
Austin,Durham,NC,Size S,8.36,3,UPS® Ground
Austin,Fayetteville,AR,Size S,6.67,2,UPS® Ground
Austin,Glendale,AZ,Size S,7.36,3,UPS® Ground
Austin,Midland,GA,Size S,7.45,3,UPS® Ground
Austin,Scottsdale,AZ,Size S,7.36,3,UPS® Ground
Austin,Woodstock,GA,Size S,7.36,3,UPS® Ground
Austin,Chandler,AZ,Size S,7.36,3,UPS® Ground
Austin,Cincinnati,OH,Size S,7.36,3,UPS® Ground
Austin,Covington,LA,Size S,6.67,2,UPS® Ground
Austin,Fort Myers,FL,Size S,7.36,2,UPS® Ground
Austin,Greensboro,NC,Size S,8.36,3,UPS® Ground
Austin,Henderson,TX,Size S,6.75,1,UPS® Ground
Austin,Hamilton,MI,Size S,8.45,3,UPS® Ground
Austin,Lewisburg,PA,Size S,8.45,3,UPS® Ground
Austin,Littleton,CO,Size S,7.36,2,UPS® Ground
Austin,Mount Pleasant,SC,Size S,8.36,3,UPS® Ground
Austin,Pasadena,MD,Size S,8.36,3,UPS® Ground
Austin,Plano,TX,Size S,6.58,1,UPS® Ground
Austin,Sanford,NC,Size S,8.36,3,UPS® Ground
Austin,Wayne,ME,Size S,8.71,3,UPS® Ground
Austin,Ashland,PA,Size S,8.45,3,UPS® Ground
Austin,Burlington,WI,Size S,8.36,2,UPS® Ground
Austin,Centerville,IA,Size S,7.45,3,UPS® Ground
Austin,Clayton,NC,Size S,8.36,3,UPS® Ground
Austin,Encinitas,CA,Size S,8.36,3,UPS® Ground
Austin,Fort Collins,CO,Size S,7.36,2,UPS® Ground
Austin,Golden,CO,Size S,7.36,2,UPS® Ground
Austin,Hudson,NC,Size S,8.36,3,UPS® Ground
Austin,Katy,TX,Size S,6.58,1,UPS® Ground
Austin,Lancaster,SC,Size S,8.36,3,UPS® Ground
Austin,Newark,NJ,Size S,8.62,3,UPS® Ground
Austin,Parker,CO,Size S,7.36,2,UPS® Ground
Austin,Plymouth,MA,Size S,8.62,3,UPS® Ground
Austin,Rancho Cucamonga,CA,Size S,8.36,3,UPS® Ground
Austin,Rockville,MD,Size S,8.36,3,UPS® Ground
Austin,Sacramento,CA,Size S,8.71,4,UPS® Ground
Austin,Tallahassee,FL,Size S,7.36,2,UPS® Ground
Austin,The Villages,FL,Size S,7.36,2,UPS® Ground
Austin,Westfield,IN,Size S,7.36,3,UPS® Ground
Austin,Waterloo,IA,Size S,7.36,3,UPS® Ground
Austin,West Chester,PA,Size S,8.62,3,UPS® Ground
Austin,Bend,OR,Size S,8.62,4,UPS® Ground
Austin,Amarillo,TX,Size S,6.84,2,UPS® Ground
Austin,Auburn,MA,Size S,8.62,3,UPS® Ground
Austin,Bakersfield,CA,Size S,8.36,3,UPS® Ground
Austin,Boca Raton,FL,Size S,8.36,2,UPS® Ground
Austin,Benton,LA,Size S,6.75,1,UPS® Ground
Austin,Bradenton,FL,Size S,7.36,2,UPS® Ground
Austin,Dayton,OH,Size S,8.36,3,UPS® Ground
Austin,Duluth,MN,Size S,8.45,3,UPS® Ground
Austin,Englewood,CO,Size S,7.36,2,UPS® Ground
Austin,Fort Wayne,IN,Size S,8.36,3,UPS® Ground
Austin,Frederick,MD,Size S,8.36,3,UPS® Ground
Austin,Fredericksburg,VA,Size S,8.36,3,UPS® Ground
Austin,Gainesville,FL,Size S,7.36,2,UPS® Ground
Austin,Grand Rapids,MI,Size S,8.36,3,UPS® Ground
Austin,Green Bay,WI,Size S,8.36,2,UPS® Ground
Austin,Morgantown,WV,Size S,8.36,3,UPS® Ground
Austin,Pensacola,FL,Size S,7.36,2,UPS® Ground
Austin,Princeton,MA,Size S,8.62,3,UPS® Ground
Austin,Peoria,AZ,Size S,7.36,3,UPS® Ground
Austin,Saint Paul,MN,Size S,8.36,3,UPS® Ground
Austin,Savannah,GA,Size S,7.36,2,UPS® Ground
Austin,Seaford,NY,Size S,8.71,3,UPS® Ground
Austin,Seymour,IN,Size S,7.36,3,UPS® Ground
Austin,Spokane,WA,Size S,8.62,4,UPS® Ground
Austin,Windsor,CO,Size S,7.36,2,UPS® Ground
Austin,Winston-Salem,NC,Size S,8.36,3,UPS® Ground
Austin,Worcester,MA,Size S,8.62,3,UPS® Ground
Austin,York,PA,Size S,8.36,3,UPS® Ground
Austin,Antioch,TN,Size S,7.45,2,UPS® Ground
Austin,Athens,GA,Size S,7.36,3,UPS® Ground
Austin,Corona,CA,Size S,8.36,3,UPS® Ground
Austin,Fairfield,CA,Size S,8.62,4,UPS® Ground
Austin,Germantown,MD,Size S,8.45,3,UPS® Ground
Austin,Hillsboro,OR,Size S,8.62,4,UPS® Ground
Austin,Hope Mills,NC,Size S,8.45,3,UPS® Ground
Austin,Hendersonville,NC,Size S,7.36,3,UPS® Ground
Austin,Holly Springs,MS,Size S,6.67,2,UPS® Ground
Austin,Homer,AK,Size S,30.87,4,UPS® Ground
Austin,Laurel,MD,Size S,8.36,3,UPS® Ground
Austin,Long Beach,CA,Size S,8.36,3,UPS® Ground
Austin,Manteca,CA,Size S,8.36,4,UPS® Ground
Austin,Maryville,TN,Size S,7.36,2,UPS® Ground
Austin,Magnolia,MS,Size S,6.84,2,UPS® Ground
Austin,Memphis,TN,Size S,6.67,2,UPS® Ground
Austin,Milton,MA,Size S,8.62,3,UPS® Ground
Austin,Montgomery,TX,Size S,6.58,1,UPS® Ground
Austin,Myrtle Beach,SC,Size S,8.45,3,UPS® Ground
Austin,New Market,AL,Size S,7.45,2,UPS® Ground
Austin,Ocala,FL,Size S,7.36,2,UPS® Ground
Austin,Olathe,KS,Size S,6.67,2,UPS® Ground
Austin,Oxford,MI,Size S,8.36,3,UPS® Ground
Austin,Palm Beach Gardens,FL,Size S,8.36,2,UPS® Ground
Austin,Roseville,CA,Size S,8.62,4,UPS® Ground
Austin,Roswell,GA,Size S,7.36,3,UPS® Ground
Austin,Rockwall,TX,Size S,6.58,1,UPS® Ground
Austin,Spring,TX,Size S,6.75,1,UPS® Ground
Austin,Salisbury,MA,Size S,8.62,3,UPS® Ground
Austin,Santa Rosa,CA,Size S,8.62,4,UPS® Ground
Austin,Sarasota,FL,Size S,7.36,2,UPS® Ground
Austin,Vancouver,WA,Size S,8.62,4,UPS® Ground
Austin,Westminster,MD,Size S,8.36,3,UPS® Ground
Austin,Canton,GA,Size S,7.45,3,UPS® Ground
Austin,Columbia,MO,Size S,7.36,2,UPS® Ground
Austin,Naples,FL,Size S,8.36,2,UPS® Ground
Austin,Fresno,CA,Size S,8.36,4,UPS® Ground
Austin,Cleveland,TN,Size S,7.45,2,UPS® Ground
Austin,Henderson,NV,Size S,8.36,3,UPS® Ground
Austin,Lincoln,NE,Size S,7.36,2,UPS® Ground
Austin,Wilmington,NC,Size S,8.45,3,UPS® Ground
Austin,Arvada,CO,Size S,7.45,2,UPS® Ground
Austin,Anchorage,AK,Size S,30.87,4,UPS® Ground
Austin,Birmingham,AL,Size S,7.45,2,UPS® Ground
Austin,Bozeman,MT,Size S,8.45,3,UPS® Ground
Austin,Conroe,TX,Size S,6.75,1,UPS® Ground
Austin,Carmel Valley,CA,Size S,8.45,3,UPS® Ground
Austin,Castle Rock,CO,Size S,7.45,2,UPS® Ground
Austin,Cedar Rapids,IA,Size S,7.45,3,UPS® Ground
Austin,Cooperstown,NY,Size S,8.62,4,UPS® Ground
Austin,Deland,FL,Size S,8.36,2,UPS® Ground
Austin,Fort Mill,SC,Size S,8.45,3,UPS® Ground
Austin,Fargo,ND,Size S,8.45,3,UPS® Ground
Austin,Glen Allen,VA,Size S,8.45,3,UPS® Ground
Austin,Grand Junction,CO,Size S,7.45,2,UPS® Ground
Austin,Highlands Ranch,CO,Size S,7.45,2,UPS® Ground
Austin,Joliet,IL,Size S,8.45,2,UPS® Ground
Austin,Kerrville,TX,Size S,6.65,1,UPS® Ground
Austin,Longmont,CO,Size S,7.45,2,UPS® Ground
Austin,Minneapolis,MN,Size S,8.36,3,UPS® Ground
Austin,Naperville,IL,Size S,8.45,2,UPS® Ground
Austin,Neosho,MO,Size S,6.84,2,UPS® Ground
Austin,Puyallup,WA,Size S,9.25,4,UPS® Ground
Austin,Queen Creek,AZ,Size S,7.45,3,UPS® Ground
Austin,Saline,MI,Size S,8.45,3,UPS® Ground
Austin,Sevierville,TN,Size S,7.45,2,UPS® Ground
Austin,Sterling Heights,MI,Size S,8.45,3,UPS® Ground
Austin,Thornton,CO,Size S,7.45,2,UPS® Ground
Austin,Ventura,CA,Size S,8.36,3,UPS® Ground
Austin,Wilmington,MA,Size S,8.71,3,UPS® Ground
Austin,Clermont,FL,Size S,8.45,2,UPS® Ground
Austin,Abilene,TX,Size S,6.58,1,UPS® Ground
Austin,Brick,NJ,Size S,8.62,3,UPS® Ground
Austin,Bentonville,AR,Size S,6.67,2,UPS® Ground
Austin,Bogart,GA,Size S,7.45,3,UPS® Ground
Austin,Boston,MA,Size S,8.71,3,UPS® Ground
Austin,Buffalo,NY,Size S,8.36,4,UPS® Ground
Austin,Cary,NC,Size S,8.45,3,UPS® Ground
Austin,Dallas,GA,Size S,7.45,3,UPS® Ground
Austin,Doylestown,PA,Size S,8.62,3,UPS® Ground
Austin,Eugene,OR,Size S,8.62,4,UPS® Ground
Austin,Edmond,OK,Size S,6.67,2,UPS® Ground
Austin,Forney,TX,Size S,6.75,1,UPS® Ground
Austin,Fuquay Varina,NC,Size S,8.36,3,UPS® Ground
Austin,Glendora,CA,Size S,8.45,3,UPS® Ground
Austin,Henrico,VA,Size S,8.36,3,UPS® Ground
Austin,Hockessin,DE,Size S,8.71,3,UPS® Ground
Austin,Holly Springs,NC,Size S,8.45,3,UPS® Ground
Austin,Irvine,CA,Size S,8.45,3,UPS® Ground
Austin,Lakeland,FL,Size S,7.36,2,UPS® Ground
Austin,Lawrence,KS,Size S,6.67,2,UPS® Ground
Austin,League City,TX,Size S,6.58,1,UPS® Ground
Austin,Mansfield,TX,Size S,6.58,1,UPS® Ground
Austin,Madison,WI,Size S,7.36,2,UPS® Ground
Austin,McKinney,TX,Size S,6.75,1,UPS® Ground
Austin,Mentor,OH,Size S,8.36,3,UPS® Ground
Austin,Mount Airy,MD,Size S,8.45,3,UPS® Ground
Austin,Norfolk,VA,Size S,8.45,3,UPS® Ground
Austin,Nampa,ID,Size S,8.45,4,UPS® Ground
Austin,Noblesville,IN,Size S,7.45,3,UPS® Ground
Austin,Orland Park,IL,Size S,8.45,2,UPS® Ground
Austin,Palm Harbor,FL,Size S,7.45,2,UPS® Ground
Austin,Petaluma,CA,Size S,8.71,4,UPS® Ground
Austin,Placentia,CA,Size S,8.45,3,UPS® Ground
Austin,Prescott,AZ,Size S,7.45,3,UPS® Ground
Austin,Richardson,TX,Size S,6.75,1,UPS® Ground
Austin,Roanoke,VA,Size S,8.45,3,UPS® Ground
Austin,Richmond,TX,Size S,6.75,1,UPS® Ground
Austin,Sanford,ME,Size S,8.71,3,UPS® Ground
Austin,Seminole,FL,Size S,7.36,2,UPS® Ground
Austin,Sheridan,WY,Size S,8.45,3,UPS® Ground
Austin,Sparks,NV,Size S,8.45,4,UPS® Ground
Austin,Traverse City,MI,Size S,8.45,3,UPS® Ground
Austin,Tulsa,OK,Size S,6.84,2,UPS® Ground
Austin,Wake Forest,NC,Size S,8.45,3,UPS® Ground
Austin,Waterloo,SC,Size S,7.45,3,UPS® Ground
Austin,Waukesha,WI,Size S,8.45,2,UPS® Ground
Austin,Wichita,KS,Size S,6.84,2,UPS® Ground
Austin,Winnsboro,TX,Size S,6.75,1,UPS® Ground
Austin,Woodbury,MN,Size S,8.45,3,UPS® Ground
Austin,Cumming,GA,Size S,7.36,3,UPS® Ground
Austin,Muskegon,MI,Size S,8.45,3,UPS® Ground
Austin,Akron,OH,Size S,8.36,3,UPS® Ground
Austin,Albany,OR,Size S,8.71,4,UPS® Ground
Austin,Alpharetta,GA,Size S,7.45,3,UPS® Ground
Austin,Asheville,NC,Size S,7.36,3,UPS® Ground
Austin,Bixby,OK,Size S,6.84,2,UPS® Ground
Austin,Boulder,CO,Size S,7.36,2,UPS® Ground
Austin,Bethlehem,PA,Size S,8.71,3,UPS® Ground
Austin,Brenham,TX,Size S,6.65,1,UPS® Ground
Austin,Broken Bow,OK,Size S,6.75,2,UPS® Ground
Austin,Cape Coral,FL,Size S,7.45,2,UPS® Ground
Austin,Chula Vista,CA,Size S,8.36,3,UPS® Ground
Austin,Crawfordville,FL,Size S,7.45,2,UPS® Ground
Austin,Cypress,TX,Size S,6.75,1,UPS® Ground
Austin,Clearwater,FL,Size S,7.45,2,UPS® Ground
Austin,Columbiana,AL,Size S,7.45,2,UPS® Ground
Austin,Columbus,GA,Size S,7.45,3,UPS® Ground
Austin,Commack,NY,Size S,8.71,3,UPS® Ground
Austin,Dublin,CA,Size S,8.71,4,UPS® Ground
Austin,Decatur,GA,Size S,7.45,3,UPS® Ground
Austin,Deltona,FL,Size S,8.45,2,UPS® Ground
Austin,Derry,NH,Size S,8.71,3,UPS® Ground
Austin,Douglassville,PA,Size S,8.45,3,UPS® Ground
Austin,Easton,PA,Size S,8.71,3,UPS® Ground
Austin,El Paso,TX,Size S,6.84,2,UPS® Ground
Austin,Escondido,CA,Size S,8.45,3,UPS® Ground
Austin,Fairport,NY,Size S,8.71,4,UPS® Ground
Austin,Flemington,NJ,Size S,8.71,3,UPS® Ground
Austin,Florence,SC,Size S,8.45,3,UPS® Ground
Austin,Fort Lauderdale,FL,Size S,8.45,2,UPS® Ground
Austin,Frisco,TX,Size S,6.58,1,UPS® Ground
Austin,Goodyear,AZ,Size S,7.45,3,UPS® Ground
Austin,Gays Mills,WI,Size S,8.45,3,UPS® Ground
Austin,Grafton,WI,Size S,8.36,2,UPS® Ground
Austin,Green Cove Springs,FL,Size S,7.45,2,UPS® Ground
Austin,Greensburg,PA,Size S,8.45,3,UPS® Ground
Austin,Honolulu,HI,Size S,30.87,4,UPS® Ground
Austin,Humble,TX,Size S,6.75,1,UPS® Ground
Austin,Huntington,NY,Size S,8.71,3,UPS® Ground
Austin,Idaho Falls,ID,Size S,8.45,3,UPS® Ground
Austin,Jackson,TN,Size S,7.45,2,UPS® Ground
Austin,Jacksonville,NC,Size S,8.45,3,UPS® Ground
Austin,Jenkintown,PA,Size S,8.71,3,UPS® Ground
Austin,Johnson City,TN,Size S,7.45,2,UPS® Ground
Austin,Kingwood,TX,Size S,6.75,1,UPS® Ground
Austin,Lansing,MI,Size S,8.45,3,UPS® Ground
Austin,Lapeer,MI,Size S,8.45,3,UPS® Ground
Austin,Lawrenceville,GA,Size S,7.45,3,UPS® Ground
Austin,Lexington,NC,Size S,8.45,3,UPS® Ground
Austin,Lubbock,TX,Size S,6.84,2,UPS® Ground
Austin,Medina,OH,Size S,8.45,3,UPS® Ground
Austin,Macomb,MI,Size S,8.45,3,UPS® Ground
Austin,Magnolia,TX,Size S,6.75,1,UPS® Ground
Austin,Martinsburg,WV,Size S,8.45,3,UPS® Ground
Austin,Meridian,ID,Size S,8.45,4,UPS® Ground
Austin,Mobile,AL,Size S,6.67,2,UPS® Ground
Austin,Morrison,CO,Size S,7.45,2,UPS® Ground
Austin,Napa,CA,Size S,8.71,4,UPS® Ground
Austin,New Braunfels,TX,Size S,6.65,1,UPS® Ground
Austin,New Lenox,IL,Size S,8.45,2,UPS® Ground
Austin,New Orleans,LA,Size S,6.84,2,UPS® Ground
Austin,Newark,DE,Size S,8.71,3,UPS® Ground
Austin,Oakland,CA,Size S,8.62,4,UPS® Ground
Austin,Owasso,OK,Size S,6.84,2,UPS® Ground
Austin,Overland Park,KS,Size S,7.45,2,UPS® Ground
Austin,Panama City,FL,Size S,7.45,2,UPS® Ground
Austin,Panama City Beach,FL,Size S,7.36,2,UPS® Ground
Austin,Patchogue,NY,Size S,8.71,3,UPS® Ground
Austin,Port Clinton,OH,Size S,8.45,3,UPS® Ground
Austin,Paducah,KY,Size S,7.45,2,UPS® Ground
Austin,Palmetto,FL,Size S,7.45,2,UPS® Ground
Austin,Pearland,TX,Size S,6.58,1,UPS® Ground
Austin,Pella,IA,Size S,7.45,3,UPS® Ground
Austin,Pittsford,NY,Size S,8.71,4,UPS® Ground
Austin,Port Orange,FL,Size S,7.45,2,UPS® Ground
Austin,Ravenna,OH,Size S,8.45,3,UPS® Ground
Austin,Roaming Shores,OH,Size S,8.45,3,UPS® Ground
Austin,Richmond Hill,GA,Size S,7.45,2,UPS® Ground
Austin,Riverview,FL,Size S,7.45,2,UPS® Ground
Austin,Rochester,MN,Size S,7.45,3,UPS® Ground
Austin,Round Rock,TX,Size S,6.65,1,UPS® Ground
Austin,Saint Petersburg,FL,Size S,7.36,2,UPS® Ground
Austin,San Leandro,CA,Size S,8.71,4,UPS® Ground
Austin,Southington,CT,Size S,8.71,3,UPS® Ground
Austin,Spartanburg,SC,Size S,7.45,3,UPS® Ground
Austin,Surprise,AZ,Size S,7.36,3,UPS® Ground
Austin,Santa Barbara,CA,Size S,8.36,3,UPS® Ground
Austin,Shelton,CT,Size S,8.71,3,UPS® Ground
Austin,Spring Branch,TX,Size S,6.65,1,UPS® Ground
Austin,St. Louis,MO,Size S,7.45,2,UPS® Ground
Austin,Stroudsburg,PA,Size S,8.62,3,UPS® Ground
Austin,Sunapee,NH,Size S,8.71,3,UPS® Ground
Austin,Swedesboro,NJ,Size S,8.71,3,UPS® Ground
Austin,Syracuse,NY,Size S,8.71,4,UPS® Ground
Austin,Tomball,TX,Size S,6.75,1,UPS® Ground
Austin,Topeka,KS,Size S,7.45,2,UPS® Ground
Austin,Tuscaloosa,AL,Size S,7.45,2,UPS® Ground
Austin,Terre Haute,IN,Size S,7.45,3,UPS® Ground
Austin,Tinley Park,IL,Size S,8.45,2,UPS® Ground
Austin,Toms River,NJ,Size S,8.71,3,UPS® Ground
Austin,Tulare,CA,Size S,8.45,3,UPS® Ground
Austin,Vienna,VA,Size S,8.45,3,UPS® Ground
Austin,Walnut Creek,CA,Size S,8.71,4,UPS® Ground
Austin,Wayne,NJ,Size S,8.62,3,UPS® Ground
Austin,Waynesboro,VA,Size S,8.45,3,UPS® Ground
Austin,West Sacramento,CA,Size S,8.71,4,UPS® Ground
Austin,Yuba City,CA,Size S,8.71,4,UPS® Ground
Austin,Zachary,LA,Size S,6.67,2,UPS® Ground
Austin,Buford,GA,Size S,7.45,3,UPS® Ground
Austin,Modesto,CA,Size S,8.45,4,UPS® Ground
Austin,Winter Park,FL,Size S,8.45,2,UPS® Ground
Austin,Antioch,IL,Size S,8.45,2,UPS® Ground
Austin,Algonquin,IL,Size S,7.45,2,UPS® Ground
Austin,Allen,TX,Size S,6.75,1,UPS® Ground
Austin,Ames,IA,Size S,7.45,3,UPS® Ground
Austin,Anaheim,CA,Size S,8.45,3,UPS® Ground
Austin,Aptos,CA,Size S,8.71,4,UPS® Ground
Austin,Astoria,NY,Size S,8.71,3,UPS® Ground
Austin,Bloomington,IN,Size S,7.45,3,UPS® Ground
Austin,Bremerton,WA,Size S,9.25,4,UPS® Ground
Austin,Brunswick,OH,Size S,8.45,3,UPS® Ground
Austin,Burke,VA,Size S,8.45,3,UPS® Ground
Austin,Bedford,IN,Size S,7.45,3,UPS® Ground
Austin,Benton,LA,Size S,6.75,1,UPS® Ground
Austin,Billings,MT,Size S,8.45,3,UPS® Ground
Austin,Birdsboro,PA,Size S,8.45,3,UPS® Ground
Austin,Bothell,WA,Size S,9.25,4,UPS® Ground
Austin,Bowie,MD,Size S,8.45,3,UPS® Ground
Austin,Brentwood,TN,Size S,7.36,2,UPS® Ground
Austin,Bronx,NY,Size S,8.71,3,UPS® Ground
Austin,Brookfield,WI,Size S,8.45,2,UPS® Ground
Austin,Canton,OH,Size S,8.45,3,UPS® Ground
Austin,Celina,TX,Size S,6.75,1,UPS® Ground
Austin,Chapel Hill,NC,Size S,8.45,3,UPS® Ground
Austin,Claremore,OK,Size S,6.84,2,UPS® Ground
Austin,Clovis,CA,Size S,8.45,4,UPS® Ground
Austin,Cocoa,FL,Size S,8.36,2,UPS® Ground
Austin,Callahan,FL,Size S,7.45,2,UPS® Ground
Austin,Carmel,IN,Size S,7.45,3,UPS® Ground
Austin,Cedar Park,TX,Size S,6.65,1,UPS® Ground
Austin,Centennial,CO,Size S,7.45,2,UPS® Ground
Austin,Centerville,MA,Size S,8.71,3,UPS® Ground
Austin,Charleston,SC,Size S,8.45,3,UPS® Ground
Austin,Charlottesville,VA,Size S,8.36,3,UPS® Ground
Austin,Clarkesville,GA,Size S,7.45,3,UPS® Ground
Austin,Clayton,NC,Size S,8.45,3,UPS® Ground
Austin,Clifton,NJ,Size S,8.71,3,UPS® Ground
Austin,Collinsville,OK,Size S,6.84,2,UPS® Ground
Austin,Columbia,TN,Size S,7.45,2,UPS® Ground
Austin,Concord,NC,Size S,8.36,3,UPS® Ground
Austin,Cookeville,TN,Size S,7.45,2,UPS® Ground
Austin,Corpus Christi,TX,Size S,6.75,1,UPS® Ground
Austin,Corrales,NM,Size S,7.45,2,UPS® Ground
Austin,Corydon,IN,Size S,7.45,3,UPS® Ground
Austin,Cranston,RI,Size S,8.71,3,UPS® Ground
Austin,Dekalb,IL,Size S,7.45,2,UPS® Ground
Austin,Delaware,OH,Size S,8.45,3,UPS® Ground
Austin,Delmar,NY,Size S,8.71,4,UPS® Ground
Austin,Des Moines,IA,Size S,7.36,3,UPS® Ground
Austin,Dickson,TN,Size S,7.45,2,UPS® Ground
Austin,Downers Grove,IL,Size S,8.45,2,UPS® Ground
Austin,Dripping Springs,TX,Size S,6.65,1,UPS® Ground
Austin,Eustis,FL,Size S,8.45,2,UPS® Ground
Austin,East Hampton,NY,Size S,8.71,3,UPS® Ground
Austin,Fenton,MO,Size S,7.45,2,UPS® Ground
Austin,Fayetteville,AR,Size S,6.67,2,UPS® Ground
Austin,Flower Mound,TX,Size S,6.75,1,UPS® Ground
Austin,Franklin,OH,Size S,7.45,3,UPS® Ground
Austin,Friendswood,TX,Size S,6.75,1,UPS® Ground
Austin,Gainesville,FL,Size S,7.45,2,UPS® Ground
Austin,Gainesville,GA,Size S,7.45,3,UPS® Ground
Austin,Glendale,CA,Size S,8.45,3,UPS® Ground
Austin,Greenville,SC,Size S,7.45,3,UPS® Ground
Austin,Greenville,MI,Size S,8.45,3,UPS® Ground
Austin,Gaithersburg,MD,Size S,8.45,3,UPS® Ground
Austin,Garner,NC,Size S,8.36,3,UPS® Ground
Austin,Gastonia,NC,Size S,8.45,3,UPS® Ground
Austin,Granada Hills,CA,Size S,8.45,3,UPS® Ground
Austin,Granbury,TX,Size S,6.75,1,UPS® Ground
Austin,Griffin,GA,Size S,7.45,3,UPS® Ground
Austin,Harpers Ferry,WV,Size S,8.45,3,UPS® Ground
Austin,Haverhill,MA,Size S,8.71,3,UPS® Ground
Austin,Hayward,CA,Size S,8.71,4,UPS® Ground
Austin,Herriman,UT,Size S,8.45,3,UPS® Ground
Austin,Hillsboro,OR,Size S,8.71,4,UPS® Ground
Austin,Hoboken,NJ,Size S,8.71,3,UPS® Ground
Austin,Huntley,IL,Size S,7.45,2,UPS® Ground
Austin,Hagerstown,MD,Size S,8.45,3,UPS® Ground
Austin,Hamilton,OH,Size S,7.36,3,UPS® Ground
Austin,Harrisburg,PA,Size S,8.45,3,UPS® Ground
Austin,Hendersonville,NC,Size S,7.45,3,UPS® Ground
Austin,Hendersonville,TN,Size S,7.45,2,UPS® Ground
Austin,Holland,MI,Size S,8.45,3,UPS® Ground
Austin,Indian Trail,NC,Size S,8.45,3,UPS® Ground
Austin,Jersey City,NJ,Size S,8.71,3,UPS® Ground
Austin,Johnstown,PA,Size S,8.45,3,UPS® Ground
Austin,Kalamazoo,MI,Size S,8.45,3,UPS® Ground
Austin,Keatchie,LA,Size S,6.75,1,UPS® Ground
Austin,Kennewick,WA,Size S,8.62,4,UPS® Ground
Austin,Kingsport,TN,Size S,7.45,2,UPS® Ground
Austin,Lake Elsinore,CA,Size S,8.45,3,UPS® Ground
Austin,Lebanon,OH,Size S,7.45,3,UPS® Ground
Austin,Little Rock,AR,Size S,6.67,2,UPS® Ground
Austin,Livonia,MI,Size S,8.45,3,UPS® Ground
Austin,Los Alamos,NM,Size S,7.45,2,UPS® Ground
Austin,Loveland,CO,Size S,7.45,2,UPS® Ground
Austin,La Mesa,CA,Size S,8.45,3,UPS® Ground
Austin,La Quinta,CA,Size S,8.45,3,UPS® Ground
Austin,Lake Oswego,OR,Size S,8.62,4,UPS® Ground
Austin,Lake Saint Louis,MO,Size S,7.45,2,UPS® Ground
Austin,Lake in the Hills,IL,Size S,7.45,2,UPS® Ground
Austin,Lakeway,TX,Size S,6.26,1,UPS® Ground
Austin,Lancaster,NY,Size S,8.36,4,UPS® Ground
Austin,Leander,TX,Size S,6.65,1,UPS® Ground
Austin,Lees Summit,MO,Size S,7.45,2,UPS® Ground
Austin,Lenoir,NC,Size S,8.45,3,UPS® Ground
Austin,Lewis Center,OH,Size S,8.45,3,UPS® Ground
Austin,Lexington,IN,Size S,7.45,3,UPS® Ground
Austin,Lodi,CA,Size S,8.71,4,UPS® Ground
Austin,Lynden,WA,Size S,8.71,4,UPS® Ground
Austin,Methuen,MA,Size S,8.71,3,UPS® Ground
Austin,Milford,CT,Size S,8.71,3,UPS® Ground
Austin,Mineola,TX,Size S,6.75,1,UPS® Ground
Austin,Missoula,MT,Size S,8.62,3,UPS® Ground
Austin,Mansfield,OH,Size S,8.45,3,UPS® Ground
Austin,McDonough,GA,Size S,7.45,3,UPS® Ground
Austin,Merritt Island,FL,Size S,8.45,2,UPS® Ground
Austin,Midlothian,VA,Size S,8.45,3,UPS® Ground
Austin,Millington,TN,Size S,7.45,2,UPS® Ground
Austin,Milton,FL,Size S,7.45,2,UPS® Ground
Austin,Moab,UT,Size S,7.36,4,UPS® Ground
Austin,Monroe,NC,Size S,8.36,3,UPS® Ground
Austin,Mooresville,IN,Size S,7.45,3,UPS® Ground
Austin,Morganton,NC,Size S,8.36,3,UPS® Ground
Austin,Murfreesboro,TN,Size S,7.45,2,UPS® Ground
Austin,Newburgh,NY,Size S,8.71,5,UPS® Ground
Austin,Navarre,FL,Size S,7.45,2,UPS® Ground
Austin,New Market,AL,Size S,7.45,2,UPS® Ground
Austin,Newnan,GA,Size S,7.45,3,UPS® Ground
Austin,Norman,OK,Size S,6.84,2,UPS® Ground
Austin,Novi,MI,Size S,8.45,3,UPS® Ground
Austin,Ormond Beach,FL,Size S,7.45,2,UPS® Ground
Austin,Owensboro,KY,Size S,7.36,2,UPS® Ground
Austin,Oconto,WI,Size S,8.45,2,UPS® Ground
Austin,Old Bridge,NJ,Size S,8.71,3,UPS® Ground
Austin,Olympia,WA,Size S,8.62,4,UPS® Ground
Austin,Oregon City,OR,Size S,8.71,4,UPS® Ground
Austin,Oxford,MI,Size S,8.45,3,UPS® Ground
Austin,Peachtree City,GA,Size S,7.45,3,UPS® Ground
Austin,Pleasanton,CA,Size S,8.62,4,UPS® Ground
Austin,Poughkeepsie,NY,Size S,8.71,5,UPS® Ground
Austin,Pagosa Springs,CO,Size S,7.45,2,UPS® Ground
Austin,Pasadena,CA,Size S,8.36,3,UPS® Ground
Austin,Pasadena,TX,Size S,6.75,1,UPS® Ground
Austin,Pasco,WA,Size S,8.62,4,UPS® Ground
Austin,Pawtucket,RI,Size S,8.71,3,UPS® Ground
Austin,Pembroke,MA,Size S,8.71,3,UPS® Ground
Austin,Perrysburg,OH,Size S,8.45,3,UPS® Ground
Austin,Plant City,FL,Size S,7.45,2,UPS® Ground
Austin,Port Orchard,WA,Size S,9.25,4,UPS® Ground
Austin,Prescott Valley,AZ,Size S,7.36,3,UPS® Ground
Austin,Princeton,NJ,Size S,8.62,3,UPS® Ground
Austin,Quincy,MA,Size S,8.71,3,UPS® Ground
Austin,Redwood City,CA,Size S,8.71,4,UPS® Ground
Austin,Rohnert Park,CA,Size S,8.71,4,UPS® Ground
Austin,Rigby,ID,Size S,8.45,4,UPS® Ground
Austin,Ripon,WI,Size S,8.45,2,UPS® Ground
Austin,Rogers,AR,Size S,6.84,2,UPS® Ground
Austin,Rowlett,TX,Size S,6.75,1,UPS® Ground
Austin,Rydal,PA,Size S,8.71,3,UPS® Ground
Austin,Shepherdsville,KY,Size S,7.45,3,UPS® Ground
Austin,Shreveport,LA,Size S,6.58,1,UPS® Ground
Austin,Stamford,CT,Size S,8.71,3,UPS® Ground
Austin,Salt Lake City,UT,Size S,8.36,3,UPS® Ground
Austin,Sanford,NC,Size S,8.45,3,UPS® Ground
Austin,Santa Ana,CA,Size S,8.36,3,UPS® Ground
Austin,Santa Cruz,CA,Size S,8.71,4,UPS® Ground
Austin,Santa Fe,NM,Size S,7.36,2,UPS® Ground
Austin,Sarver,PA,Size S,8.45,3,UPS® Ground
Austin,Schenectady,NY,Size S,8.62,4,UPS® Ground
Austin,Sierra Vista,AZ,Size S,7.45,3,UPS® Ground
Austin,Silver Spring,MD,Size S,8.45,3,UPS® Ground
Austin,South Jordan,UT,Size S,8.36,3,UPS® Ground
Austin,Springfield,MO,Size S,6.84,2,UPS® Ground
Austin,Summerville,SC,Size S,8.36,3,UPS® Ground
Austin,Sumter,SC,Size S,8.36,3,UPS® Ground
Austin,Sun City,AZ,Size S,7.36,3,UPS® Ground
Austin,Syosset,NY,Size S,8.71,3,UPS® Ground
Austin,Taunton,MA,Size S,8.62,3,UPS® Ground
Austin,Texarkana,TX,Size S,6.75,1,UPS® Ground
Austin,Toledo,OH,Size S,8.45,3,UPS® Ground
Austin,Urbana,OH,Size S,8.45,3,UPS® Ground
Austin,Valparaiso,IN,Size S,7.36,3,UPS® Ground
Austin,Waco,TX,Size S,6.65,1,UPS® Ground
Austin,West Lafayette,IN,Size S,7.45,3,UPS® Ground
Austin,Winter Garden,FL,Size S,8.45,2,UPS® Ground
Austin,Winter Haven,FL,Size S,7.45,2,UPS® Ground
Austin,Wylie,TX,Size S,6.75,1,UPS® Ground
Austin,Waldorf,MD,Size S,8.45,3,UPS® Ground
Austin,Wesley Chapel,FL,Size S,7.36,2,UPS® Ground
Austin,West Palm Beach,FL,Size S,8.36,2,UPS® Ground
Austin,Williamsburg,VA,Size S,8.45,3,UPS® Ground
Austin,Woodbridge,VA,Size S,8.45,3,UPS® Ground
Austin,Woodside,CA,Size S,8.71,4,UPS® Ground
Austin,Yorba Linda,CA,Size S,8.45,3,UPS® Ground
Austin,Queens Village,NY,Size S,8.71,3,UPS® Ground
Atlanta,Brooklyn,NY,Size S,7.36,2,UPS® Ground
Atlanta,Phoenix,AZ,Size S,8.71,3,UPS® Ground
Atlanta,Houston,TX,Size S,7.45,2,UPS® Ground
Atlanta,San Antonio,TX,Size S,7.45,2,UPS® Ground
Atlanta,Jacksonville,FL,Size S,6.75,1,UPS® Ground
Atlanta,Chicago,IL,Size S,7.45,2,UPS® Ground
Atlanta,Dallas,TX,Size S,7.45,2,UPS® Ground
Atlanta,Wilmington,DE,Size S,7.45,2,UPS® Ground
Atlanta,Austin,TX,Size S,7.45,2,UPS® Ground
Atlanta,Canton,OH,Size S,6.84,2,UPS® Ground
Atlanta,Charlotte,NC,Size S,6.75,1,UPS® Ground
Atlanta,New York,NY,Size S,7.45,2,UPS® Ground
Atlanta,Atlanta,GA,Size S,6.65,1,UPS® Ground
Atlanta,Franklin,TN,Size S,6.75,2,UPS® Ground
Atlanta,Lexington,KY,Size S,6.75,2,UPS® Ground
Atlanta,Orlando,FL,Size S,6.84,2,UPS® Ground
Atlanta,Rochester,NY,Size S,7.45,2,UPS® Ground
Atlanta,Las Vegas,NV,Size S,8.71,4,UPS® Ground
Atlanta,Louisville,KY,Size S,6.84,2,UPS® Ground
Atlanta,Marietta,GA,Size S,6.65,1,UPS® Ground
Atlanta,Colorado Springs,CO,Size S,8.45,3,UPS® Ground
Atlanta,Columbus,OH,Size S,6.84,2,UPS® Ground
Atlanta,Marble Falls,TX,Size S,7.45,2,UPS® Ground
Atlanta,Tampa,FL,Size S,6.84,2,UPS® Ground
Atlanta,San Diego,CA,Size S,9.25,3,UPS® Ground
Atlanta,Columbia,SC,Size S,6.75,1,UPS® Ground
Atlanta,Greenville,SC,Size S,6.65,1,UPS® Ground
Atlanta,Lebanon,TN,Size S,6.75,2,UPS® Ground
Atlanta,Salem,OR,Size S,9.25,4,UPS® Ground
Atlanta,Cleveland,OH,Size S,6.84,2,UPS® Ground
Atlanta,Denver,CO,Size S,8.45,3,UPS® Ground
Atlanta,Omaha,NE,Size S,7.45,3,UPS® Ground
Atlanta,Portland,OR,Size S,9.25,4,UPS® Ground
Atlanta,Raleigh,NC,Size S,6.84,2,UPS® Ground
Atlanta,Richmond,VA,Size S,6.84,2,UPS® Ground
Atlanta,Jackson,MS,Size S,6.84,2,UPS® Ground
Atlanta,Albany,NY,Size S,7.45,2,UPS® Ground
Atlanta,Fort Worth,TX,Size S,7.45,2,UPS® Ground
Atlanta,Oklahoma City,OK,Size S,7.45,2,UPS® Ground
Atlanta,Chesapeake,VA,Size S,6.84,2,UPS® Ground
Atlanta,Miami,FL,Size S,6.84,2,UPS® Ground
Atlanta,Milford,CT,Size S,7.45,2,UPS® Ground
Atlanta,Pittsburgh,PA,Size S,6.84,2,UPS® Ground
Atlanta,San Francisco,CA,Size S,9.25,4,UPS® Ground
Atlanta,San Jose,CA,Size S,9.25,4,UPS® Ground
Atlanta,Tucson,AZ,Size S,8.71,3,UPS® Ground
Atlanta,Virginia Beach,VA,Size S,6.84,2,UPS® Ground
Atlanta,Albuquerque,NM,Size S,8.45,3,UPS® Ground
Atlanta,Gilbert,AZ,Size S,8.71,3,UPS® Ground
Atlanta,Springfield,IL,Size S,6.84,2,UPS® Ground
Atlanta,Alexandria,VA,Size S,6.84,2,UPS® Ground
Atlanta,Kansas City,MO,Size S,7.45,2,UPS® Ground
Atlanta,Knoxville,TN,Size S,6.75,2,UPS® Ground
Atlanta,Lakewood,CO,Size S,8.45,3,UPS® Ground
Atlanta,Nashville,TN,Size S,6.75,2,UPS® Ground
Atlanta,Saint Louis,MO,Size S,6.84,2,UPS® Ground
Atlanta,Seattle,WA,Size S,9.25,4,UPS® Ground
Atlanta,Arlington,TX,Size S,7.36,2,UPS® Ground
Atlanta,Aurora,CO,Size S,8.36,3,UPS® Ground
Atlanta,Boise,ID,Size S,9.16,3,UPS® Ground
Atlanta,Indianapolis,IN,Size S,6.67,2,UPS® Ground
Atlanta,Naples,CO,Size S,8.45,,UPS® Ground
Atlanta,Reno,NV,Size S,9.16,4,UPS® Ground
Atlanta,Riverside,CA,Size S,9.16,3,UPS® Ground
Atlanta,Bismarck,ND,Size S,8.36,3,UPS® Ground
Atlanta,Fresno,TX,Size S,7.45,2,UPS® Ground
Atlanta,Lincoln,RI,Size S,7.36,2,UPS® Ground
Atlanta,Los Angeles,CA,Size S,9.16,3,UPS® Ground
Atlanta,Mansfield,MA,Size S,7.45,2,UPS® Ground
Atlanta,Milwaukee,WI,Size S,7.45,2,UPS® Ground
Atlanta,Madison,IN,Size S,6.67,2,UPS® Ground
Atlanta,Mesa,AZ,Size S,8.71,3,UPS® Ground
Atlanta,Monroe,NC,Size S,6.58,2,UPS® Ground
Atlanta,Philadelphia,PA,Size S,7.36,2,UPS® Ground
Atlanta,Staten Island,NY,Size S,7.36,2,UPS® Ground
Atlanta,Washington,DC,Size S,6.67,2,UPS® Ground
Atlanta,Baltimore,MD,Size S,7.36,2,UPS® Ground
Atlanta,Decatur,IL,Size S,6.67,2,UPS® Ground
Atlanta,Durham,NC,Size S,6.67,2,UPS® Ground
Atlanta,Fayetteville,AR,Size S,6.67,2,UPS® Ground
Atlanta,Glendale,AZ,Size S,8.62,3,UPS® Ground
Atlanta,Midland,GA,Size S,6.65,1,UPS® Ground
Atlanta,Scottsdale,AZ,Size S,8.62,3,UPS® Ground
Atlanta,Woodstock,GA,Size S,6.26,1,UPS® Ground
Atlanta,Chandler,AZ,Size S,8.62,3,UPS® Ground
Atlanta,Cincinnati,OH,Size S,6.67,2,UPS® Ground
Atlanta,Covington,LA,Size S,6.67,2,UPS® Ground
Atlanta,Fort Myers,FL,Size S,6.67,2,UPS® Ground
Atlanta,Greensboro,NC,Size S,6.67,2,UPS® Ground
Atlanta,Henderson,TX,Size S,6.84,2,UPS® Ground
Atlanta,Hamilton,MI,Size S,7.45,2,UPS® Ground
Atlanta,Lewisburg,PA,Size S,7.45,2,UPS® Ground
Atlanta,Littleton,CO,Size S,8.36,3,UPS® Ground
Atlanta,Mount Pleasant,SC,Size S,6.58,2,UPS® Ground
Atlanta,Pasadena,MD,Size S,7.36,2,UPS® Ground
Atlanta,Plano,TX,Size S,7.36,2,UPS® Ground
Atlanta,Sanford,NC,Size S,6.67,2,UPS® Ground
Atlanta,Wayne,ME,Size S,8.45,2,UPS® Ground
Atlanta,Ashland,PA,Size S,6.84,2,UPS® Ground
Atlanta,Burlington,WI,Size S,7.36,2,UPS® Ground
Atlanta,Centerville,IA,Size S,7.45,2,UPS® Ground
Atlanta,Clayton,NC,Size S,6.67,2,UPS® Ground
Atlanta,Encinitas,CA,Size S,9.16,3,UPS® Ground
Atlanta,Fort Collins,CO,Size S,8.36,3,UPS® Ground
Atlanta,Golden,CO,Size S,8.36,3,UPS® Ground
Atlanta,Hudson,NC,Size S,6.58,2,UPS® Ground
Atlanta,Katy,TX,Size S,7.36,2,UPS® Ground
Atlanta,Lancaster,SC,Size S,6.58,2,UPS® Ground
Atlanta,Newark,NJ,Size S,7.36,2,UPS® Ground
Atlanta,Parker,CO,Size S,8.36,3,UPS® Ground
Atlanta,Plymouth,MA,Size S,7.36,2,UPS® Ground
Atlanta,Rancho Cucamonga,CA,Size S,9.16,3,UPS® Ground
Atlanta,Rockville,MD,Size S,6.67,2,UPS® Ground
Atlanta,Sacramento,CA,Size S,9.25,4,UPS® Ground
Atlanta,Tallahassee,FL,Size S,6.58,2,UPS® Ground
Atlanta,The Villages,FL,Size S,6.67,2,UPS® Ground
Atlanta,Westfield,IN,Size S,6.67,2,UPS® Ground
Atlanta,Waterloo,IA,Size S,7.36,2,UPS® Ground
Atlanta,West Chester,PA,Size S,7.36,2,UPS® Ground
Atlanta,Bend,OR,Size S,9.16,4,UPS® Ground
Atlanta,Amarillo,TX,Size S,7.45,2,UPS® Ground
Atlanta,Auburn,MA,Size S,7.36,2,UPS® Ground
Atlanta,Bakersfield,CA,Size S,9.16,3,UPS® Ground
Atlanta,Boca Raton,FL,Size S,6.67,2,UPS® Ground
Atlanta,Benton,LA,Size S,6.84,2,UPS® Ground
Atlanta,Bradenton,FL,Size S,6.67,2,UPS® Ground
Atlanta,Dayton,OH,Size S,6.67,2,UPS® Ground
Atlanta,Duluth,MN,Size S,7.45,2,UPS® Ground
Atlanta,Englewood,CO,Size S,8.36,3,UPS® Ground
Atlanta,Fort Wayne,IN,Size S,6.67,2,UPS® Ground
Atlanta,Frederick,MD,Size S,6.67,2,UPS® Ground
Atlanta,Fredericksburg,VA,Size S,6.67,2,UPS® Ground
Atlanta,Gainesville,FL,Size S,6.67,2,UPS® Ground
Atlanta,Grand Rapids,MI,Size S,7.36,2,UPS® Ground
Atlanta,Green Bay,WI,Size S,7.36,2,UPS® Ground
Atlanta,Morgantown,WV,Size S,6.67,2,UPS® Ground
Atlanta,Pensacola,FL,Size S,6.58,1,UPS® Ground
Atlanta,Princeton,MA,Size S,7.36,2,UPS® Ground
Atlanta,Peoria,AZ,Size S,8.62,3,UPS® Ground
Atlanta,Saint Paul,MN,Size S,7.36,2,UPS® Ground
Atlanta,Savannah,GA,Size S,6.58,1,UPS® Ground
Atlanta,Seaford,NY,Size S,7.45,2,UPS® Ground
Atlanta,Seymour,IN,Size S,6.67,2,UPS® Ground
Atlanta,Spokane,WA,Size S,9.16,5,UPS® Ground
Atlanta,Windsor,CO,Size S,8.36,3,UPS® Ground
Atlanta,Winston-Salem,NC,Size S,6.58,2,UPS® Ground
Atlanta,Worcester,MA,Size S,7.36,2,UPS® Ground
Atlanta,York,PA,Size S,7.36,2,UPS® Ground
Atlanta,Antioch,TN,Size S,6.75,2,UPS® Ground
Atlanta,Athens,GA,Size S,6.26,1,UPS® Ground
Atlanta,Corona,CA,Size S,9.16,3,UPS® Ground
Atlanta,Fairfield,CA,Size S,9.16,4,UPS® Ground
Atlanta,Germantown,MD,Size S,6.84,2,UPS® Ground
Atlanta,Hillsboro,OR,Size S,9.16,4,UPS® Ground
Atlanta,Hope Mills,NC,Size S,6.84,2,UPS® Ground
Atlanta,Hendersonville,NC,Size S,6.26,2,UPS® Ground
Atlanta,Holly Springs,MS,Size S,6.67,2,UPS® Ground
Atlanta,Homer,AK,Size S,30.87,3,UPS® Ground
Atlanta,Laurel,MD,Size S,7.36,2,UPS® Ground
Atlanta,Long Beach,CA,Size S,9.16,3,UPS® Ground
Atlanta,Manteca,CA,Size S,9.16,4,UPS® Ground
Atlanta,Maryville,TN,Size S,6.58,2,UPS® Ground
Atlanta,Magnolia,MS,Size S,6.84,2,UPS® Ground
Atlanta,Memphis,TN,Size S,6.67,2,UPS® Ground
Atlanta,Milton,MA,Size S,7.36,2,UPS® Ground
Atlanta,Montgomery,TX,Size S,7.36,2,UPS® Ground
Atlanta,Myrtle Beach,SC,Size S,6.84,2,UPS® Ground
Atlanta,New Market,AL,Size S,6.65,1,UPS® Ground
Atlanta,Ocala,FL,Size S,6.67,2,UPS® Ground
Atlanta,Olathe,KS,Size S,7.36,2,UPS® Ground
Atlanta,Oxford,MI,Size S,7.36,2,UPS® Ground
Atlanta,Palm Beach Gardens,FL,Size S,6.67,2,UPS® Ground
Atlanta,Roseville,CA,Size S,9.16,4,UPS® Ground
Atlanta,Roswell,GA,Size S,6.26,1,UPS® Ground
Atlanta,Rockwall,TX,Size S,7.36,2,UPS® Ground
Atlanta,Spring,TX,Size S,7.45,2,UPS® Ground
Atlanta,Salisbury,MA,Size S,7.36,2,UPS® Ground
Atlanta,Santa Rosa,CA,Size S,9.16,4,UPS® Ground
Atlanta,Sarasota,FL,Size S,6.67,2,UPS® Ground
Atlanta,Vancouver,WA,Size S,9.16,4,UPS® Ground
Atlanta,Westminster,MD,Size S,7.36,2,UPS® Ground
Atlanta,Canton,GA,Size S,6.65,1,UPS® Ground
Atlanta,Columbia,MO,Size S,6.67,2,UPS® Ground
Atlanta,Naples,FL,Size S,6.67,2,UPS® Ground
Atlanta,Fresno,CA,Size S,9.16,4,UPS® Ground
Atlanta,Cleveland,TN,Size S,6.65,1,UPS® Ground
Atlanta,Henderson,NV,Size S,8.62,4,UPS® Ground
Atlanta,Lincoln,NE,Size S,7.36,3,UPS® Ground
Atlanta,Wilmington,NC,Size S,6.84,2,UPS® Ground
Atlanta,Arvada,CO,Size S,8.45,3,UPS® Ground
Atlanta,Anchorage,AK,Size S,30.87,3,UPS® Ground
Atlanta,Birmingham,AL,Size S,6.65,1,UPS® Ground
Atlanta,Bozeman,MT,Size S,8.71,3,UPS® Ground
Atlanta,Conroe,TX,Size S,7.45,2,UPS® Ground
Atlanta,Carmel Valley,CA,Size S,9.25,3,UPS® Ground
Atlanta,Castle Rock,CO,Size S,8.45,3,UPS® Ground
Atlanta,Cedar Rapids,IA,Size S,6.84,2,UPS® Ground
Atlanta,Cooperstown,NY,Size S,7.36,2,UPS® Ground
Atlanta,Deland,FL,Size S,6.67,2,UPS® Ground
Atlanta,Fort Mill,SC,Size S,6.75,1,UPS® Ground
Atlanta,Fargo,ND,Size S,8.45,3,UPS® Ground
Atlanta,Glen Allen,VA,Size S,6.84,2,UPS® Ground
Atlanta,Grand Junction,CO,Size S,8.45,3,UPS® Ground
Atlanta,Highlands Ranch,CO,Size S,8.45,3,UPS® Ground
Atlanta,Joliet,IL,Size S,7.45,2,UPS® Ground
Atlanta,Kerrville,TX,Size S,7.45,2,UPS® Ground
Atlanta,Longmont,CO,Size S,8.45,3,UPS® Ground
Atlanta,Minneapolis,MN,Size S,7.36,2,UPS® Ground
Atlanta,Naperville,IL,Size S,6.84,2,UPS® Ground
Atlanta,Neosho,MO,Size S,7.45,2,UPS® Ground
Atlanta,Puyallup,WA,Size S,9.25,4,UPS® Ground
Atlanta,Queen Creek,AZ,Size S,8.71,3,UPS® Ground
Atlanta,Saline,MI,Size S,7.45,2,UPS® Ground
Atlanta,Sevierville,TN,Size S,6.75,2,UPS® Ground
Atlanta,Sterling Heights,MI,Size S,7.45,2,UPS® Ground
Atlanta,Thornton,CO,Size S,8.45,3,UPS® Ground
Atlanta,Ventura,CA,Size S,9.16,3,UPS® Ground
Atlanta,Wilmington,MA,Size S,7.45,2,UPS® Ground
Atlanta,Clermont,FL,Size S,6.84,2,UPS® Ground
Atlanta,Abilene,TX,Size S,7.36,2,UPS® Ground
Atlanta,Brick,NJ,Size S,7.36,2,UPS® Ground
Atlanta,Bentonville,AR,Size S,6.67,2,UPS® Ground
Atlanta,Bogart,GA,Size S,6.65,1,UPS® Ground
Atlanta,Boston,MA,Size S,7.45,2,UPS® Ground
Atlanta,Buffalo,NY,Size S,7.36,2,UPS® Ground
Atlanta,Cary,NC,Size S,6.84,2,UPS® Ground
Atlanta,Dallas,GA,Size S,6.65,1,UPS® Ground
Atlanta,Doylestown,PA,Size S,7.36,2,UPS® Ground
Atlanta,Eugene,OR,Size S,9.16,5,UPS® Ground
Atlanta,Edmond,OK,Size S,7.36,2,UPS® Ground
Atlanta,Forney,TX,Size S,7.45,2,UPS® Ground
Atlanta,Fuquay Varina,NC,Size S,6.67,2,UPS® Ground
Atlanta,Glendora,CA,Size S,9.25,3,UPS® Ground
Atlanta,Henrico,VA,Size S,6.67,2,UPS® Ground
Atlanta,Hockessin,DE,Size S,7.45,2,UPS® Ground
Atlanta,Holly Springs,NC,Size S,6.84,2,UPS® Ground
Atlanta,Irvine,CA,Size S,9.25,3,UPS® Ground
Atlanta,Lakeland,FL,Size S,6.67,2,UPS® Ground
Atlanta,Lawrence,KS,Size S,7.36,2,UPS® Ground
Atlanta,League City,TX,Size S,7.36,2,UPS® Ground
Atlanta,Mansfield,TX,Size S,7.36,2,UPS® Ground
Atlanta,Madison,WI,Size S,7.36,2,UPS® Ground
Atlanta,McKinney,TX,Size S,7.45,2,UPS® Ground
Atlanta,Mentor,OH,Size S,6.67,2,UPS® Ground
Atlanta,Mount Airy,MD,Size S,6.84,2,UPS® Ground
Atlanta,Norfolk,VA,Size S,6.84,2,UPS® Ground
Atlanta,Nampa,ID,Size S,9.25,3,UPS® Ground
Atlanta,Noblesville,IN,Size S,6.84,2,UPS® Ground
Atlanta,Orland Park,IL,Size S,7.45,2,UPS® Ground
Atlanta,Palm Harbor,FL,Size S,6.84,2,UPS® Ground
Atlanta,Petaluma,CA,Size S,9.25,4,UPS® Ground
Atlanta,Placentia,CA,Size S,9.25,3,UPS® Ground
Atlanta,Prescott,AZ,Size S,8.71,3,UPS® Ground
Atlanta,Richardson,TX,Size S,7.45,2,UPS® Ground
Atlanta,Roanoke,VA,Size S,6.84,2,UPS® Ground
Atlanta,Richmond,TX,Size S,7.45,2,UPS® Ground
Atlanta,Sanford,ME,Size S,8.45,2,UPS® Ground
Atlanta,Seminole,FL,Size S,6.67,2,UPS® Ground
Atlanta,Sheridan,WY,Size S,8.45,4,UPS® Ground
Atlanta,Sparks,NV,Size S,9.25,4,UPS® Ground
Atlanta,Traverse City,MI,Size S,7.45,2,UPS® Ground
Atlanta,Tulsa,OK,Size S,7.45,2,UPS® Ground
Atlanta,Wake Forest,NC,Size S,6.84,2,UPS® Ground
Atlanta,Waterloo,SC,Size S,6.75,1,UPS® Ground
Atlanta,Waukesha,WI,Size S,7.45,2,UPS® Ground
Atlanta,Wichita,KS,Size S,7.45,2,UPS® Ground
Atlanta,Winnsboro,TX,Size S,7.45,2,UPS® Ground
Atlanta,Woodbury,MN,Size S,7.45,2,UPS® Ground
Atlanta,Cumming,GA,Size S,6.26,1,UPS® Ground
Atlanta,Muskegon,MI,Size S,7.45,2,UPS® Ground
Atlanta,Akron,OH,Size S,6.67,2,UPS® Ground
Atlanta,Albany,OR,Size S,9.25,4,UPS® Ground
Atlanta,Alpharetta,GA,Size S,6.65,1,UPS® Ground
Atlanta,Asheville,NC,Size S,6.58,2,UPS® Ground
Atlanta,Bixby,OK,Size S,7.45,2,UPS® Ground
Atlanta,Boulder,CO,Size S,8.36,3,UPS® Ground
Atlanta,Bethlehem,PA,Size S,7.45,2,UPS® Ground
Atlanta,Brenham,TX,Size S,7.45,2,UPS® Ground
Atlanta,Broken Bow,OK,Size S,7.45,2,UPS® Ground
Atlanta,Cape Coral,FL,Size S,6.84,2,UPS® Ground
Atlanta,Chula Vista,CA,Size S,9.16,3,UPS® Ground
Atlanta,Crawfordville,FL,Size S,6.75,2,UPS® Ground
Atlanta,Cypress,TX,Size S,7.45,2,UPS® Ground
Atlanta,Clearwater,FL,Size S,6.84,2,UPS® Ground
Atlanta,Columbiana,AL,Size S,6.65,1,UPS® Ground
Atlanta,Columbus,GA,Size S,6.65,1,UPS® Ground
Atlanta,Commack,NY,Size S,7.45,2,UPS® Ground
Atlanta,Dublin,CA,Size S,9.25,4,UPS® Ground
Atlanta,Decatur,GA,Size S,6.65,1,UPS® Ground
Atlanta,Deltona,FL,Size S,6.84,2,UPS® Ground
Atlanta,Derry,NH,Size S,7.45,2,UPS® Ground
Atlanta,Douglassville,PA,Size S,7.45,2,UPS® Ground
Atlanta,Easton,PA,Size S,7.45,2,UPS® Ground
Atlanta,El Paso,TX,Size S,8.45,3,UPS® Ground
Atlanta,Escondido,CA,Size S,9.25,3,UPS® Ground
Atlanta,Fairport,NY,Size S,7.45,2,UPS® Ground
Atlanta,Flemington,NJ,Size S,7.45,2,UPS® Ground
Atlanta,Florence,SC,Size S,6.84,2,UPS® Ground
Atlanta,Fort Lauderdale,FL,Size S,6.84,2,UPS® Ground
Atlanta,Frisco,TX,Size S,7.36,2,UPS® Ground
Atlanta,Goodyear,AZ,Size S,8.71,3,UPS® Ground
Atlanta,Gays Mills,WI,Size S,7.45,3,UPS® Ground
Atlanta,Grafton,WI,Size S,7.36,2,UPS® Ground
Atlanta,Green Cove Springs,FL,Size S,6.75,1,UPS® Ground
Atlanta,Greensburg,PA,Size S,6.84,2,UPS® Ground
Atlanta,Honolulu,HI,Size S,30.87,5,UPS® Ground
Atlanta,Humble,TX,Size S,7.45,2,UPS® Ground
Atlanta,Huntington,NY,Size S,7.45,2,UPS® Ground
Atlanta,Idaho Falls,ID,Size S,8.71,3,UPS® Ground
Atlanta,Jackson,TN,Size S,6.75,2,UPS® Ground
Atlanta,Jacksonville,NC,Size S,6.84,2,UPS® Ground
Atlanta,Jenkintown,PA,Size S,7.45,2,UPS® Ground
Atlanta,Johnson City,TN,Size S,6.75,2,UPS® Ground
Atlanta,Kingwood,TX,Size S,7.45,2,UPS® Ground
Atlanta,Lansing,MI,Size S,7.45,2,UPS® Ground
Atlanta,Lapeer,MI,Size S,7.45,2,UPS® Ground
Atlanta,Lawrenceville,GA,Size S,6.65,1,UPS® Ground
Atlanta,Lexington,NC,Size S,6.75,2,UPS® Ground
Atlanta,Lubbock,TX,Size S,7.45,2,UPS® Ground
Atlanta,Medina,OH,Size S,6.84,2,UPS® Ground
Atlanta,Macomb,MI,Size S,7.45,2,UPS® Ground
Atlanta,Magnolia,TX,Size S,7.45,2,UPS® Ground
Atlanta,Martinsburg,WV,Size S,6.84,2,UPS® Ground
Atlanta,Meridian,ID,Size S,9.25,3,UPS® Ground
Atlanta,Mobile,AL,Size S,6.67,1,UPS® Ground
Atlanta,Morrison,CO,Size S,8.45,3,UPS® Ground
Atlanta,Napa,CA,Size S,9.25,4,UPS® Ground
Atlanta,New Braunfels,TX,Size S,7.45,2,UPS® Ground
Atlanta,New Lenox,IL,Size S,7.45,2,UPS® Ground
Atlanta,New Orleans,LA,Size S,6.84,2,UPS® Ground
Atlanta,Newark,DE,Size S,7.45,2,UPS® Ground
Atlanta,Oakland,CA,Size S,9.16,4,UPS® Ground
Atlanta,Owasso,OK,Size S,7.45,2,UPS® Ground
Atlanta,Overland Park,KS,Size S,7.45,2,UPS® Ground
Atlanta,Panama City,FL,Size S,6.75,1,UPS® Ground
Atlanta,Panama City Beach,FL,Size S,6.58,1,UPS® Ground
Atlanta,Patchogue,NY,Size S,7.45,2,UPS® Ground
Atlanta,Port Clinton,OH,Size S,6.84,2,UPS® Ground
Atlanta,Paducah,KY,Size S,6.84,2,UPS® Ground
Atlanta,Palmetto,FL,Size S,6.84,2,UPS® Ground
Atlanta,Pearland,TX,Size S,7.36,2,UPS® Ground
Atlanta,Pella,IA,Size S,7.45,2,UPS® Ground
Atlanta,Pittsford,NY,Size S,7.45,2,UPS® Ground
Atlanta,Port Orange,FL,Size S,6.84,2,UPS® Ground
Atlanta,Ravenna,OH,Size S,6.84,2,UPS® Ground
Atlanta,Roaming Shores,OH,Size S,6.84,2,UPS® Ground
Atlanta,Richmond Hill,GA,Size S,6.75,1,UPS® Ground
Atlanta,Riverview,FL,Size S,6.84,2,UPS® Ground
Atlanta,Rochester,MN,Size S,7.45,2,UPS® Ground
Atlanta,Round Rock,TX,Size S,7.45,2,UPS® Ground
Atlanta,Saint Petersburg,FL,Size S,6.67,2,UPS® Ground
Atlanta,San Leandro,CA,Size S,9.25,4,UPS® Ground
Atlanta,Southington,CT,Size S,7.45,2,UPS® Ground
Atlanta,Spartanburg,SC,Size S,6.75,1,UPS® Ground
Atlanta,Surprise,AZ,Size S,8.62,3,UPS® Ground
Atlanta,Santa Barbara,CA,Size S,9.16,3,UPS® Ground
Atlanta,Shelton,CT,Size S,7.45,2,UPS® Ground
Atlanta,Spring Branch,TX,Size S,7.45,2,UPS® Ground
Atlanta,St. Louis,MO,Size S,6.84,2,UPS® Ground
Atlanta,Stroudsburg,PA,Size S,7.36,2,UPS® Ground
Atlanta,Sunapee,NH,Size S,7.45,2,UPS® Ground
Atlanta,Swedesboro,NJ,Size S,7.45,2,UPS® Ground
Atlanta,Syracuse,NY,Size S,7.45,2,UPS® Ground
Atlanta,Tomball,TX,Size S,7.45,2,UPS® Ground
Atlanta,Topeka,KS,Size S,7.45,2,UPS® Ground
Atlanta,Tuscaloosa,AL,Size S,6.75,1,UPS® Ground
Atlanta,Terre Haute,IN,Size S,6.84,2,UPS® Ground
Atlanta,Tinley Park,IL,Size S,7.45,2,UPS® Ground
Atlanta,Toms River,NJ,Size S,7.45,2,UPS® Ground
Atlanta,Tulare,CA,Size S,9.25,3,UPS® Ground
Atlanta,Vienna,VA,Size S,6.84,2,UPS® Ground
Atlanta,Walnut Creek,CA,Size S,9.25,4,UPS® Ground
Atlanta,Wayne,NJ,Size S,7.36,2,UPS® Ground
Atlanta,Waynesboro,VA,Size S,6.84,2,UPS® Ground
Atlanta,West Sacramento,CA,Size S,9.25,4,UPS® Ground
Atlanta,Yuba City,CA,Size S,9.25,4,UPS® Ground
Atlanta,Zachary,LA,Size S,6.67,2,UPS® Ground
Atlanta,Buford,GA,Size S,6.65,1,UPS® Ground
Atlanta,Modesto,CA,Size S,9.25,4,UPS® Ground
Atlanta,Winter Park,FL,Size S,6.84,2,UPS® Ground
Atlanta,Antioch,IL,Size S,7.45,2,UPS® Ground
Atlanta,Algonquin,IL,Size S,7.45,2,UPS® Ground
Atlanta,Allen,TX,Size S,7.45,2,UPS® Ground
Atlanta,Ames,IA,Size S,7.45,3,UPS® Ground
Atlanta,Anaheim,CA,Size S,9.25,3,UPS® Ground
Atlanta,Aptos,CA,Size S,9.25,4,UPS® Ground
Atlanta,Astoria,NY,Size S,7.45,2,UPS® Ground
Atlanta,Bloomington,IN,Size S,6.84,2,UPS® Ground
Atlanta,Bremerton,WA,Size S,9.25,4,UPS® Ground
Atlanta,Brunswick,OH,Size S,6.84,2,UPS® Ground
Atlanta,Burke,VA,Size S,6.84,2,UPS® Ground
Atlanta,Bedford,IN,Size S,6.84,2,UPS® Ground
Atlanta,Benton,LA,Size S,6.84,2,UPS® Ground
Atlanta,Billings,MT,Size S,8.71,3,UPS® Ground
Atlanta,Birdsboro,PA,Size S,7.45,2,UPS® Ground
Atlanta,Bothell,WA,Size S,9.25,4,UPS® Ground
Atlanta,Bowie,MD,Size S,7.45,2,UPS® Ground
Atlanta,Brentwood,TN,Size S,6.58,2,UPS® Ground
Atlanta,Bronx,NY,Size S,7.45,2,UPS® Ground
Atlanta,Brookfield,WI,Size S,7.45,2,UPS® Ground
Atlanta,Canton,OH,Size S,6.84,2,UPS® Ground
Atlanta,Celina,TX,Size S,7.45,2,UPS® Ground
Atlanta,Chapel Hill,NC,Size S,6.84,2,UPS® Ground
Atlanta,Claremore,OK,Size S,7.45,2,UPS® Ground
Atlanta,Clovis,CA,Size S,9.25,4,UPS® Ground
Atlanta,Cocoa,FL,Size S,6.67,2,UPS® Ground
Atlanta,Callahan,FL,Size S,6.75,1,UPS® Ground
Atlanta,Carmel,IN,Size S,6.84,2,UPS® Ground
Atlanta,Cedar Park,TX,Size S,7.45,2,UPS® Ground
Atlanta,Centennial,CO,Size S,8.45,3,UPS® Ground
Atlanta,Centerville,MA,Size S,7.45,2,UPS® Ground
Atlanta,Charleston,SC,Size S,6.75,2,UPS® Ground
Atlanta,Charlottesville,VA,Size S,6.67,2,UPS® Ground
Atlanta,Clarkesville,GA,Size S,6.65,1,UPS® Ground
Atlanta,Clayton,NC,Size S,6.84,2,UPS® Ground
Atlanta,Clifton,NJ,Size S,7.45,2,UPS® Ground
Atlanta,Collinsville,OK,Size S,7.45,2,UPS® Ground
Atlanta,Columbia,TN,Size S,6.75,2,UPS® Ground
Atlanta,Concord,NC,Size S,6.58,2,UPS® Ground
Atlanta,Cookeville,TN,Size S,6.75,2,UPS® Ground
Atlanta,Corpus Christi,TX,Size S,7.45,2,UPS® Ground
Atlanta,Corrales,NM,Size S,8.45,3,UPS® Ground
Atlanta,Corydon,IN,Size S,6.84,2,UPS® Ground
Atlanta,Cranston,RI,Size S,7.45,2,UPS® Ground
Atlanta,Dekalb,IL,Size S,7.45,2,UPS® Ground
Atlanta,Delaware,OH,Size S,6.84,2,UPS® Ground
Atlanta,Delmar,NY,Size S,7.45,2,UPS® Ground
Atlanta,Des Moines,IA,Size S,7.36,2,UPS® Ground
Atlanta,Dickson,TN,Size S,6.75,2,UPS® Ground
Atlanta,Downers Grove,IL,Size S,6.84,2,UPS® Ground
Atlanta,Dripping Springs,TX,Size S,7.45,2,UPS® Ground
Atlanta,Eustis,FL,Size S,6.84,2,UPS® Ground
Atlanta,East Hampton,NY,Size S,7.45,2,UPS® Ground
Atlanta,Fenton,MO,Size S,6.84,2,UPS® Ground
Atlanta,Fayetteville,AR,Size S,6.67,2,UPS® Ground
Atlanta,Flower Mound,TX,Size S,7.45,2,UPS® Ground
Atlanta,Franklin,OH,Size S,6.84,2,UPS® Ground
Atlanta,Friendswood,TX,Size S,7.45,2,UPS® Ground
Atlanta,Gainesville,FL,Size S,6.84,2,UPS® Ground
Atlanta,Gainesville,GA,Size S,6.65,1,UPS® Ground
Atlanta,Glendale,CA,Size S,9.25,3,UPS® Ground
Atlanta,Greenville,SC,Size S,6.65,1,UPS® Ground
Atlanta,Greenville,MI,Size S,7.45,2,UPS® Ground
Atlanta,Gaithersburg,MD,Size S,6.84,2,UPS® Ground
Atlanta,Garner,NC,Size S,6.67,2,UPS® Ground
Atlanta,Gastonia,NC,Size S,6.75,1,UPS® Ground
Atlanta,Granada Hills,CA,Size S,9.25,3,UPS® Ground
Atlanta,Granbury,TX,Size S,7.45,2,UPS® Ground
Atlanta,Griffin,GA,Size S,6.65,1,UPS® Ground
Atlanta,Harpers Ferry,WV,Size S,6.84,2,UPS® Ground
Atlanta,Haverhill,MA,Size S,7.45,2,UPS® Ground
Atlanta,Hayward,CA,Size S,9.25,4,UPS® Ground
Atlanta,Herriman,UT,Size S,8.71,3,UPS® Ground
Atlanta,Hillsboro,OR,Size S,9.25,4,UPS® Ground
Atlanta,Hoboken,NJ,Size S,7.45,2,UPS® Ground
Atlanta,Huntley,IL,Size S,7.45,2,UPS® Ground
Atlanta,Hagerstown,MD,Size S,6.84,2,UPS® Ground
Atlanta,Hamilton,OH,Size S,6.67,2,UPS® Ground
Atlanta,Harrisburg,PA,Size S,7.45,2,UPS® Ground
Atlanta,Hendersonville,NC,Size S,6.65,2,UPS® Ground
Atlanta,Hendersonville,TN,Size S,6.75,2,UPS® Ground
Atlanta,Holland,MI,Size S,7.45,2,UPS® Ground
Atlanta,Indian Trail,NC,Size S,6.75,2,UPS® Ground
Atlanta,Jersey City,NJ,Size S,7.45,2,UPS® Ground
Atlanta,Johnstown,PA,Size S,6.84,2,UPS® Ground
Atlanta,Kalamazoo,MI,Size S,6.84,2,UPS® Ground
Atlanta,Keatchie,LA,Size S,6.84,2,UPS® Ground
Atlanta,Kennewick,WA,Size S,9.16,4,UPS® Ground
Atlanta,Kingsport,TN,Size S,6.75,2,UPS® Ground
Atlanta,Lake Elsinore,CA,Size S,9.25,3,UPS® Ground
Atlanta,Lebanon,OH,Size S,6.84,2,UPS® Ground
Atlanta,Little Rock,AR,Size S,6.67,2,UPS® Ground
Atlanta,Livonia,MI,Size S,7.45,2,UPS® Ground
Atlanta,Los Alamos,NM,Size S,8.45,3,UPS® Ground
Atlanta,Loveland,CO,Size S,8.45,3,UPS® Ground
Atlanta,La Mesa,CA,Size S,9.25,3,UPS® Ground
Atlanta,La Quinta,CA,Size S,8.71,3,UPS® Ground
Atlanta,Lake Oswego,OR,Size S,9.16,4,UPS® Ground
Atlanta,Lake Saint Louis,MO,Size S,6.84,2,UPS® Ground
Atlanta,Lake in the Hills,IL,Size S,7.45,2,UPS® Ground
Atlanta,Lakeway,TX,Size S,7.36,2,UPS® Ground
Atlanta,Lancaster,NY,Size S,7.36,2,UPS® Ground
Atlanta,Leander,TX,Size S,7.45,2,UPS® Ground
Atlanta,Lees Summit,MO,Size S,7.45,2,UPS® Ground
Atlanta,Lenoir,NC,Size S,6.75,2,UPS® Ground
Atlanta,Lewis Center,OH,Size S,6.84,2,UPS® Ground
Atlanta,Lexington,IN,Size S,6.84,2,UPS® Ground
Atlanta,Lodi,CA,Size S,9.25,4,UPS® Ground
Atlanta,Lynden,WA,Size S,9.25,4,UPS® Ground
Atlanta,Methuen,MA,Size S,7.45,2,UPS® Ground
Atlanta,Milford,CT,Size S,7.45,2,UPS® Ground
Atlanta,Mineola,TX,Size S,7.45,2,UPS® Ground
Atlanta,Missoula,MT,Size S,8.62,3,UPS® Ground
Atlanta,Mansfield,OH,Size S,6.84,2,UPS® Ground
Atlanta,McDonough,GA,Size S,6.65,1,UPS® Ground
Atlanta,Merritt Island,FL,Size S,6.84,2,UPS® Ground
Atlanta,Midlothian,VA,Size S,6.84,2,UPS® Ground
Atlanta,Millington,TN,Size S,6.84,2,UPS® Ground
Atlanta,Milton,FL,Size S,6.75,1,UPS® Ground
Atlanta,Moab,UT,Size S,8.62,4,UPS® Ground
Atlanta,Monroe,NC,Size S,6.58,2,UPS® Ground
Atlanta,Mooresville,IN,Size S,6.84,2,UPS® Ground
Atlanta,Morganton,NC,Size S,6.58,2,UPS® Ground
Atlanta,Murfreesboro,TN,Size S,6.75,2,UPS® Ground
Atlanta,Newburgh,NY,Size S,7.45,2,UPS® Ground
Atlanta,Navarre,FL,Size S,6.75,1,UPS® Ground
Atlanta,New Market,AL,Size S,6.65,1,UPS® Ground
Atlanta,Newnan,GA,Size S,6.65,1,UPS® Ground
Atlanta,Norman,OK,Size S,7.45,2,UPS® Ground
Atlanta,Novi,MI,Size S,7.45,2,UPS® Ground
Atlanta,Ormond Beach,FL,Size S,6.84,2,UPS® Ground
Atlanta,Owensboro,KY,Size S,6.58,2,UPS® Ground
Atlanta,Oconto,WI,Size S,7.45,2,UPS® Ground
Atlanta,Old Bridge,NJ,Size S,7.45,2,UPS® Ground
Atlanta,Olympia,WA,Size S,9.16,4,UPS® Ground
Atlanta,Oregon City,OR,Size S,9.25,4,UPS® Ground
Atlanta,Oxford,MI,Size S,7.45,2,UPS® Ground
Atlanta,Peachtree City,GA,Size S,6.65,1,UPS® Ground
Atlanta,Pleasanton,CA,Size S,9.16,4,UPS® Ground
Atlanta,Poughkeepsie,NY,Size S,7.45,2,UPS® Ground
Atlanta,Pagosa Springs,CO,Size S,8.45,3,UPS® Ground
Atlanta,Pasadena,CA,Size S,9.16,3,UPS® Ground
Atlanta,Pasadena,TX,Size S,7.45,2,UPS® Ground
Atlanta,Pasco,WA,Size S,9.16,4,UPS® Ground
Atlanta,Pawtucket,RI,Size S,7.45,2,UPS® Ground
Atlanta,Pembroke,MA,Size S,7.45,2,UPS® Ground
Atlanta,Perrysburg,OH,Size S,6.84,2,UPS® Ground
Atlanta,Plant City,FL,Size S,6.84,2,UPS® Ground
Atlanta,Port Orchard,WA,Size S,9.25,4,UPS® Ground
Atlanta,Prescott Valley,AZ,Size S,8.62,3,UPS® Ground
Atlanta,Princeton,NJ,Size S,7.36,2,UPS® Ground
Atlanta,Quincy,MA,Size S,7.45,2,UPS® Ground
Atlanta,Redwood City,CA,Size S,9.25,4,UPS® Ground
Atlanta,Rohnert Park,CA,Size S,9.25,4,UPS® Ground
Atlanta,Rigby,ID,Size S,8.71,4,UPS® Ground
Atlanta,Ripon,WI,Size S,7.45,2,UPS® Ground
Atlanta,Rogers,AR,Size S,6.84,2,UPS® Ground
Atlanta,Rowlett,TX,Size S,7.45,2,UPS® Ground
Atlanta,Rydal,PA,Size S,7.45,2,UPS® Ground
Atlanta,Shepherdsville,KY,Size S,6.84,2,UPS® Ground
Atlanta,Shreveport,LA,Size S,6.67,2,UPS® Ground
Atlanta,Stamford,CT,Size S,7.45,2,UPS® Ground
Atlanta,Salt Lake City,UT,Size S,8.62,3,UPS® Ground
Atlanta,Sanford,NC,Size S,6.84,2,UPS® Ground
Atlanta,Santa Ana,CA,Size S,9.16,3,UPS® Ground
Atlanta,Santa Cruz,CA,Size S,9.25,4,UPS® Ground
Atlanta,Santa Fe,NM,Size S,8.36,3,UPS® Ground
Atlanta,Sarver,PA,Size S,6.84,2,UPS® Ground
Atlanta,Schenectady,NY,Size S,7.36,2,UPS® Ground
Atlanta,Sierra Vista,AZ,Size S,8.71,3,UPS® Ground
Atlanta,Silver Spring,MD,Size S,6.84,2,UPS® Ground
Atlanta,South Jordan,UT,Size S,8.62,3,UPS® Ground
Atlanta,Springfield,MO,Size S,6.84,2,UPS® Ground
Atlanta,Summerville,SC,Size S,6.58,2,UPS® Ground
Atlanta,Sumter,SC,Size S,6.58,2,UPS® Ground
Atlanta,Sun City,AZ,Size S,8.62,3,UPS® Ground
Atlanta,Syosset,NY,Size S,7.45,2,UPS® Ground
Atlanta,Taunton,MA,Size S,7.36,2,UPS® Ground
Atlanta,Texarkana,TX,Size S,6.84,2,UPS® Ground
Atlanta,Toledo,OH,Size S,6.84,2,UPS® Ground
Atlanta,Urbana,OH,Size S,6.84,2,UPS® Ground
Atlanta,Valparaiso,IN,Size S,6.67,2,UPS® Ground
Atlanta,Waco,TX,Size S,7.45,2,UPS® Ground
Atlanta,West Lafayette,IN,Size S,6.84,2,UPS® Ground
Atlanta,Winter Garden,FL,Size S,6.84,2,UPS® Ground
Atlanta,Winter Haven,FL,Size S,6.84,2,UPS® Ground
Atlanta,Wylie,TX,Size S,7.45,2,UPS® Ground
Atlanta,Waldorf,MD,Size S,6.84,2,UPS® Ground
Atlanta,Wesley Chapel,FL,Size S,6.67,2,UPS® Ground
Atlanta,West Palm Beach,FL,Size S,6.67,2,UPS® Ground
Atlanta,Williamsburg,VA,Size S,6.84,2,UPS® Ground
Atlanta,Woodbridge,VA,Size S,6.84,2,UPS® Ground
Atlanta,Woodside,CA,Size S,9.25,4,UPS® Ground
Atlanta,Yorba Linda,CA,Size S,9.25,3,UPS® Ground
Atlanta,Queens Village,NY,Size S,7.45,2,UPS® Ground
Columbus,Brooklyn,NY,Size S,7.36,2,UPS® Ground
Columbus,Phoenix,AZ,Size S,8.71,4,UPS® Ground
Columbus,Houston,TX,Size S,8.45,3,UPS® Ground
Columbus,San Antonio,TX,Size S,8.71,3,UPS® Ground
Columbus,Jacksonville,FL,Size S,7.45,2,UPS® Ground
Columbus,Chicago,IL,Size S,6.84,1,UPS® Ground
Columbus,Dallas,TX,Size S,7.45,2,UPS® Ground
Columbus,Wilmington,DE,Size S,6.84,2,UPS® Ground
Columbus,Austin,TX,Size S,8.45,2,UPS® Ground
Columbus,Canton,OH,Size S,6.65,1,UPS® Ground
Columbus,Charlotte,NC,Size S,6.84,2,UPS® Ground
Columbus,New York,NY,Size S,6.84,2,UPS® Ground
Columbus,Atlanta,GA,Size S,6.84,2,UPS® Ground
Columbus,Franklin,TN,Size S,6.84,2,UPS® Ground
Columbus,Lexington,KY,Size S,6.75,1,UPS® Ground
Columbus,Orlando,FL,Size S,7.45,2,UPS® Ground
Columbus,Rochester,NY,Size S,6.84,2,UPS® Ground
Columbus,Las Vegas,NV,Size S,9.25,3,UPS® Ground
Columbus,Louisville,KY,Size S,6.75,1,UPS® Ground
Columbus,Marietta,GA,Size S,6.84,2,UPS® Ground
Columbus,Colorado Springs,CO,Size S,8.45,3,UPS® Ground
Columbus,Columbus,OH,Size S,6.65,1,UPS® Ground
Columbus,Marble Falls,TX,Size S,8.45,2,UPS® Ground
Columbus,Tampa,FL,Size S,7.45,2,UPS® Ground
Columbus,San Diego,CA,Size S,9.25,3,UPS® Ground
Columbus,Columbia,SC,Size S,6.84,2,UPS® Ground
Columbus,Greenville,SC,Size S,6.84,2,UPS® Ground
Columbus,Lebanon,TN,Size S,6.84,2,UPS® Ground
Columbus,Salem,OR,Size S,9.25,3,UPS® Ground
Columbus,Cleveland,OH,Size S,6.75,1,UPS® Ground
Columbus,Denver,CO,Size S,8.71,3,UPS® Ground
Columbus,Omaha,NE,Size S,7.45,2,UPS® Ground
Columbus,Portland,OR,Size S,9.25,3,UPS® Ground
Columbus,Raleigh,NC,Size S,6.84,2,UPS® Ground
Columbus,Richmond,VA,Size S,6.84,2,UPS® Ground
Columbus,Jackson,MS,Size S,7.45,2,UPS® Ground
Columbus,Albany,NY,Size S,6.84,2,UPS® Ground
Columbus,Fort Worth,TX,Size S,7.45,2,UPS® Ground
Columbus,Oklahoma City,OK,Size S,7.45,3,UPS® Ground
Columbus,Chesapeake,VA,Size S,6.84,2,UPS® Ground
Columbus,Miami,FL,Size S,8.45,2,UPS® Ground
Columbus,Milford,CT,Size S,6.84,2,UPS® Ground
Columbus,Pittsburgh,PA,Size S,6.75,1,UPS® Ground
Columbus,San Francisco,CA,Size S,9.25,4,UPS® Ground
Columbus,San Jose,CA,Size S,9.25,4,UPS® Ground
Columbus,Tucson,AZ,Size S,8.71,4,UPS® Ground
Columbus,Virginia Beach,VA,Size S,6.84,2,UPS® Ground
Columbus,Albuquerque,NM,Size S,8.45,4,UPS® Ground
Columbus,Gilbert,AZ,Size S,8.71,4,UPS® Ground
Columbus,Springfield,IL,Size S,6.84,2,UPS® Ground
Columbus,Alexandria,VA,Size S,6.84,2,UPS® Ground
Columbus,Kansas City,MO,Size S,7.45,2,UPS® Ground
Columbus,Knoxville,TN,Size S,6.75,2,UPS® Ground
Columbus,Lakewood,CO,Size S,8.71,3,UPS® Ground
Columbus,Nashville,TN,Size S,6.84,2,UPS® Ground
Columbus,Saint Louis,MO,Size S,6.84,2,UPS® Ground
Columbus,Seattle,WA,Size S,9.25,4,UPS® Ground
Columbus,Arlington,TX,Size S,8.36,2,UPS® Ground
Columbus,Aurora,CO,Size S,8.62,3,UPS® Ground
Columbus,Boise,ID,Size S,8.62,3,UPS® Ground
Columbus,Indianapolis,IN,Size S,6.58,1,UPS® Ground
Columbus,Naples,CO,Size S,8.45,,UPS® Ground
Columbus,Reno,NV,Size S,9.16,3,UPS® Ground
Columbus,Riverside,CA,Size S,9.16,3,UPS® Ground
Columbus,Bismarck,ND,Size S,7.36,3,UPS® Ground
Columbus,Fresno,TX,Size S,7.45,3,UPS® Ground
Columbus,Lincoln,RI,Size S,7.36,2,UPS® Ground
Columbus,Los Angeles,CA,Size S,9.16,3,UPS® Ground
Columbus,Mansfield,MA,Size S,7.45,2,UPS® Ground
Columbus,Milwaukee,WI,Size S,6.84,2,UPS® Ground
Columbus,Madison,IN,Size S,6.58,1,UPS® Ground
Columbus,Mesa,AZ,Size S,8.71,4,UPS® Ground
Columbus,Monroe,NC,Size S,6.67,2,UPS® Ground
Columbus,Philadelphia,PA,Size S,6.67,2,UPS® Ground
Columbus,Staten Island,NY,Size S,6.67,2,UPS® Ground
Columbus,Washington,DC,Size S,6.67,2,UPS® Ground
Columbus,Baltimore,MD,Size S,6.67,2,UPS® Ground
Columbus,Decatur,IL,Size S,6.58,2,UPS® Ground
Columbus,Durham,NC,Size S,6.67,2,UPS® Ground
Columbus,Fayetteville,AR,Size S,7.36,3,UPS® Ground
Columbus,Glendale,AZ,Size S,8.62,4,UPS® Ground
Columbus,Midland,GA,Size S,6.84,2,UPS® Ground
Columbus,Scottsdale,AZ,Size S,8.62,4,UPS® Ground
Columbus,Woodstock,GA,Size S,6.67,2,UPS® Ground
Columbus,Chandler,AZ,Size S,8.62,4,UPS® Ground
Columbus,Cincinnati,OH,Size S,6.26,1,UPS® Ground
Columbus,Covington,LA,Size S,7.36,3,UPS® Ground
Columbus,Fort Myers,FL,Size S,7.36,2,UPS® Ground
Columbus,Greensboro,NC,Size S,6.67,2,UPS® Ground
Columbus,Henderson,TX,Size S,7.45,2,UPS® Ground
Columbus,Hamilton,MI,Size S,6.84,1,UPS® Ground
Columbus,Lewisburg,PA,Size S,6.84,2,UPS® Ground
Columbus,Littleton,CO,Size S,8.36,3,UPS® Ground
Columbus,Mount Pleasant,SC,Size S,6.67,2,UPS® Ground
Columbus,Pasadena,MD,Size S,6.67,2,UPS® Ground
Columbus,Plano,TX,Size S,8.36,2,UPS® Ground
Columbus,Sanford,NC,Size S,6.67,2,UPS® Ground
Columbus,Wayne,ME,Size S,7.45,2,UPS® Ground
Columbus,Ashland,PA,Size S,6.84,2,UPS® Ground
Columbus,Burlington,WI,Size S,6.67,2,UPS® Ground
Columbus,Centerville,IA,Size S,6.84,2,UPS® Ground
Columbus,Clayton,NC,Size S,6.67,2,UPS® Ground
Columbus,Encinitas,CA,Size S,9.16,3,UPS® Ground
Columbus,Fort Collins,CO,Size S,8.36,3,UPS® Ground
Columbus,Golden,CO,Size S,8.36,3,UPS® Ground
Columbus,Hudson,NC,Size S,6.67,2,UPS® Ground
Columbus,Katy,TX,Size S,8.36,3,UPS® Ground
Columbus,Lancaster,SC,Size S,6.67,2,UPS® Ground
Columbus,Newark,NJ,Size S,6.67,2,UPS® Ground
Columbus,Parker,CO,Size S,8.36,3,UPS® Ground
Columbus,Plymouth,MA,Size S,7.36,2,UPS® Ground
Columbus,Rancho Cucamonga,CA,Size S,9.16,3,UPS® Ground
Columbus,Rockville,MD,Size S,6.67,2,UPS® Ground
Columbus,Sacramento,CA,Size S,9.25,4,UPS® Ground
Columbus,Tallahassee,FL,Size S,7.36,2,UPS® Ground
Columbus,The Villages,FL,Size S,7.36,2,UPS® Ground
Columbus,Westfield,IN,Size S,6.58,1,UPS® Ground
Columbus,Waterloo,IA,Size S,6.67,2,UPS® Ground
Columbus,West Chester,PA,Size S,6.67,2,UPS® Ground
Columbus,Bend,OR,Size S,9.16,4,UPS® Ground
Columbus,Amarillo,TX,Size S,8.45,3,UPS® Ground
Columbus,Auburn,MA,Size S,6.67,2,UPS® Ground
Columbus,Bakersfield,CA,Size S,9.16,3,UPS® Ground
Columbus,Boca Raton,FL,Size S,8.36,2,UPS® Ground
Columbus,Benton,LA,Size S,7.45,3,UPS® Ground
Columbus,Bradenton,FL,Size S,7.36,2,UPS® Ground
Columbus,Dayton,OH,Size S,6.26,1,UPS® Ground
Columbus,Duluth,MN,Size S,7.45,2,UPS® Ground
Columbus,Englewood,CO,Size S,8.36,3,UPS® Ground
Columbus,Fort Wayne,IN,Size S,6.58,1,UPS® Ground
Columbus,Frederick,MD,Size S,6.58,2,UPS® Ground
Columbus,Fredericksburg,VA,Size S,6.67,2,UPS® Ground
Columbus,Gainesville,FL,Size S,7.36,2,UPS® Ground
Columbus,Grand Rapids,MI,Size S,6.58,1,UPS® Ground
Columbus,Green Bay,WI,Size S,6.67,2,UPS® Ground
Columbus,Morgantown,WV,Size S,6.58,2,UPS® Ground
Columbus,Pensacola,FL,Size S,7.36,2,UPS® Ground
Columbus,Princeton,MA,Size S,6.67,2,UPS® Ground
Columbus,Peoria,AZ,Size S,8.62,4,UPS® Ground
Columbus,Saint Paul,MN,Size S,7.36,2,UPS® Ground
Columbus,Savannah,GA,Size S,6.67,2,UPS® Ground
Columbus,Seaford,NY,Size S,7.45,2,UPS® Ground
Columbus,Seymour,IN,Size S,6.58,1,UPS® Ground
Columbus,Spokane,WA,Size S,8.62,4,UPS® Ground
Columbus,Windsor,CO,Size S,8.36,3,UPS® Ground
Columbus,Winston-Salem,NC,Size S,6.67,2,UPS® Ground
Columbus,Worcester,MA,Size S,7.36,2,UPS® Ground
Columbus,York,PA,Size S,6.67,2,UPS® Ground
Columbus,Antioch,TN,Size S,6.84,2,UPS® Ground
Columbus,Athens,GA,Size S,6.67,2,UPS® Ground
Columbus,Corona,CA,Size S,9.16,3,UPS® Ground
Columbus,Fairfield,CA,Size S,9.16,4,UPS® Ground
Columbus,Germantown,MD,Size S,6.84,2,UPS® Ground
Columbus,Hillsboro,OR,Size S,9.16,4,UPS® Ground
Columbus,Hope Mills,NC,Size S,6.84,2,UPS® Ground
Columbus,Hendersonville,NC,Size S,6.67,2,UPS® Ground
Columbus,Holly Springs,MS,Size S,6.67,3,UPS® Ground
Columbus,Homer,AK,Size S,30.87,3,UPS® Ground
Columbus,Laurel,MD,Size S,6.67,2,UPS® Ground
Columbus,Long Beach,CA,Size S,9.16,3,UPS® Ground
Columbus,Manteca,CA,Size S,9.16,4,UPS® Ground
Columbus,Maryville,TN,Size S,6.67,2,UPS® Ground
Columbus,Magnolia,MS,Size S,7.45,2,UPS® Ground
Columbus,Memphis,TN,Size S,6.67,2,UPS® Ground
Columbus,Milton,MA,Size S,7.36,2,UPS® Ground
Columbus,Montgomery,TX,Size S,8.36,3,UPS® Ground
Columbus,Myrtle Beach,SC,Size S,6.84,2,UPS® Ground
Columbus,New Market,AL,Size S,6.84,2,UPS® Ground
Columbus,Ocala,FL,Size S,7.36,2,UPS® Ground
Columbus,Olathe,KS,Size S,7.36,2,UPS® Ground
Columbus,Oxford,MI,Size S,6.58,1,UPS® Ground
Columbus,Palm Beach Gardens,FL,Size S,8.36,2,UPS® Ground
Columbus,Roseville,CA,Size S,9.16,4,UPS® Ground
Columbus,Roswell,GA,Size S,6.67,2,UPS® Ground
Columbus,Rockwall,TX,Size S,8.36,2,UPS® Ground
Columbus,Spring,TX,Size S,8.45,3,UPS® Ground
Columbus,Salisbury,MA,Size S,7.36,2,UPS® Ground
Columbus,Santa Rosa,CA,Size S,9.16,4,UPS® Ground
Columbus,Sarasota,FL,Size S,7.36,2,UPS® Ground
Columbus,Vancouver,WA,Size S,9.16,4,UPS® Ground
Columbus,Westminster,MD,Size S,6.67,2,UPS® Ground
Columbus,Canton,GA,Size S,6.84,2,UPS® Ground
Columbus,Columbia,MO,Size S,6.67,2,UPS® Ground
Columbus,Naples,FL,Size S,7.36,2,UPS® Ground
Columbus,Fresno,CA,Size S,9.16,4,UPS® Ground
Columbus,Cleveland,TN,Size S,6.84,2,UPS® Ground
Columbus,Henderson,NV,Size S,8.62,3,UPS® Ground
Columbus,Lincoln,NE,Size S,7.36,3,UPS® Ground
Columbus,Wilmington,NC,Size S,6.84,2,UPS® Ground
Columbus,Arvada,CO,Size S,8.71,3,UPS® Ground
Columbus,Anchorage,AK,Size S,30.87,3,UPS® Ground
Columbus,Birmingham,AL,Size S,6.84,2,UPS® Ground
Columbus,Bozeman,MT,Size S,8.71,3,UPS® Ground
Columbus,Conroe,TX,Size S,8.45,3,UPS® Ground
Columbus,Carmel Valley,CA,Size S,9.25,3,UPS® Ground
Columbus,Castle Rock,CO,Size S,8.45,3,UPS® Ground
Columbus,Cedar Rapids,IA,Size S,6.84,2,UPS® Ground
Columbus,Cooperstown,NY,Size S,6.67,2,UPS® Ground
Columbus,Deland,FL,Size S,7.36,2,UPS® Ground
Columbus,Fort Mill,SC,Size S,6.84,2,UPS® Ground
Columbus,Fargo,ND,Size S,7.45,3,UPS® Ground
Columbus,Glen Allen,VA,Size S,6.84,2,UPS® Ground
Columbus,Grand Junction,CO,Size S,8.45,4,UPS® Ground
Columbus,Highlands Ranch,CO,Size S,8.45,3,UPS® Ground
Columbus,Joliet,IL,Size S,6.84,1,UPS® Ground
Columbus,Kerrville,TX,Size S,8.45,3,UPS® Ground
Columbus,Longmont,CO,Size S,8.45,3,UPS® Ground
Columbus,Minneapolis,MN,Size S,7.36,2,UPS® Ground
Columbus,Naperville,IL,Size S,6.84,1,UPS® Ground
Columbus,Neosho,MO,Size S,7.45,2,UPS® Ground
Columbus,Puyallup,WA,Size S,9.25,4,UPS® Ground
Columbus,Queen Creek,AZ,Size S,8.71,4,UPS® Ground
Columbus,Saline,MI,Size S,6.75,1,UPS® Ground
Columbus,Sevierville,TN,Size S,6.84,2,UPS® Ground
Columbus,Sterling Heights,MI,Size S,6.75,1,UPS® Ground
Columbus,Thornton,CO,Size S,8.71,3,UPS® Ground
Columbus,Ventura,CA,Size S,9.16,3,UPS® Ground
Columbus,Wilmington,MA,Size S,7.45,2,UPS® Ground
Columbus,Clermont,FL,Size S,7.45,2,UPS® Ground
Columbus,Abilene,TX,Size S,7.36,2,UPS® Ground
Columbus,Brick,NJ,Size S,6.67,2,UPS® Ground
Columbus,Bentonville,AR,Size S,7.36,3,UPS® Ground
Columbus,Bogart,GA,Size S,6.84,2,UPS® Ground
Columbus,Boston,MA,Size S,7.45,2,UPS® Ground
Columbus,Buffalo,NY,Size S,6.67,2,UPS® Ground
Columbus,Cary,NC,Size S,6.84,2,UPS® Ground
Columbus,Dallas,GA,Size S,6.84,2,UPS® Ground
Columbus,Doylestown,PA,Size S,6.67,2,UPS® Ground
Columbus,Eugene,OR,Size S,9.16,4,UPS® Ground
Columbus,Edmond,OK,Size S,7.36,3,UPS® Ground
Columbus,Forney,TX,Size S,7.45,2,UPS® Ground
Columbus,Fuquay Varina,NC,Size S,6.67,2,UPS® Ground
Columbus,Glendora,CA,Size S,9.25,3,UPS® Ground
Columbus,Henrico,VA,Size S,6.67,2,UPS® Ground
Columbus,Hockessin,DE,Size S,6.84,2,UPS® Ground
Columbus,Holly Springs,NC,Size S,6.84,2,UPS® Ground
Columbus,Irvine,CA,Size S,9.25,3,UPS® Ground
Columbus,Lakeland,FL,Size S,7.36,2,UPS® Ground
Columbus,Lawrence,KS,Size S,7.36,2,UPS® Ground
Columbus,League City,TX,Size S,7.36,3,UPS® Ground
Columbus,Mansfield,TX,Size S,8.36,2,UPS® Ground
Columbus,Madison,WI,Size S,6.67,2,UPS® Ground
Columbus,McKinney,TX,Size S,8.45,2,UPS® Ground
Columbus,Mentor,OH,Size S,6.58,1,UPS® Ground
Columbus,Mount Airy,MD,Size S,6.75,2,UPS® Ground
Columbus,Norfolk,VA,Size S,6.84,2,UPS® Ground
Columbus,Nampa,ID,Size S,8.71,3,UPS® Ground
Columbus,Noblesville,IN,Size S,6.75,1,UPS® Ground
Columbus,Orland Park,IL,Size S,6.84,1,UPS® Ground
Columbus,Palm Harbor,FL,Size S,7.45,2,UPS® Ground
Columbus,Petaluma,CA,Size S,9.25,4,UPS® Ground
Columbus,Placentia,CA,Size S,9.25,3,UPS® Ground
Columbus,Prescott,AZ,Size S,8.71,4,UPS® Ground
Columbus,Richardson,TX,Size S,8.45,2,UPS® Ground
Columbus,Roanoke,VA,Size S,6.75,2,UPS® Ground
Columbus,Richmond,TX,Size S,8.45,3,UPS® Ground
Columbus,Sanford,ME,Size S,7.45,2,UPS® Ground
Columbus,Seminole,FL,Size S,7.36,2,UPS® Ground
Columbus,Sheridan,WY,Size S,8.45,4,UPS® Ground
Columbus,Sparks,NV,Size S,9.25,3,UPS® Ground
Columbus,Traverse City,MI,Size S,6.84,2,UPS® Ground
Columbus,Tulsa,OK,Size S,7.45,3,UPS® Ground
Columbus,Wake Forest,NC,Size S,6.84,2,UPS® Ground
Columbus,Waterloo,SC,Size S,6.84,2,UPS® Ground
Columbus,Waukesha,WI,Size S,6.84,2,UPS® Ground
Columbus,Wichita,KS,Size S,7.45,2,UPS® Ground
Columbus,Winnsboro,TX,Size S,7.45,2,UPS® Ground
Columbus,Woodbury,MN,Size S,7.45,2,UPS® Ground
Columbus,Cumming,GA,Size S,6.67,2,UPS® Ground
Columbus,Muskegon,MI,Size S,6.84,2,UPS® Ground
Columbus,Akron,OH,Size S,6.26,1,UPS® Ground
Columbus,Albany,OR,Size S,9.25,4,UPS® Ground
Columbus,Alpharetta,GA,Size S,6.84,2,UPS® Ground
Columbus,Asheville,NC,Size S,6.67,2,UPS® Ground
Columbus,Bixby,OK,Size S,7.45,3,UPS® Ground
Columbus,Boulder,CO,Size S,8.36,3,UPS® Ground
Columbus,Bethlehem,PA,Size S,6.84,2,UPS® Ground
Columbus,Brenham,TX,Size S,7.45,3,UPS® Ground
Columbus,Broken Bow,OK,Size S,7.45,3,UPS® Ground
Columbus,Cape Coral,FL,Size S,7.45,2,UPS® Ground
Columbus,Chula Vista,CA,Size S,9.16,3,UPS® Ground
Columbus,Crawfordville,FL,Size S,7.45,2,UPS® Ground
Columbus,Cypress,TX,Size S,8.45,3,UPS® Ground
Columbus,Clearwater,FL,Size S,7.45,2,UPS® Ground
Columbus,Columbiana,AL,Size S,6.84,2,UPS® Ground
Columbus,Columbus,GA,Size S,6.84,2,UPS® Ground
Columbus,Commack,NY,Size S,7.45,2,UPS® Ground
Columbus,Dublin,CA,Size S,9.25,4,UPS® Ground
Columbus,Decatur,GA,Size S,6.84,2,UPS® Ground
Columbus,Deltona,FL,Size S,7.45,2,UPS® Ground
Columbus,Derry,NH,Size S,7.45,2,UPS® Ground
Columbus,Douglassville,PA,Size S,6.84,2,UPS® Ground
Columbus,Easton,PA,Size S,6.84,2,UPS® Ground
Columbus,El Paso,TX,Size S,8.71,3,UPS® Ground
Columbus,Escondido,CA,Size S,9.25,3,UPS® Ground
Columbus,Fairport,NY,Size S,6.84,2,UPS® Ground
Columbus,Flemington,NJ,Size S,6.84,2,UPS® Ground
Columbus,Florence,SC,Size S,6.84,2,UPS® Ground
Columbus,Fort Lauderdale,FL,Size S,7.45,2,UPS® Ground
Columbus,Frisco,TX,Size S,8.36,2,UPS® Ground
Columbus,Goodyear,AZ,Size S,8.71,4,UPS® Ground
Columbus,Gays Mills,WI,Size S,6.84,3,UPS® Ground
Columbus,Grafton,WI,Size S,6.67,2,UPS® Ground
Columbus,Green Cove Springs,FL,Size S,7.45,2,UPS® Ground
Columbus,Greensburg,PA,Size S,6.75,1,UPS® Ground
Columbus,Honolulu,HI,Size S,30.87,5,UPS® Ground
Columbus,Humble,TX,Size S,8.45,3,UPS® Ground
Columbus,Huntington,NY,Size S,7.45,2,UPS® Ground
Columbus,Idaho Falls,ID,Size S,8.71,3,UPS® Ground
Columbus,Jackson,TN,Size S,6.84,2,UPS® Ground
Columbus,Jacksonville,NC,Size S,6.84,2,UPS® Ground
Columbus,Jenkintown,PA,Size S,6.84,2,UPS® Ground
Columbus,Johnson City,TN,Size S,6.75,2,UPS® Ground
Columbus,Kingwood,TX,Size S,8.45,3,UPS® Ground
Columbus,Lansing,MI,Size S,6.75,1,UPS® Ground
Columbus,Lapeer,MI,Size S,6.75,1,UPS® Ground
Columbus,Lawrenceville,GA,Size S,6.84,2,UPS® Ground
Columbus,Lexington,NC,Size S,6.84,2,UPS® Ground
Columbus,Lubbock,TX,Size S,8.45,3,UPS® Ground
Columbus,Medina,OH,Size S,6.75,1,UPS® Ground
Columbus,Macomb,MI,Size S,6.75,1,UPS® Ground
Columbus,Magnolia,TX,Size S,8.45,3,UPS® Ground
Columbus,Martinsburg,WV,Size S,6.75,2,UPS® Ground
Columbus,Meridian,ID,Size S,8.71,3,UPS® Ground
Columbus,Mobile,AL,Size S,7.36,2,UPS® Ground
Columbus,Morrison,CO,Size S,8.45,3,UPS® Ground
Columbus,Napa,CA,Size S,9.25,4,UPS® Ground
Columbus,New Braunfels,TX,Size S,8.45,3,UPS® Ground
Columbus,New Lenox,IL,Size S,6.84,1,UPS® Ground
Columbus,New Orleans,LA,Size S,7.45,2,UPS® Ground
Columbus,Newark,DE,Size S,6.84,2,UPS® Ground
Columbus,Oakland,CA,Size S,9.16,4,UPS® Ground
Columbus,Owasso,OK,Size S,7.45,3,UPS® Ground
Columbus,Overland Park,KS,Size S,6.84,2,UPS® Ground
Columbus,Panama City,FL,Size S,7.45,2,UPS® Ground
Columbus,Panama City Beach,FL,Size S,7.36,2,UPS® Ground
Columbus,Patchogue,NY,Size S,7.45,2,UPS® Ground
Columbus,Port Clinton,OH,Size S,6.65,1,UPS® Ground
Columbus,Paducah,KY,Size S,6.84,2,UPS® Ground
Columbus,Palmetto,FL,Size S,7.45,2,UPS® Ground
Columbus,Pearland,TX,Size S,7.36,3,UPS® Ground
Columbus,Pella,IA,Size S,6.84,2,UPS® Ground
Columbus,Pittsford,NY,Size S,6.84,2,UPS® Ground
Columbus,Port Orange,FL,Size S,7.45,2,UPS® Ground
Columbus,Ravenna,OH,Size S,6.75,1,UPS® Ground
Columbus,Roaming Shores,OH,Size S,6.75,1,UPS® Ground
Columbus,Richmond Hill,GA,Size S,6.84,2,UPS® Ground
Columbus,Riverview,FL,Size S,7.45,2,UPS® Ground
Columbus,Rochester,MN,Size S,6.84,2,UPS® Ground
Columbus,Round Rock,TX,Size S,8.45,2,UPS® Ground
Columbus,Saint Petersburg,FL,Size S,7.36,2,UPS® Ground
Columbus,San Leandro,CA,Size S,9.25,4,UPS® Ground
Columbus,Southington,CT,Size S,6.84,2,UPS® Ground
Columbus,Spartanburg,SC,Size S,6.84,2,UPS® Ground
Columbus,Surprise,AZ,Size S,8.62,4,UPS® Ground
Columbus,Santa Barbara,CA,Size S,9.16,3,UPS® Ground
Columbus,Shelton,CT,Size S,6.84,2,UPS® Ground
Columbus,Spring Branch,TX,Size S,8.45,3,UPS® Ground
Columbus,St. Louis,MO,Size S,6.84,2,UPS® Ground
Columbus,Stroudsburg,PA,Size S,6.67,2,UPS® Ground
Columbus,Sunapee,NH,Size S,7.45,2,UPS® Ground
Columbus,Swedesboro,NJ,Size S,6.84,2,UPS® Ground
Columbus,Syracuse,NY,Size S,6.84,2,UPS® Ground
Columbus,Tomball,TX,Size S,8.45,3,UPS® Ground
Columbus,Topeka,KS,Size S,6.84,2,UPS® Ground
Columbus,Tuscaloosa,AL,Size S,6.84,2,UPS® Ground
Columbus,Terre Haute,IN,Size S,6.75,1,UPS® Ground
Columbus,Tinley Park,IL,Size S,6.84,1,UPS® Ground
Columbus,Toms River,NJ,Size S,6.84,2,UPS® Ground
Columbus,Tulare,CA,Size S,9.25,3,UPS® Ground
Columbus,Vienna,VA,Size S,6.84,2,UPS® Ground
Columbus,Walnut Creek,CA,Size S,9.25,4,UPS® Ground
Columbus,Wayne,NJ,Size S,6.67,2,UPS® Ground
Columbus,Waynesboro,VA,Size S,6.75,2,UPS® Ground
Columbus,West Sacramento,CA,Size S,9.25,4,UPS® Ground
Columbus,Yuba City,CA,Size S,9.25,4,UPS® Ground
Columbus,Zachary,LA,Size S,7.36,3,UPS® Ground
Columbus,Buford,GA,Size S,6.84,2,UPS® Ground
Columbus,Modesto,CA,Size S,9.25,4,UPS® Ground
Columbus,Winter Park,FL,Size S,7.45,2,UPS® Ground
Columbus,Antioch,IL,Size S,6.84,1,UPS® Ground
Columbus,Algonquin,IL,Size S,6.84,1,UPS® Ground
Columbus,Allen,TX,Size S,8.45,2,UPS® Ground
Columbus,Ames,IA,Size S,7.45,2,UPS® Ground
Columbus,Anaheim,CA,Size S,9.25,3,UPS® Ground
Columbus,Aptos,CA,Size S,9.25,4,UPS® Ground
Columbus,Astoria,NY,Size S,6.84,2,UPS® Ground
Columbus,Bloomington,IN,Size S,6.75,1,UPS® Ground
Columbus,Bremerton,WA,Size S,9.25,4,UPS® Ground
Columbus,Brunswick,OH,Size S,6.75,1,UPS® Ground
Columbus,Burke,VA,Size S,6.84,2,UPS® Ground
Columbus,Bedford,IN,Size S,6.75,1,UPS® Ground
Columbus,Benton,LA,Size S,7.45,3,UPS® Ground
Columbus,Billings,MT,Size S,8.71,3,UPS® Ground
Columbus,Birdsboro,PA,Size S,6.84,2,UPS® Ground
Columbus,Bothell,WA,Size S,9.25,4,UPS® Ground
Columbus,Bowie,MD,Size S,6.84,2,UPS® Ground
Columbus,Brentwood,TN,Size S,6.67,2,UPS® Ground
Columbus,Bronx,NY,Size S,6.84,2,UPS® Ground
Columbus,Brookfield,WI,Size S,6.84,2,UPS® Ground
Columbus,Canton,OH,Size S,6.65,1,UPS® Ground
Columbus,Celina,TX,Size S,8.45,2,UPS® Ground
Columbus,Chapel Hill,NC,Size S,6.84,2,UPS® Ground
Columbus,Claremore,OK,Size S,7.45,3,UPS® Ground
Columbus,Clovis,CA,Size S,9.25,4,UPS® Ground
Columbus,Cocoa,FL,Size S,7.36,2,UPS® Ground
Columbus,Callahan,FL,Size S,7.45,2,UPS® Ground
Columbus,Carmel,IN,Size S,6.75,1,UPS® Ground
Columbus,Cedar Park,TX,Size S,8.45,2,UPS® Ground
Columbus,Centennial,CO,Size S,8.45,3,UPS® Ground
Columbus,Centerville,MA,Size S,7.45,2,UPS® Ground
Columbus,Charleston,SC,Size S,6.84,2,UPS® Ground
Columbus,Charlottesville,VA,Size S,6.58,2,UPS® Ground
Columbus,Clarkesville,GA,Size S,6.84,2,UPS® Ground
Columbus,Clayton,NC,Size S,6.84,2,UPS® Ground
Columbus,Clifton,NJ,Size S,6.84,2,UPS® Ground
Columbus,Collinsville,OK,Size S,7.45,3,UPS® Ground
Columbus,Columbia,TN,Size S,6.84,2,UPS® Ground
Columbus,Concord,NC,Size S,6.67,2,UPS® Ground
Columbus,Cookeville,TN,Size S,6.75,2,UPS® Ground
Columbus,Corpus Christi,TX,Size S,8.45,3,UPS® Ground
Columbus,Corrales,NM,Size S,8.45,4,UPS® Ground
Columbus,Corydon,IN,Size S,6.75,1,UPS® Ground
Columbus,Cranston,RI,Size S,7.45,2,UPS® Ground
Columbus,Dekalb,IL,Size S,6.84,1,UPS® Ground
Columbus,Delaware,OH,Size S,6.65,1,UPS® Ground
Columbus,Delmar,NY,Size S,6.84,2,UPS® Ground
Columbus,Des Moines,IA,Size S,6.67,2,UPS® Ground
Columbus,Dickson,TN,Size S,6.84,2,UPS® Ground
Columbus,Downers Grove,IL,Size S,6.84,1,UPS® Ground
Columbus,Dripping Springs,TX,Size S,8.45,2,UPS® Ground
Columbus,Eustis,FL,Size S,7.45,2,UPS® Ground
Columbus,East Hampton,NY,Size S,6.84,2,UPS® Ground
Columbus,Fenton,MO,Size S,6.84,2,UPS® Ground
Columbus,Fayetteville,AR,Size S,7.36,3,UPS® Ground
Columbus,Flower Mound,TX,Size S,8.45,2,UPS® Ground
Columbus,Franklin,OH,Size S,6.65,1,UPS® Ground
Columbus,Friendswood,TX,Size S,7.45,3,UPS® Ground
Columbus,Gainesville,FL,Size S,7.45,2,UPS® Ground
Columbus,Gainesville,GA,Size S,6.84,2,UPS® Ground
Columbus,Glendale,CA,Size S,9.25,3,UPS® Ground
Columbus,Greenville,SC,Size S,6.84,2,UPS® Ground
Columbus,Greenville,MI,Size S,6.75,1,UPS® Ground
Columbus,Gaithersburg,MD,Size S,6.84,2,UPS® Ground
Columbus,Garner,NC,Size S,6.67,2,UPS® Ground
Columbus,Gastonia,NC,Size S,6.84,2,UPS® Ground
Columbus,Granada Hills,CA,Size S,9.25,3,UPS® Ground
Columbus,Granbury,TX,Size S,8.45,2,UPS® Ground
Columbus,Griffin,GA,Size S,6.84,2,UPS® Ground
Columbus,Harpers Ferry,WV,Size S,6.75,2,UPS® Ground
Columbus,Haverhill,MA,Size S,7.45,2,UPS® Ground
Columbus,Hayward,CA,Size S,9.25,4,UPS® Ground
Columbus,Herriman,UT,Size S,8.71,3,UPS® Ground
Columbus,Hillsboro,OR,Size S,9.25,4,UPS® Ground
Columbus,Hoboken,NJ,Size S,6.84,2,UPS® Ground
Columbus,Huntley,IL,Size S,6.84,1,UPS® Ground
Columbus,Hagerstown,MD,Size S,6.75,2,UPS® Ground
Columbus,Hamilton,OH,Size S,6.26,1,UPS® Ground
Columbus,Harrisburg,PA,Size S,6.84,2,UPS® Ground
Columbus,Hendersonville,NC,Size S,6.84,2,UPS® Ground
Columbus,Hendersonville,TN,Size S,6.84,2,UPS® Ground
Columbus,Holland,MI,Size S,6.84,1,UPS® Ground
Columbus,Indian Trail,NC,Size S,6.84,2,UPS® Ground
Columbus,Jersey City,NJ,Size S,6.84,2,UPS® Ground
Columbus,Johnstown,PA,Size S,6.75,2,UPS® Ground
Columbus,Kalamazoo,MI,Size S,6.75,1,UPS® Ground
Columbus,Keatchie,LA,Size S,7.45,4,UPS® Ground
Columbus,Kennewick,WA,Size S,9.16,4,UPS® Ground
Columbus,Kingsport,TN,Size S,6.75,2,UPS® Ground
Columbus,Lake Elsinore,CA,Size S,9.25,3,UPS® Ground
Columbus,Lebanon,OH,Size S,6.65,1,UPS® Ground
Columbus,Little Rock,AR,Size S,7.36,3,UPS® Ground
Columbus,Livonia,MI,Size S,6.75,1,UPS® Ground
Columbus,Los Alamos,NM,Size S,8.45,4,UPS® Ground
Columbus,Loveland,CO,Size S,8.45,3,UPS® Ground
Columbus,La Mesa,CA,Size S,9.25,3,UPS® Ground
Columbus,La Quinta,CA,Size S,9.25,3,UPS® Ground
Columbus,Lake Oswego,OR,Size S,9.16,3,UPS® Ground
Columbus,Lake Saint Louis,MO,Size S,6.84,2,UPS® Ground
Columbus,Lake in the Hills,IL,Size S,6.84,1,UPS® Ground
Columbus,Lakeway,TX,Size S,8.36,2,UPS® Ground
Columbus,Lancaster,NY,Size S,6.67,2,UPS® Ground
Columbus,Leander,TX,Size S,8.45,2,UPS® Ground
Columbus,Lees Summit,MO,Size S,6.84,2,UPS® Ground
Columbus,Lenoir,NC,Size S,6.84,2,UPS® Ground
Columbus,Lewis Center,OH,Size S,6.65,1,UPS® Ground
Columbus,Lexington,IN,Size S,6.75,1,UPS® Ground
Columbus,Lodi,CA,Size S,9.25,4,UPS® Ground
Columbus,Lynden,WA,Size S,9.25,4,UPS® Ground
Columbus,Methuen,MA,Size S,7.45,2,UPS® Ground
Columbus,Milford,CT,Size S,6.84,2,UPS® Ground
Columbus,Mineola,TX,Size S,7.45,2,UPS® Ground
Columbus,Missoula,MT,Size S,8.62,3,UPS® Ground
Columbus,Mansfield,OH,Size S,6.65,1,UPS® Ground
Columbus,McDonough,GA,Size S,6.84,2,UPS® Ground
Columbus,Merritt Island,FL,Size S,7.45,2,UPS® Ground
Columbus,Midlothian,VA,Size S,6.84,2,UPS® Ground
Columbus,Millington,TN,Size S,6.84,2,UPS® Ground
Columbus,Milton,FL,Size S,7.45,2,UPS® Ground
Columbus,Moab,UT,Size S,8.62,4,UPS® Ground
Columbus,Monroe,NC,Size S,6.67,2,UPS® Ground
Columbus,Mooresville,IN,Size S,6.65,1,UPS® Ground
Columbus,Morganton,NC,Size S,6.67,2,UPS® Ground
Columbus,Murfreesboro,TN,Size S,6.84,2,UPS® Ground
Columbus,Newburgh,NY,Size S,6.84,2,UPS® Ground
Columbus,Navarre,FL,Size S,7.45,2,UPS® Ground
Columbus,New Market,AL,Size S,6.84,2,UPS® Ground
Columbus,Newnan,GA,Size S,6.84,2,UPS® Ground
Columbus,Norman,OK,Size S,7.45,3,UPS® Ground
Columbus,Novi,MI,Size S,6.75,1,UPS® Ground
Columbus,Ormond Beach,FL,Size S,7.45,2,UPS® Ground
Columbus,Owensboro,KY,Size S,6.58,1,UPS® Ground
Columbus,Oconto,WI,Size S,6.84,2,UPS® Ground
Columbus,Old Bridge,NJ,Size S,6.84,2,UPS® Ground
Columbus,Olympia,WA,Size S,9.16,4,UPS® Ground
Columbus,Oregon City,OR,Size S,9.25,3,UPS® Ground
Columbus,Oxford,MI,Size S,6.75,1,UPS® Ground
Columbus,Peachtree City,GA,Size S,6.84,2,UPS® Ground
Columbus,Pleasanton,CA,Size S,9.16,4,UPS® Ground
Columbus,Poughkeepsie,NY,Size S,6.84,2,UPS® Ground
Columbus,Pagosa Springs,CO,Size S,8.45,4,UPS® Ground
Columbus,Pasadena,CA,Size S,9.16,3,UPS® Ground
Columbus,Pasadena,TX,Size S,7.45,3,UPS® Ground
Columbus,Pasco,WA,Size S,9.16,4,UPS® Ground
Columbus,Pawtucket,RI,Size S,7.45,2,UPS® Ground
Columbus,Pembroke,MA,Size S,7.45,2,UPS® Ground
Columbus,Perrysburg,OH,Size S,6.65,1,UPS® Ground
Columbus,Plant City,FL,Size S,7.45,2,UPS® Ground
Columbus,Port Orchard,WA,Size S,9.25,4,UPS® Ground
Columbus,Prescott Valley,AZ,Size S,8.62,4,UPS® Ground
Columbus,Princeton,NJ,Size S,6.67,2,UPS® Ground
Columbus,Quincy,MA,Size S,7.45,2,UPS® Ground
Columbus,Redwood City,CA,Size S,9.25,4,UPS® Ground
Columbus,Rohnert Park,CA,Size S,9.25,4,UPS® Ground
Columbus,Rigby,ID,Size S,8.71,5,UPS® Ground
Columbus,Ripon,WI,Size S,6.84,2,UPS® Ground
Columbus,Rogers,AR,Size S,7.45,3,UPS® Ground
Columbus,Rowlett,TX,Size S,8.45,2,UPS® Ground
Columbus,Rydal,PA,Size S,6.84,2,UPS® Ground
Columbus,Shepherdsville,KY,Size S,6.75,1,UPS® Ground
Columbus,Shreveport,LA,Size S,7.36,3,UPS® Ground
Columbus,Stamford,CT,Size S,6.84,2,UPS® Ground
Columbus,Salt Lake City,UT,Size S,8.62,3,UPS® Ground
Columbus,Sanford,NC,Size S,6.84,2,UPS® Ground
Columbus,Santa Ana,CA,Size S,9.16,3,UPS® Ground
Columbus,Santa Cruz,CA,Size S,9.25,4,UPS® Ground
Columbus,Santa Fe,NM,Size S,8.36,4,UPS® Ground
Columbus,Sarver,PA,Size S,6.75,1,UPS® Ground
Columbus,Schenectady,NY,Size S,6.67,2,UPS® Ground
Columbus,Sierra Vista,AZ,Size S,8.71,4,UPS® Ground
Columbus,Silver Spring,MD,Size S,6.84,2,UPS® Ground
Columbus,South Jordan,UT,Size S,8.62,3,UPS® Ground
Columbus,Springfield,MO,Size S,6.84,2,UPS® Ground
Columbus,Summerville,SC,Size S,6.67,2,UPS® Ground
Columbus,Sumter,SC,Size S,6.67,2,UPS® Ground
Columbus,Sun City,AZ,Size S,8.62,4,UPS® Ground
Columbus,Syosset,NY,Size S,7.45,2,UPS® Ground
Columbus,Taunton,MA,Size S,7.36,2,UPS® Ground
Columbus,Texarkana,TX,Size S,7.45,2,UPS® Ground
Columbus,Toledo,OH,Size S,6.65,1,UPS® Ground
Columbus,Urbana,OH,Size S,6.65,1,UPS® Ground
Columbus,Valparaiso,IN,Size S,6.67,1,UPS® Ground
Columbus,Waco,TX,Size S,7.45,2,UPS® Ground
Columbus,West Lafayette,IN,Size S,6.75,1,UPS® Ground
Columbus,Winter Garden,FL,Size S,7.45,2,UPS® Ground
Columbus,Winter Haven,FL,Size S,7.45,2,UPS® Ground
Columbus,Wylie,TX,Size S,8.45,2,UPS® Ground
Columbus,Waldorf,MD,Size S,6.84,2,UPS® Ground
Columbus,Wesley Chapel,FL,Size S,7.36,2,UPS® Ground
Columbus,West Palm Beach,FL,Size S,8.36,2,UPS® Ground
Columbus,Williamsburg,VA,Size S,6.84,2,UPS® Ground
Columbus,Woodbridge,VA,Size S,6.84,2,UPS® Ground
Columbus,Woodside,CA,Size S,9.25,4,UPS® Ground
Columbus,Yorba Linda,CA,Size S,9.25,3,UPS® Ground
Columbus,Queens Village,NY,Size S,6.84,2,UPS® Ground
Philadelphia,Brooklyn,NY,Size S,6.26,1,UPS® Ground
Philadelphia,Phoenix,AZ,Size S,9.25,3,UPS® Ground
Philadelphia,Houston,TX,Size S,8.45,3,UPS® Ground
Philadelphia,San Antonio,TX,Size S,8.71,3,UPS® Ground
Philadelphia,Jacksonville,FL,Size S,7.45,2,UPS® Ground
Philadelphia,Chicago,IL,Size S,7.45,2,UPS® Ground
Philadelphia,Dallas,TX,Size S,8.45,3,UPS® Ground
Philadelphia,Wilmington,DE,Size S,6.65,1,UPS® Ground
Philadelphia,Austin,TX,Size S,8.71,3,UPS® Ground
Philadelphia,Canton,OH,Size S,6.84,2,UPS® Ground
Philadelphia,Charlotte,NC,Size S,6.84,2,UPS® Ground
Philadelphia,New York,NY,Size S,6.65,1,UPS® Ground
Philadelphia,Atlanta,GA,Size S,7.45,2,UPS® Ground
Philadelphia,Franklin,TN,Size S,7.45,2,UPS® Ground
Philadelphia,Lexington,KY,Size S,6.84,2,UPS® Ground
Philadelphia,Orlando,FL,Size S,7.45,2,UPS® Ground
Philadelphia,Rochester,NY,Size S,6.75,2,UPS® Ground
Philadelphia,Las Vegas,NV,Size S,9.25,3,UPS® Ground
Philadelphia,Louisville,KY,Size S,6.84,2,UPS® Ground
Philadelphia,Marietta,GA,Size S,7.45,2,UPS® Ground
Philadelphia,Colorado Springs,CO,Size S,8.71,3,UPS® Ground
Philadelphia,Columbus,OH,Size S,6.84,2,UPS® Ground
Philadelphia,Marble Falls,TX,Size S,8.71,3,UPS® Ground
Philadelphia,Tampa,FL,Size S,7.45,2,UPS® Ground
Philadelphia,San Diego,CA,Size S,9.25,4,UPS® Ground
Philadelphia,Columbia,SC,Size S,6.84,2,UPS® Ground
Philadelphia,Greenville,SC,Size S,6.84,2,UPS® Ground
Philadelphia,Lebanon,TN,Size S,7.45,2,UPS® Ground
Philadelphia,Salem,OR,Size S,9.25,4,UPS® Ground
Philadelphia,Cleveland,OH,Size S,6.84,2,UPS® Ground
Philadelphia,Denver,CO,Size S,8.71,3,UPS® Ground
Philadelphia,Omaha,NE,Size S,8.45,2,UPS® Ground
Philadelphia,Portland,OR,Size S,9.25,4,UPS® Ground
Philadelphia,Raleigh,NC,Size S,6.84,2,UPS® Ground
Philadelphia,Richmond,VA,Size S,6.75,1,UPS® Ground
Philadelphia,Jackson,MS,Size S,7.45,3,UPS® Ground
Philadelphia,Albany,NY,Size S,6.75,1,UPS® Ground
Philadelphia,Fort Worth,TX,Size S,8.45,3,UPS® Ground
Philadelphia,Oklahoma City,OK,Size S,8.45,3,UPS® Ground
Philadelphia,Chesapeake,VA,Size S,6.75,1,UPS® Ground
Philadelphia,Miami,FL,Size S,8.45,2,UPS® Ground
Philadelphia,Milford,CT,Size S,6.75,1,UPS® Ground
Philadelphia,Pittsburgh,PA,Size S,6.75,1,UPS® Ground
Philadelphia,San Francisco,CA,Size S,9.25,4,UPS® Ground
Philadelphia,San Jose,CA,Size S,9.25,4,UPS® Ground
Philadelphia,Tucson,AZ,Size S,9.25,3,UPS® Ground
Philadelphia,Virginia Beach,VA,Size S,6.75,1,UPS® Ground
Philadelphia,Albuquerque,NM,Size S,8.71,4,UPS® Ground
Philadelphia,Gilbert,AZ,Size S,9.25,3,UPS® Ground
Philadelphia,Springfield,IL,Size S,7.45,2,UPS® Ground
Philadelphia,Alexandria,VA,Size S,6.65,1,UPS® Ground
Philadelphia,Kansas City,MO,Size S,8.45,3,UPS® Ground
Philadelphia,Knoxville,TN,Size S,6.84,2,UPS® Ground
Philadelphia,Lakewood,CO,Size S,8.71,3,UPS® Ground
Philadelphia,Nashville,TN,Size S,7.45,2,UPS® Ground
Philadelphia,Saint Louis,MO,Size S,7.45,2,UPS® Ground
Philadelphia,Seattle,WA,Size S,9.25,4,UPS® Ground
Philadelphia,Arlington,TX,Size S,8.36,3,UPS® Ground
Philadelphia,Aurora,CO,Size S,8.62,3,UPS® Ground
Philadelphia,Boise,ID,Size S,9.16,3,UPS® Ground
Philadelphia,Indianapolis,IN,Size S,7.36,2,UPS® Ground
Philadelphia,Naples,CO,Size S,8.71,,UPS® Ground
Philadelphia,Reno,NV,Size S,9.16,3,UPS® Ground
Philadelphia,Riverside,CA,Size S,9.16,4,UPS® Ground
Philadelphia,Bismarck,ND,Size S,8.36,4,UPS® Ground
Philadelphia,Fresno,TX,Size S,8.45,3,UPS® Ground
Philadelphia,Lincoln,RI,Size S,6.58,2,UPS® Ground
Philadelphia,Los Angeles,CA,Size S,9.16,4,UPS® Ground
Philadelphia,Mansfield,MA,Size S,6.75,2,UPS® Ground
Philadelphia,Milwaukee,WI,Size S,7.45,2,UPS® Ground
Philadelphia,Madison,IN,Size S,6.67,2,UPS® Ground
Philadelphia,Mesa,AZ,Size S,9.25,3,UPS® Ground
Philadelphia,Monroe,NC,Size S,6.67,2,UPS® Ground
Philadelphia,Philadelphia,PA,Size S,6.26,1,UPS® Ground
Philadelphia,Staten Island,NY,Size S,6.26,1,UPS® Ground
Philadelphia,Washington,DC,Size S,6.26,1,UPS® Ground
Philadelphia,Baltimore,MD,Size S,6.26,1,UPS® Ground
Philadelphia,Decatur,IL,Size S,7.36,2,UPS® Ground
Philadelphia,Durham,NC,Size S,6.67,2,UPS® Ground
Philadelphia,Fayetteville,AR,Size S,8.36,3,UPS® Ground
Philadelphia,Glendale,AZ,Size S,9.16,3,UPS® Ground
Philadelphia,Midland,GA,Size S,7.45,2,UPS® Ground
Philadelphia,Scottsdale,AZ,Size S,9.16,3,UPS® Ground
Philadelphia,Woodstock,GA,Size S,7.36,2,UPS® Ground
Philadelphia,Chandler,AZ,Size S,9.16,3,UPS® Ground
Philadelphia,Cincinnati,OH,Size S,6.67,2,UPS® Ground
Philadelphia,Covington,LA,Size S,8.36,3,UPS® Ground
Philadelphia,Fort Myers,FL,Size S,7.36,2,UPS® Ground
Philadelphia,Greensboro,NC,Size S,6.67,2,UPS® Ground
Philadelphia,Henderson,TX,Size S,8.45,3,UPS® Ground
Philadelphia,Hamilton,MI,Size S,7.45,2,UPS® Ground
Philadelphia,Lewisburg,PA,Size S,6.65,1,UPS® Ground
Philadelphia,Littleton,CO,Size S,8.62,3,UPS® Ground
Philadelphia,Mount Pleasant,SC,Size S,6.67,2,UPS® Ground
Philadelphia,Pasadena,MD,Size S,6.26,1,UPS® Ground
Philadelphia,Plano,TX,Size S,8.36,3,UPS® Ground
Philadelphia,Sanford,NC,Size S,6.67,2,UPS® Ground
Philadelphia,Wayne,ME,Size S,6.84,2,UPS® Ground
Philadelphia,Ashland,PA,Size S,6.65,1,UPS® Ground
Philadelphia,Burlington,WI,Size S,7.36,2,UPS® Ground
Philadelphia,Centerville,IA,Size S,7.45,2,UPS® Ground
Philadelphia,Clayton,NC,Size S,6.67,2,UPS® Ground
Philadelphia,Encinitas,CA,Size S,9.16,4,UPS® Ground
Philadelphia,Fort Collins,CO,Size S,8.62,3,UPS® Ground
Philadelphia,Golden,CO,Size S,8.62,3,UPS® Ground
Philadelphia,Hudson,NC,Size S,6.67,2,UPS® Ground
Philadelphia,Katy,TX,Size S,8.62,3,UPS® Ground
Philadelphia,Lancaster,SC,Size S,6.67,2,UPS® Ground
Philadelphia,Newark,NJ,Size S,6.26,1,UPS® Ground
Philadelphia,Parker,CO,Size S,8.62,3,UPS® Ground
Philadelphia,Plymouth,MA,Size S,6.58,2,UPS® Ground
Philadelphia,Rancho Cucamonga,CA,Size S,9.16,4,UPS® Ground
Philadelphia,Rockville,MD,Size S,6.58,1,UPS® Ground
Philadelphia,Sacramento,CA,Size S,9.25,4,UPS® Ground
Philadelphia,Tallahassee,FL,Size S,7.36,2,UPS® Ground
Philadelphia,The Villages,FL,Size S,7.36,2,UPS® Ground
Philadelphia,Westfield,IN,Size S,6.67,2,UPS® Ground
Philadelphia,Waterloo,IA,Size S,7.36,2,UPS® Ground
Philadelphia,West Chester,PA,Size S,6.26,1,UPS® Ground
Philadelphia,Bend,OR,Size S,9.16,4,UPS® Ground
Philadelphia,Amarillo,TX,Size S,8.71,4,UPS® Ground
Philadelphia,Auburn,MA,Size S,6.58,2,UPS® Ground
Philadelphia,Bakersfield,CA,Size S,9.16,4,UPS® Ground
Philadelphia,Boca Raton,FL,Size S,8.36,2,UPS® Ground
Philadelphia,Benton,LA,Size S,8.45,3,UPS® Ground
Philadelphia,Bradenton,FL,Size S,7.36,2,UPS® Ground
Philadelphia,Dayton,OH,Size S,6.67,2,UPS® Ground
Philadelphia,Duluth,MN,Size S,7.45,2,UPS® Ground
Philadelphia,Englewood,CO,Size S,8.62,3,UPS® Ground
Philadelphia,Fort Wayne,IN,Size S,6.67,2,UPS® Ground
Philadelphia,Frederick,MD,Size S,6.26,1,UPS® Ground
Philadelphia,Fredericksburg,VA,Size S,6.58,1,UPS® Ground
Philadelphia,Gainesville,FL,Size S,7.36,2,UPS® Ground
Philadelphia,Grand Rapids,MI,Size S,6.67,2,UPS® Ground
Philadelphia,Green Bay,WI,Size S,7.36,2,UPS® Ground
Philadelphia,Morgantown,WV,Size S,6.67,2,UPS® Ground
Philadelphia,Pensacola,FL,Size S,7.36,2,UPS® Ground
Philadelphia,Princeton,MA,Size S,6.58,2,UPS® Ground
Philadelphia,Peoria,AZ,Size S,9.16,3,UPS® Ground
Philadelphia,Saint Paul,MN,Size S,8.36,2,UPS® Ground
Philadelphia,Savannah,GA,Size S,7.36,2,UPS® Ground
Philadelphia,Seaford,NY,Size S,6.75,1,UPS® Ground
Philadelphia,Seymour,IN,Size S,6.67,2,UPS® Ground
Philadelphia,Spokane,WA,Size S,9.16,4,UPS® Ground
Philadelphia,Windsor,CO,Size S,8.62,3,UPS® Ground
Philadelphia,Winston-Salem,NC,Size S,6.67,2,UPS® Ground
Philadelphia,Worcester,MA,Size S,6.58,2,UPS® Ground
Philadelphia,York,PA,Size S,6.26,1,UPS® Ground
Philadelphia,Antioch,TN,Size S,7.45,2,UPS® Ground
Philadelphia,Athens,GA,Size S,7.36,2,UPS® Ground
Philadelphia,Corona,CA,Size S,9.16,4,UPS® Ground
Philadelphia,Fairfield,CA,Size S,9.16,4,UPS® Ground
Philadelphia,Germantown,MD,Size S,6.75,1,UPS® Ground
Philadelphia,Hillsboro,OR,Size S,9.16,4,UPS® Ground
Philadelphia,Hope Mills,NC,Size S,6.84,2,UPS® Ground
Philadelphia,Hendersonville,NC,Size S,6.67,2,UPS® Ground
Philadelphia,Holly Springs,MS,Size S,7.36,3,UPS® Ground
Philadelphia,Homer,AK,Size S,30.87,4,UPS® Ground
Philadelphia,Laurel,MD,Size S,6.26,1,UPS® Ground
Philadelphia,Long Beach,CA,Size S,9.16,4,UPS® Ground
Philadelphia,Manteca,CA,Size S,9.16,4,UPS® Ground
Philadelphia,Maryville,TN,Size S,6.67,2,UPS® Ground
Philadelphia,Magnolia,MS,Size S,7.45,3,UPS® Ground
Philadelphia,Memphis,TN,Size S,7.36,2,UPS® Ground
Philadelphia,Milton,MA,Size S,6.58,2,UPS® Ground
Philadelphia,Montgomery,TX,Size S,8.36,3,UPS® Ground
Philadelphia,Myrtle Beach,SC,Size S,6.84,2,UPS® Ground
Philadelphia,New Market,AL,Size S,7.45,2,UPS® Ground
Philadelphia,Ocala,FL,Size S,7.36,2,UPS® Ground
Philadelphia,Olathe,KS,Size S,8.36,3,UPS® Ground
Philadelphia,Oxford,MI,Size S,6.67,2,UPS® Ground
Philadelphia,Palm Beach Gardens,FL,Size S,8.36,2,UPS® Ground
Philadelphia,Roseville,CA,Size S,9.16,4,UPS® Ground
Philadelphia,Roswell,GA,Size S,7.36,2,UPS® Ground
Philadelphia,Rockwall,TX,Size S,8.36,3,UPS® Ground
Philadelphia,Spring,TX,Size S,8.45,3,UPS® Ground
Philadelphia,Salisbury,MA,Size S,6.58,2,UPS® Ground
Philadelphia,Santa Rosa,CA,Size S,9.16,4,UPS® Ground
Philadelphia,Sarasota,FL,Size S,7.36,2,UPS® Ground
Philadelphia,Vancouver,WA,Size S,9.16,4,UPS® Ground
Philadelphia,Westminster,MD,Size S,6.26,1,UPS® Ground
Philadelphia,Canton,GA,Size S,7.45,2,UPS® Ground
Philadelphia,Columbia,MO,Size S,7.36,3,UPS® Ground
Philadelphia,Naples,FL,Size S,8.36,2,UPS® Ground
Philadelphia,Fresno,CA,Size S,9.16,4,UPS® Ground
Philadelphia,Cleveland,TN,Size S,7.45,2,UPS® Ground
Philadelphia,Henderson,NV,Size S,9.16,3,UPS® Ground
Philadelphia,Lincoln,NE,Size S,8.36,2,UPS® Ground
Philadelphia,Wilmington,NC,Size S,6.84,2,UPS® Ground
Philadelphia,Arvada,CO,Size S,8.71,3,UPS® Ground
Philadelphia,Anchorage,AK,Size S,30.87,4,UPS® Ground
Philadelphia,Birmingham,AL,Size S,7.45,2,UPS® Ground
Philadelphia,Bozeman,MT,Size S,9.25,3,UPS® Ground
Philadelphia,Conroe,TX,Size S,8.45,3,UPS® Ground
Philadelphia,Carmel Valley,CA,Size S,9.25,4,UPS® Ground
Philadelphia,Castle Rock,CO,Size S,8.71,3,UPS® Ground
Philadelphia,Cedar Rapids,IA,Size S,7.45,2,UPS® Ground
Philadelphia,Cooperstown,NY,Size S,6.58,2,UPS® Ground
Philadelphia,Deland,FL,Size S,7.36,2,UPS® Ground
Philadelphia,Fort Mill,SC,Size S,6.84,2,UPS® Ground
Philadelphia,Fargo,ND,Size S,8.45,2,UPS® Ground
Philadelphia,Glen Allen,VA,Size S,6.75,1,UPS® Ground
Philadelphia,Grand Junction,CO,Size S,8.71,4,UPS® Ground
Philadelphia,Highlands Ranch,CO,Size S,8.71,3,UPS® Ground
Philadelphia,Joliet,IL,Size S,7.45,2,UPS® Ground
Philadelphia,Kerrville,TX,Size S,8.71,3,UPS® Ground
Philadelphia,Longmont,CO,Size S,8.71,3,UPS® Ground
Philadelphia,Minneapolis,MN,Size S,8.36,2,UPS® Ground
Philadelphia,Naperville,IL,Size S,7.45,2,UPS® Ground
Philadelphia,Neosho,MO,Size S,8.45,3,UPS® Ground
Philadelphia,Puyallup,WA,Size S,9.25,4,UPS® Ground
Philadelphia,Queen Creek,AZ,Size S,9.25,3,UPS® Ground
Philadelphia,Saline,MI,Size S,6.84,2,UPS® Ground
Philadelphia,Sevierville,TN,Size S,6.84,2,UPS® Ground
Philadelphia,Sterling Heights,MI,Size S,6.84,2,UPS® Ground
Philadelphia,Thornton,CO,Size S,8.71,3,UPS® Ground
Philadelphia,Ventura,CA,Size S,9.16,4,UPS® Ground
Philadelphia,Wilmington,MA,Size S,6.75,2,UPS® Ground
Philadelphia,Clermont,FL,Size S,7.45,2,UPS® Ground
Philadelphia,Abilene,TX,Size S,8.62,3,UPS® Ground
Philadelphia,Brick,NJ,Size S,6.26,1,UPS® Ground
Philadelphia,Bentonville,AR,Size S,8.36,3,UPS® Ground
Philadelphia,Bogart,GA,Size S,7.45,2,UPS® Ground
Philadelphia,Boston,MA,Size S,6.75,2,UPS® Ground
Philadelphia,Buffalo,NY,Size S,6.58,2,UPS® Ground
Philadelphia,Cary,NC,Size S,6.84,2,UPS® Ground
Philadelphia,Dallas,GA,Size S,7.45,2,UPS® Ground
Philadelphia,Doylestown,PA,Size S,6.26,1,UPS® Ground
Philadelphia,Eugene,OR,Size S,9.16,4,UPS® Ground
Philadelphia,Edmond,OK,Size S,8.36,3,UPS® Ground
Philadelphia,Forney,TX,Size S,8.45,3,UPS® Ground
Philadelphia,Fuquay Varina,NC,Size S,6.67,2,UPS® Ground
Philadelphia,Glendora,CA,Size S,9.25,4,UPS® Ground
Philadelphia,Henrico,VA,Size S,6.58,1,UPS® Ground
Philadelphia,Hockessin,DE,Size S,6.65,1,UPS® Ground
Philadelphia,Holly Springs,NC,Size S,6.84,2,UPS® Ground
Philadelphia,Irvine,CA,Size S,9.25,4,UPS® Ground
Philadelphia,Lakeland,FL,Size S,7.36,2,UPS® Ground
Philadelphia,Lawrence,KS,Size S,8.36,3,UPS® Ground
Philadelphia,League City,TX,Size S,8.36,3,UPS® Ground
Philadelphia,Mansfield,TX,Size S,8.36,3,UPS® Ground
Philadelphia,Madison,WI,Size S,7.36,2,UPS® Ground
Philadelphia,McKinney,TX,Size S,8.45,3,UPS® Ground
Philadelphia,Mentor,OH,Size S,6.67,2,UPS® Ground
Philadelphia,Mount Airy,MD,Size S,6.65,1,UPS® Ground
Philadelphia,Norfolk,VA,Size S,6.75,1,UPS® Ground
Philadelphia,Nampa,ID,Size S,9.25,3,UPS® Ground
Philadelphia,Noblesville,IN,Size S,6.84,2,UPS® Ground
Philadelphia,Orland Park,IL,Size S,7.45,2,UPS® Ground
Philadelphia,Palm Harbor,FL,Size S,7.45,2,UPS® Ground
Philadelphia,Petaluma,CA,Size S,9.25,4,UPS® Ground
Philadelphia,Placentia,CA,Size S,9.25,4,UPS® Ground
Philadelphia,Prescott,AZ,Size S,9.25,3,UPS® Ground
Philadelphia,Richardson,TX,Size S,8.45,3,UPS® Ground
Philadelphia,Roanoke,VA,Size S,6.84,2,UPS® Ground
Philadelphia,Richmond,TX,Size S,8.71,3,UPS® Ground
Philadelphia,Sanford,ME,Size S,6.84,2,UPS® Ground
Philadelphia,Seminole,FL,Size S,7.36,2,UPS® Ground
Philadelphia,Sheridan,WY,Size S,8.71,4,UPS® Ground
Philadelphia,Sparks,NV,Size S,9.25,3,UPS® Ground
Philadelphia,Traverse City,MI,Size S,7.45,2,UPS® Ground
Philadelphia,Tulsa,OK,Size S,8.45,2,UPS® Ground
Philadelphia,Wake Forest,NC,Size S,6.84,2,UPS® Ground
Philadelphia,Waterloo,SC,Size S,6.84,2,UPS® Ground
Philadelphia,Waukesha,WI,Size S,7.45,2,UPS® Ground
Philadelphia,Wichita,KS,Size S,8.45,3,UPS® Ground
Philadelphia,Winnsboro,TX,Size S,8.45,3,UPS® Ground
Philadelphia,Woodbury,MN,Size S,8.45,2,UPS® Ground
Philadelphia,Cumming,GA,Size S,7.36,2,UPS® Ground
Philadelphia,Muskegon,MI,Size S,7.45,2,UPS® Ground
Philadelphia,Akron,OH,Size S,6.67,2,UPS® Ground
Philadelphia,Albany,OR,Size S,9.25,4,UPS® Ground
Philadelphia,Alpharetta,GA,Size S,7.45,2,UPS® Ground
Philadelphia,Asheville,NC,Size S,6.67,2,UPS® Ground
Philadelphia,Bixby,OK,Size S,8.45,2,UPS® Ground
Philadelphia,Boulder,CO,Size S,8.62,3,UPS® Ground
Philadelphia,Bethlehem,PA,Size S,6.65,1,UPS® Ground
Philadelphia,Brenham,TX,Size S,8.45,3,UPS® Ground
Philadelphia,Broken Bow,OK,Size S,8.45,3,UPS® Ground
Philadelphia,Cape Coral,FL,Size S,7.45,2,UPS® Ground
Philadelphia,Chula Vista,CA,Size S,9.16,4,UPS® Ground
Philadelphia,Crawfordville,FL,Size S,7.45,2,UPS® Ground
Philadelphia,Cypress,TX,Size S,8.71,3,UPS® Ground
Philadelphia,Clearwater,FL,Size S,7.45,2,UPS® Ground
Philadelphia,Columbiana,AL,Size S,7.45,2,UPS® Ground
Philadelphia,Columbus,GA,Size S,7.45,2,UPS® Ground
Philadelphia,Commack,NY,Size S,6.75,1,UPS® Ground
Philadelphia,Dublin,CA,Size S,9.25,4,UPS® Ground
Philadelphia,Decatur,GA,Size S,7.45,2,UPS® Ground
Philadelphia,Deltona,FL,Size S,7.45,2,UPS® Ground
Philadelphia,Derry,NH,Size S,6.84,2,UPS® Ground
Philadelphia,Douglassville,PA,Size S,6.65,1,UPS® Ground
Philadelphia,Easton,PA,Size S,6.65,1,UPS® Ground
Philadelphia,El Paso,TX,Size S,9.25,4,UPS® Ground
Philadelphia,Escondido,CA,Size S,9.25,4,UPS® Ground
Philadelphia,Fairport,NY,Size S,6.75,2,UPS® Ground
Philadelphia,Flemington,NJ,Size S,6.65,1,UPS® Ground
Philadelphia,Florence,SC,Size S,6.84,2,UPS® Ground
Philadelphia,Fort Lauderdale,FL,Size S,8.45,2,UPS® Ground
Philadelphia,Frisco,TX,Size S,8.36,3,UPS® Ground
Philadelphia,Goodyear,AZ,Size S,9.25,3,UPS® Ground
Philadelphia,Gays Mills,WI,Size S,7.45,3,UPS® Ground
Philadelphia,Grafton,WI,Size S,7.36,2,UPS® Ground
Philadelphia,Green Cove Springs,FL,Size S,7.45,2,UPS® Ground
Philadelphia,Greensburg,PA,Size S,6.75,1,UPS® Ground
Philadelphia,Honolulu,HI,Size S,30.87,5,UPS® Ground
Philadelphia,Humble,TX,Size S,8.45,3,UPS® Ground
Philadelphia,Huntington,NY,Size S,6.75,1,UPS® Ground
Philadelphia,Idaho Falls,ID,Size S,9.25,3,UPS® Ground
Philadelphia,Jackson,TN,Size S,7.45,2,UPS® Ground
Philadelphia,Jacksonville,NC,Size S,6.84,2,UPS® Ground
Philadelphia,Jenkintown,PA,Size S,6.65,1,UPS® Ground
Philadelphia,Johnson City,TN,Size S,6.84,2,UPS® Ground
Philadelphia,Kingwood,TX,Size S,8.45,3,UPS® Ground
Philadelphia,Lansing,MI,Size S,6.84,2,UPS® Ground
Philadelphia,Lapeer,MI,Size S,6.84,2,UPS® Ground
Philadelphia,Lawrenceville,GA,Size S,7.45,2,UPS® Ground
Philadelphia,Lexington,NC,Size S,6.84,2,UPS® Ground
Philadelphia,Lubbock,TX,Size S,8.71,3,UPS® Ground
Philadelphia,Medina,OH,Size S,6.84,2,UPS® Ground
Philadelphia,Macomb,MI,Size S,6.84,2,UPS® Ground
Philadelphia,Magnolia,TX,Size S,8.45,3,UPS® Ground
Philadelphia,Martinsburg,WV,Size S,6.75,1,UPS® Ground
Philadelphia,Meridian,ID,Size S,9.25,3,UPS® Ground
Philadelphia,Mobile,AL,Size S,7.36,2,UPS® Ground
Philadelphia,Morrison,CO,Size S,8.71,3,UPS® Ground
Philadelphia,Napa,CA,Size S,9.25,4,UPS® Ground
Philadelphia,New Braunfels,TX,Size S,8.71,3,UPS® Ground
Philadelphia,New Lenox,IL,Size S,7.45,2,UPS® Ground
Philadelphia,New Orleans,LA,Size S,8.45,3,UPS® Ground
Philadelphia,Newark,DE,Size S,6.65,1,UPS® Ground
Philadelphia,Oakland,CA,Size S,9.16,4,UPS® Ground
Philadelphia,Owasso,OK,Size S,8.45,2,UPS® Ground
Philadelphia,Overland Park,KS,Size S,8.45,3,UPS® Ground
Philadelphia,Panama City,FL,Size S,7.45,2,UPS® Ground
Philadelphia,Panama City Beach,FL,Size S,7.36,2,UPS® Ground
Philadelphia,Patchogue,NY,Size S,6.75,1,UPS® Ground
Philadelphia,Port Clinton,OH,Size S,6.84,2,UPS® Ground
Philadelphia,Paducah,KY,Size S,7.45,2,UPS® Ground
Philadelphia,Palmetto,FL,Size S,7.45,2,UPS® Ground
Philadelphia,Pearland,TX,Size S,8.36,3,UPS® Ground
Philadelphia,Pella,IA,Size S,7.45,2,UPS® Ground
Philadelphia,Pittsford,NY,Size S,6.75,2,UPS® Ground
Philadelphia,Port Orange,FL,Size S,7.45,2,UPS® Ground
Philadelphia,Ravenna,OH,Size S,6.84,2,UPS® Ground
Philadelphia,Roaming Shores,OH,Size S,6.84,2,UPS® Ground
Philadelphia,Richmond Hill,GA,Size S,7.45,2,UPS® Ground
Philadelphia,Riverview,FL,Size S,7.45,2,UPS® Ground
Philadelphia,Rochester,MN,Size S,7.45,2,UPS® Ground
Philadelphia,Round Rock,TX,Size S,8.71,3,UPS® Ground
Philadelphia,Saint Petersburg,FL,Size S,7.36,2,UPS® Ground
Philadelphia,San Leandro,CA,Size S,9.25,4,UPS® Ground
Philadelphia,Southington,CT,Size S,6.75,1,UPS® Ground
Philadelphia,Spartanburg,SC,Size S,6.84,2,UPS® Ground
Philadelphia,Surprise,AZ,Size S,9.16,3,UPS® Ground
Philadelphia,Santa Barbara,CA,Size S,9.16,4,UPS® Ground
Philadelphia,Shelton,CT,Size S,6.75,1,UPS® Ground
Philadelphia,Spring Branch,TX,Size S,8.71,3,UPS® Ground
Philadelphia,St. Louis,MO,Size S,7.45,2,UPS® Ground
Philadelphia,Stroudsburg,PA,Size S,6.26,1,UPS® Ground
Philadelphia,Sunapee,NH,Size S,6.75,2,UPS® Ground
Philadelphia,Swedesboro,NJ,Size S,6.65,1,UPS® Ground
Philadelphia,Syracuse,NY,Size S,6.75,2,UPS® Ground
Philadelphia,Tomball,TX,Size S,8.45,3,UPS® Ground
Philadelphia,Topeka,KS,Size S,8.45,3,UPS® Ground
Philadelphia,Tuscaloosa,AL,Size S,7.45,2,UPS® Ground
Philadelphia,Terre Haute,IN,Size S,7.45,2,UPS® Ground
Philadelphia,Tinley Park,IL,Size S,7.45,2,UPS® Ground
Philadelphia,Toms River,NJ,Size S,6.65,1,UPS® Ground
Philadelphia,Tulare,CA,Size S,9.25,4,UPS® Ground
Philadelphia,Vienna,VA,Size S,6.65,1,UPS® Ground
Philadelphia,Walnut Creek,CA,Size S,9.25,4,UPS® Ground
Philadelphia,Wayne,NJ,Size S,6.26,1,UPS® Ground
Philadelphia,Waynesboro,VA,Size S,6.75,1,UPS® Ground
Philadelphia,West Sacramento,CA,Size S,9.25,4,UPS® Ground
Philadelphia,Yuba City,CA,Size S,9.25,4,UPS® Ground
Philadelphia,Zachary,LA,Size S,8.36,3,UPS® Ground
Philadelphia,Buford,GA,Size S,7.45,2,UPS® Ground
Philadelphia,Modesto,CA,Size S,9.25,4,UPS® Ground
Philadelphia,Winter Park,FL,Size S,7.45,2,UPS® Ground
Philadelphia,Antioch,IL,Size S,7.45,2,UPS® Ground
Philadelphia,Algonquin,IL,Size S,7.45,2,UPS® Ground
Philadelphia,Allen,TX,Size S,8.45,3,UPS® Ground
Philadelphia,Ames,IA,Size S,8.45,2,UPS® Ground
Philadelphia,Anaheim,CA,Size S,9.25,4,UPS® Ground
Philadelphia,Aptos,CA,Size S,9.25,4,UPS® Ground
Philadelphia,Astoria,NY,Size S,6.65,1,UPS® Ground
Philadelphia,Bloomington,IN,Size S,7.45,2,UPS® Ground
Philadelphia,Bremerton,WA,Size S,9.25,4,UPS® Ground
Philadelphia,Brunswick,OH,Size S,6.84,2,UPS® Ground
Philadelphia,Burke,VA,Size S,6.65,1,UPS® Ground
Philadelphia,Bedford,IN,Size S,7.45,2,UPS® Ground
Philadelphia,Benton,LA,Size S,8.45,3,UPS® Ground
Philadelphia,Billings,MT,Size S,8.71,4,UPS® Ground
Philadelphia,Birdsboro,PA,Size S,6.65,1,UPS® Ground
Philadelphia,Bothell,WA,Size S,9.25,4,UPS® Ground
Philadelphia,Bowie,MD,Size S,6.65,1,UPS® Ground
Philadelphia,Brentwood,TN,Size S,7.36,2,UPS® Ground
Philadelphia,Bronx,NY,Size S,6.65,1,UPS® Ground
Philadelphia,Brookfield,WI,Size S,7.45,2,UPS® Ground
Philadelphia,Canton,OH,Size S,6.84,2,UPS® Ground
Philadelphia,Celina,TX,Size S,8.45,3,UPS® Ground
Philadelphia,Chapel Hill,NC,Size S,6.84,2,UPS® Ground
Philadelphia,Claremore,OK,Size S,8.45,2,UPS® Ground
Philadelphia,Clovis,CA,Size S,9.25,4,UPS® Ground
Philadelphia,Cocoa,FL,Size S,7.36,2,UPS® Ground
Philadelphia,Callahan,FL,Size S,7.45,2,UPS® Ground
Philadelphia,Carmel,IN,Size S,6.84,2,UPS® Ground
Philadelphia,Cedar Park,TX,Size S,8.71,3,UPS® Ground
Philadelphia,Centennial,CO,Size S,8.71,3,UPS® Ground
Philadelphia,Centerville,MA,Size S,6.75,2,UPS® Ground
Philadelphia,Charleston,SC,Size S,6.84,2,UPS® Ground
Philadelphia,Charlottesville,VA,Size S,6.58,1,UPS® Ground
Philadelphia,Clarkesville,GA,Size S,7.45,2,UPS® Ground
Philadelphia,Clayton,NC,Size S,6.84,2,UPS® Ground
Philadelphia,Clifton,NJ,Size S,6.65,1,UPS® Ground
Philadelphia,Collinsville,OK,Size S,8.45,2,UPS® Ground
Philadelphia,Columbia,TN,Size S,7.45,2,UPS® Ground
Philadelphia,Concord,NC,Size S,6.67,2,UPS® Ground
Philadelphia,Cookeville,TN,Size S,7.45,2,UPS® Ground
Philadelphia,Corpus Christi,TX,Size S,8.71,3,UPS® Ground
Philadelphia,Corrales,NM,Size S,8.71,4,UPS® Ground
Philadelphia,Corydon,IN,Size S,7.45,2,UPS® Ground
Philadelphia,Cranston,RI,Size S,6.75,2,UPS® Ground
Philadelphia,Dekalb,IL,Size S,7.45,2,UPS® Ground
Philadelphia,Delaware,OH,Size S,6.84,2,UPS® Ground
Philadelphia,Delmar,NY,Size S,6.75,1,UPS® Ground
Philadelphia,Des Moines,IA,Size S,7.36,2,UPS® Ground
Philadelphia,Dickson,TN,Size S,7.45,2,UPS® Ground
Philadelphia,Downers Grove,IL,Size S,7.45,2,UPS® Ground
Philadelphia,Dripping Springs,TX,Size S,8.71,3,UPS® Ground
Philadelphia,Eustis,FL,Size S,7.45,2,UPS® Ground
Philadelphia,East Hampton,NY,Size S,6.75,1,UPS® Ground
Philadelphia,Fenton,MO,Size S,7.45,2,UPS® Ground
Philadelphia,Fayetteville,AR,Size S,8.36,3,UPS® Ground
Philadelphia,Flower Mound,TX,Size S,8.45,3,UPS® Ground
Philadelphia,Franklin,OH,Size S,6.84,2,UPS® Ground
Philadelphia,Friendswood,TX,Size S,8.45,3,UPS® Ground
Philadelphia,Gainesville,FL,Size S,7.45,2,UPS® Ground
Philadelphia,Gainesville,GA,Size S,7.45,2,UPS® Ground
Philadelphia,Glendale,CA,Size S,9.25,4,UPS® Ground
Philadelphia,Greenville,SC,Size S,6.84,2,UPS® Ground
Philadelphia,Greenville,MI,Size S,6.84,2,UPS® Ground
Philadelphia,Gaithersburg,MD,Size S,6.75,1,UPS® Ground
Philadelphia,Garner,NC,Size S,6.67,2,UPS® Ground
Philadelphia,Gastonia,NC,Size S,6.84,2,UPS® Ground
Philadelphia,Granada Hills,CA,Size S,9.25,4,UPS® Ground
Philadelphia,Granbury,TX,Size S,8.45,3,UPS® Ground
Philadelphia,Griffin,GA,Size S,7.45,2,UPS® Ground
Philadelphia,Harpers Ferry,WV,Size S,6.75,1,UPS® Ground
Philadelphia,Haverhill,MA,Size S,6.75,2,UPS® Ground
Philadelphia,Hayward,CA,Size S,9.25,4,UPS® Ground
Philadelphia,Herriman,UT,Size S,9.25,3,UPS® Ground
Philadelphia,Hillsboro,OR,Size S,9.25,4,UPS® Ground
Philadelphia,Hoboken,NJ,Size S,6.65,1,UPS® Ground
Philadelphia,Huntley,IL,Size S,7.45,2,UPS® Ground
Philadelphia,Hagerstown,MD,Size S,6.65,1,UPS® Ground
Philadelphia,Hamilton,OH,Size S,6.67,2,UPS® Ground
Philadelphia,Harrisburg,PA,Size S,6.65,1,UPS® Ground
Philadelphia,Hendersonville,NC,Size S,6.84,2,UPS® Ground
Philadelphia,Hendersonville,TN,Size S,7.45,2,UPS® Ground
Philadelphia,Holland,MI,Size S,7.45,2,UPS® Ground
Philadelphia,Indian Trail,NC,Size S,6.84,2,UPS® Ground
Philadelphia,Jersey City,NJ,Size S,6.65,1,UPS® Ground
Philadelphia,Johnstown,PA,Size S,6.75,1,UPS® Ground
Philadelphia,Kalamazoo,MI,Size S,6.84,2,UPS® Ground
Philadelphia,Keatchie,LA,Size S,8.45,4,UPS® Ground
Philadelphia,Kennewick,WA,Size S,9.16,4,UPS® Ground
Philadelphia,Kingsport,TN,Size S,6.84,2,UPS® Ground
Philadelphia,Lake Elsinore,CA,Size S,9.25,4,UPS® Ground
Philadelphia,Lebanon,OH,Size S,6.84,2,UPS® Ground
Philadelphia,Little Rock,AR,Size S,8.36,3,UPS® Ground
Philadelphia,Livonia,MI,Size S,6.84,2,UPS® Ground
Philadelphia,Los Alamos,NM,Size S,8.71,4,UPS® Ground
Philadelphia,Loveland,CO,Size S,8.71,3,UPS® Ground
Philadelphia,La Mesa,CA,Size S,9.25,4,UPS® Ground
Philadelphia,La Quinta,CA,Size S,9.25,4,UPS® Ground
Philadelphia,Lake Oswego,OR,Size S,9.16,4,UPS® Ground
Philadelphia,Lake Saint Louis,MO,Size S,7.45,2,UPS® Ground
Philadelphia,Lake in the Hills,IL,Size S,7.45,2,UPS® Ground
Philadelphia,Lakeway,TX,Size S,8.62,3,UPS® Ground
Philadelphia,Lancaster,NY,Size S,6.58,2,UPS® Ground
Philadelphia,Leander,TX,Size S,8.71,3,UPS® Ground
Philadelphia,Lees Summit,MO,Size S,8.45,3,UPS® Ground
Philadelphia,Lenoir,NC,Size S,6.84,2,UPS® Ground
Philadelphia,Lewis Center,OH,Size S,6.84,2,UPS® Ground
Philadelphia,Lexington,IN,Size S,7.45,2,UPS® Ground
Philadelphia,Lodi,CA,Size S,9.25,4,UPS® Ground
Philadelphia,Lynden,WA,Size S,9.25,4,UPS® Ground
Philadelphia,Methuen,MA,Size S,6.75,2,UPS® Ground
Philadelphia,Milford,CT,Size S,6.75,1,UPS® Ground
Philadelphia,Mineola,TX,Size S,8.45,3,UPS® Ground
Philadelphia,Missoula,MT,Size S,9.16,4,UPS® Ground
Philadelphia,Mansfield,OH,Size S,6.84,2,UPS® Ground
Philadelphia,McDonough,GA,Size S,7.45,2,UPS® Ground
Philadelphia,Merritt Island,FL,Size S,7.45,2,UPS® Ground
Philadelphia,Midlothian,VA,Size S,6.75,1,UPS® Ground
Philadelphia,Millington,TN,Size S,7.45,2,UPS® Ground
Philadelphia,Milton,FL,Size S,7.45,2,UPS® Ground
Philadelphia,Moab,UT,Size S,9.16,4,UPS® Ground
Philadelphia,Monroe,NC,Size S,6.67,2,UPS® Ground
Philadelphia,Mooresville,IN,Size S,7.45,2,UPS® Ground
Philadelphia,Morganton,NC,Size S,6.67,2,UPS® Ground
Philadelphia,Murfreesboro,TN,Size S,7.45,2,UPS® Ground
Philadelphia,Newburgh,NY,Size S,6.65,1,UPS® Ground
Philadelphia,Navarre,FL,Size S,7.45,2,UPS® Ground
Philadelphia,New Market,AL,Size S,7.45,2,UPS® Ground
Philadelphia,Newnan,GA,Size S,7.45,2,UPS® Ground
Philadelphia,Norman,OK,Size S,8.45,3,UPS® Ground
Philadelphia,Novi,MI,Size S,6.84,2,UPS® Ground
Philadelphia,Ormond Beach,FL,Size S,7.45,2,UPS® Ground
Philadelphia,Owensboro,KY,Size S,7.36,2,UPS® Ground
Philadelphia,Oconto,WI,Size S,7.45,2,UPS® Ground
Philadelphia,Old Bridge,NJ,Size S,6.65,1,UPS® Ground
Philadelphia,Olympia,WA,Size S,9.16,4,UPS® Ground
Philadelphia,Oregon City,OR,Size S,9.25,4,UPS® Ground
Philadelphia,Oxford,MI,Size S,6.84,2,UPS® Ground
Philadelphia,Peachtree City,GA,Size S,7.45,2,UPS® Ground
Philadelphia,Pleasanton,CA,Size S,9.16,4,UPS® Ground
Philadelphia,Poughkeepsie,NY,Size S,6.65,1,UPS® Ground
Philadelphia,Pagosa Springs,CO,Size S,8.71,4,UPS® Ground
Philadelphia,Pasadena,CA,Size S,9.16,4,UPS® Ground
Philadelphia,Pasadena,TX,Size S,8.45,3,UPS® Ground
Philadelphia,Pasco,WA,Size S,9.16,4,UPS® Ground
Philadelphia,Pawtucket,RI,Size S,6.75,2,UPS® Ground
Philadelphia,Pembroke,MA,Size S,6.75,2,UPS® Ground
Philadelphia,Perrysburg,OH,Size S,6.84,2,UPS® Ground
Philadelphia,Plant City,FL,Size S,7.45,2,UPS® Ground
Philadelphia,Port Orchard,WA,Size S,9.25,4,UPS® Ground
Philadelphia,Prescott Valley,AZ,Size S,9.16,3,UPS® Ground
Philadelphia,Princeton,NJ,Size S,6.26,1,UPS® Ground
Philadelphia,Quincy,MA,Size S,6.75,2,UPS® Ground
Philadelphia,Redwood City,CA,Size S,9.25,4,UPS® Ground
Philadelphia,Rohnert Park,CA,Size S,9.25,4,UPS® Ground
Philadelphia,Rigby,ID,Size S,9.25,5,UPS® Ground
Philadelphia,Ripon,WI,Size S,7.45,2,UPS® Ground
Philadelphia,Rogers,AR,Size S,8.45,3,UPS® Ground
Philadelphia,Rowlett,TX,Size S,8.45,3,UPS® Ground
Philadelphia,Rydal,PA,Size S,6.65,1,UPS® Ground
Philadelphia,Shepherdsville,KY,Size S,7.45,2,UPS® Ground
Philadelphia,Shreveport,LA,Size S,8.36,3,UPS® Ground
Philadelphia,Stamford,CT,Size S,6.65,1,UPS® Ground
Philadelphia,Salt Lake City,UT,Size S,9.16,3,UPS® Ground
Philadelphia,Sanford,NC,Size S,6.84,2,UPS® Ground
Philadelphia,Santa Ana,CA,Size S,9.16,4,UPS® Ground
Philadelphia,Santa Cruz,CA,Size S,9.25,4,UPS® Ground
Philadelphia,Santa Fe,NM,Size S,8.62,4,UPS® Ground
Philadelphia,Sarver,PA,Size S,6.75,1,UPS® Ground
Philadelphia,Schenectady,NY,Size S,6.58,1,UPS® Ground
Philadelphia,Sierra Vista,AZ,Size S,9.25,3,UPS® Ground
Philadelphia,Silver Spring,MD,Size S,6.65,1,UPS® Ground
Philadelphia,South Jordan,UT,Size S,9.16,3,UPS® Ground
Philadelphia,Springfield,MO,Size S,7.45,3,UPS® Ground
Philadelphia,Summerville,SC,Size S,6.67,2,UPS® Ground
Philadelphia,Sumter,SC,Size S,6.67,2,UPS® Ground
Philadelphia,Sun City,AZ,Size S,9.16,3,UPS® Ground
Philadelphia,Syosset,NY,Size S,6.75,1,UPS® Ground
Philadelphia,Taunton,MA,Size S,6.58,2,UPS® Ground
Philadelphia,Texarkana,TX,Size S,8.45,3,UPS® Ground
Philadelphia,Toledo,OH,Size S,6.84,2,UPS® Ground
Philadelphia,Urbana,OH,Size S,6.84,2,UPS® Ground
Philadelphia,Valparaiso,IN,Size S,7.36,2,UPS® Ground
Philadelphia,Waco,TX,Size S,8.45,3,UPS® Ground
Philadelphia,West Lafayette,IN,Size S,7.45,2,UPS® Ground
Philadelphia,Winter Garden,FL,Size S,7.45,2,UPS® Ground
Philadelphia,Winter Haven,FL,Size S,7.45,2,UPS® Ground
Philadelphia,Wylie,TX,Size S,8.45,3,UPS® Ground
Philadelphia,Waldorf,MD,Size S,6.65,1,UPS® Ground
Philadelphia,Wesley Chapel,FL,Size S,7.36,2,UPS® Ground
Philadelphia,West Palm Beach,FL,Size S,8.36,2,UPS® Ground
Philadelphia,Williamsburg,VA,Size S,6.75,1,UPS® Ground
Philadelphia,Woodbridge,VA,Size S,6.65,1,UPS® Ground
Philadelphia,Woodside,CA,Size S,9.25,4,UPS® Ground
Philadelphia,Yorba Linda,CA,Size S,9.25,4,UPS® Ground
Philadelphia,Queens Village,NY,Size S,6.75,1,UPS® Ground
Dallas,Brooklyn,NY,Size S,8.36,3,UPS® Ground
Dallas,Phoenix,AZ,Size S,8.45,3,UPS® Ground
Dallas,Houston,TX,Size S,6.75,1,UPS® Ground
Dallas,San Antonio,TX,Size S,6.84,1,UPS® Ground
Dallas,Jacksonville,FL,Size S,7.45,2,UPS® Ground
Dallas,Chicago,IL,Size S,7.45,2,UPS® Ground
Dallas,Dallas,TX,Size S,6.65,1,UPS® Ground
Dallas,Wilmington,DE,Size S,8.45,3,UPS® Ground
Dallas,Austin,TX,Size S,6.75,1,UPS® Ground
Dallas,Canton,OH,Size S,8.45,3,UPS® Ground
Dallas,Charlotte,NC,Size S,7.45,3,UPS® Ground
Dallas,New York,NY,Size S,8.45,3,UPS® Ground
Dallas,Atlanta,GA,Size S,7.45,2,UPS® Ground
Dallas,Franklin,TN,Size S,7.45,2,UPS® Ground
Dallas,Lexington,KY,Size S,7.45,3,UPS® Ground
Dallas,Orlando,FL,Size S,8.45,2,UPS® Ground
Dallas,Rochester,NY,Size S,8.45,4,UPS® Ground
Dallas,Las Vegas,NV,Size S,8.71,3,UPS® Ground
Dallas,Louisville,KY,Size S,7.45,3,UPS® Ground
Dallas,Marietta,GA,Size S,7.45,2,UPS® Ground
Dallas,Colorado Springs,CO,Size S,7.45,2,UPS® Ground
Dallas,Columbus,OH,Size S,7.45,3,UPS® Ground
Dallas,Marble Falls,TX,Size S,6.75,1,UPS® Ground
Dallas,Tampa,FL,Size S,7.45,2,UPS® Ground
Dallas,San Diego,CA,Size S,8.45,3,UPS® Ground
Dallas,Columbia,SC,Size S,7.45,2,UPS® Ground
Dallas,Greenville,SC,Size S,7.45,2,UPS® Ground
Dallas,Lebanon,TN,Size S,7.45,2,UPS® Ground
Dallas,Salem,OR,Size S,8.71,4,UPS® Ground
Dallas,Cleveland,OH,Size S,8.45,3,UPS® Ground
Dallas,Denver,CO,Size S,7.45,2,UPS® Ground
Dallas,Omaha,NE,Size S,7.45,2,UPS® Ground
Dallas,Portland,OR,Size S,8.71,4,UPS® Ground
Dallas,Raleigh,NC,Size S,8.45,3,UPS® Ground
Dallas,Richmond,VA,Size S,8.45,3,UPS® Ground
Dallas,Jackson,MS,Size S,6.84,2,UPS® Ground
Dallas,Albany,NY,Size S,8.71,4,UPS® Ground
Dallas,Fort Worth,TX,Size S,6.65,1,UPS® Ground
Dallas,Oklahoma City,OK,Size S,6.75,1,UPS® Ground
Dallas,Chesapeake,VA,Size S,8.45,3,UPS® Ground
Dallas,Miami,FL,Size S,8.71,3,UPS® Ground
Dallas,Milford,CT,Size S,8.71,3,UPS® Ground
Dallas,Pittsburgh,PA,Size S,8.45,3,UPS® Ground
Dallas,San Francisco,CA,Size S,8.71,3,UPS® Ground
Dallas,San Jose,CA,Size S,8.71,3,UPS® Ground
Dallas,Tucson,AZ,Size S,7.45,3,UPS® Ground
Dallas,Virginia Beach,VA,Size S,8.45,3,UPS® Ground
Dallas,Albuquerque,NM,Size S,7.45,2,UPS® Ground
Dallas,Gilbert,AZ,Size S,8.45,3,UPS® Ground
Dallas,Springfield,IL,Size S,7.45,2,UPS® Ground
Dallas,Alexandria,VA,Size S,8.45,3,UPS® Ground
Dallas,Kansas City,MO,Size S,6.84,2,UPS® Ground
Dallas,Knoxville,TN,Size S,7.45,2,UPS® Ground
Dallas,Lakewood,CO,Size S,7.45,2,UPS® Ground
Dallas,Nashville,TN,Size S,7.45,2,UPS® Ground
Dallas,Saint Louis,MO,Size S,6.84,2,UPS® Ground
Dallas,Seattle,WA,Size S,8.71,4,UPS® Ground
Dallas,Arlington,TX,Size S,6.26,1,UPS® Ground
Dallas,Aurora,CO,Size S,7.36,2,UPS® Ground
Dallas,Boise,ID,Size S,8.36,4,UPS® Ground
Dallas,Indianapolis,IN,Size S,7.36,3,UPS® Ground
Dallas,Naples,CO,Size S,7.45,,UPS® Ground
Dallas,Reno,NV,Size S,8.36,4,UPS® Ground
Dallas,Riverside,CA,Size S,8.36,3,UPS® Ground
Dallas,Bismarck,ND,Size S,7.36,3,UPS® Ground
Dallas,Fresno,TX,Size S,6.75,1,UPS® Ground
Dallas,Lincoln,RI,Size S,8.62,3,UPS® Ground
Dallas,Los Angeles,CA,Size S,8.36,3,UPS® Ground
Dallas,Mansfield,MA,Size S,8.71,3,UPS® Ground
Dallas,Milwaukee,WI,Size S,7.45,3,UPS® Ground
Dallas,Madison,IN,Size S,7.36,3,UPS® Ground
Dallas,Mesa,AZ,Size S,8.45,3,UPS® Ground
Dallas,Monroe,NC,Size S,7.36,3,UPS® Ground
Dallas,Philadelphia,PA,Size S,8.36,3,UPS® Ground
Dallas,Staten Island,NY,Size S,8.36,3,UPS® Ground
Dallas,Washington,DC,Size S,8.36,3,UPS® Ground
Dallas,Baltimore,MD,Size S,8.36,3,UPS® Ground
Dallas,Decatur,IL,Size S,7.36,3,UPS® Ground
Dallas,Durham,NC,Size S,8.36,3,UPS® Ground
Dallas,Fayetteville,AR,Size S,6.67,2,UPS® Ground
Dallas,Glendale,AZ,Size S,8.36,3,UPS® Ground
Dallas,Midland,GA,Size S,7.45,2,UPS® Ground
Dallas,Scottsdale,AZ,Size S,8.36,3,UPS® Ground
Dallas,Woodstock,GA,Size S,7.36,2,UPS® Ground
Dallas,Chandler,AZ,Size S,8.36,3,UPS® Ground
Dallas,Cincinnati,OH,Size S,7.36,3,UPS® Ground
Dallas,Covington,LA,Size S,6.67,2,UPS® Ground
Dallas,Fort Myers,FL,Size S,7.36,3,UPS® Ground
Dallas,Greensboro,NC,Size S,7.36,3,UPS® Ground
Dallas,Henderson,TX,Size S,6.65,1,UPS® Ground
Dallas,Hamilton,MI,Size S,7.45,3,UPS® Ground
Dallas,Lewisburg,PA,Size S,8.45,3,UPS® Ground
Dallas,Littleton,CO,Size S,7.36,2,UPS® Ground
Dallas,Mount Pleasant,SC,Size S,7.36,2,UPS® Ground
Dallas,Pasadena,MD,Size S,8.36,3,UPS® Ground
Dallas,Plano,TX,Size S,6.26,1,UPS® Ground
Dallas,Sanford,NC,Size S,8.36,3,UPS® Ground
Dallas,Wayne,ME,Size S,8.71,3,UPS® Ground
Dallas,Ashland,PA,Size S,8.45,3,UPS® Ground
Dallas,Burlington,WI,Size S,7.36,3,UPS® Ground
Dallas,Centerville,IA,Size S,7.45,2,UPS® Ground
Dallas,Clayton,NC,Size S,8.36,3,UPS® Ground
Dallas,Encinitas,CA,Size S,8.36,3,UPS® Ground
Dallas,Fort Collins,CO,Size S,7.36,2,UPS® Ground
Dallas,Golden,CO,Size S,7.36,2,UPS® Ground
Dallas,Hudson,NC,Size S,7.36,3,UPS® Ground
Dallas,Katy,TX,Size S,6.58,1,UPS® Ground
Dallas,Lancaster,SC,Size S,7.36,2,UPS® Ground
Dallas,Newark,NJ,Size S,8.36,3,UPS® Ground
Dallas,Parker,CO,Size S,7.36,2,UPS® Ground
Dallas,Plymouth,MA,Size S,8.62,3,UPS® Ground
Dallas,Rancho Cucamonga,CA,Size S,8.62,3,UPS® Ground
Dallas,Rockville,MD,Size S,8.36,3,UPS® Ground
Dallas,Sacramento,CA,Size S,8.71,3,UPS® Ground
Dallas,Tallahassee,FL,Size S,7.36,2,UPS® Ground
Dallas,The Villages,FL,Size S,7.36,2,UPS® Ground
Dallas,Westfield,IN,Size S,7.36,3,UPS® Ground
Dallas,Waterloo,IA,Size S,7.36,2,UPS® Ground
Dallas,West Chester,PA,Size S,8.36,3,UPS® Ground
Dallas,Bend,OR,Size S,8.62,4,UPS® Ground
Dallas,Amarillo,TX,Size S,6.84,2,UPS® Ground
Dallas,Auburn,MA,Size S,8.62,3,UPS® Ground
Dallas,Bakersfield,CA,Size S,8.36,3,UPS® Ground
Dallas,Boca Raton,FL,Size S,8.36,3,UPS® Ground
Dallas,Benton,LA,Size S,6.75,1,UPS® Ground
Dallas,Bradenton,FL,Size S,7.36,3,UPS® Ground
Dallas,Dayton,OH,Size S,7.36,3,UPS® Ground
Dallas,Duluth,MN,Size S,8.45,2,UPS® Ground
Dallas,Englewood,CO,Size S,7.36,2,UPS® Ground
Dallas,Fort Wayne,IN,Size S,7.36,3,UPS® Ground
Dallas,Frederick,MD,Size S,8.36,3,UPS® Ground
Dallas,Fredericksburg,VA,Size S,8.36,3,UPS® Ground
Dallas,Gainesville,FL,Size S,7.36,2,UPS® Ground
Dallas,Grand Rapids,MI,Size S,7.36,3,UPS® Ground
Dallas,Green Bay,WI,Size S,7.36,3,UPS® Ground
Dallas,Morgantown,WV,Size S,8.36,3,UPS® Ground
Dallas,Pensacola,FL,Size S,7.36,2,UPS® Ground
Dallas,Princeton,MA,Size S,8.62,3,UPS® Ground
Dallas,Peoria,AZ,Size S,8.36,3,UPS® Ground
Dallas,Saint Paul,MN,Size S,7.36,2,UPS® Ground
Dallas,Savannah,GA,Size S,7.36,2,UPS® Ground
Dallas,Seaford,NY,Size S,8.71,3,UPS® Ground
Dallas,Seymour,IN,Size S,7.36,3,UPS® Ground
Dallas,Spokane,WA,Size S,8.62,4,UPS® Ground
Dallas,Windsor,CO,Size S,7.36,2,UPS® Ground
Dallas,Winston-Salem,NC,Size S,7.36,3,UPS® Ground
Dallas,Worcester,MA,Size S,8.62,3,UPS® Ground
Dallas,York,PA,Size S,8.36,3,UPS® Ground
Dallas,Antioch,TN,Size S,7.45,2,UPS® Ground
Dallas,Athens,GA,Size S,7.36,2,UPS® Ground
Dallas,Corona,CA,Size S,8.36,3,UPS® Ground
Dallas,Fairfield,CA,Size S,8.62,3,UPS® Ground
Dallas,Germantown,MD,Size S,8.45,3,UPS® Ground
Dallas,Hillsboro,OR,Size S,8.62,4,UPS® Ground
Dallas,Hope Mills,NC,Size S,7.45,3,UPS® Ground
Dallas,Hendersonville,NC,Size S,7.36,3,UPS® Ground
Dallas,Holly Springs,MS,Size S,6.67,2,UPS® Ground
Dallas,Homer,AK,Size S,30.87,4,UPS® Ground
Dallas,Laurel,MD,Size S,8.36,3,UPS® Ground
Dallas,Long Beach,CA,Size S,8.36,3,UPS® Ground
Dallas,Manteca,CA,Size S,9.16,3,UPS® Ground
Dallas,Maryville,TN,Size S,7.36,2,UPS® Ground
Dallas,Magnolia,MS,Size S,6.84,2,UPS® Ground
Dallas,Memphis,TN,Size S,6.67,2,UPS® Ground
Dallas,Milton,MA,Size S,8.62,3,UPS® Ground
Dallas,Montgomery,TX,Size S,6.58,1,UPS® Ground
Dallas,Myrtle Beach,SC,Size S,8.45,2,UPS® Ground
Dallas,New Market,AL,Size S,7.45,2,UPS® Ground
Dallas,Ocala,FL,Size S,7.36,2,UPS® Ground
Dallas,Olathe,KS,Size S,6.67,2,UPS® Ground
Dallas,Oxford,MI,Size S,7.36,3,UPS® Ground
Dallas,Palm Beach Gardens,FL,Size S,8.36,3,UPS® Ground
Dallas,Roseville,CA,Size S,8.62,3,UPS® Ground
Dallas,Roswell,GA,Size S,7.36,2,UPS® Ground
Dallas,Rockwall,TX,Size S,6.26,1,UPS® Ground
Dallas,Spring,TX,Size S,6.75,1,UPS® Ground
Dallas,Salisbury,MA,Size S,8.62,3,UPS® Ground
Dallas,Santa Rosa,CA,Size S,8.62,3,UPS® Ground
Dallas,Sarasota,FL,Size S,7.36,3,UPS® Ground
Dallas,Vancouver,WA,Size S,8.62,4,UPS® Ground
Dallas,Westminster,MD,Size S,8.36,3,UPS® Ground
Dallas,Canton,GA,Size S,7.45,2,UPS® Ground
Dallas,Columbia,MO,Size S,6.67,2,UPS® Ground
Dallas,Naples,FL,Size S,8.36,3,UPS® Ground
Dallas,Fresno,CA,Size S,8.36,3,UPS® Ground
Dallas,Cleveland,TN,Size S,6.84,2,UPS® Ground
Dallas,Henderson,NV,Size S,8.36,3,UPS® Ground
Dallas,Lincoln,NE,Size S,6.67,2,UPS® Ground
Dallas,Wilmington,NC,Size S,8.45,3,UPS® Ground
Dallas,Arvada,CO,Size S,7.45,2,UPS® Ground
Dallas,Anchorage,AK,Size S,30.87,4,UPS® Ground
Dallas,Birmingham,AL,Size S,6.84,2,UPS® Ground
Dallas,Bozeman,MT,Size S,8.45,3,UPS® Ground
Dallas,Conroe,TX,Size S,6.75,1,UPS® Ground
Dallas,Carmel Valley,CA,Size S,8.45,3,UPS® Ground
Dallas,Castle Rock,CO,Size S,7.45,2,UPS® Ground
Dallas,Cedar Rapids,IA,Size S,7.45,2,UPS® Ground
Dallas,Cooperstown,NY,Size S,8.36,4,UPS® Ground
Dallas,Deland,FL,Size S,7.36,2,UPS® Ground
Dallas,Fort Mill,SC,Size S,7.45,3,UPS® Ground
Dallas,Fargo,ND,Size S,7.45,3,UPS® Ground
Dallas,Glen Allen,VA,Size S,8.45,3,UPS® Ground
Dallas,Grand Junction,CO,Size S,7.45,2,UPS® Ground
Dallas,Highlands Ranch,CO,Size S,7.45,2,UPS® Ground
Dallas,Joliet,IL,Size S,7.45,2,UPS® Ground
Dallas,Kerrville,TX,Size S,6.84,2,UPS® Ground
Dallas,Longmont,CO,Size S,7.45,2,UPS® Ground
Dallas,Minneapolis,MN,Size S,7.36,2,UPS® Ground
Dallas,Naperville,IL,Size S,7.45,2,UPS® Ground
Dallas,Neosho,MO,Size S,6.84,2,UPS® Ground
Dallas,Puyallup,WA,Size S,8.71,4,UPS® Ground
Dallas,Queen Creek,AZ,Size S,7.45,3,UPS® Ground
Dallas,Saline,MI,Size S,7.45,3,UPS® Ground
Dallas,Sevierville,TN,Size S,7.45,2,UPS® Ground
Dallas,Sterling Heights,MI,Size S,7.45,3,UPS® Ground
Dallas,Thornton,CO,Size S,7.45,2,UPS® Ground
Dallas,Ventura,CA,Size S,8.36,3,UPS® Ground
Dallas,Wilmington,MA,Size S,8.71,3,UPS® Ground
Dallas,Clermont,FL,Size S,7.45,2,UPS® Ground
Dallas,Abilene,TX,Size S,6.58,1,UPS® Ground
Dallas,Brick,NJ,Size S,8.36,3,UPS® Ground
Dallas,Bentonville,AR,Size S,6.67,2,UPS® Ground
Dallas,Bogart,GA,Size S,7.45,2,UPS® Ground
Dallas,Boston,MA,Size S,8.71,3,UPS® Ground
Dallas,Buffalo,NY,Size S,8.36,4,UPS® Ground
Dallas,Cary,NC,Size S,8.45,3,UPS® Ground
Dallas,Dallas,GA,Size S,7.45,2,UPS® Ground
Dallas,Doylestown,PA,Size S,8.36,3,UPS® Ground
Dallas,Eugene,OR,Size S,8.62,4,UPS® Ground
Dallas,Edmond,OK,Size S,6.58,1,UPS® Ground
Dallas,Forney,TX,Size S,6.65,1,UPS® Ground
Dallas,Fuquay Varina,NC,Size S,8.36,3,UPS® Ground
Dallas,Glendora,CA,Size S,8.71,3,UPS® Ground
Dallas,Henrico,VA,Size S,8.36,3,UPS® Ground
Dallas,Hockessin,DE,Size S,8.45,3,UPS® Ground
Dallas,Holly Springs,NC,Size S,8.45,3,UPS® Ground
Dallas,Irvine,CA,Size S,8.45,3,UPS® Ground
Dallas,Lakeland,FL,Size S,7.36,2,UPS® Ground
Dallas,Lawrence,KS,Size S,6.67,2,UPS® Ground
Dallas,League City,TX,Size S,6.58,1,UPS® Ground
Dallas,Mansfield,TX,Size S,6.26,1,UPS® Ground
Dallas,Madison,WI,Size S,7.36,3,UPS® Ground
Dallas,McKinney,TX,Size S,6.65,1,UPS® Ground
Dallas,Mentor,OH,Size S,8.36,3,UPS® Ground
Dallas,Mount Airy,MD,Size S,8.45,3,UPS® Ground
Dallas,Norfolk,VA,Size S,8.45,3,UPS® Ground
Dallas,Nampa,ID,Size S,8.45,4,UPS® Ground
Dallas,Noblesville,IN,Size S,7.45,3,UPS® Ground
Dallas,Orland Park,IL,Size S,7.45,2,UPS® Ground
Dallas,Palm Harbor,FL,Size S,7.45,2,UPS® Ground
Dallas,Petaluma,CA,Size S,8.71,3,UPS® Ground
Dallas,Placentia,CA,Size S,8.45,3,UPS® Ground
Dallas,Prescott,AZ,Size S,7.45,3,UPS® Ground
Dallas,Richardson,TX,Size S,6.65,1,UPS® Ground
Dallas,Roanoke,VA,Size S,7.45,3,UPS® Ground
Dallas,Richmond,TX,Size S,6.75,1,UPS® Ground
Dallas,Sanford,ME,Size S,8.71,3,UPS® Ground
Dallas,Seminole,FL,Size S,7.36,2,UPS® Ground
Dallas,Sheridan,WY,Size S,7.45,3,UPS® Ground
Dallas,Sparks,NV,Size S,8.45,4,UPS® Ground
Dallas,Traverse City,MI,Size S,8.45,3,UPS® Ground
Dallas,Tulsa,OK,Size S,6.75,1,UPS® Ground
Dallas,Wake Forest,NC,Size S,8.45,3,UPS® Ground
Dallas,Waterloo,SC,Size S,7.45,2,UPS® Ground
Dallas,Waukesha,WI,Size S,7.45,3,UPS® Ground
Dallas,Wichita,KS,Size S,6.84,1,UPS® Ground
Dallas,Winnsboro,TX,Size S,6.65,1,UPS® Ground
Dallas,Woodbury,MN,Size S,7.45,2,UPS® Ground
Dallas,Cumming,GA,Size S,7.36,2,UPS® Ground
Dallas,Muskegon,MI,Size S,7.45,3,UPS® Ground
Dallas,Akron,OH,Size S,8.36,3,UPS® Ground
Dallas,Albany,OR,Size S,8.71,4,UPS® Ground
Dallas,Alpharetta,GA,Size S,7.45,2,UPS® Ground
Dallas,Asheville,NC,Size S,7.36,3,UPS® Ground
Dallas,Bixby,OK,Size S,6.75,1,UPS® Ground
Dallas,Boulder,CO,Size S,7.36,2,UPS® Ground
Dallas,Bethlehem,PA,Size S,8.45,3,UPS® Ground
Dallas,Brenham,TX,Size S,6.65,1,UPS® Ground
Dallas,Broken Bow,OK,Size S,6.65,1,UPS® Ground
Dallas,Cape Coral,FL,Size S,7.45,3,UPS® Ground
Dallas,Chula Vista,CA,Size S,8.36,3,UPS® Ground
Dallas,Crawfordville,FL,Size S,7.45,2,UPS® Ground
Dallas,Cypress,TX,Size S,6.75,1,UPS® Ground
Dallas,Clearwater,FL,Size S,7.45,2,UPS® Ground
Dallas,Columbiana,AL,Size S,6.84,2,UPS® Ground
Dallas,Columbus,GA,Size S,7.45,2,UPS® Ground
Dallas,Commack,NY,Size S,8.71,3,UPS® Ground
Dallas,Dublin,CA,Size S,8.71,3,UPS® Ground
Dallas,Decatur,GA,Size S,7.45,2,UPS® Ground
Dallas,Deltona,FL,Size S,7.45,2,UPS® Ground
Dallas,Derry,NH,Size S,8.71,3,UPS® Ground
Dallas,Douglassville,PA,Size S,8.45,3,UPS® Ground
Dallas,Easton,PA,Size S,8.45,3,UPS® Ground
Dallas,El Paso,TX,Size S,7.45,2,UPS® Ground
Dallas,Escondido,CA,Size S,8.45,3,UPS® Ground
Dallas,Fairport,NY,Size S,8.45,4,UPS® Ground
Dallas,Flemington,NJ,Size S,8.45,3,UPS® Ground
Dallas,Florence,SC,Size S,8.45,2,UPS® Ground
Dallas,Fort Lauderdale,FL,Size S,8.45,3,UPS® Ground
Dallas,Frisco,TX,Size S,6.26,1,UPS® Ground
Dallas,Goodyear,AZ,Size S,8.45,3,UPS® Ground
Dallas,Gays Mills,WI,Size S,7.45,4,UPS® Ground
Dallas,Grafton,WI,Size S,7.36,3,UPS® Ground
Dallas,Green Cove Springs,FL,Size S,7.45,2,UPS® Ground
Dallas,Greensburg,PA,Size S,8.45,3,UPS® Ground
Dallas,Honolulu,HI,Size S,30.87,4,UPS® Ground
Dallas,Humble,TX,Size S,6.75,1,UPS® Ground
Dallas,Huntington,NY,Size S,8.71,3,UPS® Ground
Dallas,Idaho Falls,ID,Size S,8.45,3,UPS® Ground
Dallas,Jackson,TN,Size S,6.84,2,UPS® Ground
Dallas,Jacksonville,NC,Size S,8.45,3,UPS® Ground
Dallas,Jenkintown,PA,Size S,8.45,3,UPS® Ground
Dallas,Johnson City,TN,Size S,7.45,2,UPS® Ground
Dallas,Kingwood,TX,Size S,6.75,1,UPS® Ground
Dallas,Lansing,MI,Size S,7.45,3,UPS® Ground
Dallas,Lapeer,MI,Size S,8.45,3,UPS® Ground
Dallas,Lawrenceville,GA,Size S,7.45,2,UPS® Ground
Dallas,Lexington,NC,Size S,7.45,3,UPS® Ground
Dallas,Lubbock,TX,Size S,6.75,1,UPS® Ground
Dallas,Medina,OH,Size S,7.45,3,UPS® Ground
Dallas,Macomb,MI,Size S,8.45,3,UPS® Ground
Dallas,Magnolia,TX,Size S,6.75,1,UPS® Ground
Dallas,Martinsburg,WV,Size S,8.45,3,UPS® Ground
Dallas,Meridian,ID,Size S,8.45,4,UPS® Ground
Dallas,Mobile,AL,Size S,6.67,2,UPS® Ground
Dallas,Morrison,CO,Size S,7.45,2,UPS® Ground
Dallas,Napa,CA,Size S,8.71,3,UPS® Ground
Dallas,New Braunfels,TX,Size S,6.75,2,UPS® Ground
Dallas,New Lenox,IL,Size S,7.45,2,UPS® Ground
Dallas,New Orleans,LA,Size S,6.84,2,UPS® Ground
Dallas,Newark,DE,Size S,8.45,3,UPS® Ground
Dallas,Oakland,CA,Size S,8.62,3,UPS® Ground
Dallas,Owasso,OK,Size S,6.75,1,UPS® Ground
Dallas,Overland Park,KS,Size S,6.84,2,UPS® Ground
Dallas,Panama City,FL,Size S,7.45,2,UPS® Ground
Dallas,Panama City Beach,FL,Size S,7.36,2,UPS® Ground
Dallas,Patchogue,NY,Size S,8.71,3,UPS® Ground
Dallas,Port Clinton,OH,Size S,7.45,3,UPS® Ground
Dallas,Paducah,KY,Size S,6.84,2,UPS® Ground
Dallas,Palmetto,FL,Size S,7.45,3,UPS® Ground
Dallas,Pearland,TX,Size S,6.58,1,UPS® Ground
Dallas,Pella,IA,Size S,7.45,2,UPS® Ground
Dallas,Pittsford,NY,Size S,8.45,4,UPS® Ground
Dallas,Port Orange,FL,Size S,7.45,2,UPS® Ground
Dallas,Ravenna,OH,Size S,7.45,3,UPS® Ground
Dallas,Roaming Shores,OH,Size S,8.45,3,UPS® Ground
Dallas,Richmond Hill,GA,Size S,7.45,2,UPS® Ground
Dallas,Riverview,FL,Size S,7.45,2,UPS® Ground
Dallas,Rochester,MN,Size S,7.45,2,UPS® Ground
Dallas,Round Rock,TX,Size S,6.75,1,UPS® Ground
Dallas,Saint Petersburg,FL,Size S,7.36,2,UPS® Ground
Dallas,San Leandro,CA,Size S,8.71,3,UPS® Ground
Dallas,Southington,CT,Size S,8.71,3,UPS® Ground
Dallas,Spartanburg,SC,Size S,7.45,2,UPS® Ground
Dallas,Surprise,AZ,Size S,8.36,3,UPS® Ground
Dallas,Santa Barbara,CA,Size S,8.36,3,UPS® Ground
Dallas,Shelton,CT,Size S,8.71,3,UPS® Ground
Dallas,Spring Branch,TX,Size S,6.84,1,UPS® Ground
Dallas,St. Louis,MO,Size S,6.84,2,UPS® Ground
Dallas,Stroudsburg,PA,Size S,8.36,3,UPS® Ground
Dallas,Sunapee,NH,Size S,8.71,3,UPS® Ground
Dallas,Swedesboro,NJ,Size S,8.45,3,UPS® Ground
Dallas,Syracuse,NY,Size S,8.45,4,UPS® Ground
Dallas,Tomball,TX,Size S,6.75,1,UPS® Ground
Dallas,Topeka,KS,Size S,6.84,2,UPS® Ground
Dallas,Tuscaloosa,AL,Size S,6.84,2,UPS® Ground
Dallas,Terre Haute,IN,Size S,7.45,3,UPS® Ground
Dallas,Tinley Park,IL,Size S,7.45,2,UPS® Ground
Dallas,Toms River,NJ,Size S,8.45,3,UPS® Ground
Dallas,Tulare,CA,Size S,8.45,3,UPS® Ground
Dallas,Vienna,VA,Size S,8.45,3,UPS® Ground
Dallas,Walnut Creek,CA,Size S,8.71,3,UPS® Ground
Dallas,Wayne,NJ,Size S,8.36,3,UPS® Ground
Dallas,Waynesboro,VA,Size S,8.45,3,UPS® Ground
Dallas,West Sacramento,CA,Size S,8.71,3,UPS® Ground
Dallas,Yuba City,CA,Size S,8.71,3,UPS® Ground
Dallas,Zachary,LA,Size S,6.67,2,UPS® Ground
Dallas,Buford,GA,Size S,7.45,2,UPS® Ground
Dallas,Modesto,CA,Size S,9.25,3,UPS® Ground
Dallas,Winter Park,FL,Size S,7.45,2,UPS® Ground
Dallas,Antioch,IL,Size S,7.45,2,UPS® Ground
Dallas,Algonquin,IL,Size S,7.45,2,UPS® Ground
Dallas,Allen,TX,Size S,6.65,1,UPS® Ground
Dallas,Ames,IA,Size S,7.45,2,UPS® Ground
Dallas,Anaheim,CA,Size S,8.45,3,UPS® Ground
Dallas,Aptos,CA,Size S,8.71,3,UPS® Ground
Dallas,Astoria,NY,Size S,8.45,3,UPS® Ground
Dallas,Bloomington,IN,Size S,7.45,3,UPS® Ground
Dallas,Bremerton,WA,Size S,8.71,4,UPS® Ground
Dallas,Brunswick,OH,Size S,7.45,3,UPS® Ground
Dallas,Burke,VA,Size S,8.45,3,UPS® Ground
Dallas,Bedford,IN,Size S,7.45,3,UPS® Ground
Dallas,Benton,LA,Size S,6.75,1,UPS® Ground
Dallas,Billings,MT,Size S,8.45,3,UPS® Ground
Dallas,Birdsboro,PA,Size S,8.45,3,UPS® Ground
Dallas,Bothell,WA,Size S,8.71,4,UPS® Ground
Dallas,Bowie,MD,Size S,8.45,3,UPS® Ground
Dallas,Brentwood,TN,Size S,7.36,2,UPS® Ground
Dallas,Bronx,NY,Size S,8.45,3,UPS® Ground
Dallas,Brookfield,WI,Size S,7.45,3,UPS® Ground
Dallas,Canton,OH,Size S,8.45,3,UPS® Ground
Dallas,Celina,TX,Size S,6.65,1,UPS® Ground
Dallas,Chapel Hill,NC,Size S,8.45,3,UPS® Ground
Dallas,Claremore,OK,Size S,6.75,1,UPS® Ground
Dallas,Clovis,CA,Size S,8.45,3,UPS® Ground
Dallas,Cocoa,FL,Size S,8.36,3,UPS® Ground
Dallas,Callahan,FL,Size S,7.45,2,UPS® Ground
Dallas,Carmel,IN,Size S,7.45,3,UPS® Ground
Dallas,Cedar Park,TX,Size S,6.75,1,UPS® Ground
Dallas,Centennial,CO,Size S,7.45,2,UPS® Ground
Dallas,Centerville,MA,Size S,8.71,3,UPS® Ground
Dallas,Charleston,SC,Size S,7.45,2,UPS® Ground
Dallas,Charlottesville,VA,Size S,8.36,3,UPS® Ground
Dallas,Clarkesville,GA,Size S,7.45,2,UPS® Ground
Dallas,Clayton,NC,Size S,8.45,3,UPS® Ground
Dallas,Clifton,NJ,Size S,8.45,3,UPS® Ground
Dallas,Collinsville,OK,Size S,6.75,1,UPS® Ground
Dallas,Columbia,TN,Size S,6.84,2,UPS® Ground
Dallas,Concord,NC,Size S,7.36,3,UPS® Ground
Dallas,Cookeville,TN,Size S,7.45,2,UPS® Ground
Dallas,Corpus Christi,TX,Size S,6.84,2,UPS® Ground
Dallas,Corrales,NM,Size S,7.45,2,UPS® Ground
Dallas,Corydon,IN,Size S,7.45,3,UPS® Ground
Dallas,Cranston,RI,Size S,8.71,3,UPS® Ground
Dallas,Dekalb,IL,Size S,7.45,2,UPS® Ground
Dallas,Delaware,OH,Size S,7.45,3,UPS® Ground
Dallas,Delmar,NY,Size S,8.71,4,UPS® Ground
Dallas,Des Moines,IA,Size S,7.36,2,UPS® Ground
Dallas,Dickson,TN,Size S,7.45,2,UPS® Ground
Dallas,Downers Grove,IL,Size S,7.45,2,UPS® Ground
Dallas,Dripping Springs,TX,Size S,6.75,1,UPS® Ground
Dallas,Eustis,FL,Size S,7.45,2,UPS® Ground
Dallas,East Hampton,NY,Size S,8.71,3,UPS® Ground
Dallas,Fenton,MO,Size S,6.84,2,UPS® Ground
Dallas,Fayetteville,AR,Size S,6.67,2,UPS® Ground
Dallas,Flower Mound,TX,Size S,6.65,1,UPS® Ground
Dallas,Franklin,OH,Size S,7.45,3,UPS® Ground
Dallas,Friendswood,TX,Size S,6.75,1,UPS® Ground
Dallas,Gainesville,FL,Size S,7.45,2,UPS® Ground
Dallas,Gainesville,GA,Size S,7.45,2,UPS® Ground
Dallas,Glendale,CA,Size S,8.45,3,UPS® Ground
Dallas,Greenville,SC,Size S,7.45,2,UPS® Ground
Dallas,Greenville,MI,Size S,7.45,3,UPS® Ground
Dallas,Gaithersburg,MD,Size S,8.45,3,UPS® Ground
Dallas,Garner,NC,Size S,8.36,3,UPS® Ground
Dallas,Gastonia,NC,Size S,7.45,3,UPS® Ground
Dallas,Granada Hills,CA,Size S,8.45,3,UPS® Ground
Dallas,Granbury,TX,Size S,6.65,1,UPS® Ground
Dallas,Griffin,GA,Size S,7.45,2,UPS® Ground
Dallas,Harpers Ferry,WV,Size S,8.45,3,UPS® Ground
Dallas,Haverhill,MA,Size S,8.71,3,UPS® Ground
Dallas,Hayward,CA,Size S,8.71,3,UPS® Ground
Dallas,Herriman,UT,Size S,8.45,3,UPS® Ground
Dallas,Hillsboro,OR,Size S,8.71,4,UPS® Ground
Dallas,Hoboken,NJ,Size S,8.45,3,UPS® Ground
Dallas,Huntley,IL,Size S,7.45,2,UPS® Ground
Dallas,Hagerstown,MD,Size S,8.45,3,UPS® Ground
Dallas,Hamilton,OH,Size S,7.36,3,UPS® Ground
Dallas,Harrisburg,PA,Size S,8.45,3,UPS® Ground
Dallas,Hendersonville,NC,Size S,7.45,3,UPS® Ground
Dallas,Hendersonville,TN,Size S,7.45,2,UPS® Ground
Dallas,Holland,MI,Size S,7.45,3,UPS® Ground
Dallas,Indian Trail,NC,Size S,7.45,3,UPS® Ground
Dallas,Jersey City,NJ,Size S,8.45,3,UPS® Ground
Dallas,Johnstown,PA,Size S,8.45,3,UPS® Ground
Dallas,Kalamazoo,MI,Size S,7.45,3,UPS® Ground
Dallas,Keatchie,LA,Size S,6.75,1,UPS® Ground
Dallas,Kennewick,WA,Size S,8.62,4,UPS® Ground
Dallas,Kingsport,TN,Size S,7.45,2,UPS® Ground
Dallas,Lake Elsinore,CA,Size S,8.45,3,UPS® Ground
Dallas,Lebanon,OH,Size S,7.45,3,UPS® Ground
Dallas,Little Rock,AR,Size S,6.67,1,UPS® Ground
Dallas,Livonia,MI,Size S,7.45,3,UPS® Ground
Dallas,Los Alamos,NM,Size S,7.45,2,UPS® Ground
Dallas,Loveland,CO,Size S,7.45,2,UPS® Ground
Dallas,La Mesa,CA,Size S,8.45,3,UPS® Ground
Dallas,La Quinta,CA,Size S,8.45,3,UPS® Ground
Dallas,Lake Oswego,OR,Size S,8.62,4,UPS® Ground
Dallas,Lake Saint Louis,MO,Size S,6.84,2,UPS® Ground
Dallas,Lake in the Hills,IL,Size S,7.45,2,UPS® Ground
Dallas,Lakeway,TX,Size S,6.58,1,UPS® Ground
Dallas,Lancaster,NY,Size S,8.36,4,UPS® Ground
Dallas,Leander,TX,Size S,6.75,1,UPS® Ground
Dallas,Lees Summit,MO,Size S,6.84,2,UPS® Ground
Dallas,Lenoir,NC,Size S,7.45,3,UPS® Ground
Dallas,Lewis Center,OH,Size S,7.45,3,UPS® Ground
Dallas,Lexington,IN,Size S,7.45,3,UPS® Ground
Dallas,Lodi,CA,Size S,8.45,3,UPS® Ground
Dallas,Lynden,WA,Size S,8.71,4,UPS® Ground
Dallas,Methuen,MA,Size S,8.71,3,UPS® Ground
Dallas,Milford,CT,Size S,8.71,3,UPS® Ground
Dallas,Mineola,TX,Size S,6.65,1,UPS® Ground
Dallas,Missoula,MT,Size S,8.36,3,UPS® Ground
Dallas,Mansfield,OH,Size S,7.45,3,UPS® Ground
Dallas,McDonough,GA,Size S,7.45,2,UPS® Ground
Dallas,Merritt Island,FL,Size S,8.45,3,UPS® Ground
Dallas,Midlothian,VA,Size S,8.45,3,UPS® Ground
Dallas,Millington,TN,Size S,6.84,2,UPS® Ground
Dallas,Milton,FL,Size S,7.45,2,UPS® Ground
Dallas,Moab,UT,Size S,7.36,4,UPS® Ground
Dallas,Monroe,NC,Size S,7.36,3,UPS® Ground
Dallas,Mooresville,IN,Size S,7.45,3,UPS® Ground
Dallas,Morganton,NC,Size S,7.36,3,UPS® Ground
Dallas,Murfreesboro,TN,Size S,7.45,2,UPS® Ground
Dallas,Newburgh,NY,Size S,8.71,5,UPS® Ground
Dallas,Navarre,FL,Size S,7.45,2,UPS® Ground
Dallas,New Market,AL,Size S,7.45,2,UPS® Ground
Dallas,Newnan,GA,Size S,7.45,2,UPS® Ground
Dallas,Norman,OK,Size S,6.75,1,UPS® Ground
Dallas,Novi,MI,Size S,7.45,3,UPS® Ground
Dallas,Ormond Beach,FL,Size S,7.45,2,UPS® Ground
Dallas,Owensboro,KY,Size S,7.36,2,UPS® Ground
Dallas,Oconto,WI,Size S,7.45,3,UPS® Ground
Dallas,Old Bridge,NJ,Size S,8.45,3,UPS® Ground
Dallas,Olympia,WA,Size S,8.62,4,UPS® Ground
Dallas,Oregon City,OR,Size S,8.71,4,UPS® Ground
Dallas,Oxford,MI,Size S,7.45,3,UPS® Ground
Dallas,Peachtree City,GA,Size S,7.45,2,UPS® Ground
Dallas,Pleasanton,CA,Size S,8.62,3,UPS® Ground
Dallas,Poughkeepsie,NY,Size S,8.45,5,UPS® Ground
Dallas,Pagosa Springs,CO,Size S,7.45,2,UPS® Ground
Dallas,Pasadena,CA,Size S,8.36,3,UPS® Ground
Dallas,Pasadena,TX,Size S,6.75,1,UPS® Ground
Dallas,Pasco,WA,Size S,8.62,4,UPS® Ground
Dallas,Pawtucket,RI,Size S,8.71,3,UPS® Ground
Dallas,Pembroke,MA,Size S,8.71,3,UPS® Ground
Dallas,Perrysburg,OH,Size S,7.45,3,UPS® Ground
Dallas,Plant City,FL,Size S,7.45,2,UPS® Ground
Dallas,Port Orchard,WA,Size S,8.71,4,UPS® Ground
Dallas,Prescott Valley,AZ,Size S,7.36,3,UPS® Ground
Dallas,Princeton,NJ,Size S,8.36,3,UPS® Ground
Dallas,Quincy,MA,Size S,8.71,3,UPS® Ground
Dallas,Redwood City,CA,Size S,8.71,3,UPS® Ground
Dallas,Rohnert Park,CA,Size S,8.71,3,UPS® Ground
Dallas,Rigby,ID,Size S,8.45,4,UPS® Ground
Dallas,Ripon,WI,Size S,7.45,3,UPS® Ground
Dallas,Rogers,AR,Size S,6.84,2,UPS® Ground
Dallas,Rowlett,TX,Size S,6.65,1,UPS® Ground
Dallas,Rydal,PA,Size S,8.45,3,UPS® Ground
Dallas,Shepherdsville,KY,Size S,7.45,3,UPS® Ground
Dallas,Shreveport,LA,Size S,6.58,1,UPS® Ground
Dallas,Stamford,CT,Size S,8.71,3,UPS® Ground
Dallas,Salt Lake City,UT,Size S,8.36,3,UPS® Ground
Dallas,Sanford,NC,Size S,8.45,3,UPS® Ground
Dallas,Santa Ana,CA,Size S,8.36,3,UPS® Ground
Dallas,Santa Cruz,CA,Size S,8.71,3,UPS® Ground
Dallas,Santa Fe,NM,Size S,7.36,2,UPS® Ground
Dallas,Sarver,PA,Size S,8.45,3,UPS® Ground
Dallas,Schenectady,NY,Size S,8.62,4,UPS® Ground
Dallas,Sierra Vista,AZ,Size S,7.45,3,UPS® Ground
Dallas,Silver Spring,MD,Size S,8.45,3,UPS® Ground
Dallas,South Jordan,UT,Size S,8.36,3,UPS® Ground
Dallas,Springfield,MO,Size S,6.84,2,UPS® Ground
Dallas,Summerville,SC,Size S,7.36,2,UPS® Ground
Dallas,Sumter,SC,Size S,7.36,2,UPS® Ground
Dallas,Sun City,AZ,Size S,8.36,3,UPS® Ground
Dallas,Syosset,NY,Size S,8.71,3,UPS® Ground
Dallas,Taunton,MA,Size S,8.62,3,UPS® Ground
Dallas,Texarkana,TX,Size S,6.65,1,UPS® Ground
Dallas,Toledo,OH,Size S,7.45,3,UPS® Ground
Dallas,Urbana,OH,Size S,7.45,3,UPS® Ground
Dallas,Valparaiso,IN,Size S,7.36,3,UPS® Ground
Dallas,Waco,TX,Size S,6.65,1,UPS® Ground
Dallas,West Lafayette,IN,Size S,7.45,3,UPS® Ground
Dallas,Winter Garden,FL,Size S,7.45,2,UPS® Ground
Dallas,Winter Haven,FL,Size S,7.45,2,UPS® Ground
Dallas,Wylie,TX,Size S,6.65,1,UPS® Ground
Dallas,Waldorf,MD,Size S,8.45,3,UPS® Ground
Dallas,Wesley Chapel,FL,Size S,7.36,2,UPS® Ground
Dallas,West Palm Beach,FL,Size S,8.36,3,UPS® Ground
Dallas,Williamsburg,VA,Size S,8.45,3,UPS® Ground
Dallas,Woodbridge,VA,Size S,8.45,3,UPS® Ground
Dallas,Woodside,CA,Size S,8.71,3,UPS® Ground
Dallas,Yorba Linda,CA,Size S,8.45,3,UPS® Ground
Dallas,Queens Village,NY,Size S,8.45,3,UPS® Ground
Jacksonville,Brooklyn,NY,Size S,7.36,2,UPS® Ground
Jacksonville,Phoenix,AZ,Size S,8.71,3,UPS® Ground
Jacksonville,Houston,TX,Size S,7.45,3,UPS® Ground
Jacksonville,San Antonio,TX,Size S,8.45,2,UPS® Ground
Jacksonville,Jacksonville,FL,Size S,6.65,1,UPS® Ground
Jacksonville,Chicago,IL,Size S,7.45,2,UPS® Ground
Jacksonville,Dallas,TX,Size S,7.45,3,UPS® Ground
Jacksonville,Wilmington,DE,Size S,7.45,2,UPS® Ground
Jacksonville,Austin,TX,Size S,7.45,2,UPS® Ground
Jacksonville,Canton,OH,Size S,7.45,2,UPS® Ground
Jacksonville,Charlotte,NC,Size S,6.84,2,UPS® Ground
Jacksonville,New York,NY,Size S,7.45,2,UPS® Ground
Jacksonville,Atlanta,GA,Size S,6.84,2,UPS® Ground
Jacksonville,Franklin,TN,Size S,6.84,2,UPS® Ground
Jacksonville,Lexington,KY,Size S,6.84,2,UPS® Ground
Jacksonville,Orlando,FL,Size S,6.75,1,UPS® Ground
Jacksonville,Rochester,NY,Size S,7.45,3,UPS® Ground
Jacksonville,Las Vegas,NV,Size S,9.25,4,UPS® Ground
Jacksonville,Louisville,KY,Size S,6.84,2,UPS® Ground
Jacksonville,Marietta,GA,Size S,6.84,2,UPS® Ground
Jacksonville,Colorado Springs,CO,Size S,8.71,3,UPS® Ground
Jacksonville,Columbus,OH,Size S,7.45,2,UPS® Ground
Jacksonville,Marble Falls,TX,Size S,7.45,2,UPS® Ground
Jacksonville,Tampa,FL,Size S,6.75,1,UPS® Ground
Jacksonville,San Diego,CA,Size S,9.25,4,UPS® Ground
Jacksonville,Columbia,SC,Size S,6.75,2,UPS® Ground
Jacksonville,Greenville,SC,Size S,6.84,2,UPS® Ground
Jacksonville,Lebanon,TN,Size S,6.84,2,UPS® Ground
Jacksonville,Salem,OR,Size S,9.25,4,UPS® Ground
Jacksonville,Cleveland,OH,Size S,7.45,2,UPS® Ground
Jacksonville,Denver,CO,Size S,8.71,3,UPS® Ground
Jacksonville,Omaha,NE,Size S,8.45,2,UPS® Ground
Jacksonville,Portland,OR,Size S,9.25,4,UPS® Ground
Jacksonville,Raleigh,NC,Size S,6.84,2,UPS® Ground
Jacksonville,Richmond,VA,Size S,6.84,2,UPS® Ground
Jacksonville,Jackson,MS,Size S,6.84,2,UPS® Ground
Jacksonville,Albany,NY,Size S,7.45,2,UPS® Ground
Jacksonville,Fort Worth,TX,Size S,7.45,3,UPS® Ground
Jacksonville,Oklahoma City,OK,Size S,7.45,2,UPS® Ground
Jacksonville,Chesapeake,VA,Size S,6.84,2,UPS® Ground
Jacksonville,Miami,FL,Size S,6.84,1,UPS® Ground
Jacksonville,Milford,CT,Size S,7.45,3,UPS® Ground
Jacksonville,Pittsburgh,PA,Size S,7.45,2,UPS® Ground
Jacksonville,San Francisco,CA,Size S,9.25,4,UPS® Ground
Jacksonville,San Jose,CA,Size S,9.25,4,UPS® Ground
Jacksonville,Tucson,AZ,Size S,8.71,3,UPS® Ground
Jacksonville,Virginia Beach,VA,Size S,6.84,2,UPS® Ground
Jacksonville,Albuquerque,NM,Size S,8.71,4,UPS® Ground
Jacksonville,Gilbert,AZ,Size S,8.71,3,UPS® Ground
Jacksonville,Springfield,IL,Size S,7.45,2,UPS® Ground
Jacksonville,Alexandria,VA,Size S,7.45,2,UPS® Ground
Jacksonville,Kansas City,MO,Size S,7.45,2,UPS® Ground
Jacksonville,Knoxville,TN,Size S,6.84,2,UPS® Ground
Jacksonville,Lakewood,CO,Size S,8.71,3,UPS® Ground
Jacksonville,Nashville,TN,Size S,6.84,2,UPS® Ground
Jacksonville,Saint Louis,MO,Size S,7.45,2,UPS® Ground
Jacksonville,Seattle,WA,Size S,9.25,4,UPS® Ground
Jacksonville,Arlington,TX,Size S,7.36,3,UPS® Ground
Jacksonville,Aurora,CO,Size S,8.62,3,UPS® Ground
Jacksonville,Boise,ID,Size S,9.16,6,UPS® Ground
Jacksonville,Indianapolis,IN,Size S,7.36,3,UPS® Ground
Jacksonville,Naples,CO,Size S,8.71,,UPS® Ground
Jacksonville,Reno,NV,Size S,9.16,4,UPS® Ground
Jacksonville,Riverside,CA,Size S,9.16,4,UPS® Ground
Jacksonville,Bismarck,ND,Size S,8.62,4,UPS® Ground
Jacksonville,Fresno,TX,Size S,7.45,3,UPS® Ground
Jacksonville,Lincoln,RI,Size S,7.36,3,UPS® Ground
Jacksonville,Los Angeles,CA,Size S,9.16,4,UPS® Ground
Jacksonville,Mansfield,MA,Size S,7.45,3,UPS® Ground
Jacksonville,Milwaukee,WI,Size S,7.45,3,UPS® Ground
Jacksonville,Madison,IN,Size S,7.36,3,UPS® Ground
Jacksonville,Mesa,AZ,Size S,8.71,3,UPS® Ground
Jacksonville,Monroe,NC,Size S,6.67,2,UPS® Ground
Jacksonville,Philadelphia,PA,Size S,7.36,2,UPS® Ground
Jacksonville,Staten Island,NY,Size S,7.36,2,UPS® Ground
Jacksonville,Washington,DC,Size S,7.36,2,UPS® Ground
Jacksonville,Baltimore,MD,Size S,7.36,2,UPS® Ground
Jacksonville,Decatur,IL,Size S,7.36,2,UPS® Ground
Jacksonville,Durham,NC,Size S,6.67,2,UPS® Ground
Jacksonville,Fayetteville,AR,Size S,7.36,2,UPS® Ground
Jacksonville,Glendale,AZ,Size S,9.16,3,UPS® Ground
Jacksonville,Midland,GA,Size S,6.75,2,UPS® Ground
Jacksonville,Scottsdale,AZ,Size S,8.62,3,UPS® Ground
Jacksonville,Woodstock,GA,Size S,6.67,2,UPS® Ground
Jacksonville,Chandler,AZ,Size S,8.62,3,UPS® Ground
Jacksonville,Cincinnati,OH,Size S,7.36,2,UPS® Ground
Jacksonville,Covington,LA,Size S,6.67,2,UPS® Ground
Jacksonville,Fort Myers,FL,Size S,6.58,1,UPS® Ground
Jacksonville,Greensboro,NC,Size S,6.67,2,UPS® Ground
Jacksonville,Henderson,TX,Size S,7.45,3,UPS® Ground
Jacksonville,Hamilton,MI,Size S,7.45,2,UPS® Ground
Jacksonville,Lewisburg,PA,Size S,7.45,2,UPS® Ground
Jacksonville,Littleton,CO,Size S,8.62,3,UPS® Ground
Jacksonville,Mount Pleasant,SC,Size S,6.58,2,UPS® Ground
Jacksonville,Pasadena,MD,Size S,7.36,2,UPS® Ground
Jacksonville,Plano,TX,Size S,7.36,3,UPS® Ground
Jacksonville,Sanford,NC,Size S,6.67,2,UPS® Ground
Jacksonville,Wayne,ME,Size S,8.45,3,UPS® Ground
Jacksonville,Ashland,PA,Size S,7.45,2,UPS® Ground
Jacksonville,Burlington,WI,Size S,7.36,3,UPS® Ground
Jacksonville,Centerville,IA,Size S,7.45,4,UPS® Ground
Jacksonville,Clayton,NC,Size S,6.67,2,UPS® Ground
Jacksonville,Encinitas,CA,Size S,9.16,4,UPS® Ground
Jacksonville,Fort Collins,CO,Size S,8.62,3,UPS® Ground
Jacksonville,Golden,CO,Size S,8.62,3,UPS® Ground
Jacksonville,Hudson,NC,Size S,6.67,2,UPS® Ground
Jacksonville,Katy,TX,Size S,7.36,3,UPS® Ground
Jacksonville,Lancaster,SC,Size S,6.67,2,UPS® Ground
Jacksonville,Newark,NJ,Size S,7.36,2,UPS® Ground
Jacksonville,Parker,CO,Size S,8.62,3,UPS® Ground
Jacksonville,Plymouth,MA,Size S,8.36,3,UPS® Ground
Jacksonville,Rancho Cucamonga,CA,Size S,9.16,4,UPS® Ground
Jacksonville,Rockville,MD,Size S,7.36,2,UPS® Ground
Jacksonville,Sacramento,CA,Size S,9.25,4,UPS® Ground
Jacksonville,Tallahassee,FL,Size S,6.58,1,UPS® Ground
Jacksonville,The Villages,FL,Size S,6.26,1,UPS® Ground
Jacksonville,Westfield,IN,Size S,7.36,3,UPS® Ground
Jacksonville,Waterloo,IA,Size S,8.36,4,UPS® Ground
Jacksonville,West Chester,PA,Size S,7.36,2,UPS® Ground
Jacksonville,Bend,OR,Size S,9.16,4,UPS® Ground
Jacksonville,Amarillo,TX,Size S,8.45,3,UPS® Ground
Jacksonville,Auburn,MA,Size S,7.36,3,UPS® Ground
Jacksonville,Bakersfield,CA,Size S,9.16,4,UPS® Ground
Jacksonville,Boca Raton,FL,Size S,6.67,1,UPS® Ground
Jacksonville,Benton,LA,Size S,7.45,2,UPS® Ground
Jacksonville,Bradenton,FL,Size S,6.58,1,UPS® Ground
Jacksonville,Dayton,OH,Size S,7.36,2,UPS® Ground
Jacksonville,Duluth,MN,Size S,8.45,3,UPS® Ground
Jacksonville,Englewood,CO,Size S,8.62,3,UPS® Ground
Jacksonville,Fort Wayne,IN,Size S,7.36,3,UPS® Ground
Jacksonville,Frederick,MD,Size S,7.36,2,UPS® Ground
Jacksonville,Fredericksburg,VA,Size S,6.67,2,UPS® Ground
Jacksonville,Gainesville,FL,Size S,6.26,1,UPS® Ground
Jacksonville,Grand Rapids,MI,Size S,7.36,2,UPS® Ground
Jacksonville,Green Bay,WI,Size S,7.36,3,UPS® Ground
Jacksonville,Morgantown,WV,Size S,7.36,3,UPS® Ground
Jacksonville,Pensacola,FL,Size S,6.67,1,UPS® Ground
Jacksonville,Princeton,MA,Size S,7.36,3,UPS® Ground
Jacksonville,Peoria,AZ,Size S,9.16,3,UPS® Ground
Jacksonville,Saint Paul,MN,Size S,8.36,3,UPS® Ground
Jacksonville,Savannah,GA,Size S,6.26,1,UPS® Ground
Jacksonville,Seaford,NY,Size S,7.45,2,UPS® Ground
Jacksonville,Seymour,IN,Size S,7.36,3,UPS® Ground
Jacksonville,Spokane,WA,Size S,9.16,4,UPS® Ground
Jacksonville,Windsor,CO,Size S,8.62,3,UPS® Ground
Jacksonville,Winston-Salem,NC,Size S,6.67,2,UPS® Ground
Jacksonville,Worcester,MA,Size S,7.36,3,UPS® Ground
Jacksonville,York,PA,Size S,7.36,2,UPS® Ground
Jacksonville,Antioch,TN,Size S,6.84,2,UPS® Ground
Jacksonville,Athens,GA,Size S,6.58,2,UPS® Ground
Jacksonville,Corona,CA,Size S,9.16,4,UPS® Ground
Jacksonville,Fairfield,CA,Size S,9.16,4,UPS® Ground
Jacksonville,Germantown,MD,Size S,7.45,2,UPS® Ground
Jacksonville,Hillsboro,OR,Size S,9.16,4,UPS® Ground
Jacksonville,Hope Mills,NC,Size S,6.84,2,UPS® Ground
Jacksonville,Hendersonville,NC,Size S,6.67,2,UPS® Ground
Jacksonville,Holly Springs,MS,Size S,7.36,2,UPS® Ground
Jacksonville,Homer,AK,Size S,30.87,4,UPS® Ground
Jacksonville,Laurel,MD,Size S,7.36,2,UPS® Ground
Jacksonville,Long Beach,CA,Size S,9.16,4,UPS® Ground
Jacksonville,Manteca,CA,Size S,9.16,4,UPS® Ground
Jacksonville,Maryville,TN,Size S,6.67,2,UPS® Ground
Jacksonville,Magnolia,MS,Size S,6.84,2,UPS® Ground
Jacksonville,Memphis,TN,Size S,7.36,2,UPS® Ground
Jacksonville,Milton,MA,Size S,8.36,3,UPS® Ground
Jacksonville,Montgomery,TX,Size S,7.36,3,UPS® Ground
Jacksonville,Myrtle Beach,SC,Size S,6.75,2,UPS® Ground
Jacksonville,New Market,AL,Size S,6.84,2,UPS® Ground
Jacksonville,Ocala,FL,Size S,6.26,1,UPS® Ground
Jacksonville,Olathe,KS,Size S,7.36,2,UPS® Ground
Jacksonville,Oxford,MI,Size S,7.36,2,UPS® Ground
Jacksonville,Palm Beach Gardens,FL,Size S,6.67,1,UPS® Ground
Jacksonville,Roseville,CA,Size S,9.16,4,UPS® Ground
Jacksonville,Roswell,GA,Size S,6.67,2,UPS® Ground
Jacksonville,Rockwall,TX,Size S,7.36,3,UPS® Ground
Jacksonville,Spring,TX,Size S,7.45,3,UPS® Ground
Jacksonville,Salisbury,MA,Size S,8.36,3,UPS® Ground
Jacksonville,Santa Rosa,CA,Size S,9.16,4,UPS® Ground
Jacksonville,Sarasota,FL,Size S,6.58,1,UPS® Ground
Jacksonville,Vancouver,WA,Size S,9.16,4,UPS® Ground
Jacksonville,Westminster,MD,Size S,7.36,2,UPS® Ground
Jacksonville,Canton,GA,Size S,6.84,2,UPS® Ground
Jacksonville,Columbia,MO,Size S,7.36,2,UPS® Ground
Jacksonville,Naples,FL,Size S,6.58,1,UPS® Ground
Jacksonville,Fresno,CA,Size S,9.16,4,UPS® Ground
Jacksonville,Cleveland,TN,Size S,6.84,2,UPS® Ground
Jacksonville,Henderson,NV,Size S,9.16,4,UPS® Ground
Jacksonville,Lincoln,NE,Size S,8.36,2,UPS® Ground
Jacksonville,Wilmington,NC,Size S,6.84,2,UPS® Ground
Jacksonville,Arvada,CO,Size S,8.71,3,UPS® Ground
Jacksonville,Anchorage,AK,Size S,30.87,4,UPS® Ground
Jacksonville,Birmingham,AL,Size S,6.84,2,UPS® Ground
Jacksonville,Bozeman,MT,Size S,9.25,4,UPS® Ground
Jacksonville,Conroe,TX,Size S,7.45,3,UPS® Ground
Jacksonville,Carmel Valley,CA,Size S,9.25,4,UPS® Ground
Jacksonville,Castle Rock,CO,Size S,8.71,3,UPS® Ground
Jacksonville,Cedar Rapids,IA,Size S,7.45,4,UPS® Ground
Jacksonville,Cooperstown,NY,Size S,7.36,2,UPS® Ground
Jacksonville,Deland,FL,Size S,6.26,1,UPS® Ground
Jacksonville,Fort Mill,SC,Size S,6.84,2,UPS® Ground
Jacksonville,Fargo,ND,Size S,8.45,4,UPS® Ground
Jacksonville,Glen Allen,VA,Size S,6.84,2,UPS® Ground
Jacksonville,Grand Junction,CO,Size S,8.71,4,UPS® Ground
Jacksonville,Highlands Ranch,CO,Size S,8.71,3,UPS® Ground
Jacksonville,Joliet,IL,Size S,7.45,2,UPS® Ground
Jacksonville,Kerrville,TX,Size S,8.45,2,UPS® Ground
Jacksonville,Longmont,CO,Size S,8.71,3,UPS® Ground
Jacksonville,Minneapolis,MN,Size S,8.36,3,UPS® Ground
Jacksonville,Naperville,IL,Size S,7.45,2,UPS® Ground
Jacksonville,Neosho,MO,Size S,7.45,2,UPS® Ground
Jacksonville,Puyallup,WA,Size S,9.25,4,UPS® Ground
Jacksonville,Queen Creek,AZ,Size S,8.71,3,UPS® Ground
Jacksonville,Saline,MI,Size S,7.45,2,UPS® Ground
Jacksonville,Sevierville,TN,Size S,6.84,2,UPS® Ground
Jacksonville,Sterling Heights,MI,Size S,7.45,2,UPS® Ground
Jacksonville,Thornton,CO,Size S,8.71,3,UPS® Ground
Jacksonville,Ventura,CA,Size S,9.16,4,UPS® Ground
Jacksonville,Wilmington,MA,Size S,8.45,3,UPS® Ground
Jacksonville,Clermont,FL,Size S,6.75,1,UPS® Ground
Jacksonville,Abilene,TX,Size S,8.36,3,UPS® Ground
Jacksonville,Brick,NJ,Size S,7.36,2,UPS® Ground
Jacksonville,Bentonville,AR,Size S,7.36,2,UPS® Ground
Jacksonville,Bogart,GA,Size S,6.75,2,UPS® Ground
Jacksonville,Boston,MA,Size S,8.45,3,UPS® Ground
Jacksonville,Buffalo,NY,Size S,7.36,3,UPS® Ground
Jacksonville,Cary,NC,Size S,6.84,2,UPS® Ground
Jacksonville,Dallas,GA,Size S,6.84,2,UPS® Ground
Jacksonville,Doylestown,PA,Size S,7.36,2,UPS® Ground
Jacksonville,Eugene,OR,Size S,9.16,4,UPS® Ground
Jacksonville,Edmond,OK,Size S,7.36,2,UPS® Ground
Jacksonville,Forney,TX,Size S,7.45,3,UPS® Ground
Jacksonville,Fuquay Varina,NC,Size S,6.67,2,UPS® Ground
Jacksonville,Glendora,CA,Size S,9.25,4,UPS® Ground
Jacksonville,Henrico,VA,Size S,6.67,2,UPS® Ground
Jacksonville,Hockessin,DE,Size S,7.45,2,UPS® Ground
Jacksonville,Holly Springs,NC,Size S,6.84,2,UPS® Ground
Jacksonville,Irvine,CA,Size S,9.25,4,UPS® Ground
Jacksonville,Lakeland,FL,Size S,6.58,1,UPS® Ground
Jacksonville,Lawrence,KS,Size S,7.36,2,UPS® Ground
Jacksonville,League City,TX,Size S,7.36,3,UPS® Ground
Jacksonville,Mansfield,TX,Size S,7.36,3,UPS® Ground
Jacksonville,Madison,WI,Size S,7.36,3,UPS® Ground
Jacksonville,McKinney,TX,Size S,7.45,3,UPS® Ground
Jacksonville,Mentor,OH,Size S,7.36,2,UPS® Ground
Jacksonville,Mount Airy,MD,Size S,7.45,2,UPS® Ground
Jacksonville,Norfolk,VA,Size S,6.84,2,UPS® Ground
Jacksonville,Nampa,ID,Size S,9.25,6,UPS® Ground
Jacksonville,Noblesville,IN,Size S,7.45,3,UPS® Ground
Jacksonville,Orland Park,IL,Size S,7.45,2,UPS® Ground
Jacksonville,Palm Harbor,FL,Size S,6.75,1,UPS® Ground
Jacksonville,Petaluma,CA,Size S,9.25,4,UPS® Ground
Jacksonville,Placentia,CA,Size S,9.25,4,UPS® Ground
Jacksonville,Prescott,AZ,Size S,8.71,3,UPS® Ground
Jacksonville,Richardson,TX,Size S,7.45,3,UPS® Ground
Jacksonville,Roanoke,VA,Size S,6.84,2,UPS® Ground
Jacksonville,Richmond,TX,Size S,7.45,3,UPS® Ground
Jacksonville,Sanford,ME,Size S,8.45,3,UPS® Ground
Jacksonville,Seminole,FL,Size S,6.58,1,UPS® Ground
Jacksonville,Sheridan,WY,Size S,8.71,4,UPS® Ground
Jacksonville,Sparks,NV,Size S,9.25,4,UPS® Ground
Jacksonville,Traverse City,MI,Size S,7.45,2,UPS® Ground
Jacksonville,Tulsa,OK,Size S,7.45,2,UPS® Ground
Jacksonville,Wake Forest,NC,Size S,6.84,2,UPS® Ground
Jacksonville,Waterloo,SC,Size S,6.84,2,UPS® Ground
Jacksonville,Waukesha,WI,Size S,7.45,3,UPS® Ground
Jacksonville,Wichita,KS,Size S,8.45,2,UPS® Ground
Jacksonville,Winnsboro,TX,Size S,7.45,3,UPS® Ground
Jacksonville,Woodbury,MN,Size S,8.45,3,UPS® Ground
Jacksonville,Cumming,GA,Size S,6.67,2,UPS® Ground
Jacksonville,Muskegon,MI,Size S,7.45,2,UPS® Ground
Jacksonville,Akron,OH,Size S,7.36,2,UPS® Ground
Jacksonville,Albany,OR,Size S,9.25,4,UPS® Ground
Jacksonville,Alpharetta,GA,Size S,6.84,2,UPS® Ground
Jacksonville,Asheville,NC,Size S,6.67,2,UPS® Ground
Jacksonville,Bixby,OK,Size S,7.45,2,UPS® Ground
Jacksonville,Boulder,CO,Size S,8.62,3,UPS® Ground
Jacksonville,Bethlehem,PA,Size S,7.45,2,UPS® Ground
Jacksonville,Brenham,TX,Size S,7.45,3,UPS® Ground
Jacksonville,Broken Bow,OK,Size S,7.45,2,UPS® Ground
Jacksonville,Cape Coral,FL,Size S,6.75,1,UPS® Ground
Jacksonville,Chula Vista,CA,Size S,9.16,4,UPS® Ground
Jacksonville,Crawfordville,FL,Size S,6.75,1,UPS® Ground
Jacksonville,Cypress,TX,Size S,7.45,3,UPS® Ground
Jacksonville,Clearwater,FL,Size S,6.75,1,UPS® Ground
Jacksonville,Columbiana,AL,Size S,6.84,2,UPS® Ground
Jacksonville,Columbus,GA,Size S,6.75,2,UPS® Ground
Jacksonville,Commack,NY,Size S,7.45,2,UPS® Ground
Jacksonville,Dublin,CA,Size S,9.25,4,UPS® Ground
Jacksonville,Decatur,GA,Size S,6.84,2,UPS® Ground
Jacksonville,Deltona,FL,Size S,6.65,1,UPS® Ground
Jacksonville,Derry,NH,Size S,8.45,3,UPS® Ground
Jacksonville,Douglassville,PA,Size S,7.45,2,UPS® Ground
Jacksonville,Easton,PA,Size S,7.45,2,UPS® Ground
Jacksonville,El Paso,TX,Size S,8.71,4,UPS® Ground
Jacksonville,Escondido,CA,Size S,9.25,4,UPS® Ground
Jacksonville,Fairport,NY,Size S,7.45,3,UPS® Ground
Jacksonville,Flemington,NJ,Size S,7.45,2,UPS® Ground
Jacksonville,Florence,SC,Size S,6.75,2,UPS® Ground
Jacksonville,Fort Lauderdale,FL,Size S,6.84,1,UPS® Ground
Jacksonville,Frisco,TX,Size S,7.36,3,UPS® Ground
Jacksonville,Goodyear,AZ,Size S,9.25,3,UPS® Ground
Jacksonville,Gays Mills,WI,Size S,8.45,4,UPS® Ground
Jacksonville,Grafton,WI,Size S,7.36,3,UPS® Ground
Jacksonville,Green Cove Springs,FL,Size S,6.65,1,UPS® Ground
Jacksonville,Greensburg,PA,Size S,7.45,2,UPS® Ground
Jacksonville,Honolulu,HI,Size S,30.87,5,UPS® Ground
Jacksonville,Humble,TX,Size S,7.45,3,UPS® Ground
Jacksonville,Huntington,NY,Size S,7.45,2,UPS® Ground
Jacksonville,Idaho Falls,ID,Size S,9.25,5,UPS® Ground
Jacksonville,Jackson,TN,Size S,6.84,2,UPS® Ground
Jacksonville,Jacksonville,NC,Size S,6.84,2,UPS® Ground
Jacksonville,Jenkintown,PA,Size S,7.45,2,UPS® Ground
Jacksonville,Johnson City,TN,Size S,6.84,2,UPS® Ground
Jacksonville,Kingwood,TX,Size S,7.45,3,UPS® Ground
Jacksonville,Lansing,MI,Size S,7.45,2,UPS® Ground
Jacksonville,Lapeer,MI,Size S,7.45,2,UPS® Ground
Jacksonville,Lawrenceville,GA,Size S,6.84,2,UPS® Ground
Jacksonville,Lexington,NC,Size S,6.84,2,UPS® Ground
Jacksonville,Lubbock,TX,Size S,8.45,3,UPS® Ground
Jacksonville,Medina,OH,Size S,7.45,2,UPS® Ground
Jacksonville,Macomb,MI,Size S,7.45,2,UPS® Ground
Jacksonville,Magnolia,TX,Size S,7.45,3,UPS® Ground
Jacksonville,Martinsburg,WV,Size S,7.45,2,UPS® Ground
Jacksonville,Meridian,ID,Size S,9.25,6,UPS® Ground
Jacksonville,Mobile,AL,Size S,6.67,2,UPS® Ground
Jacksonville,Morrison,CO,Size S,8.71,3,UPS® Ground
Jacksonville,Napa,CA,Size S,9.25,4,UPS® Ground
Jacksonville,New Braunfels,TX,Size S,7.45,2,UPS® Ground
Jacksonville,New Lenox,IL,Size S,7.45,2,UPS® Ground
Jacksonville,New Orleans,LA,Size S,6.84,2,UPS® Ground
Jacksonville,Newark,DE,Size S,7.45,2,UPS® Ground
Jacksonville,Oakland,CA,Size S,9.16,4,UPS® Ground
Jacksonville,Owasso,OK,Size S,7.45,2,UPS® Ground
Jacksonville,Overland Park,KS,Size S,7.45,2,UPS® Ground
Jacksonville,Panama City,FL,Size S,6.84,1,UPS® Ground
Jacksonville,Panama City Beach,FL,Size S,6.67,1,UPS® Ground
Jacksonville,Patchogue,NY,Size S,7.45,2,UPS® Ground
Jacksonville,Port Clinton,OH,Size S,7.45,2,UPS® Ground
Jacksonville,Paducah,KY,Size S,6.84,2,UPS® Ground
Jacksonville,Palmetto,FL,Size S,6.75,1,UPS® Ground
Jacksonville,Pearland,TX,Size S,7.36,3,UPS® Ground
Jacksonville,Pella,IA,Size S,8.45,4,UPS® Ground
Jacksonville,Pittsford,NY,Size S,7.45,3,UPS® Ground
Jacksonville,Port Orange,FL,Size S,6.65,1,UPS® Ground
Jacksonville,Ravenna,OH,Size S,7.45,2,UPS® Ground
Jacksonville,Roaming Shores,OH,Size S,7.45,2,UPS® Ground
Jacksonville,Richmond Hill,GA,Size S,6.65,1,UPS® Ground
Jacksonville,Riverview,FL,Size S,6.75,1,UPS® Ground
Jacksonville,Rochester,MN,Size S,8.45,3,UPS® Ground
Jacksonville,Round Rock,TX,Size S,7.45,2,UPS® Ground
Jacksonville,Saint Petersburg,FL,Size S,6.58,1,UPS® Ground
Jacksonville,San Leandro,CA,Size S,9.25,4,UPS® Ground
Jacksonville,Southington,CT,Size S,7.45,3,UPS® Ground
Jacksonville,Spartanburg,SC,Size S,6.84,2,UPS® Ground
Jacksonville,Surprise,AZ,Size S,9.16,3,UPS® Ground
Jacksonville,Santa Barbara,CA,Size S,9.16,4,UPS® Ground
Jacksonville,Shelton,CT,Size S,7.45,3,UPS® Ground
Jacksonville,Spring Branch,TX,Size S,8.45,2,UPS® Ground
Jacksonville,St. Louis,MO,Size S,7.45,2,UPS® Ground
Jacksonville,Stroudsburg,PA,Size S,7.36,2,UPS® Ground
Jacksonville,Sunapee,NH,Size S,8.45,3,UPS® Ground
Jacksonville,Swedesboro,NJ,Size S,7.45,2,UPS® Ground
Jacksonville,Syracuse,NY,Size S,7.45,2,UPS® Ground
Jacksonville,Tomball,TX,Size S,7.45,3,UPS® Ground
Jacksonville,Topeka,KS,Size S,8.45,2,UPS® Ground
Jacksonville,Tuscaloosa,AL,Size S,6.84,2,UPS® Ground
Jacksonville,Terre Haute,IN,Size S,7.45,3,UPS® Ground
Jacksonville,Tinley Park,IL,Size S,7.45,2,UPS® Ground
Jacksonville,Toms River,NJ,Size S,7.45,2,UPS® Ground
Jacksonville,Tulare,CA,Size S,9.25,4,UPS® Ground
Jacksonville,Vienna,VA,Size S,7.45,2,UPS® Ground
Jacksonville,Walnut Creek,CA,Size S,9.25,4,UPS® Ground
Jacksonville,Wayne,NJ,Size S,7.36,2,UPS® Ground
Jacksonville,Waynesboro,VA,Size S,6.84,2,UPS® Ground
Jacksonville,West Sacramento,CA,Size S,9.25,4,UPS® Ground
Jacksonville,Yuba City,CA,Size S,9.25,4,UPS® Ground
Jacksonville,Zachary,LA,Size S,6.67,2,UPS® Ground
Jacksonville,Buford,GA,Size S,6.84,2,UPS® Ground
Jacksonville,Modesto,CA,Size S,9.25,4,UPS® Ground
Jacksonville,Winter Park,FL,Size S,6.65,1,UPS® Ground
Jacksonville,Antioch,IL,Size S,7.45,2,UPS® Ground
Jacksonville,Algonquin,IL,Size S,7.45,2,UPS® Ground
Jacksonville,Allen,TX,Size S,7.45,3,UPS® Ground
Jacksonville,Ames,IA,Size S,8.45,4,UPS® Ground
Jacksonville,Anaheim,CA,Size S,9.25,4,UPS® Ground
Jacksonville,Aptos,CA,Size S,9.25,4,UPS® Ground
Jacksonville,Astoria,NY,Size S,7.45,2,UPS® Ground
Jacksonville,Bloomington,IN,Size S,7.45,3,UPS® Ground
Jacksonville,Bremerton,WA,Size S,9.25,4,UPS® Ground
Jacksonville,Brunswick,OH,Size S,7.45,2,UPS® Ground
Jacksonville,Burke,VA,Size S,7.45,2,UPS® Ground
Jacksonville,Bedford,IN,Size S,7.45,3,UPS® Ground
Jacksonville,Benton,LA,Size S,7.45,2,UPS® Ground
Jacksonville,Billings,MT,Size S,8.71,4,UPS® Ground
Jacksonville,Birdsboro,PA,Size S,7.45,2,UPS® Ground
Jacksonville,Bothell,WA,Size S,9.25,4,UPS® Ground
Jacksonville,Bowie,MD,Size S,7.45,2,UPS® Ground
Jacksonville,Brentwood,TN,Size S,6.67,2,UPS® Ground
Jacksonville,Bronx,NY,Size S,7.45,2,UPS® Ground
Jacksonville,Brookfield,WI,Size S,7.45,3,UPS® Ground
Jacksonville,Canton,OH,Size S,7.45,2,UPS® Ground
Jacksonville,Celina,TX,Size S,7.45,3,UPS® Ground
Jacksonville,Chapel Hill,NC,Size S,6.84,2,UPS® Ground
Jacksonville,Claremore,OK,Size S,7.45,2,UPS® Ground
Jacksonville,Clovis,CA,Size S,9.25,4,UPS® Ground
Jacksonville,Cocoa,FL,Size S,6.58,1,UPS® Ground
Jacksonville,Callahan,FL,Size S,6.65,1,UPS® Ground
Jacksonville,Carmel,IN,Size S,7.45,3,UPS® Ground
Jacksonville,Cedar Park,TX,Size S,7.45,2,UPS® Ground
Jacksonville,Centennial,CO,Size S,8.71,3,UPS® Ground
Jacksonville,Centerville,MA,Size S,8.45,3,UPS® Ground
Jacksonville,Charleston,SC,Size S,6.75,2,UPS® Ground
Jacksonville,Charlottesville,VA,Size S,6.67,2,UPS® Ground
Jacksonville,Clarkesville,GA,Size S,6.84,2,UPS® Ground
Jacksonville,Clayton,NC,Size S,6.84,2,UPS® Ground
Jacksonville,Clifton,NJ,Size S,7.45,2,UPS® Ground
Jacksonville,Collinsville,OK,Size S,7.45,2,UPS® Ground
Jacksonville,Columbia,TN,Size S,6.84,2,UPS® Ground
Jacksonville,Concord,NC,Size S,6.67,2,UPS® Ground
Jacksonville,Cookeville,TN,Size S,6.84,2,UPS® Ground
Jacksonville,Corpus Christi,TX,Size S,7.45,2,UPS® Ground
Jacksonville,Corrales,NM,Size S,8.71,4,UPS® Ground
Jacksonville,Corydon,IN,Size S,7.45,3,UPS® Ground
Jacksonville,Cranston,RI,Size S,7.45,3,UPS® Ground
Jacksonville,Dekalb,IL,Size S,7.45,2,UPS® Ground
Jacksonville,Delaware,OH,Size S,7.45,2,UPS® Ground
Jacksonville,Delmar,NY,Size S,7.45,2,UPS® Ground
Jacksonville,Des Moines,IA,Size S,8.36,4,UPS® Ground
Jacksonville,Dickson,TN,Size S,6.84,2,UPS® Ground
Jacksonville,Downers Grove,IL,Size S,7.45,2,UPS® Ground
Jacksonville,Dripping Springs,TX,Size S,7.45,2,UPS® Ground
Jacksonville,Eustis,FL,Size S,6.65,1,UPS® Ground
Jacksonville,East Hampton,NY,Size S,7.45,2,UPS® Ground
Jacksonville,Fenton,MO,Size S,7.45,2,UPS® Ground
Jacksonville,Fayetteville,AR,Size S,7.36,2,UPS® Ground
Jacksonville,Flower Mound,TX,Size S,7.45,3,UPS® Ground
Jacksonville,Franklin,OH,Size S,7.45,2,UPS® Ground
Jacksonville,Friendswood,TX,Size S,7.45,3,UPS® Ground
Jacksonville,Gainesville,FL,Size S,6.65,1,UPS® Ground
Jacksonville,Gainesville,GA,Size S,6.84,2,UPS® Ground
Jacksonville,Glendale,CA,Size S,9.25,4,UPS® Ground
Jacksonville,Greenville,SC,Size S,6.84,2,UPS® Ground
Jacksonville,Greenville,MI,Size S,7.45,2,UPS® Ground
Jacksonville,Gaithersburg,MD,Size S,7.45,2,UPS® Ground
Jacksonville,Garner,NC,Size S,6.67,2,UPS® Ground
Jacksonville,Gastonia,NC,Size S,6.84,2,UPS® Ground
Jacksonville,Granada Hills,CA,Size S,9.25,4,UPS® Ground
Jacksonville,Granbury,TX,Size S,7.45,3,UPS® Ground
Jacksonville,Griffin,GA,Size S,6.84,2,UPS® Ground
Jacksonville,Harpers Ferry,WV,Size S,7.45,2,UPS® Ground
Jacksonville,Haverhill,MA,Size S,8.45,3,UPS® Ground
Jacksonville,Hayward,CA,Size S,9.25,4,UPS® Ground
Jacksonville,Herriman,UT,Size S,9.25,5,UPS® Ground
Jacksonville,Hillsboro,OR,Size S,9.25,4,UPS® Ground
Jacksonville,Hoboken,NJ,Size S,7.45,2,UPS® Ground
Jacksonville,Huntley,IL,Size S,7.45,2,UPS® Ground
Jacksonville,Hagerstown,MD,Size S,7.45,2,UPS® Ground
Jacksonville,Hamilton,OH,Size S,7.36,2,UPS® Ground
Jacksonville,Harrisburg,PA,Size S,7.45,2,UPS® Ground
Jacksonville,Hendersonville,NC,Size S,6.84,2,UPS® Ground
Jacksonville,Hendersonville,TN,Size S,6.84,2,UPS® Ground
Jacksonville,Holland,MI,Size S,7.45,2,UPS® Ground
Jacksonville,Indian Trail,NC,Size S,6.84,2,UPS® Ground
Jacksonville,Jersey City,NJ,Size S,7.45,2,UPS® Ground
Jacksonville,Johnstown,PA,Size S,7.45,2,UPS® Ground
Jacksonville,Kalamazoo,MI,Size S,7.45,2,UPS® Ground
Jacksonville,Keatchie,LA,Size S,7.45,2,UPS® Ground
Jacksonville,Kennewick,WA,Size S,9.16,4,UPS® Ground
Jacksonville,Kingsport,TN,Size S,6.84,2,UPS® Ground
Jacksonville,Lake Elsinore,CA,Size S,9.25,4,UPS® Ground
Jacksonville,Lebanon,OH,Size S,7.45,2,UPS® Ground
Jacksonville,Little Rock,AR,Size S,7.36,2,UPS® Ground
Jacksonville,Livonia,MI,Size S,7.45,2,UPS® Ground
Jacksonville,Los Alamos,NM,Size S,8.71,4,UPS® Ground
Jacksonville,Loveland,CO,Size S,8.71,3,UPS® Ground
Jacksonville,La Mesa,CA,Size S,9.25,4,UPS® Ground
Jacksonville,La Quinta,CA,Size S,8.71,4,UPS® Ground
Jacksonville,Lake Oswego,OR,Size S,9.16,4,UPS® Ground
Jacksonville,Lake Saint Louis,MO,Size S,7.45,2,UPS® Ground
Jacksonville,Lake in the Hills,IL,Size S,7.45,2,UPS® Ground
Jacksonville,Lakeway,TX,Size S,7.36,2,UPS® Ground
Jacksonville,Lancaster,NY,Size S,7.36,3,UPS® Ground
Jacksonville,Leander,TX,Size S,7.45,2,UPS® Ground
Jacksonville,Lees Summit,MO,Size S,7.45,2,UPS® Ground
Jacksonville,Lenoir,NC,Size S,6.84,2,UPS® Ground
Jacksonville,Lewis Center,OH,Size S,7.45,2,UPS® Ground
Jacksonville,Lexington,IN,Size S,7.45,3,UPS® Ground
Jacksonville,Lodi,CA,Size S,9.25,4,UPS® Ground
Jacksonville,Lynden,WA,Size S,9.25,4,UPS® Ground
Jacksonville,Methuen,MA,Size S,8.45,3,UPS® Ground
Jacksonville,Milford,CT,Size S,7.45,3,UPS® Ground
Jacksonville,Mineola,TX,Size S,7.45,3,UPS® Ground
Jacksonville,Missoula,MT,Size S,9.16,4,UPS® Ground
Jacksonville,Mansfield,OH,Size S,7.45,2,UPS® Ground
Jacksonville,McDonough,GA,Size S,6.84,2,UPS® Ground
Jacksonville,Merritt Island,FL,Size S,6.75,1,UPS® Ground
Jacksonville,Midlothian,VA,Size S,6.84,2,UPS® Ground
Jacksonville,Millington,TN,Size S,6.84,2,UPS® Ground
Jacksonville,Milton,FL,Size S,6.84,1,UPS® Ground
Jacksonville,Moab,UT,Size S,8.62,6,UPS® Ground
Jacksonville,Monroe,NC,Size S,6.67,2,UPS® Ground
Jacksonville,Mooresville,IN,Size S,7.45,3,UPS® Ground
Jacksonville,Morganton,NC,Size S,6.67,2,UPS® Ground
Jacksonville,Murfreesboro,TN,Size S,6.84,2,UPS® Ground
Jacksonville,Newburgh,NY,Size S,7.45,2,UPS® Ground
Jacksonville,Navarre,FL,Size S,6.84,1,UPS® Ground
Jacksonville,New Market,AL,Size S,6.84,2,UPS® Ground
Jacksonville,Newnan,GA,Size S,6.84,2,UPS® Ground
Jacksonville,Norman,OK,Size S,7.45,2,UPS® Ground
Jacksonville,Novi,MI,Size S,7.45,2,UPS® Ground
Jacksonville,Ormond Beach,FL,Size S,6.65,1,UPS® Ground
Jacksonville,Owensboro,KY,Size S,6.67,2,UPS® Ground
Jacksonville,Oconto,WI,Size S,7.45,3,UPS® Ground
Jacksonville,Old Bridge,NJ,Size S,7.45,2,UPS® Ground
Jacksonville,Olympia,WA,Size S,9.16,4,UPS® Ground
Jacksonville,Oregon City,OR,Size S,9.25,4,UPS® Ground
Jacksonville,Oxford,MI,Size S,7.45,2,UPS® Ground
Jacksonville,Peachtree City,GA,Size S,6.84,2,UPS® Ground
Jacksonville,Pleasanton,CA,Size S,9.16,4,UPS® Ground
Jacksonville,Poughkeepsie,NY,Size S,7.45,2,UPS® Ground
Jacksonville,Pagosa Springs,CO,Size S,8.71,4,UPS® Ground
Jacksonville,Pasadena,CA,Size S,9.16,4,UPS® Ground
Jacksonville,Pasadena,TX,Size S,7.45,3,UPS® Ground
Jacksonville,Pasco,WA,Size S,9.16,4,UPS® Ground
Jacksonville,Pawtucket,RI,Size S,7.45,3,UPS® Ground
Jacksonville,Pembroke,MA,Size S,8.45,3,UPS® Ground
Jacksonville,Perrysburg,OH,Size S,7.45,2,UPS® Ground
Jacksonville,Plant City,FL,Size S,6.75,1,UPS® Ground
Jacksonville,Port Orchard,WA,Size S,9.25,4,UPS® Ground
Jacksonville,Prescott Valley,AZ,Size S,8.62,3,UPS® Ground
Jacksonville,Princeton,NJ,Size S,7.36,2,UPS® Ground
Jacksonville,Quincy,MA,Size S,8.45,3,UPS® Ground
Jacksonville,Redwood City,CA,Size S,9.25,4,UPS® Ground
Jacksonville,Rohnert Park,CA,Size S,9.25,4,UPS® Ground
Jacksonville,Rigby,ID,Size S,9.25,6,UPS® Ground
Jacksonville,Ripon,WI,Size S,7.45,3,UPS® Ground
Jacksonville,Rogers,AR,Size S,7.45,2,UPS® Ground
Jacksonville,Rowlett,TX,Size S,7.45,3,UPS® Ground
Jacksonville,Rydal,PA,Size S,7.45,2,UPS® Ground
Jacksonville,Shepherdsville,KY,Size S,7.45,2,UPS® Ground
Jacksonville,Shreveport,LA,Size S,7.36,2,UPS® Ground
Jacksonville,Stamford,CT,Size S,7.45,3,UPS® Ground
Jacksonville,Salt Lake City,UT,Size S,9.16,5,UPS® Ground
Jacksonville,Sanford,NC,Size S,6.84,2,UPS® Ground
Jacksonville,Santa Ana,CA,Size S,9.16,4,UPS® Ground
Jacksonville,Santa Cruz,CA,Size S,9.25,4,UPS® Ground
Jacksonville,Santa Fe,NM,Size S,8.62,4,UPS® Ground
Jacksonville,Sarver,PA,Size S,7.45,2,UPS® Ground
Jacksonville,Schenectady,NY,Size S,7.36,2,UPS® Ground
Jacksonville,Sierra Vista,AZ,Size S,8.71,3,UPS® Ground
Jacksonville,Silver Spring,MD,Size S,7.45,2,UPS® Ground
Jacksonville,South Jordan,UT,Size S,9.16,5,UPS® Ground
Jacksonville,Springfield,MO,Size S,7.45,2,UPS® Ground
Jacksonville,Summerville,SC,Size S,6.58,2,UPS® Ground
Jacksonville,Sumter,SC,Size S,6.58,2,UPS® Ground
Jacksonville,Sun City,AZ,Size S,9.16,3,UPS® Ground
Jacksonville,Syosset,NY,Size S,7.45,2,UPS® Ground
Jacksonville,Taunton,MA,Size S,7.36,3,UPS® Ground
Jacksonville,Texarkana,TX,Size S,7.45,3,UPS® Ground
Jacksonville,Toledo,OH,Size S,7.45,2,UPS® Ground
Jacksonville,Urbana,OH,Size S,7.45,2,UPS® Ground
Jacksonville,Valparaiso,IN,Size S,7.36,3,UPS® Ground
Jacksonville,Waco,TX,Size S,7.45,3,UPS® Ground
Jacksonville,West Lafayette,IN,Size S,7.45,3,UPS® Ground
Jacksonville,Winter Garden,FL,Size S,6.75,1,UPS® Ground
Jacksonville,Winter Haven,FL,Size S,6.75,1,UPS® Ground
Jacksonville,Wylie,TX,Size S,7.45,3,UPS® Ground
Jacksonville,Waldorf,MD,Size S,7.45,2,UPS® Ground
Jacksonville,Wesley Chapel,FL,Size S,6.58,1,UPS® Ground
Jacksonville,West Palm Beach,FL,Size S,6.67,1,UPS® Ground
Jacksonville,Williamsburg,VA,Size S,6.84,2,UPS® Ground
Jacksonville,Woodbridge,VA,Size S,7.45,2,UPS® Ground
Jacksonville,Woodside,CA,Size S,9.25,4,UPS® Ground
Jacksonville,Yorba Linda,CA,Size S,9.25,4,UPS® Ground
Jacksonville,Queens Village,NY,Size S,7.45,2,UPS® Ground
Chicago,Brooklyn,NY,Size S,7.36,2,UPS® Ground
Chicago,Phoenix,AZ,Size S,8.71,3,UPS® Ground
Chicago,Houston,TX,Size S,8.45,3,UPS® Ground
Chicago,San Antonio,TX,Size S,8.45,3,UPS® Ground
Chicago,Jacksonville,FL,Size S,7.45,2,UPS® Ground
Chicago,Chicago,IL,Size S,6.65,1,UPS® Ground
Chicago,Dallas,TX,Size S,7.45,2,UPS® Ground
Chicago,Wilmington,DE,Size S,7.45,2,UPS® Ground
Chicago,Austin,TX,Size S,7.45,2,UPS® Ground
Chicago,Canton,OH,Size S,6.84,2,UPS® Ground
Chicago,Charlotte,NC,Size S,7.45,2,UPS® Ground
Chicago,New York,NY,Size S,7.45,2,UPS® Ground
Chicago,Atlanta,GA,Size S,7.45,2,UPS® Ground
Chicago,Franklin,TN,Size S,6.84,2,UPS® Ground
Chicago,Lexington,KY,Size S,6.84,2,UPS® Ground
Chicago,Orlando,FL,Size S,8.45,2,UPS® Ground
Chicago,Rochester,NY,Size S,6.84,2,UPS® Ground
Chicago,Las Vegas,NV,Size S,8.71,3,UPS® Ground
Chicago,Louisville,KY,Size S,6.75,2,UPS® Ground
Chicago,Marietta,GA,Size S,7.45,2,UPS® Ground
Chicago,Colorado Springs,CO,Size S,7.45,2,UPS® Ground
Chicago,Columbus,OH,Size S,6.75,2,UPS® Ground
Chicago,Marble Falls,TX,Size S,7.45,2,UPS® Ground
Chicago,Tampa,FL,Size S,7.45,2,UPS® Ground
Chicago,San Diego,CA,Size S,8.71,3,UPS® Ground
Chicago,Columbia,SC,Size S,7.45,2,UPS® Ground
Chicago,Greenville,SC,Size S,6.84,2,UPS® Ground
Chicago,Lebanon,TN,Size S,6.84,2,UPS® Ground
Chicago,Salem,OR,Size S,8.71,3,UPS® Ground
Chicago,Cleveland,OH,Size S,6.84,2,UPS® Ground
Chicago,Denver,CO,Size S,7.45,2,UPS® Ground
Chicago,Omaha,NE,Size S,6.84,2,UPS® Ground
Chicago,Portland,OR,Size S,8.71,3,UPS® Ground
Chicago,Raleigh,NC,Size S,7.45,2,UPS® Ground
Chicago,Richmond,VA,Size S,7.45,3,UPS® Ground
Chicago,Jackson,MS,Size S,7.45,2,UPS® Ground
Chicago,Albany,NY,Size S,7.45,2,UPS® Ground
Chicago,Fort Worth,TX,Size S,7.45,2,UPS® Ground
Chicago,Oklahoma City,OK,Size S,7.45,2,UPS® Ground
Chicago,Chesapeake,VA,Size S,7.45,3,UPS® Ground
Chicago,Miami,FL,Size S,8.45,3,UPS® Ground
Chicago,Milford,CT,Size S,7.45,2,UPS® Ground
Chicago,Pittsburgh,PA,Size S,6.84,2,UPS® Ground
Chicago,San Francisco,CA,Size S,9.25,4,UPS® Ground
Chicago,San Jose,CA,Size S,9.25,4,UPS® Ground
Chicago,Tucson,AZ,Size S,8.71,3,UPS® Ground
Chicago,Virginia Beach,VA,Size S,7.45,3,UPS® Ground
Chicago,Albuquerque,NM,Size S,8.45,4,UPS® Ground
Chicago,Gilbert,AZ,Size S,8.71,3,UPS® Ground
Chicago,Springfield,IL,Size S,6.75,1,UPS® Ground
Chicago,Alexandria,VA,Size S,6.84,3,UPS® Ground
Chicago,Kansas City,MO,Size S,6.84,2,UPS® Ground
Chicago,Knoxville,TN,Size S,6.84,2,UPS® Ground
Chicago,Lakewood,CO,Size S,7.45,2,UPS® Ground
Chicago,Nashville,TN,Size S,6.84,2,UPS® Ground
Chicago,Saint Louis,MO,Size S,6.84,1,UPS® Ground
Chicago,Seattle,WA,Size S,8.71,4,UPS® Ground
Chicago,Arlington,TX,Size S,7.36,2,UPS® Ground
Chicago,Aurora,CO,Size S,7.36,3,UPS® Ground
Chicago,Boise,ID,Size S,8.62,3,UPS® Ground
Chicago,Indianapolis,IN,Size S,6.58,1,UPS® Ground
Chicago,Naples,CO,Size S,7.45,,UPS® Ground
Chicago,Reno,NV,Size S,8.62,3,UPS® Ground
Chicago,Riverside,CA,Size S,8.62,3,UPS® Ground
Chicago,Bismarck,ND,Size S,7.36,3,UPS® Ground
Chicago,Fresno,TX,Size S,7.45,3,UPS® Ground
Chicago,Lincoln,RI,Size S,7.36,3,UPS® Ground
Chicago,Los Angeles,CA,Size S,8.62,3,UPS® Ground
Chicago,Mansfield,MA,Size S,7.45,3,UPS® Ground
Chicago,Milwaukee,WI,Size S,6.65,1,UPS® Ground
Chicago,Madison,IN,Size S,6.58,2,UPS® Ground
Chicago,Mesa,AZ,Size S,8.71,3,UPS® Ground
Chicago,Monroe,NC,Size S,7.36,2,UPS® Ground
Chicago,Philadelphia,PA,Size S,7.36,2,UPS® Ground
Chicago,Staten Island,NY,Size S,7.36,2,UPS® Ground
Chicago,Washington,DC,Size S,6.67,2,UPS® Ground
Chicago,Baltimore,MD,Size S,7.36,2,UPS® Ground
Chicago,Decatur,IL,Size S,6.58,1,UPS® Ground
Chicago,Durham,NC,Size S,7.36,2,UPS® Ground
Chicago,Fayetteville,AR,Size S,6.67,2,UPS® Ground
Chicago,Glendale,AZ,Size S,8.62,3,UPS® Ground
Chicago,Midland,GA,Size S,7.45,2,UPS® Ground
Chicago,Scottsdale,AZ,Size S,8.62,3,UPS® Ground
Chicago,Woodstock,GA,Size S,7.36,2,UPS® Ground
Chicago,Chandler,AZ,Size S,8.62,3,UPS® Ground
Chicago,Cincinnati,OH,Size S,6.67,2,UPS® Ground
Chicago,Covington,LA,Size S,7.36,3,UPS® Ground
Chicago,Fort Myers,FL,Size S,8.36,3,UPS® Ground
Chicago,Greensboro,NC,Size S,6.67,2,UPS® Ground
Chicago,Henderson,TX,Size S,7.45,2,UPS® Ground
Chicago,Hamilton,MI,Size S,6.65,1,UPS® Ground
Chicago,Lewisburg,PA,Size S,6.84,2,UPS® Ground
Chicago,Littleton,CO,Size S,7.36,2,UPS® Ground
Chicago,Mount Pleasant,SC,Size S,7.36,3,UPS® Ground
Chicago,Pasadena,MD,Size S,6.67,2,UPS® Ground
Chicago,Plano,TX,Size S,7.36,2,UPS® Ground
Chicago,Sanford,NC,Size S,7.36,2,UPS® Ground
Chicago,Wayne,ME,Size S,7.45,3,UPS® Ground
Chicago,Ashland,PA,Size S,6.84,2,UPS® Ground
Chicago,Burlington,WI,Size S,6.58,1,UPS® Ground
Chicago,Centerville,IA,Size S,6.75,1,UPS® Ground
Chicago,Clayton,NC,Size S,7.36,2,UPS® Ground
Chicago,Encinitas,CA,Size S,8.62,4,UPS® Ground
Chicago,Fort Collins,CO,Size S,7.36,3,UPS® Ground
Chicago,Golden,CO,Size S,7.36,2,UPS® Ground
Chicago,Hudson,NC,Size S,6.67,2,UPS® Ground
Chicago,Katy,TX,Size S,8.36,3,UPS® Ground
Chicago,Lancaster,SC,Size S,7.36,2,UPS® Ground
Chicago,Newark,NJ,Size S,7.36,2,UPS® Ground
Chicago,Parker,CO,Size S,7.36,2,UPS® Ground
Chicago,Plymouth,MA,Size S,7.36,3,UPS® Ground
Chicago,Rancho Cucamonga,CA,Size S,9.16,3,UPS® Ground
Chicago,Rockville,MD,Size S,6.67,2,UPS® Ground
Chicago,Sacramento,CA,Size S,8.71,4,UPS® Ground
Chicago,Tallahassee,FL,Size S,7.36,2,UPS® Ground
Chicago,The Villages,FL,Size S,7.36,2,UPS® Ground
Chicago,Westfield,IN,Size S,6.58,1,UPS® Ground
Chicago,Waterloo,IA,Size S,6.58,1,UPS® Ground
Chicago,West Chester,PA,Size S,7.36,2,UPS® Ground
Chicago,Bend,OR,Size S,8.62,4,UPS® Ground
Chicago,Amarillo,TX,Size S,7.45,4,UPS® Ground
Chicago,Auburn,MA,Size S,7.36,3,UPS® Ground
Chicago,Bakersfield,CA,Size S,8.62,4,UPS® Ground
Chicago,Boca Raton,FL,Size S,8.36,3,UPS® Ground
Chicago,Benton,LA,Size S,7.45,3,UPS® Ground
Chicago,Bradenton,FL,Size S,8.36,3,UPS® Ground
Chicago,Dayton,OH,Size S,6.58,2,UPS® Ground
Chicago,Duluth,MN,Size S,6.84,2,UPS® Ground
Chicago,Englewood,CO,Size S,7.36,2,UPS® Ground
Chicago,Fort Wayne,IN,Size S,6.26,1,UPS® Ground
Chicago,Frederick,MD,Size S,6.67,2,UPS® Ground
Chicago,Fredericksburg,VA,Size S,7.36,3,UPS® Ground
Chicago,Gainesville,FL,Size S,7.36,2,UPS® Ground
Chicago,Grand Rapids,MI,Size S,6.26,1,UPS® Ground
Chicago,Green Bay,WI,Size S,6.58,1,UPS® Ground
Chicago,Morgantown,WV,Size S,6.67,2,UPS® Ground
Chicago,Pensacola,FL,Size S,7.36,2,UPS® Ground
Chicago,Princeton,MA,Size S,7.36,3,UPS® Ground
Chicago,Peoria,AZ,Size S,8.62,3,UPS® Ground
Chicago,Saint Paul,MN,Size S,6.67,2,UPS® Ground
Chicago,Savannah,GA,Size S,7.36,2,UPS® Ground
Chicago,Seaford,NY,Size S,7.45,2,UPS® Ground
Chicago,Seymour,IN,Size S,6.58,2,UPS® Ground
Chicago,Spokane,WA,Size S,8.62,4,UPS® Ground
Chicago,Windsor,CO,Size S,7.36,3,UPS® Ground
Chicago,Winston-Salem,NC,Size S,6.67,2,UPS® Ground
Chicago,Worcester,MA,Size S,7.36,3,UPS® Ground
Chicago,York,PA,Size S,6.67,2,UPS® Ground
Chicago,Antioch,TN,Size S,6.84,2,UPS® Ground
Chicago,Athens,GA,Size S,7.36,2,UPS® Ground
Chicago,Corona,CA,Size S,8.62,3,UPS® Ground
Chicago,Fairfield,CA,Size S,9.16,4,UPS® Ground
Chicago,Germantown,MD,Size S,6.84,2,UPS® Ground
Chicago,Hillsboro,OR,Size S,8.62,4,UPS® Ground
Chicago,Hope Mills,NC,Size S,7.45,2,UPS® Ground
Chicago,Hendersonville,NC,Size S,6.67,2,UPS® Ground
Chicago,Holly Springs,MS,Size S,6.67,3,UPS® Ground
Chicago,Homer,AK,Size S,30.87,4,UPS® Ground
Chicago,Laurel,MD,Size S,7.36,2,UPS® Ground
Chicago,Long Beach,CA,Size S,8.62,3,UPS® Ground
Chicago,Manteca,CA,Size S,8.62,4,UPS® Ground
Chicago,Maryville,TN,Size S,6.67,2,UPS® Ground
Chicago,Magnolia,MS,Size S,7.45,2,UPS® Ground
Chicago,Memphis,TN,Size S,6.67,2,UPS® Ground
Chicago,Milton,MA,Size S,7.36,3,UPS® Ground
Chicago,Montgomery,TX,Size S,7.36,3,UPS® Ground
Chicago,Myrtle Beach,SC,Size S,7.45,3,UPS® Ground
Chicago,New Market,AL,Size S,6.84,2,UPS® Ground
Chicago,Ocala,FL,Size S,7.36,2,UPS® Ground
Chicago,Olathe,KS,Size S,6.67,2,UPS® Ground
Chicago,Oxford,MI,Size S,6.58,2,UPS® Ground
Chicago,Palm Beach Gardens,FL,Size S,8.36,3,UPS® Ground
Chicago,Roseville,CA,Size S,8.62,4,UPS® Ground
Chicago,Roswell,GA,Size S,7.36,2,UPS® Ground
Chicago,Rockwall,TX,Size S,7.36,2,UPS® Ground
Chicago,Spring,TX,Size S,7.45,3,UPS® Ground
Chicago,Salisbury,MA,Size S,7.36,3,UPS® Ground
Chicago,Santa Rosa,CA,Size S,9.16,4,UPS® Ground
Chicago,Sarasota,FL,Size S,8.36,3,UPS® Ground
Chicago,Vancouver,WA,Size S,8.62,4,UPS® Ground
Chicago,Westminster,MD,Size S,6.67,2,UPS® Ground
Chicago,Canton,GA,Size S,7.45,2,UPS® Ground
Chicago,Columbia,MO,Size S,6.67,2,UPS® Ground
Chicago,Naples,FL,Size S,8.36,3,UPS® Ground
Chicago,Fresno,CA,Size S,8.62,4,UPS® Ground
Chicago,Cleveland,TN,Size S,6.84,2,UPS® Ground
Chicago,Henderson,NV,Size S,8.62,3,UPS® Ground
Chicago,Lincoln,NE,Size S,6.67,2,UPS® Ground
Chicago,Wilmington,NC,Size S,7.45,2,UPS® Ground
Chicago,Arvada,CO,Size S,7.45,2,UPS® Ground
Chicago,Anchorage,AK,Size S,30.87,4,UPS® Ground
Chicago,Birmingham,AL,Size S,6.84,2,UPS® Ground
Chicago,Bozeman,MT,Size S,8.45,3,UPS® Ground
Chicago,Conroe,TX,Size S,7.45,3,UPS® Ground
Chicago,Carmel Valley,CA,Size S,8.71,3,UPS® Ground
Chicago,Castle Rock,CO,Size S,7.45,2,UPS® Ground
Chicago,Cedar Rapids,IA,Size S,6.75,1,UPS® Ground
Chicago,Cooperstown,NY,Size S,7.36,2,UPS® Ground
Chicago,Deland,FL,Size S,8.36,2,UPS® Ground
Chicago,Fort Mill,SC,Size S,7.45,2,UPS® Ground
Chicago,Fargo,ND,Size S,6.84,2,UPS® Ground
Chicago,Glen Allen,VA,Size S,6.84,3,UPS® Ground
Chicago,Grand Junction,CO,Size S,8.45,3,UPS® Ground
Chicago,Highlands Ranch,CO,Size S,7.45,2,UPS® Ground
Chicago,Joliet,IL,Size S,6.65,1,UPS® Ground
Chicago,Kerrville,TX,Size S,8.45,3,UPS® Ground
Chicago,Longmont,CO,Size S,7.45,2,UPS® Ground
Chicago,Minneapolis,MN,Size S,6.67,2,UPS® Ground
Chicago,Naperville,IL,Size S,6.65,1,UPS® Ground
Chicago,Neosho,MO,Size S,6.84,2,UPS® Ground
Chicago,Puyallup,WA,Size S,8.71,4,UPS® Ground
Chicago,Queen Creek,AZ,Size S,8.71,3,UPS® Ground
Chicago,Saline,MI,Size S,6.75,2,UPS® Ground
Chicago,Sevierville,TN,Size S,6.84,2,UPS® Ground
Chicago,Sterling Heights,MI,Size S,6.75,1,UPS® Ground
Chicago,Thornton,CO,Size S,7.45,2,UPS® Ground
Chicago,Ventura,CA,Size S,8.62,3,UPS® Ground
Chicago,Wilmington,MA,Size S,7.45,3,UPS® Ground
Chicago,Clermont,FL,Size S,8.45,2,UPS® Ground
Chicago,Abilene,TX,Size S,7.36,2,UPS® Ground
Chicago,Brick,NJ,Size S,7.36,2,UPS® Ground
Chicago,Bentonville,AR,Size S,6.67,2,UPS® Ground
Chicago,Bogart,GA,Size S,7.45,2,UPS® Ground
Chicago,Boston,MA,Size S,7.45,3,UPS® Ground
Chicago,Buffalo,NY,Size S,6.67,2,UPS® Ground
Chicago,Cary,NC,Size S,7.45,2,UPS® Ground
Chicago,Dallas,GA,Size S,7.45,2,UPS® Ground
Chicago,Doylestown,PA,Size S,7.36,2,UPS® Ground
Chicago,Eugene,OR,Size S,8.62,4,UPS® Ground
Chicago,Edmond,OK,Size S,7.36,2,UPS® Ground
Chicago,Forney,TX,Size S,7.45,2,UPS® Ground
Chicago,Fuquay Varina,NC,Size S,7.36,2,UPS® Ground
Chicago,Glendora,CA,Size S,9.25,4,UPS® Ground
Chicago,Henrico,VA,Size S,7.36,3,UPS® Ground
Chicago,Hockessin,DE,Size S,7.45,2,UPS® Ground
Chicago,Holly Springs,NC,Size S,7.45,2,UPS® Ground
Chicago,Irvine,CA,Size S,8.71,3,UPS® Ground
Chicago,Lakeland,FL,Size S,8.36,2,UPS® Ground
Chicago,Lawrence,KS,Size S,6.67,2,UPS® Ground
Chicago,League City,TX,Size S,7.36,3,UPS® Ground
Chicago,Mansfield,TX,Size S,7.36,2,UPS® Ground
Chicago,Madison,WI,Size S,6.26,1,UPS® Ground
Chicago,McKinney,TX,Size S,7.45,2,UPS® Ground
Chicago,Mentor,OH,Size S,6.67,2,UPS® Ground
Chicago,Mount Airy,MD,Size S,6.84,2,UPS® Ground
Chicago,Norfolk,VA,Size S,7.45,3,UPS® Ground
Chicago,Nampa,ID,Size S,8.71,3,UPS® Ground
Chicago,Noblesville,IN,Size S,6.75,1,UPS® Ground
Chicago,Orland Park,IL,Size S,6.65,1,UPS® Ground
Chicago,Palm Harbor,FL,Size S,7.45,2,UPS® Ground
Chicago,Petaluma,CA,Size S,9.25,4,UPS® Ground
Chicago,Placentia,CA,Size S,8.71,3,UPS® Ground
Chicago,Prescott,AZ,Size S,8.45,3,UPS® Ground
Chicago,Richardson,TX,Size S,7.45,2,UPS® Ground
Chicago,Roanoke,VA,Size S,6.84,2,UPS® Ground
Chicago,Richmond,TX,Size S,8.45,3,UPS® Ground
Chicago,Sanford,ME,Size S,7.45,3,UPS® Ground
Chicago,Seminole,FL,Size S,8.36,2,UPS® Ground
Chicago,Sheridan,WY,Size S,7.45,3,UPS® Ground
Chicago,Sparks,NV,Size S,8.71,3,UPS® Ground
Chicago,Traverse City,MI,Size S,6.75,2,UPS® Ground
Chicago,Tulsa,OK,Size S,6.84,2,UPS® Ground
Chicago,Wake Forest,NC,Size S,7.45,2,UPS® Ground
Chicago,Waterloo,SC,Size S,6.84,2,UPS® Ground
Chicago,Waukesha,WI,Size S,6.75,1,UPS® Ground
Chicago,Wichita,KS,Size S,6.84,2,UPS® Ground
Chicago,Winnsboro,TX,Size S,7.45,2,UPS® Ground
Chicago,Woodbury,MN,Size S,6.84,2,UPS® Ground
Chicago,Cumming,GA,Size S,7.36,2,UPS® Ground
Chicago,Muskegon,MI,Size S,6.65,1,UPS® Ground
Chicago,Akron,OH,Size S,6.67,2,UPS® Ground
Chicago,Albany,OR,Size S,8.71,4,UPS® Ground
Chicago,Alpharetta,GA,Size S,7.45,2,UPS® Ground
Chicago,Asheville,NC,Size S,6.67,2,UPS® Ground
Chicago,Bixby,OK,Size S,6.84,2,UPS® Ground
Chicago,Boulder,CO,Size S,7.36,2,UPS® Ground
Chicago,Bethlehem,PA,Size S,7.45,2,UPS® Ground
Chicago,Brenham,TX,Size S,7.45,3,UPS® Ground
Chicago,Broken Bow,OK,Size S,7.45,2,UPS® Ground
Chicago,Cape Coral,FL,Size S,8.45,3,UPS® Ground
Chicago,Chula Vista,CA,Size S,8.62,3,UPS® Ground
Chicago,Crawfordville,FL,Size S,7.45,2,UPS® Ground
Chicago,Cypress,TX,Size S,8.45,3,UPS® Ground
Chicago,Clearwater,FL,Size S,8.45,2,UPS® Ground
Chicago,Columbiana,AL,Size S,6.84,2,UPS® Ground
Chicago,Columbus,GA,Size S,7.45,2,UPS® Ground
Chicago,Commack,NY,Size S,7.45,2,UPS® Ground
Chicago,Dublin,CA,Size S,9.25,4,UPS® Ground
Chicago,Decatur,GA,Size S,7.45,2,UPS® Ground
Chicago,Deltona,FL,Size S,8.45,2,UPS® Ground
Chicago,Derry,NH,Size S,7.45,3,UPS® Ground
Chicago,Douglassville,PA,Size S,7.45,2,UPS® Ground
Chicago,Easton,PA,Size S,7.45,2,UPS® Ground
Chicago,El Paso,TX,Size S,8.45,3,UPS® Ground
Chicago,Escondido,CA,Size S,8.71,4,UPS® Ground
Chicago,Fairport,NY,Size S,6.84,2,UPS® Ground
Chicago,Flemington,NJ,Size S,7.45,2,UPS® Ground
Chicago,Florence,SC,Size S,7.45,2,UPS® Ground
Chicago,Fort Lauderdale,FL,Size S,8.45,3,UPS® Ground
Chicago,Frisco,TX,Size S,7.36,2,UPS® Ground
Chicago,Goodyear,AZ,Size S,8.71,3,UPS® Ground
Chicago,Gays Mills,WI,Size S,6.75,2,UPS® Ground
Chicago,Grafton,WI,Size S,6.26,1,UPS® Ground
Chicago,Green Cove Springs,FL,Size S,7.45,2,UPS® Ground
Chicago,Greensburg,PA,Size S,6.84,2,UPS® Ground
Chicago,Honolulu,HI,Size S,30.87,5,UPS® Ground
Chicago,Humble,TX,Size S,7.45,3,UPS® Ground
Chicago,Huntington,NY,Size S,7.45,2,UPS® Ground
Chicago,Idaho Falls,ID,Size S,8.45,3,UPS® Ground
Chicago,Jackson,TN,Size S,6.84,2,UPS® Ground
Chicago,Jacksonville,NC,Size S,7.45,3,UPS® Ground
Chicago,Jenkintown,PA,Size S,7.45,2,UPS® Ground
Chicago,Johnson City,TN,Size S,6.84,2,UPS® Ground
Chicago,Kingwood,TX,Size S,7.45,3,UPS® Ground
Chicago,Lansing,MI,Size S,6.75,1,UPS® Ground
Chicago,Lapeer,MI,Size S,6.75,1,UPS® Ground
Chicago,Lawrenceville,GA,Size S,7.45,2,UPS® Ground
Chicago,Lexington,NC,Size S,6.84,2,UPS® Ground
Chicago,Lubbock,TX,Size S,7.45,3,UPS® Ground
Chicago,Medina,OH,Size S,6.84,2,UPS® Ground
Chicago,Macomb,MI,Size S,6.84,1,UPS® Ground
Chicago,Magnolia,TX,Size S,7.45,3,UPS® Ground
Chicago,Martinsburg,WV,Size S,6.84,2,UPS® Ground
Chicago,Meridian,ID,Size S,8.71,3,UPS® Ground
Chicago,Mobile,AL,Size S,7.36,2,UPS® Ground
Chicago,Morrison,CO,Size S,7.45,2,UPS® Ground
Chicago,Napa,CA,Size S,9.25,4,UPS® Ground
Chicago,New Braunfels,TX,Size S,8.45,3,UPS® Ground
Chicago,New Lenox,IL,Size S,6.65,1,UPS® Ground
Chicago,New Orleans,LA,Size S,7.45,2,UPS® Ground
Chicago,Newark,DE,Size S,7.45,2,UPS® Ground
Chicago,Oakland,CA,Size S,9.16,4,UPS® Ground
Chicago,Owasso,OK,Size S,6.84,2,UPS® Ground
Chicago,Overland Park,KS,Size S,6.84,2,UPS® Ground
Chicago,Panama City,FL,Size S,7.45,2,UPS® Ground
Chicago,Panama City Beach,FL,Size S,7.36,2,UPS® Ground
Chicago,Patchogue,NY,Size S,7.45,2,UPS® Ground
Chicago,Port Clinton,OH,Size S,6.75,1,UPS® Ground
Chicago,Paducah,KY,Size S,6.84,2,UPS® Ground
Chicago,Palmetto,FL,Size S,8.45,3,UPS® Ground
Chicago,Pearland,TX,Size S,7.36,3,UPS® Ground
Chicago,Pella,IA,Size S,6.84,1,UPS® Ground
Chicago,Pittsford,NY,Size S,6.84,2,UPS® Ground
Chicago,Port Orange,FL,Size S,7.45,2,UPS® Ground
Chicago,Ravenna,OH,Size S,6.84,2,UPS® Ground
Chicago,Roaming Shores,OH,Size S,6.84,2,UPS® Ground
Chicago,Richmond Hill,GA,Size S,7.45,2,UPS® Ground
Chicago,Riverview,FL,Size S,7.45,2,UPS® Ground
Chicago,Rochester,MN,Size S,6.75,2,UPS® Ground
Chicago,Round Rock,TX,Size S,7.45,2,UPS® Ground
Chicago,Saint Petersburg,FL,Size S,8.36,2,UPS® Ground
Chicago,San Leandro,CA,Size S,9.25,4,UPS® Ground
Chicago,Southington,CT,Size S,7.45,2,UPS® Ground
Chicago,Spartanburg,SC,Size S,6.84,2,UPS® Ground
Chicago,Surprise,AZ,Size S,8.62,3,UPS® Ground
Chicago,Santa Barbara,CA,Size S,9.16,3,UPS® Ground
Chicago,Shelton,CT,Size S,7.45,2,UPS® Ground
Chicago,Spring Branch,TX,Size S,8.45,3,UPS® Ground
Chicago,St. Louis,MO,Size S,6.84,1,UPS® Ground
Chicago,Stroudsburg,PA,Size S,7.36,2,UPS® Ground
Chicago,Sunapee,NH,Size S,7.45,3,UPS® Ground
Chicago,Swedesboro,NJ,Size S,7.45,2,UPS® Ground
Chicago,Syracuse,NY,Size S,6.84,2,UPS® Ground
Chicago,Tomball,TX,Size S,7.45,3,UPS® Ground
Chicago,Topeka,KS,Size S,6.84,2,UPS® Ground
Chicago,Tuscaloosa,AL,Size S,7.45,2,UPS® Ground
Chicago,Terre Haute,IN,Size S,6.75,2,UPS® Ground
Chicago,Tinley Park,IL,Size S,6.65,1,UPS® Ground
Chicago,Toms River,NJ,Size S,7.45,2,UPS® Ground
Chicago,Tulare,CA,Size S,8.71,4,UPS® Ground
Chicago,Vienna,VA,Size S,6.84,2,UPS® Ground
Chicago,Walnut Creek,CA,Size S,9.25,4,UPS® Ground
Chicago,Wayne,NJ,Size S,7.36,2,UPS® Ground
Chicago,Waynesboro,VA,Size S,6.84,2,UPS® Ground
Chicago,West Sacramento,CA,Size S,8.71,4,UPS® Ground
Chicago,Yuba City,CA,Size S,8.71,4,UPS® Ground
Chicago,Zachary,LA,Size S,7.36,3,UPS® Ground
Chicago,Buford,GA,Size S,6.84,2,UPS® Ground
Chicago,Modesto,CA,Size S,8.71,4,UPS® Ground
Chicago,Winter Park,FL,Size S,8.45,2,UPS® Ground
Chicago,Antioch,IL,Size S,6.65,1,UPS® Ground
Chicago,Algonquin,IL,Size S,6.65,1,UPS® Ground
Chicago,Allen,TX,Size S,7.45,2,UPS® Ground
Chicago,Ames,IA,Size S,6.84,2,UPS® Ground
Chicago,Anaheim,CA,Size S,8.71,3,UPS® Ground
Chicago,Aptos,CA,Size S,9.25,4,UPS® Ground
Chicago,Astoria,NY,Size S,7.45,2,UPS® Ground
Chicago,Bloomington,IN,Size S,6.75,2,UPS® Ground
Chicago,Bremerton,WA,Size S,8.71,4,UPS® Ground
Chicago,Brunswick,OH,Size S,6.84,2,UPS® Ground
Chicago,Burke,VA,Size S,6.84,3,UPS® Ground
Chicago,Bedford,IN,Size S,6.75,2,UPS® Ground
Chicago,Benton,LA,Size S,7.45,3,UPS® Ground
Chicago,Billings,MT,Size S,8.45,4,UPS® Ground
Chicago,Birdsboro,PA,Size S,7.45,2,UPS® Ground
Chicago,Bothell,WA,Size S,8.71,4,UPS® Ground
Chicago,Bowie,MD,Size S,7.45,2,UPS® Ground
Chicago,Brentwood,TN,Size S,6.67,2,UPS® Ground
Chicago,Bronx,NY,Size S,7.45,2,UPS® Ground
Chicago,Brookfield,WI,Size S,6.65,1,UPS® Ground
Chicago,Canton,OH,Size S,6.84,2,UPS® Ground
Chicago,Celina,TX,Size S,7.45,2,UPS® Ground
Chicago,Chapel Hill,NC,Size S,7.45,2,UPS® Ground
Chicago,Claremore,OK,Size S,6.84,2,UPS® Ground
Chicago,Clovis,CA,Size S,8.71,4,UPS® Ground
Chicago,Cocoa,FL,Size S,8.36,2,UPS® Ground
Chicago,Callahan,FL,Size S,7.45,2,UPS® Ground
Chicago,Carmel,IN,Size S,6.75,1,UPS® Ground
Chicago,Cedar Park,TX,Size S,7.45,2,UPS® Ground
Chicago,Centennial,CO,Size S,7.45,2,UPS® Ground
Chicago,Centerville,MA,Size S,7.45,3,UPS® Ground
Chicago,Charleston,SC,Size S,7.45,3,UPS® Ground
Chicago,Charlottesville,VA,Size S,6.67,3,UPS® Ground
Chicago,Clarkesville,GA,Size S,6.84,2,UPS® Ground
Chicago,Clayton,NC,Size S,7.45,2,UPS® Ground
Chicago,Clifton,NJ,Size S,7.45,2,UPS® Ground
Chicago,Collinsville,OK,Size S,6.84,2,UPS® Ground
Chicago,Columbia,TN,Size S,6.84,2,UPS® Ground
Chicago,Concord,NC,Size S,6.67,2,UPS® Ground
Chicago,Cookeville,TN,Size S,6.84,2,UPS® Ground
Chicago,Corpus Christi,TX,Size S,8.45,3,UPS® Ground
Chicago,Corrales,NM,Size S,8.45,4,UPS® Ground
Chicago,Corydon,IN,Size S,6.75,2,UPS® Ground
Chicago,Cranston,RI,Size S,7.45,3,UPS® Ground
Chicago,Dekalb,IL,Size S,6.65,1,UPS® Ground
Chicago,Delaware,OH,Size S,6.84,2,UPS® Ground
Chicago,Delmar,NY,Size S,7.45,2,UPS® Ground
Chicago,Des Moines,IA,Size S,6.67,1,UPS® Ground
Chicago,Dickson,TN,Size S,6.84,2,UPS® Ground
Chicago,Downers Grove,IL,Size S,6.65,1,UPS® Ground
Chicago,Dripping Springs,TX,Size S,7.45,2,UPS® Ground
Chicago,Eustis,FL,Size S,8.45,2,UPS® Ground
Chicago,East Hampton,NY,Size S,7.45,2,UPS® Ground
Chicago,Fenton,MO,Size S,6.84,1,UPS® Ground
Chicago,Fayetteville,AR,Size S,6.67,2,UPS® Ground
Chicago,Flower Mound,TX,Size S,7.45,2,UPS® Ground
Chicago,Franklin,OH,Size S,6.84,2,UPS® Ground
Chicago,Friendswood,TX,Size S,7.45,3,UPS® Ground
Chicago,Gainesville,FL,Size S,7.45,2,UPS® Ground
Chicago,Gainesville,GA,Size S,6.84,2,UPS® Ground
Chicago,Glendale,CA,Size S,8.71,3,UPS® Ground
Chicago,Greenville,SC,Size S,6.84,2,UPS® Ground
Chicago,Greenville,MI,Size S,6.75,1,UPS® Ground
Chicago,Gaithersburg,MD,Size S,6.84,2,UPS® Ground
Chicago,Garner,NC,Size S,7.36,2,UPS® Ground
Chicago,Gastonia,NC,Size S,6.84,2,UPS® Ground
Chicago,Granada Hills,CA,Size S,8.71,3,UPS® Ground
Chicago,Granbury,TX,Size S,7.45,2,UPS® Ground
Chicago,Griffin,GA,Size S,7.45,2,UPS® Ground
Chicago,Harpers Ferry,WV,Size S,6.84,2,UPS® Ground
Chicago,Haverhill,MA,Size S,7.45,3,UPS® Ground
Chicago,Hayward,CA,Size S,9.25,4,UPS® Ground
Chicago,Herriman,UT,Size S,8.45,3,UPS® Ground
Chicago,Hillsboro,OR,Size S,8.71,4,UPS® Ground
Chicago,Hoboken,NJ,Size S,7.45,2,UPS® Ground
Chicago,Huntley,IL,Size S,6.65,1,UPS® Ground
Chicago,Hagerstown,MD,Size S,6.84,2,UPS® Ground
Chicago,Hamilton,OH,Size S,6.67,2,UPS® Ground
Chicago,Harrisburg,PA,Size S,6.84,2,UPS® Ground
Chicago,Hendersonville,NC,Size S,6.84,2,UPS® Ground
Chicago,Hendersonville,TN,Size S,6.84,2,UPS® Ground
Chicago,Holland,MI,Size S,6.65,1,UPS® Ground
Chicago,Indian Trail,NC,Size S,6.84,2,UPS® Ground
Chicago,Jersey City,NJ,Size S,7.45,2,UPS® Ground
Chicago,Johnstown,PA,Size S,6.84,2,UPS® Ground
Chicago,Kalamazoo,MI,Size S,6.65,1,UPS® Ground
Chicago,Keatchie,LA,Size S,7.45,4,UPS® Ground
Chicago,Kennewick,WA,Size S,8.62,4,UPS® Ground
Chicago,Kingsport,TN,Size S,6.84,2,UPS® Ground
Chicago,Lake Elsinore,CA,Size S,8.71,3,UPS® Ground
Chicago,Lebanon,OH,Size S,6.84,2,UPS® Ground
Chicago,Little Rock,AR,Size S,6.67,2,UPS® Ground
Chicago,Livonia,MI,Size S,6.75,1,UPS® Ground
Chicago,Los Alamos,NM,Size S,8.45,4,UPS® Ground
Chicago,Loveland,CO,Size S,7.45,3,UPS® Ground
Chicago,La Mesa,CA,Size S,8.71,3,UPS® Ground
Chicago,La Quinta,CA,Size S,8.71,4,UPS® Ground
Chicago,Lake Oswego,OR,Size S,8.62,3,UPS® Ground
Chicago,Lake Saint Louis,MO,Size S,6.84,1,UPS® Ground
Chicago,Lake in the Hills,IL,Size S,6.65,1,UPS® Ground
Chicago,Lakeway,TX,Size S,7.36,2,UPS® Ground
Chicago,Lancaster,NY,Size S,6.67,2,UPS® Ground
Chicago,Leander,TX,Size S,7.45,2,UPS® Ground
Chicago,Lees Summit,MO,Size S,6.84,2,UPS® Ground
Chicago,Lenoir,NC,Size S,6.84,2,UPS® Ground
Chicago,Lewis Center,OH,Size S,6.84,2,UPS® Ground
Chicago,Lexington,IN,Size S,6.75,2,UPS® Ground
Chicago,Lodi,CA,Size S,8.71,4,UPS® Ground
Chicago,Lynden,WA,Size S,8.71,4,UPS® Ground
Chicago,Methuen,MA,Size S,7.45,3,UPS® Ground
Chicago,Milford,CT,Size S,7.45,2,UPS® Ground
Chicago,Mineola,TX,Size S,7.45,2,UPS® Ground
Chicago,Missoula,MT,Size S,8.36,4,UPS® Ground
Chicago,Mansfield,OH,Size S,6.75,2,UPS® Ground
Chicago,McDonough,GA,Size S,7.45,2,UPS® Ground
Chicago,Merritt Island,FL,Size S,8.45,2,UPS® Ground
Chicago,Midlothian,VA,Size S,7.45,3,UPS® Ground
Chicago,Millington,TN,Size S,6.84,2,UPS® Ground
Chicago,Milton,FL,Size S,7.45,2,UPS® Ground
Chicago,Moab,UT,Size S,8.36,4,UPS® Ground
Chicago,Monroe,NC,Size S,7.36,2,UPS® Ground
Chicago,Mooresville,IN,Size S,6.75,1,UPS® Ground
Chicago,Morganton,NC,Size S,6.67,2,UPS® Ground
Chicago,Murfreesboro,TN,Size S,6.84,2,UPS® Ground
Chicago,Newburgh,NY,Size S,7.45,3,UPS® Ground
Chicago,Navarre,FL,Size S,7.45,2,UPS® Ground
Chicago,New Market,AL,Size S,6.84,2,UPS® Ground
Chicago,Newnan,GA,Size S,7.45,2,UPS® Ground
Chicago,Norman,OK,Size S,7.45,2,UPS® Ground
Chicago,Novi,MI,Size S,6.75,1,UPS® Ground
Chicago,Ormond Beach,FL,Size S,7.45,2,UPS® Ground
Chicago,Owensboro,KY,Size S,6.58,2,UPS® Ground
Chicago,Oconto,WI,Size S,6.75,1,UPS® Ground
Chicago,Old Bridge,NJ,Size S,7.45,2,UPS® Ground
Chicago,Olympia,WA,Size S,8.62,4,UPS® Ground
Chicago,Oregon City,OR,Size S,8.71,3,UPS® Ground
Chicago,Oxford,MI,Size S,6.75,2,UPS® Ground
Chicago,Peachtree City,GA,Size S,7.45,2,UPS® Ground
Chicago,Pleasanton,CA,Size S,9.16,4,UPS® Ground
Chicago,Poughkeepsie,NY,Size S,7.45,3,UPS® Ground
Chicago,Pagosa Springs,CO,Size S,7.45,4,UPS® Ground
Chicago,Pasadena,CA,Size S,8.62,3,UPS® Ground
Chicago,Pasadena,TX,Size S,7.45,3,UPS® Ground
Chicago,Pasco,WA,Size S,8.62,4,UPS® Ground
Chicago,Pawtucket,RI,Size S,7.45,3,UPS® Ground
Chicago,Pembroke,MA,Size S,7.45,3,UPS® Ground
Chicago,Perrysburg,OH,Size S,6.75,1,UPS® Ground
Chicago,Plant City,FL,Size S,7.45,2,UPS® Ground
Chicago,Port Orchard,WA,Size S,8.71,4,UPS® Ground
Chicago,Prescott Valley,AZ,Size S,8.36,3,UPS® Ground
Chicago,Princeton,NJ,Size S,7.36,2,UPS® Ground
Chicago,Quincy,MA,Size S,7.45,3,UPS® Ground
Chicago,Redwood City,CA,Size S,9.25,4,UPS® Ground
Chicago,Rohnert Park,CA,Size S,9.25,4,UPS® Ground
Chicago,Rigby,ID,Size S,8.45,5,UPS® Ground
Chicago,Ripon,WI,Size S,6.75,1,UPS® Ground
Chicago,Rogers,AR,Size S,6.84,2,UPS® Ground
Chicago,Rowlett,TX,Size S,7.45,2,UPS® Ground
Chicago,Rydal,PA,Size S,7.45,2,UPS® Ground
Chicago,Shepherdsville,KY,Size S,6.75,2,UPS® Ground
Chicago,Shreveport,LA,Size S,7.36,3,UPS® Ground
Chicago,Stamford,CT,Size S,7.45,2,UPS® Ground
Chicago,Salt Lake City,UT,Size S,8.36,3,UPS® Ground
Chicago,Sanford,NC,Size S,7.45,2,UPS® Ground
Chicago,Santa Ana,CA,Size S,8.62,3,UPS® Ground
Chicago,Santa Cruz,CA,Size S,9.25,4,UPS® Ground
Chicago,Santa Fe,NM,Size S,8.36,4,UPS® Ground
Chicago,Sarver,PA,Size S,6.84,2,UPS® Ground
Chicago,Schenectady,NY,Size S,7.36,2,UPS® Ground
Chicago,Sierra Vista,AZ,Size S,8.71,3,UPS® Ground
Chicago,Silver Spring,MD,Size S,6.84,2,UPS® Ground
Chicago,South Jordan,UT,Size S,8.36,3,UPS® Ground
Chicago,Springfield,MO,Size S,6.84,2,UPS® Ground
Chicago,Summerville,SC,Size S,7.36,3,UPS® Ground
Chicago,Sumter,SC,Size S,7.36,2,UPS® Ground
Chicago,Sun City,AZ,Size S,8.62,3,UPS® Ground
Chicago,Syosset,NY,Size S,7.45,2,UPS® Ground
Chicago,Taunton,MA,Size S,7.36,3,UPS® Ground
Chicago,Texarkana,TX,Size S,7.45,2,UPS® Ground
Chicago,Toledo,OH,Size S,6.75,1,UPS® Ground
Chicago,Urbana,OH,Size S,6.84,2,UPS® Ground
Chicago,Valparaiso,IN,Size S,6.26,1,UPS® Ground
Chicago,Waco,TX,Size S,7.45,2,UPS® Ground
Chicago,West Lafayette,IN,Size S,6.65,1,UPS® Ground
Chicago,Winter Garden,FL,Size S,8.45,2,UPS® Ground
Chicago,Winter Haven,FL,Size S,8.45,2,UPS® Ground
Chicago,Wylie,TX,Size S,7.45,2,UPS® Ground
Chicago,Waldorf,MD,Size S,7.45,2,UPS® Ground
Chicago,Wesley Chapel,FL,Size S,7.36,2,UPS® Ground
Chicago,West Palm Beach,FL,Size S,8.36,3,UPS® Ground
Chicago,Williamsburg,VA,Size S,7.45,3,UPS® Ground
Chicago,Woodbridge,VA,Size S,6.84,3,UPS® Ground
Chicago,Woodside,CA,Size S,9.25,4,UPS® Ground
Chicago,Yorba Linda,CA,Size S,8.71,3,UPS® Ground
Chicago,Queens Village,NY,Size S,7.45,2,UPS® Ground
Denver,Brooklyn,NY,Size S,8.62,3,UPS® Ground
Denver,Phoenix,AZ,Size S,7.45,2,UPS® Ground
Denver,Houston,TX,Size S,7.45,2,UPS® Ground
Denver,San Antonio,TX,Size S,7.45,2,UPS® Ground
Denver,Jacksonville,FL,Size S,8.71,3,UPS® Ground
Denver,Chicago,IL,Size S,7.45,2,UPS® Ground
Denver,Dallas,TX,Size S,7.45,2,UPS® Ground
Denver,Wilmington,DE,Size S,8.71,3,UPS® Ground
Denver,Austin,TX,Size S,7.45,2,UPS® Ground
Denver,Canton,OH,Size S,8.45,3,UPS® Ground
Denver,Charlotte,NC,Size S,8.45,3,UPS® Ground
Denver,New York,NY,Size S,8.71,3,UPS® Ground
Denver,Atlanta,GA,Size S,8.45,3,UPS® Ground
Denver,Franklin,TN,Size S,8.45,3,UPS® Ground
Denver,Lexington,KY,Size S,8.45,3,UPS® Ground
Denver,Orlando,FL,Size S,8.71,3,UPS® Ground
Denver,Rochester,NY,Size S,8.71,4,UPS® Ground
Denver,Las Vegas,NV,Size S,8.45,2,UPS® Ground
Denver,Louisville,KY,Size S,8.45,3,UPS® Ground
Denver,Marietta,GA,Size S,8.45,3,UPS® Ground
Denver,Colorado Springs,CO,Size S,6.65,1,UPS® Ground
Denver,Columbus,OH,Size S,8.45,3,UPS® Ground
Denver,Marble Falls,TX,Size S,7.45,2,UPS® Ground
Denver,Tampa,FL,Size S,8.71,3,UPS® Ground
Denver,San Diego,CA,Size S,7.45,2,UPS® Ground
Denver,Columbia,SC,Size S,8.45,3,UPS® Ground
Denver,Greenville,SC,Size S,8.45,3,UPS® Ground
Denver,Lebanon,TN,Size S,8.45,3,UPS® Ground
Denver,Salem,OR,Size S,7.45,3,UPS® Ground
Denver,Cleveland,OH,Size S,8.45,3,UPS® Ground
Denver,Denver,CO,Size S,6.65,1,UPS® Ground
Denver,Omaha,NE,Size S,6.84,2,UPS® Ground
Denver,Portland,OR,Size S,7.45,3,UPS® Ground
Denver,Raleigh,NC,Size S,8.71,3,UPS® Ground
Denver,Richmond,VA,Size S,8.71,3,UPS® Ground
Denver,Jackson,MS,Size S,7.45,3,UPS® Ground
Denver,Albany,NY,Size S,8.71,3,UPS® Ground
Denver,Fort Worth,TX,Size S,7.45,2,UPS® Ground
Denver,Oklahoma City,OK,Size S,6.84,2,UPS® Ground
Denver,Chesapeake,VA,Size S,8.71,3,UPS® Ground
Denver,Miami,FL,Size S,8.71,3,UPS® Ground
Denver,Milford,CT,Size S,8.71,3,UPS® Ground
Denver,Pittsburgh,PA,Size S,8.45,3,UPS® Ground
Denver,San Francisco,CA,Size S,7.45,2,UPS® Ground
Denver,San Jose,CA,Size S,7.45,2,UPS® Ground
Denver,Tucson,AZ,Size S,7.45,2,UPS® Ground
Denver,Virginia Beach,VA,Size S,8.71,3,UPS® Ground
Denver,Albuquerque,NM,Size S,6.84,2,UPS® Ground
Denver,Gilbert,AZ,Size S,7.45,2,UPS® Ground
Denver,Springfield,IL,Size S,7.45,2,UPS® Ground
Denver,Alexandria,VA,Size S,8.71,3,UPS® Ground
Denver,Kansas City,MO,Size S,6.84,2,UPS® Ground
Denver,Knoxville,TN,Size S,8.45,3,UPS® Ground
Denver,Lakewood,CO,Size S,6.65,1,UPS® Ground
Denver,Nashville,TN,Size S,8.45,3,UPS® Ground
Denver,Saint Louis,MO,Size S,7.45,2,UPS® Ground
Denver,Seattle,WA,Size S,8.45,3,UPS® Ground
Denver,Arlington,TX,Size S,7.36,2,UPS® Ground
Denver,Aurora,CO,Size S,6.26,1,UPS® Ground
Denver,Boise,ID,Size S,7.36,2,UPS® Ground
Denver,Indianapolis,IN,Size S,8.36,3,UPS® Ground
Denver,Naples,CO,Size S,6.75,,UPS® Ground
Denver,Reno,NV,Size S,7.36,2,UPS® Ground
Denver,Riverside,CA,Size S,7.36,2,UPS® Ground
Denver,Bismarck,ND,Size S,6.67,3,UPS® Ground
Denver,Fresno,TX,Size S,7.45,2,UPS® Ground
Denver,Lincoln,RI,Size S,8.62,3,UPS® Ground
Denver,Los Angeles,CA,Size S,7.36,2,UPS® Ground
Denver,Mansfield,MA,Size S,8.71,3,UPS® Ground
Denver,Milwaukee,WI,Size S,7.45,2,UPS® Ground
Denver,Madison,IN,Size S,7.36,3,UPS® Ground
Denver,Mesa,AZ,Size S,7.45,2,UPS® Ground
Denver,Monroe,NC,Size S,8.36,3,UPS® Ground
Denver,Philadelphia,PA,Size S,8.62,3,UPS® Ground
Denver,Staten Island,NY,Size S,8.62,3,UPS® Ground
Denver,Washington,DC,Size S,8.62,3,UPS® Ground
Denver,Baltimore,MD,Size S,8.62,3,UPS® Ground
Denver,Decatur,IL,Size S,7.36,3,UPS® Ground
Denver,Durham,NC,Size S,8.62,3,UPS® Ground
Denver,Fayetteville,AR,Size S,7.36,3,UPS® Ground
Denver,Glendale,AZ,Size S,7.36,2,UPS® Ground
Denver,Midland,GA,Size S,8.45,3,UPS® Ground
Denver,Scottsdale,AZ,Size S,7.36,2,UPS® Ground
Denver,Woodstock,GA,Size S,8.36,3,UPS® Ground
Denver,Chandler,AZ,Size S,7.36,2,UPS® Ground
Denver,Cincinnati,OH,Size S,8.36,3,UPS® Ground
Denver,Covington,LA,Size S,8.36,3,UPS® Ground
Denver,Fort Myers,FL,Size S,8.62,3,UPS® Ground
Denver,Greensboro,NC,Size S,8.36,3,UPS® Ground
Denver,Henderson,TX,Size S,7.45,2,UPS® Ground
Denver,Hamilton,MI,Size S,8.45,2,UPS® Ground
Denver,Lewisburg,PA,Size S,8.71,3,UPS® Ground
Denver,Littleton,CO,Size S,6.26,1,UPS® Ground
Denver,Mount Pleasant,SC,Size S,8.62,3,UPS® Ground
Denver,Pasadena,MD,Size S,8.62,3,UPS® Ground
Denver,Plano,TX,Size S,7.36,2,UPS® Ground
Denver,Sanford,NC,Size S,8.62,3,UPS® Ground
Denver,Wayne,ME,Size S,8.71,3,UPS® Ground
Denver,Ashland,PA,Size S,8.71,3,UPS® Ground
Denver,Burlington,WI,Size S,7.36,2,UPS® Ground
Denver,Centerville,IA,Size S,6.84,2,UPS® Ground
Denver,Clayton,NC,Size S,8.62,3,UPS® Ground
Denver,Encinitas,CA,Size S,7.36,2,UPS® Ground
Denver,Fort Collins,CO,Size S,6.26,1,UPS® Ground
Denver,Golden,CO,Size S,6.26,1,UPS® Ground
Denver,Hudson,NC,Size S,8.36,3,UPS® Ground
Denver,Katy,TX,Size S,7.36,2,UPS® Ground
Denver,Lancaster,SC,Size S,8.36,3,UPS® Ground
Denver,Newark,NJ,Size S,8.62,3,UPS® Ground
Denver,Parker,CO,Size S,6.26,1,UPS® Ground
Denver,Plymouth,MA,Size S,8.62,3,UPS® Ground
Denver,Rancho Cucamonga,CA,Size S,7.36,2,UPS® Ground
Denver,Rockville,MD,Size S,8.62,3,UPS® Ground
Denver,Sacramento,CA,Size S,7.45,2,UPS® Ground
Denver,Tallahassee,FL,Size S,8.36,3,UPS® Ground
Denver,The Villages,FL,Size S,8.62,3,UPS® Ground
Denver,Westfield,IN,Size S,8.36,3,UPS® Ground
Denver,Waterloo,IA,Size S,7.36,2,UPS® Ground
Denver,West Chester,PA,Size S,8.62,3,UPS® Ground
Denver,Bend,OR,Size S,7.36,3,UPS® Ground
Denver,Amarillo,TX,Size S,6.84,2,UPS® Ground
Denver,Auburn,MA,Size S,8.62,3,UPS® Ground
Denver,Bakersfield,CA,Size S,7.36,2,UPS® Ground
Denver,Boca Raton,FL,Size S,8.62,3,UPS® Ground
Denver,Benton,LA,Size S,7.45,2,UPS® Ground
Denver,Bradenton,FL,Size S,8.62,3,UPS® Ground
Denver,Dayton,OH,Size S,8.36,3,UPS® Ground
Denver,Duluth,MN,Size S,7.45,3,UPS® Ground
Denver,Englewood,CO,Size S,6.26,1,UPS® Ground
Denver,Fort Wayne,IN,Size S,8.36,2,UPS® Ground
Denver,Frederick,MD,Size S,8.62,3,UPS® Ground
Denver,Fredericksburg,VA,Size S,8.62,3,UPS® Ground
Denver,Gainesville,FL,Size S,8.62,3,UPS® Ground
Denver,Grand Rapids,MI,Size S,8.36,2,UPS® Ground
Denver,Green Bay,WI,Size S,7.36,3,UPS® Ground
Denver,Morgantown,WV,Size S,8.36,3,UPS® Ground
Denver,Pensacola,FL,Size S,8.36,3,UPS® Ground
Denver,Princeton,MA,Size S,8.62,3,UPS® Ground
Denver,Peoria,AZ,Size S,7.36,2,UPS® Ground
Denver,Saint Paul,MN,Size S,7.36,3,UPS® Ground
Denver,Savannah,GA,Size S,8.36,3,UPS® Ground
Denver,Seaford,NY,Size S,8.71,3,UPS® Ground
Denver,Seymour,IN,Size S,7.36,3,UPS® Ground
Denver,Spokane,WA,Size S,7.36,2,UPS® Ground
Denver,Windsor,CO,Size S,6.26,1,UPS® Ground
Denver,Winston-Salem,NC,Size S,8.36,3,UPS® Ground
Denver,Worcester,MA,Size S,8.62,3,UPS® Ground
Denver,York,PA,Size S,8.62,3,UPS® Ground
Denver,Antioch,TN,Size S,8.45,3,UPS® Ground
Denver,Athens,GA,Size S,8.36,3,UPS® Ground
Denver,Corona,CA,Size S,7.36,2,UPS® Ground
Denver,Fairfield,CA,Size S,7.36,2,UPS® Ground
Denver,Germantown,MD,Size S,8.71,3,UPS® Ground
Denver,Hillsboro,OR,Size S,8.36,3,UPS® Ground
Denver,Hope Mills,NC,Size S,8.71,3,UPS® Ground
Denver,Hendersonville,NC,Size S,8.36,3,UPS® Ground
Denver,Holly Springs,MS,Size S,7.36,3,UPS® Ground
Denver,Homer,AK,Size S,30.87,4,UPS® Ground
Denver,Laurel,MD,Size S,8.62,3,UPS® Ground
Denver,Long Beach,CA,Size S,7.36,2,UPS® Ground
Denver,Manteca,CA,Size S,7.36,2,UPS® Ground
Denver,Maryville,TN,Size S,8.36,3,UPS® Ground
Denver,Magnolia,MS,Size S,7.45,3,UPS® Ground
Denver,Memphis,TN,Size S,7.36,3,UPS® Ground
Denver,Milton,MA,Size S,8.62,3,UPS® Ground
Denver,Montgomery,TX,Size S,7.36,2,UPS® Ground
Denver,Myrtle Beach,SC,Size S,8.71,3,UPS® Ground
Denver,New Market,AL,Size S,8.45,3,UPS® Ground
Denver,Ocala,FL,Size S,8.62,3,UPS® Ground
Denver,Olathe,KS,Size S,6.67,2,UPS® Ground
Denver,Oxford,MI,Size S,8.36,3,UPS® Ground
Denver,Palm Beach Gardens,FL,Size S,8.62,3,UPS® Ground
Denver,Roseville,CA,Size S,7.36,2,UPS® Ground
Denver,Roswell,GA,Size S,8.36,3,UPS® Ground
Denver,Rockwall,TX,Size S,7.36,2,UPS® Ground
Denver,Spring,TX,Size S,7.45,2,UPS® Ground
Denver,Salisbury,MA,Size S,8.62,3,UPS® Ground
Denver,Santa Rosa,CA,Size S,7.36,2,UPS® Ground
Denver,Sarasota,FL,Size S,8.62,3,UPS® Ground
Denver,Vancouver,WA,Size S,7.36,3,UPS® Ground
Denver,Westminster,MD,Size S,8.62,3,UPS® Ground
Denver,Canton,GA,Size S,8.45,3,UPS® Ground
Denver,Columbia,MO,Size S,7.36,2,UPS® Ground
Denver,Naples,FL,Size S,8.62,3,UPS® Ground
Denver,Fresno,CA,Size S,7.36,2,UPS® Ground
Denver,Cleveland,TN,Size S,8.45,3,UPS® Ground
Denver,Henderson,NV,Size S,7.36,2,UPS® Ground
Denver,Lincoln,NE,Size S,6.67,2,UPS® Ground
Denver,Wilmington,NC,Size S,8.71,3,UPS® Ground
Denver,Arvada,CO,Size S,6.65,1,UPS® Ground
Denver,Anchorage,AK,Size S,30.87,4,UPS® Ground
Denver,Birmingham,AL,Size S,8.45,3,UPS® Ground
Denver,Bozeman,MT,Size S,7.45,2,UPS® Ground
Denver,Conroe,TX,Size S,7.45,2,UPS® Ground
Denver,Carmel Valley,CA,Size S,7.45,2,UPS® Ground
Denver,Castle Rock,CO,Size S,6.65,1,UPS® Ground
Denver,Cedar Rapids,IA,Size S,7.45,2,UPS® Ground
Denver,Cooperstown,NY,Size S,8.62,3,UPS® Ground
Denver,Deland,FL,Size S,8.62,3,UPS® Ground
Denver,Fort Mill,SC,Size S,8.45,3,UPS® Ground
Denver,Fargo,ND,Size S,7.45,2,UPS® Ground
Denver,Glen Allen,VA,Size S,8.71,3,UPS® Ground
Denver,Grand Junction,CO,Size S,6.75,1,UPS® Ground
Denver,Highlands Ranch,CO,Size S,6.65,1,UPS® Ground
Denver,Joliet,IL,Size S,7.45,2,UPS® Ground
Denver,Kerrville,TX,Size S,7.45,2,UPS® Ground
Denver,Longmont,CO,Size S,6.65,1,UPS® Ground
Denver,Minneapolis,MN,Size S,7.36,3,UPS® Ground
Denver,Naperville,IL,Size S,7.45,2,UPS® Ground
Denver,Neosho,MO,Size S,7.45,2,UPS® Ground
Denver,Puyallup,WA,Size S,8.45,3,UPS® Ground
Denver,Queen Creek,AZ,Size S,6.84,2,UPS® Ground
Denver,Saline,MI,Size S,8.45,3,UPS® Ground
Denver,Sevierville,TN,Size S,8.45,3,UPS® Ground
Denver,Sterling Heights,MI,Size S,8.45,3,UPS® Ground
Denver,Thornton,CO,Size S,6.65,1,UPS® Ground
Denver,Ventura,CA,Size S,7.36,2,UPS® Ground
Denver,Wilmington,MA,Size S,8.71,3,UPS® Ground
Denver,Clermont,FL,Size S,8.71,3,UPS® Ground
Denver,Abilene,TX,Size S,6.67,2,UPS® Ground
Denver,Brick,NJ,Size S,8.62,3,UPS® Ground
Denver,Bentonville,AR,Size S,7.36,3,UPS® Ground
Denver,Bogart,GA,Size S,8.45,3,UPS® Ground
Denver,Boston,MA,Size S,8.71,3,UPS® Ground
Denver,Buffalo,NY,Size S,8.36,4,UPS® Ground
Denver,Cary,NC,Size S,8.71,3,UPS® Ground
Denver,Dallas,GA,Size S,8.45,3,UPS® Ground
Denver,Doylestown,PA,Size S,8.62,3,UPS® Ground
Denver,Eugene,OR,Size S,7.36,3,UPS® Ground
Denver,Edmond,OK,Size S,6.67,2,UPS® Ground
Denver,Forney,TX,Size S,7.45,2,UPS® Ground
Denver,Fuquay Varina,NC,Size S,8.62,3,UPS® Ground
Denver,Glendora,CA,Size S,7.45,2,UPS® Ground
Denver,Henrico,VA,Size S,8.62,3,UPS® Ground
Denver,Hockessin,DE,Size S,8.71,3,UPS® Ground
Denver,Holly Springs,NC,Size S,8.71,3,UPS® Ground
Denver,Irvine,CA,Size S,7.45,2,UPS® Ground
Denver,Lakeland,FL,Size S,8.62,3,UPS® Ground
Denver,Lawrence,KS,Size S,6.67,2,UPS® Ground
Denver,League City,TX,Size S,7.36,2,UPS® Ground
Denver,Mansfield,TX,Size S,7.36,2,UPS® Ground
Denver,Madison,WI,Size S,7.36,2,UPS® Ground
Denver,McKinney,TX,Size S,7.45,2,UPS® Ground
Denver,Mentor,OH,Size S,8.36,3,UPS® Ground
Denver,Mount Airy,MD,Size S,8.71,3,UPS® Ground
Denver,Norfolk,VA,Size S,8.71,3,UPS® Ground
Denver,Nampa,ID,Size S,7.45,2,UPS® Ground
Denver,Noblesville,IN,Size S,8.45,3,UPS® Ground
Denver,Orland Park,IL,Size S,7.45,2,UPS® Ground
Denver,Palm Harbor,FL,Size S,8.71,3,UPS® Ground
Denver,Petaluma,CA,Size S,7.45,2,UPS® Ground
Denver,Placentia,CA,Size S,7.45,2,UPS® Ground
Denver,Prescott,AZ,Size S,6.84,2,UPS® Ground
Denver,Richardson,TX,Size S,7.45,2,UPS® Ground
Denver,Roanoke,VA,Size S,8.45,3,UPS® Ground
Denver,Richmond,TX,Size S,7.45,2,UPS® Ground
Denver,Sanford,ME,Size S,8.71,3,UPS® Ground
Denver,Seminole,FL,Size S,8.62,3,UPS® Ground
Denver,Sheridan,WY,Size S,6.84,2,UPS® Ground
Denver,Sparks,NV,Size S,7.45,2,UPS® Ground
Denver,Traverse City,MI,Size S,8.45,3,UPS® Ground
Denver,Tulsa,OK,Size S,6.84,2,UPS® Ground
Denver,Wake Forest,NC,Size S,8.71,3,UPS® Ground
Denver,Waterloo,SC,Size S,8.45,3,UPS® Ground
Denver,Waukesha,WI,Size S,7.45,2,UPS® Ground
Denver,Wichita,KS,Size S,6.84,2,UPS® Ground
Denver,Winnsboro,TX,Size S,7.45,2,UPS® Ground
Denver,Woodbury,MN,Size S,7.45,3,UPS® Ground
Denver,Cumming,GA,Size S,8.36,3,UPS® Ground
Denver,Muskegon,MI,Size S,8.45,2,UPS® Ground
Denver,Akron,OH,Size S,8.36,3,UPS® Ground
Denver,Albany,OR,Size S,7.45,3,UPS® Ground
Denver,Alpharetta,GA,Size S,8.45,3,UPS® Ground
Denver,Asheville,NC,Size S,8.36,3,UPS® Ground
Denver,Bixby,OK,Size S,6.84,2,UPS® Ground
Denver,Boulder,CO,Size S,6.26,1,UPS® Ground
Denver,Bethlehem,PA,Size S,8.71,3,UPS® Ground
Denver,Brenham,TX,Size S,7.45,2,UPS® Ground
Denver,Broken Bow,OK,Size S,7.45,2,UPS® Ground
Denver,Cape Coral,FL,Size S,8.71,3,UPS® Ground
Denver,Chula Vista,CA,Size S,7.36,2,UPS® Ground
Denver,Crawfordville,FL,Size S,8.45,3,UPS® Ground
Denver,Cypress,TX,Size S,7.45,2,UPS® Ground
Denver,Clearwater,FL,Size S,8.71,3,UPS® Ground
Denver,Columbiana,AL,Size S,8.45,3,UPS® Ground
Denver,Columbus,GA,Size S,8.45,3,UPS® Ground
Denver,Commack,NY,Size S,8.71,3,UPS® Ground
Denver,Dublin,CA,Size S,7.45,2,UPS® Ground
Denver,Decatur,GA,Size S,8.45,3,UPS® Ground
Denver,Deltona,FL,Size S,8.71,3,UPS® Ground
Denver,Derry,NH,Size S,8.71,3,UPS® Ground
Denver,Douglassville,PA,Size S,8.71,3,UPS® Ground
Denver,Easton,PA,Size S,8.71,3,UPS® Ground
Denver,El Paso,TX,Size S,6.84,2,UPS® Ground
Denver,Escondido,CA,Size S,7.45,2,UPS® Ground
Denver,Fairport,NY,Size S,8.45,4,UPS® Ground
Denver,Flemington,NJ,Size S,8.71,3,UPS® Ground
Denver,Florence,SC,Size S,8.71,3,UPS® Ground
Denver,Fort Lauderdale,FL,Size S,8.71,3,UPS® Ground
Denver,Frisco,TX,Size S,7.36,2,UPS® Ground
Denver,Goodyear,AZ,Size S,7.45,2,UPS® Ground
Denver,Gays Mills,WI,Size S,7.45,4,UPS® Ground
Denver,Grafton,WI,Size S,7.36,2,UPS® Ground
Denver,Green Cove Springs,FL,Size S,8.71,3,UPS® Ground
Denver,Greensburg,PA,Size S,8.45,3,UPS® Ground
Denver,Honolulu,HI,Size S,30.87,3,UPS® Ground
Denver,Humble,TX,Size S,7.45,2,UPS® Ground
Denver,Huntington,NY,Size S,8.71,3,UPS® Ground
Denver,Idaho Falls,ID,Size S,7.45,2,UPS® Ground
Denver,Jackson,TN,Size S,7.45,3,UPS® Ground
Denver,Jacksonville,NC,Size S,8.71,3,UPS® Ground
Denver,Jenkintown,PA,Size S,8.71,3,UPS® Ground
Denver,Johnson City,TN,Size S,8.45,3,UPS® Ground
Denver,Kingwood,TX,Size S,7.45,2,UPS® Ground
Denver,Lansing,MI,Size S,8.45,3,UPS® Ground
Denver,Lapeer,MI,Size S,8.45,3,UPS® Ground
Denver,Lawrenceville,GA,Size S,8.45,3,UPS® Ground
Denver,Lexington,NC,Size S,8.71,3,UPS® Ground
Denver,Lubbock,TX,Size S,6.84,2,UPS® Ground
Denver,Medina,OH,Size S,8.45,3,UPS® Ground
Denver,Macomb,MI,Size S,8.45,3,UPS® Ground
Denver,Magnolia,TX,Size S,7.45,2,UPS® Ground
Denver,Martinsburg,WV,Size S,8.71,3,UPS® Ground
Denver,Meridian,ID,Size S,7.45,2,UPS® Ground
Denver,Mobile,AL,Size S,8.36,3,UPS® Ground
Denver,Morrison,CO,Size S,6.65,1,UPS® Ground
Denver,Napa,CA,Size S,7.45,2,UPS® Ground
Denver,New Braunfels,TX,Size S,7.45,2,UPS® Ground
Denver,New Lenox,IL,Size S,7.45,2,UPS® Ground
Denver,New Orleans,LA,Size S,8.45,3,UPS® Ground
Denver,Newark,DE,Size S,8.71,3,UPS® Ground
Denver,Oakland,CA,Size S,7.36,2,UPS® Ground
Denver,Owasso,OK,Size S,6.84,2,UPS® Ground
Denver,Overland Park,KS,Size S,6.84,2,UPS® Ground
Denver,Panama City,FL,Size S,8.45,3,UPS® Ground
Denver,Panama City Beach,FL,Size S,8.36,3,UPS® Ground
Denver,Patchogue,NY,Size S,8.71,3,UPS® Ground
Denver,Port Clinton,OH,Size S,8.45,3,UPS® Ground
Denver,Paducah,KY,Size S,7.45,3,UPS® Ground
Denver,Palmetto,FL,Size S,8.71,3,UPS® Ground
Denver,Pearland,TX,Size S,7.36,2,UPS® Ground
Denver,Pella,IA,Size S,6.84,2,UPS® Ground
Denver,Pittsford,NY,Size S,8.45,4,UPS® Ground
Denver,Port Orange,FL,Size S,8.71,3,UPS® Ground
Denver,Ravenna,OH,Size S,8.45,3,UPS® Ground
Denver,Roaming Shores,OH,Size S,8.45,3,UPS® Ground
Denver,Richmond Hill,GA,Size S,8.45,3,UPS® Ground
Denver,Riverview,FL,Size S,8.71,3,UPS® Ground
Denver,Rochester,MN,Size S,7.45,3,UPS® Ground
Denver,Round Rock,TX,Size S,7.45,2,UPS® Ground
Denver,Saint Petersburg,FL,Size S,8.62,3,UPS® Ground
Denver,San Leandro,CA,Size S,7.45,2,UPS® Ground
Denver,Southington,CT,Size S,8.71,3,UPS® Ground
Denver,Spartanburg,SC,Size S,8.45,3,UPS® Ground
Denver,Surprise,AZ,Size S,7.36,2,UPS® Ground
Denver,Santa Barbara,CA,Size S,7.36,2,UPS® Ground
Denver,Shelton,CT,Size S,8.71,3,UPS® Ground
Denver,Spring Branch,TX,Size S,7.45,2,UPS® Ground
Denver,St. Louis,MO,Size S,7.45,2,UPS® Ground
Denver,Stroudsburg,PA,Size S,8.62,3,UPS® Ground
Denver,Sunapee,NH,Size S,8.71,3,UPS® Ground
Denver,Swedesboro,NJ,Size S,8.71,3,UPS® Ground
Denver,Syracuse,NY,Size S,8.71,3,UPS® Ground
Denver,Tomball,TX,Size S,7.45,2,UPS® Ground
Denver,Topeka,KS,Size S,6.84,2,UPS® Ground
Denver,Tuscaloosa,AL,Size S,8.45,3,UPS® Ground
Denver,Terre Haute,IN,Size S,7.45,3,UPS® Ground
Denver,Tinley Park,IL,Size S,7.45,2,UPS® Ground
Denver,Toms River,NJ,Size S,8.71,3,UPS® Ground
Denver,Tulare,CA,Size S,7.45,2,UPS® Ground
Denver,Vienna,VA,Size S,8.71,3,UPS® Ground
Denver,Walnut Creek,CA,Size S,7.45,2,UPS® Ground
Denver,Wayne,NJ,Size S,8.62,3,UPS® Ground
Denver,Waynesboro,VA,Size S,8.71,3,UPS® Ground
Denver,West Sacramento,CA,Size S,7.45,2,UPS® Ground
Denver,Yuba City,CA,Size S,7.45,2,UPS® Ground
Denver,Zachary,LA,Size S,7.36,3,UPS® Ground
Denver,Buford,GA,Size S,8.45,3,UPS® Ground
Denver,Modesto,CA,Size S,7.45,2,UPS® Ground
Denver,Winter Park,FL,Size S,8.71,3,UPS® Ground
Denver,Antioch,IL,Size S,7.45,2,UPS® Ground
Denver,Algonquin,IL,Size S,7.45,2,UPS® Ground
Denver,Allen,TX,Size S,7.45,2,UPS® Ground
Denver,Ames,IA,Size S,6.84,2,UPS® Ground
Denver,Anaheim,CA,Size S,7.45,2,UPS® Ground
Denver,Aptos,CA,Size S,7.45,2,UPS® Ground
Denver,Astoria,NY,Size S,8.71,3,UPS® Ground
Denver,Bloomington,IN,Size S,7.45,3,UPS® Ground
Denver,Bremerton,WA,Size S,8.45,3,UPS® Ground
Denver,Brunswick,OH,Size S,8.45,3,UPS® Ground
Denver,Burke,VA,Size S,8.71,3,UPS® Ground
Denver,Bedford,IN,Size S,7.45,3,UPS® Ground
Denver,Benton,LA,Size S,7.45,2,UPS® Ground
Denver,Billings,MT,Size S,6.84,2,UPS® Ground
Denver,Birdsboro,PA,Size S,8.71,3,UPS® Ground
Denver,Bothell,WA,Size S,7.45,3,UPS® Ground
Denver,Bowie,MD,Size S,8.71,3,UPS® Ground
Denver,Brentwood,TN,Size S,8.36,3,UPS® Ground
Denver,Bronx,NY,Size S,8.71,3,UPS® Ground
Denver,Brookfield,WI,Size S,7.45,2,UPS® Ground
Denver,Canton,OH,Size S,8.45,3,UPS® Ground
Denver,Celina,TX,Size S,7.45,2,UPS® Ground
Denver,Chapel Hill,NC,Size S,8.71,3,UPS® Ground
Denver,Claremore,OK,Size S,6.84,2,UPS® Ground
Denver,Clovis,CA,Size S,7.45,2,UPS® Ground
Denver,Cocoa,FL,Size S,8.62,3,UPS® Ground
Denver,Callahan,FL,Size S,8.71,3,UPS® Ground
Denver,Carmel,IN,Size S,8.45,3,UPS® Ground
Denver,Cedar Park,TX,Size S,7.45,2,UPS® Ground
Denver,Centennial,CO,Size S,6.65,1,UPS® Ground
Denver,Centerville,MA,Size S,8.71,3,UPS® Ground
Denver,Charleston,SC,Size S,8.71,3,UPS® Ground
Denver,Charlottesville,VA,Size S,8.62,3,UPS® Ground
Denver,Clarkesville,GA,Size S,8.45,3,UPS® Ground
Denver,Clayton,NC,Size S,8.71,3,UPS® Ground
Denver,Clifton,NJ,Size S,8.71,3,UPS® Ground
Denver,Collinsville,OK,Size S,6.84,2,UPS® Ground
Denver,Columbia,TN,Size S,7.45,3,UPS® Ground
Denver,Concord,NC,Size S,8.36,3,UPS® Ground
Denver,Cookeville,TN,Size S,8.45,3,UPS® Ground
Denver,Corpus Christi,TX,Size S,7.45,2,UPS® Ground
Denver,Corrales,NM,Size S,6.84,2,UPS® Ground
Denver,Corydon,IN,Size S,8.45,3,UPS® Ground
Denver,Cranston,RI,Size S,8.71,3,UPS® Ground
Denver,Dekalb,IL,Size S,7.45,2,UPS® Ground
Denver,Delaware,OH,Size S,8.45,3,UPS® Ground
Denver,Delmar,NY,Size S,8.71,3,UPS® Ground
Denver,Des Moines,IA,Size S,7.36,2,UPS® Ground
Denver,Dickson,TN,Size S,8.45,3,UPS® Ground
Denver,Downers Grove,IL,Size S,7.45,2,UPS® Ground
Denver,Dripping Springs,TX,Size S,7.45,2,UPS® Ground
Denver,Eustis,FL,Size S,8.71,3,UPS® Ground
Denver,East Hampton,NY,Size S,8.71,3,UPS® Ground
Denver,Fenton,MO,Size S,7.45,2,UPS® Ground
Denver,Fayetteville,AR,Size S,7.36,3,UPS® Ground
Denver,Flower Mound,TX,Size S,7.45,2,UPS® Ground
Denver,Franklin,OH,Size S,8.45,3,UPS® Ground
Denver,Friendswood,TX,Size S,7.45,2,UPS® Ground
Denver,Gainesville,FL,Size S,8.71,3,UPS® Ground
Denver,Gainesville,GA,Size S,8.45,3,UPS® Ground
Denver,Glendale,CA,Size S,7.45,2,UPS® Ground
Denver,Greenville,SC,Size S,8.45,3,UPS® Ground
Denver,Greenville,MI,Size S,8.45,2,UPS® Ground
Denver,Gaithersburg,MD,Size S,8.71,3,UPS® Ground
Denver,Garner,NC,Size S,8.62,3,UPS® Ground
Denver,Gastonia,NC,Size S,8.45,3,UPS® Ground
Denver,Granada Hills,CA,Size S,7.45,2,UPS® Ground
Denver,Granbury,TX,Size S,7.45,2,UPS® Ground
Denver,Griffin,GA,Size S,8.45,3,UPS® Ground
Denver,Harpers Ferry,WV,Size S,8.71,3,UPS® Ground
Denver,Haverhill,MA,Size S,8.71,3,UPS® Ground
Denver,Hayward,CA,Size S,7.45,2,UPS® Ground
Denver,Herriman,UT,Size S,6.84,2,UPS® Ground
Denver,Hillsboro,OR,Size S,8.45,3,UPS® Ground
Denver,Hoboken,NJ,Size S,8.71,3,UPS® Ground
Denver,Huntley,IL,Size S,7.45,2,UPS® Ground
Denver,Hagerstown,MD,Size S,8.71,3,UPS® Ground
Denver,Hamilton,OH,Size S,8.36,3,UPS® Ground
Denver,Harrisburg,PA,Size S,8.71,3,UPS® Ground
Denver,Hendersonville,NC,Size S,8.45,3,UPS® Ground
Denver,Hendersonville,TN,Size S,8.45,3,UPS® Ground
Denver,Holland,MI,Size S,8.45,2,UPS® Ground
Denver,Indian Trail,NC,Size S,8.45,3,UPS® Ground
Denver,Jersey City,NJ,Size S,8.71,3,UPS® Ground
Denver,Johnstown,PA,Size S,8.45,3,UPS® Ground
Denver,Kalamazoo,MI,Size S,8.45,2,UPS® Ground
Denver,Keatchie,LA,Size S,7.45,2,UPS® Ground
Denver,Kennewick,WA,Size S,7.36,2,UPS® Ground
Denver,Kingsport,TN,Size S,8.45,3,UPS® Ground
Denver,Lake Elsinore,CA,Size S,7.45,2,UPS® Ground
Denver,Lebanon,OH,Size S,8.45,3,UPS® Ground
Denver,Little Rock,AR,Size S,7.36,3,UPS® Ground
Denver,Livonia,MI,Size S,8.45,3,UPS® Ground
Denver,Los Alamos,NM,Size S,6.84,2,UPS® Ground
Denver,Loveland,CO,Size S,6.65,1,UPS® Ground
Denver,La Mesa,CA,Size S,7.45,2,UPS® Ground
Denver,La Quinta,CA,Size S,7.45,2,UPS® Ground
Denver,Lake Oswego,OR,Size S,7.36,3,UPS® Ground
Denver,Lake Saint Louis,MO,Size S,7.45,2,UPS® Ground
Denver,Lake in the Hills,IL,Size S,7.45,2,UPS® Ground
Denver,Lakeway,TX,Size S,7.36,2,UPS® Ground
Denver,Lancaster,NY,Size S,8.36,4,UPS® Ground
Denver,Leander,TX,Size S,7.45,2,UPS® Ground
Denver,Lees Summit,MO,Size S,7.45,2,UPS® Ground
Denver,Lenoir,NC,Size S,8.45,3,UPS® Ground
Denver,Lewis Center,OH,Size S,8.45,3,UPS® Ground
Denver,Lexington,IN,Size S,8.45,3,UPS® Ground
Denver,Lodi,CA,Size S,7.45,2,UPS® Ground
Denver,Lynden,WA,Size S,8.45,3,UPS® Ground
Denver,Methuen,MA,Size S,8.71,3,UPS® Ground
Denver,Milford,CT,Size S,8.71,3,UPS® Ground
Denver,Mineola,TX,Size S,7.45,2,UPS® Ground
Denver,Missoula,MT,Size S,7.36,2,UPS® Ground
Denver,Mansfield,OH,Size S,8.45,3,UPS® Ground
Denver,McDonough,GA,Size S,8.45,3,UPS® Ground
Denver,Merritt Island,FL,Size S,8.71,3,UPS® Ground
Denver,Midlothian,VA,Size S,8.71,3,UPS® Ground
Denver,Millington,TN,Size S,7.45,3,UPS® Ground
Denver,Milton,FL,Size S,8.45,3,UPS® Ground
Denver,Moab,UT,Size S,6.67,2,UPS® Ground
Denver,Monroe,NC,Size S,8.36,3,UPS® Ground
Denver,Mooresville,IN,Size S,8.45,3,UPS® Ground
Denver,Morganton,NC,Size S,8.36,3,UPS® Ground
Denver,Murfreesboro,TN,Size S,8.45,3,UPS® Ground
Denver,Newburgh,NY,Size S,8.71,3,UPS® Ground
Denver,Navarre,FL,Size S,8.45,3,UPS® Ground
Denver,New Market,AL,Size S,8.45,3,UPS® Ground
Denver,Newnan,GA,Size S,8.45,3,UPS® Ground
Denver,Norman,OK,Size S,6.84,2,UPS® Ground
Denver,Novi,MI,Size S,8.45,3,UPS® Ground
Denver,Ormond Beach,FL,Size S,8.71,3,UPS® Ground
Denver,Owensboro,KY,Size S,7.36,3,UPS® Ground
Denver,Oconto,WI,Size S,7.45,3,UPS® Ground
Denver,Old Bridge,NJ,Size S,8.71,3,UPS® Ground
Denver,Olympia,WA,Size S,8.36,3,UPS® Ground
Denver,Oregon City,OR,Size S,7.45,3,UPS® Ground
Denver,Oxford,MI,Size S,8.45,3,UPS® Ground
Denver,Peachtree City,GA,Size S,8.45,3,UPS® Ground
Denver,Pleasanton,CA,Size S,7.36,2,UPS® Ground
Denver,Poughkeepsie,NY,Size S,8.71,3,UPS® Ground
Denver,Pagosa Springs,CO,Size S,6.75,1,UPS® Ground
Denver,Pasadena,CA,Size S,7.36,2,UPS® Ground
Denver,Pasadena,TX,Size S,7.45,2,UPS® Ground
Denver,Pasco,WA,Size S,7.36,2,UPS® Ground
Denver,Pawtucket,RI,Size S,8.71,3,UPS® Ground
Denver,Pembroke,MA,Size S,8.71,3,UPS® Ground
Denver,Perrysburg,OH,Size S,8.45,3,UPS® Ground
Denver,Plant City,FL,Size S,8.71,3,UPS® Ground
Denver,Port Orchard,WA,Size S,8.45,3,UPS® Ground
Denver,Prescott Valley,AZ,Size S,6.67,2,UPS® Ground
Denver,Princeton,NJ,Size S,8.62,3,UPS® Ground
Denver,Quincy,MA,Size S,8.71,3,UPS® Ground
Denver,Redwood City,CA,Size S,7.45,2,UPS® Ground
Denver,Rohnert Park,CA,Size S,7.45,2,UPS® Ground
Denver,Rigby,ID,Size S,7.45,3,UPS® Ground
Denver,Ripon,WI,Size S,7.45,2,UPS® Ground
Denver,Rogers,AR,Size S,7.45,3,UPS® Ground
Denver,Rowlett,TX,Size S,7.45,2,UPS® Ground
Denver,Rydal,PA,Size S,8.71,3,UPS® Ground
Denver,Shepherdsville,KY,Size S,8.45,3,UPS® Ground
Denver,Shreveport,LA,Size S,7.36,2,UPS® Ground
Denver,Stamford,CT,Size S,8.71,3,UPS® Ground
Denver,Salt Lake City,UT,Size S,6.67,2,UPS® Ground
Denver,Sanford,NC,Size S,8.71,3,UPS® Ground
Denver,Santa Ana,CA,Size S,7.36,2,UPS® Ground
Denver,Santa Cruz,CA,Size S,7.45,2,UPS® Ground
Denver,Santa Fe,NM,Size S,6.67,2,UPS® Ground
Denver,Sarver,PA,Size S,8.45,3,UPS® Ground
Denver,Schenectady,NY,Size S,8.62,3,UPS® Ground
Denver,Sierra Vista,AZ,Size S,7.45,2,UPS® Ground
Denver,Silver Spring,MD,Size S,8.71,3,UPS® Ground
Denver,South Jordan,UT,Size S,6.67,2,UPS® Ground
Denver,Springfield,MO,Size S,7.45,2,UPS® Ground
Denver,Summerville,SC,Size S,8.62,3,UPS® Ground
Denver,Sumter,SC,Size S,8.62,3,UPS® Ground
Denver,Sun City,AZ,Size S,7.36,2,UPS® Ground
Denver,Syosset,NY,Size S,8.71,3,UPS® Ground
Denver,Taunton,MA,Size S,8.62,3,UPS® Ground
Denver,Texarkana,TX,Size S,7.45,2,UPS® Ground
Denver,Toledo,OH,Size S,8.45,3,UPS® Ground
Denver,Urbana,OH,Size S,8.45,3,UPS® Ground
Denver,Valparaiso,IN,Size S,7.36,2,UPS® Ground
Denver,Waco,TX,Size S,7.45,2,UPS® Ground
Denver,West Lafayette,IN,Size S,7.45,2,UPS® Ground
Denver,Winter Garden,FL,Size S,8.71,3,UPS® Ground
Denver,Winter Haven,FL,Size S,8.71,3,UPS® Ground
Denver,Wylie,TX,Size S,7.45,2,UPS® Ground
Denver,Waldorf,MD,Size S,8.71,3,UPS® Ground
Denver,Wesley Chapel,FL,Size S,8.62,3,UPS® Ground
Denver,West Palm Beach,FL,Size S,8.62,3,UPS® Ground
Denver,Williamsburg,VA,Size S,8.71,3,UPS® Ground
Denver,Woodbridge,VA,Size S,8.71,3,UPS® Ground
Denver,Woodside,CA,Size S,7.45,2,UPS® Ground
Denver,Yorba Linda,CA,Size S,7.45,2,UPS® Ground
Denver,Queens Village,NY,Size S,8.71,3,UPS® Ground
Portland,Brooklyn,NY,Size S,9.16,4,UPS® Ground
Portland,Phoenix,AZ,Size S,8.71,3,UPS® Ground
Portland,Houston,TX,Size S,9.25,4,UPS® Ground
Portland,San Antonio,TX,Size S,8.71,4,UPS® Ground
Portland,Jacksonville,FL,Size S,9.25,5,UPS® Ground
Portland,Chicago,IL,Size S,8.71,3,UPS® Ground
Portland,Dallas,TX,Size S,8.71,4,UPS® Ground
Portland,Wilmington,DE,Size S,9.25,4,UPS® Ground
Portland,Austin,TX,Size S,8.71,4,UPS® Ground
Portland,Canton,OH,Size S,9.25,4,UPS® Ground
Portland,Charlotte,NC,Size S,9.25,5,UPS® Ground
Portland,New York,NY,Size S,9.25,4,UPS® Ground
Portland,Atlanta,GA,Size S,9.25,4,UPS® Ground
Portland,Franklin,TN,Size S,9.25,4,UPS® Ground
Portland,Lexington,KY,Size S,9.25,4,UPS® Ground
Portland,Orlando,FL,Size S,9.25,5,UPS® Ground
Portland,Rochester,NY,Size S,9.25,4,UPS® Ground
Portland,Las Vegas,NV,Size S,7.45,3,UPS® Ground
Portland,Louisville,KY,Size S,9.25,4,UPS® Ground
Portland,Marietta,GA,Size S,9.25,4,UPS® Ground
Portland,Colorado Springs,CO,Size S,8.45,3,UPS® Ground
Portland,Columbus,OH,Size S,9.25,4,UPS® Ground
Portland,Marble Falls,TX,Size S,8.71,4,UPS® Ground
Portland,Tampa,FL,Size S,9.25,5,UPS® Ground
Portland,San Diego,CA,Size S,7.45,3,UPS® Ground
Portland,Columbia,SC,Size S,9.25,5,UPS® Ground
Portland,Greenville,SC,Size S,9.25,5,UPS® Ground
Portland,Lebanon,TN,Size S,9.25,4,UPS® Ground
Portland,Salem,OR,Size S,6.65,1,UPS® Ground
Portland,Cleveland,OH,Size S,9.25,4,UPS® Ground
Portland,Denver,CO,Size S,8.45,3,UPS® Ground
Portland,Omaha,NE,Size S,8.45,3,UPS® Ground
Portland,Portland,OR,Size S,6.65,1,UPS® Ground
Portland,Raleigh,NC,Size S,9.25,5,UPS® Ground
Portland,Richmond,VA,Size S,9.25,4,UPS® Ground
Portland,Jackson,MS,Size S,9.25,5,UPS® Ground
Portland,Albany,NY,Size S,9.25,4,UPS® Ground
Portland,Fort Worth,TX,Size S,8.71,4,UPS® Ground
Portland,Oklahoma City,OK,Size S,8.71,4,UPS® Ground
Portland,Chesapeake,VA,Size S,9.25,4,UPS® Ground
Portland,Miami,FL,Size S,9.25,5,UPS® Ground
Portland,Milford,CT,Size S,9.25,4,UPS® Ground
Portland,Pittsburgh,PA,Size S,9.25,4,UPS® Ground
Portland,San Francisco,CA,Size S,6.84,2,UPS® Ground
Portland,San Jose,CA,Size S,7.45,2,UPS® Ground
Portland,Tucson,AZ,Size S,8.45,3,UPS® Ground
Portland,Virginia Beach,VA,Size S,9.25,4,UPS® Ground
Portland,Albuquerque,NM,Size S,8.45,4,UPS® Ground
Portland,Gilbert,AZ,Size S,8.71,3,UPS® Ground
Portland,Springfield,IL,Size S,8.71,3,UPS® Ground
Portland,Alexandria,VA,Size S,9.25,4,UPS® Ground
Portland,Kansas City,MO,Size S,8.71,4,UPS® Ground
Portland,Knoxville,TN,Size S,9.25,4,UPS® Ground
Portland,Lakewood,CO,Size S,8.45,3,UPS® Ground
Portland,Nashville,TN,Size S,9.25,4,UPS® Ground
Portland,Saint Louis,MO,Size S,8.71,4,UPS® Ground
Portland,Seattle,WA,Size S,6.65,1,UPS® Ground
Portland,Arlington,TX,Size S,8.62,4,UPS® Ground
Portland,Aurora,CO,Size S,8.36,3,UPS® Ground
Portland,Boise,ID,Size S,6.67,2,UPS® Ground
Portland,Indianapolis,IN,Size S,9.16,4,UPS® Ground
Portland,Naples,CO,Size S,8.45,,UPS® Ground
Portland,Reno,NV,Size S,6.67,2,UPS® Ground
Portland,Riverside,CA,Size S,7.36,3,UPS® Ground
Portland,Bismarck,ND,Size S,8.36,3,UPS® Ground
Portland,Fresno,TX,Size S,9.25,4,UPS® Ground
Portland,Lincoln,RI,Size S,9.16,4,UPS® Ground
Portland,Los Angeles,CA,Size S,7.36,3,UPS® Ground
Portland,Mansfield,MA,Size S,9.25,4,UPS® Ground
Portland,Milwaukee,WI,Size S,8.71,3,UPS® Ground
Portland,Madison,IN,Size S,9.16,4,UPS® Ground
Portland,Mesa,AZ,Size S,8.71,3,UPS® Ground
Portland,Monroe,NC,Size S,9.16,5,UPS® Ground
Portland,Philadelphia,PA,Size S,9.16,4,UPS® Ground
Portland,Staten Island,NY,Size S,9.16,4,UPS® Ground
Portland,Washington,DC,Size S,9.16,4,UPS® Ground
Portland,Baltimore,MD,Size S,9.16,4,UPS® Ground
Portland,Decatur,IL,Size S,8.62,3,UPS® Ground
Portland,Durham,NC,Size S,9.16,5,UPS® Ground
Portland,Fayetteville,AR,Size S,8.62,4,UPS® Ground
Portland,Glendale,AZ,Size S,8.36,3,UPS® Ground
Portland,Midland,GA,Size S,9.25,4,UPS® Ground
Portland,Scottsdale,AZ,Size S,8.62,3,UPS® Ground
Portland,Woodstock,GA,Size S,9.16,4,UPS® Ground
Portland,Chandler,AZ,Size S,8.62,3,UPS® Ground
Portland,Cincinnati,OH,Size S,9.16,4,UPS® Ground
Portland,Covington,LA,Size S,9.16,5,UPS® Ground
Portland,Fort Myers,FL,Size S,9.16,5,UPS® Ground
Portland,Greensboro,NC,Size S,9.16,5,UPS® Ground
Portland,Henderson,TX,Size S,8.71,4,UPS® Ground
Portland,Hamilton,MI,Size S,8.71,3,UPS® Ground
Portland,Lewisburg,PA,Size S,9.25,4,UPS® Ground
Portland,Littleton,CO,Size S,8.36,3,UPS® Ground
Portland,Mount Pleasant,SC,Size S,9.16,5,UPS® Ground
Portland,Pasadena,MD,Size S,9.16,4,UPS® Ground
Portland,Plano,TX,Size S,8.62,4,UPS® Ground
Portland,Sanford,NC,Size S,9.16,5,UPS® Ground
Portland,Wayne,ME,Size S,9.25,4,UPS® Ground
Portland,Ashland,PA,Size S,9.25,4,UPS® Ground
Portland,Burlington,WI,Size S,8.62,3,UPS® Ground
Portland,Centerville,IA,Size S,8.71,4,UPS® Ground
Portland,Clayton,NC,Size S,9.16,5,UPS® Ground
Portland,Encinitas,CA,Size S,7.36,3,UPS® Ground
Portland,Fort Collins,CO,Size S,7.36,3,UPS® Ground
Portland,Golden,CO,Size S,7.36,3,UPS® Ground
Portland,Hudson,NC,Size S,9.16,5,UPS® Ground
Portland,Katy,TX,Size S,9.16,4,UPS® Ground
Portland,Lancaster,SC,Size S,9.16,5,UPS® Ground
Portland,Newark,NJ,Size S,9.16,4,UPS® Ground
Portland,Parker,CO,Size S,8.36,3,UPS® Ground
Portland,Plymouth,MA,Size S,9.16,4,UPS® Ground
Portland,Rancho Cucamonga,CA,Size S,7.36,3,UPS® Ground
Portland,Rockville,MD,Size S,9.16,4,UPS® Ground
Portland,Sacramento,CA,Size S,6.84,2,UPS® Ground
Portland,Tallahassee,FL,Size S,9.16,5,UPS® Ground
Portland,The Villages,FL,Size S,9.16,5,UPS® Ground
Portland,Westfield,IN,Size S,9.16,4,UPS® Ground
Portland,Waterloo,IA,Size S,8.62,4,UPS® Ground
Portland,West Chester,PA,Size S,9.16,4,UPS® Ground
Portland,Bend,OR,Size S,6.26,2,UPS® Ground
Portland,Amarillo,TX,Size S,8.45,4,UPS® Ground
Portland,Auburn,MA,Size S,9.16,4,UPS® Ground
Portland,Bakersfield,CA,Size S,7.36,3,UPS® Ground
Portland,Boca Raton,FL,Size S,9.16,5,UPS® Ground
Portland,Benton,LA,Size S,8.71,5,UPS® Ground
Portland,Bradenton,FL,Size S,9.16,5,UPS® Ground
Portland,Dayton,OH,Size S,9.16,4,UPS® Ground
Portland,Duluth,MN,Size S,8.71,4,UPS® Ground
Portland,Englewood,CO,Size S,8.36,3,UPS® Ground
Portland,Fort Wayne,IN,Size S,9.16,3,UPS® Ground
Portland,Frederick,MD,Size S,9.16,4,UPS® Ground
Portland,Fredericksburg,VA,Size S,9.16,4,UPS® Ground
Portland,Gainesville,FL,Size S,9.16,5,UPS® Ground
Portland,Grand Rapids,MI,Size S,9.16,3,UPS® Ground
Portland,Green Bay,WI,Size S,8.62,4,UPS® Ground
Portland,Morgantown,WV,Size S,9.16,4,UPS® Ground
Portland,Pensacola,FL,Size S,9.16,5,UPS® Ground
Portland,Princeton,MA,Size S,9.16,4,UPS® Ground
Portland,Peoria,AZ,Size S,8.36,3,UPS® Ground
Portland,Saint Paul,MN,Size S,8.62,4,UPS® Ground
Portland,Savannah,GA,Size S,9.16,5,UPS® Ground
Portland,Seaford,NY,Size S,9.25,4,UPS® Ground
Portland,Seymour,IN,Size S,9.16,4,UPS® Ground
Portland,Spokane,WA,Size S,6.58,2,UPS® Ground
Portland,Windsor,CO,Size S,7.36,3,UPS® Ground
Portland,Winston-Salem,NC,Size S,9.16,5,UPS® Ground
Portland,Worcester,MA,Size S,9.16,4,UPS® Ground
Portland,York,PA,Size S,9.16,4,UPS® Ground
Portland,Antioch,TN,Size S,9.25,4,UPS® Ground
Portland,Athens,GA,Size S,9.16,4,UPS® Ground
Portland,Corona,CA,Size S,7.36,3,UPS® Ground
Portland,Fairfield,CA,Size S,7.36,2,UPS® Ground
Portland,Germantown,MD,Size S,9.25,4,UPS® Ground
Portland,Hillsboro,OR,Size S,6.26,1,UPS® Ground
Portland,Hope Mills,NC,Size S,9.25,5,UPS® Ground
Portland,Hendersonville,NC,Size S,9.16,5,UPS® Ground
Portland,Holly Springs,MS,Size S,9.16,5,UPS® Ground
Portland,Homer,AK,Size S,30.87,4,UPS® Ground
Portland,Laurel,MD,Size S,9.16,4,UPS® Ground
Portland,Long Beach,CA,Size S,7.36,3,UPS® Ground
Portland,Manteca,CA,Size S,6.67,2,UPS® Ground
Portland,Maryville,TN,Size S,9.16,4,UPS® Ground
Portland,Magnolia,MS,Size S,9.25,5,UPS® Ground
Portland,Memphis,TN,Size S,9.16,4,UPS® Ground
Portland,Milton,MA,Size S,9.16,4,UPS® Ground
Portland,Montgomery,TX,Size S,9.16,4,UPS® Ground
Portland,Myrtle Beach,SC,Size S,9.25,5,UPS® Ground
Portland,New Market,AL,Size S,9.25,5,UPS® Ground
Portland,Ocala,FL,Size S,9.16,5,UPS® Ground
Portland,Olathe,KS,Size S,8.62,4,UPS® Ground
Portland,Oxford,MI,Size S,9.16,4,UPS® Ground
Portland,Palm Beach Gardens,FL,Size S,9.16,5,UPS® Ground
Portland,Roseville,CA,Size S,6.67,2,UPS® Ground
Portland,Roswell,GA,Size S,9.16,4,UPS® Ground
Portland,Rockwall,TX,Size S,8.62,4,UPS® Ground
Portland,Spring,TX,Size S,9.25,4,UPS® Ground
Portland,Salisbury,MA,Size S,9.16,4,UPS® Ground
Portland,Santa Rosa,CA,Size S,6.67,2,UPS® Ground
Portland,Sarasota,FL,Size S,9.16,5,UPS® Ground
Portland,Vancouver,WA,Size S,6.26,1,UPS® Ground
Portland,Westminster,MD,Size S,9.16,4,UPS® Ground
Portland,Canton,GA,Size S,9.25,4,UPS® Ground
Portland,Columbia,MO,Size S,8.62,4,UPS® Ground
Portland,Naples,FL,Size S,9.16,5,UPS® Ground
Portland,Fresno,CA,Size S,7.36,2,UPS® Ground
Portland,Cleveland,TN,Size S,9.25,4,UPS® Ground
Portland,Henderson,NV,Size S,7.36,3,UPS® Ground
Portland,Lincoln,NE,Size S,8.36,3,UPS® Ground
Portland,Wilmington,NC,Size S,9.25,5,UPS® Ground
Portland,Arvada,CO,Size S,8.45,3,UPS® Ground
Portland,Anchorage,AK,Size S,30.87,4,UPS® Ground
Portland,Birmingham,AL,Size S,9.25,5,UPS® Ground
Portland,Bozeman,MT,Size S,7.45,2,UPS® Ground
Portland,Conroe,TX,Size S,9.25,4,UPS® Ground
Portland,Carmel Valley,CA,Size S,7.45,3,UPS® Ground
Portland,Castle Rock,CO,Size S,8.45,3,UPS® Ground
Portland,Cedar Rapids,IA,Size S,8.71,4,UPS® Ground
Portland,Cooperstown,NY,Size S,9.16,4,UPS® Ground
Portland,Deland,FL,Size S,9.16,5,UPS® Ground
Portland,Fort Mill,SC,Size S,9.25,5,UPS® Ground
Portland,Fargo,ND,Size S,8.45,3,UPS® Ground
Portland,Glen Allen,VA,Size S,9.25,4,UPS® Ground
Portland,Grand Junction,CO,Size S,7.45,3,UPS® Ground
Portland,Highlands Ranch,CO,Size S,8.45,3,UPS® Ground
Portland,Joliet,IL,Size S,8.71,3,UPS® Ground
Portland,Kerrville,TX,Size S,8.71,4,UPS® Ground
Portland,Longmont,CO,Size S,7.45,3,UPS® Ground
Portland,Minneapolis,MN,Size S,8.62,4,UPS® Ground
Portland,Naperville,IL,Size S,8.71,3,UPS® Ground
Portland,Neosho,MO,Size S,8.71,4,UPS® Ground
Portland,Puyallup,WA,Size S,6.75,1,UPS® Ground
Portland,Queen Creek,AZ,Size S,8.45,3,UPS® Ground
Portland,Saline,MI,Size S,9.25,4,UPS® Ground
Portland,Sevierville,TN,Size S,9.25,4,UPS® Ground
Portland,Sterling Heights,MI,Size S,9.25,4,UPS® Ground
Portland,Thornton,CO,Size S,8.45,3,UPS® Ground
Portland,Ventura,CA,Size S,7.36,3,UPS® Ground
Portland,Wilmington,MA,Size S,9.25,4,UPS® Ground
Portland,Clermont,FL,Size S,9.25,5,UPS® Ground
Portland,Abilene,TX,Size S,8.62,4,UPS® Ground
Portland,Brick,NJ,Size S,9.16,4,UPS® Ground
Portland,Bentonville,AR,Size S,8.62,4,UPS® Ground
Portland,Bogart,GA,Size S,9.25,4,UPS® Ground
Portland,Boston,MA,Size S,9.25,4,UPS® Ground
Portland,Buffalo,NY,Size S,9.16,4,UPS® Ground
Portland,Cary,NC,Size S,9.25,5,UPS® Ground
Portland,Dallas,GA,Size S,9.25,4,UPS® Ground
Portland,Doylestown,PA,Size S,9.16,4,UPS® Ground
Portland,Eugene,OR,Size S,6.26,1,UPS® Ground
Portland,Edmond,OK,Size S,8.62,4,UPS® Ground
Portland,Forney,TX,Size S,8.71,4,UPS® Ground
Portland,Fuquay Varina,NC,Size S,9.16,5,UPS® Ground
Portland,Glendora,CA,Size S,7.45,3,UPS® Ground
Portland,Henrico,VA,Size S,9.16,4,UPS® Ground
Portland,Hockessin,DE,Size S,9.25,4,UPS® Ground
Portland,Holly Springs,NC,Size S,9.25,5,UPS® Ground
Portland,Irvine,CA,Size S,7.45,3,UPS® Ground
Portland,Lakeland,FL,Size S,9.16,5,UPS® Ground
Portland,Lawrence,KS,Size S,8.62,4,UPS® Ground
Portland,League City,TX,Size S,9.16,4,UPS® Ground
Portland,Mansfield,TX,Size S,8.62,4,UPS® Ground
Portland,Madison,WI,Size S,8.62,4,UPS® Ground
Portland,McKinney,TX,Size S,8.71,4,UPS® Ground
Portland,Mentor,OH,Size S,9.16,4,UPS® Ground
Portland,Mount Airy,MD,Size S,9.25,4,UPS® Ground
Portland,Norfolk,VA,Size S,9.25,4,UPS® Ground
Portland,Nampa,ID,Size S,6.84,2,UPS® Ground
Portland,Noblesville,IN,Size S,9.25,4,UPS® Ground
Portland,Orland Park,IL,Size S,8.71,3,UPS® Ground
Portland,Palm Harbor,FL,Size S,9.25,5,UPS® Ground
Portland,Petaluma,CA,Size S,6.84,2,UPS® Ground
Portland,Placentia,CA,Size S,7.45,3,UPS® Ground
Portland,Prescott,AZ,Size S,7.45,3,UPS® Ground
Portland,Richardson,TX,Size S,8.71,4,UPS® Ground
Portland,Roanoke,VA,Size S,9.25,5,UPS® Ground
Portland,Richmond,TX,Size S,9.25,4,UPS® Ground
Portland,Sanford,ME,Size S,9.25,4,UPS® Ground
Portland,Seminole,FL,Size S,9.16,5,UPS® Ground
Portland,Sheridan,WY,Size S,7.45,3,UPS® Ground
Portland,Sparks,NV,Size S,6.84,2,UPS® Ground
Portland,Traverse City,MI,Size S,9.25,4,UPS® Ground
Portland,Tulsa,OK,Size S,8.71,4,UPS® Ground
Portland,Wake Forest,NC,Size S,9.25,5,UPS® Ground
Portland,Waterloo,SC,Size S,9.25,5,UPS® Ground
Portland,Waukesha,WI,Size S,8.71,3,UPS® Ground
Portland,Wichita,KS,Size S,8.71,4,UPS® Ground
Portland,Winnsboro,TX,Size S,8.71,4,UPS® Ground
Portland,Woodbury,MN,Size S,8.71,4,UPS® Ground
Portland,Cumming,GA,Size S,9.16,4,UPS® Ground
Portland,Muskegon,MI,Size S,8.71,3,UPS® Ground
Portland,Akron,OH,Size S,9.16,4,UPS® Ground
Portland,Albany,OR,Size S,6.65,1,UPS® Ground
Portland,Alpharetta,GA,Size S,9.25,4,UPS® Ground
Portland,Asheville,NC,Size S,9.16,5,UPS® Ground
Portland,Bixby,OK,Size S,8.71,4,UPS® Ground
Portland,Boulder,CO,Size S,7.36,3,UPS® Ground
Portland,Bethlehem,PA,Size S,9.25,4,UPS® Ground
Portland,Brenham,TX,Size S,8.71,4,UPS® Ground
Portland,Broken Bow,OK,Size S,8.71,4,UPS® Ground
Portland,Cape Coral,FL,Size S,9.25,5,UPS® Ground
Portland,Chula Vista,CA,Size S,7.36,3,UPS® Ground
Portland,Crawfordville,FL,Size S,9.25,5,UPS® Ground
Portland,Cypress,TX,Size S,9.25,4,UPS® Ground
Portland,Clearwater,FL,Size S,9.25,5,UPS® Ground
Portland,Columbiana,AL,Size S,9.25,5,UPS® Ground
Portland,Columbus,GA,Size S,9.25,4,UPS® Ground
Portland,Commack,NY,Size S,9.25,4,UPS® Ground
Portland,Dublin,CA,Size S,7.45,2,UPS® Ground
Portland,Decatur,GA,Size S,9.25,4,UPS® Ground
Portland,Deltona,FL,Size S,9.25,5,UPS® Ground
Portland,Derry,NH,Size S,9.25,4,UPS® Ground
Portland,Douglassville,PA,Size S,9.25,4,UPS® Ground
Portland,Easton,PA,Size S,9.25,4,UPS® Ground
Portland,El Paso,TX,Size S,8.45,4,UPS® Ground
Portland,Escondido,CA,Size S,7.45,3,UPS® Ground
Portland,Fairport,NY,Size S,9.25,4,UPS® Ground
Portland,Flemington,NJ,Size S,9.25,4,UPS® Ground
Portland,Florence,SC,Size S,9.25,5,UPS® Ground
Portland,Fort Lauderdale,FL,Size S,9.25,5,UPS® Ground
Portland,Frisco,TX,Size S,8.62,4,UPS® Ground
Portland,Goodyear,AZ,Size S,8.45,3,UPS® Ground
Portland,Gays Mills,WI,Size S,8.71,5,UPS® Ground
Portland,Grafton,WI,Size S,8.62,3,UPS® Ground
Portland,Green Cove Springs,FL,Size S,9.25,5,UPS® Ground
Portland,Greensburg,PA,Size S,9.25,4,UPS® Ground
Portland,Honolulu,HI,Size S,30.87,3,UPS® Ground
Portland,Humble,TX,Size S,9.25,4,UPS® Ground
Portland,Huntington,NY,Size S,9.25,4,UPS® Ground
Portland,Idaho Falls,ID,Size S,7.45,2,UPS® Ground
Portland,Jackson,TN,Size S,9.25,4,UPS® Ground
Portland,Jacksonville,NC,Size S,9.25,5,UPS® Ground
Portland,Jenkintown,PA,Size S,9.25,4,UPS® Ground
Portland,Johnson City,TN,Size S,9.25,4,UPS® Ground
Portland,Kingwood,TX,Size S,9.25,4,UPS® Ground
Portland,Lansing,MI,Size S,9.25,4,UPS® Ground
Portland,Lapeer,MI,Size S,9.25,4,UPS® Ground
Portland,Lawrenceville,GA,Size S,9.25,4,UPS® Ground
Portland,Lexington,NC,Size S,9.25,5,UPS® Ground
Portland,Lubbock,TX,Size S,8.45,4,UPS® Ground
Portland,Medina,OH,Size S,9.25,4,UPS® Ground
Portland,Macomb,MI,Size S,9.25,4,UPS® Ground
Portland,Magnolia,TX,Size S,9.25,4,UPS® Ground
Portland,Martinsburg,WV,Size S,9.25,4,UPS® Ground
Portland,Meridian,ID,Size S,6.84,2,UPS® Ground
Portland,Mobile,AL,Size S,9.16,5,UPS® Ground
Portland,Morrison,CO,Size S,7.45,3,UPS® Ground
Portland,Napa,CA,Size S,7.45,2,UPS® Ground
Portland,New Braunfels,TX,Size S,8.71,4,UPS® Ground
Portland,New Lenox,IL,Size S,8.71,3,UPS® Ground
Portland,New Orleans,LA,Size S,9.25,5,UPS® Ground
Portland,Newark,DE,Size S,9.25,4,UPS® Ground
Portland,Oakland,CA,Size S,6.67,2,UPS® Ground
Portland,Owasso,OK,Size S,8.71,4,UPS® Ground
Portland,Overland Park,KS,Size S,8.71,4,UPS® Ground
Portland,Panama City,FL,Size S,9.25,5,UPS® Ground
Portland,Panama City Beach,FL,Size S,9.16,5,UPS® Ground
Portland,Patchogue,NY,Size S,9.25,4,UPS® Ground
Portland,Port Clinton,OH,Size S,9.25,4,UPS® Ground
Portland,Paducah,KY,Size S,9.25,4,UPS® Ground
Portland,Palmetto,FL,Size S,9.25,5,UPS® Ground
Portland,Pearland,TX,Size S,9.16,4,UPS® Ground
Portland,Pella,IA,Size S,8.71,4,UPS® Ground
Portland,Pittsford,NY,Size S,9.25,4,UPS® Ground
Portland,Port Orange,FL,Size S,9.25,5,UPS® Ground
Portland,Ravenna,OH,Size S,9.25,4,UPS® Ground
Portland,Roaming Shores,OH,Size S,9.25,4,UPS® Ground
Portland,Richmond Hill,GA,Size S,9.25,5,UPS® Ground
Portland,Riverview,FL,Size S,9.25,5,UPS® Ground
Portland,Rochester,MN,Size S,8.71,4,UPS® Ground
Portland,Round Rock,TX,Size S,8.71,4,UPS® Ground
Portland,Saint Petersburg,FL,Size S,9.16,5,UPS® Ground
Portland,San Leandro,CA,Size S,7.45,2,UPS® Ground
Portland,Southington,CT,Size S,9.25,4,UPS® Ground
Portland,Spartanburg,SC,Size S,9.25,5,UPS® Ground
Portland,Surprise,AZ,Size S,8.36,3,UPS® Ground
Portland,Santa Barbara,CA,Size S,7.36,3,UPS® Ground
Portland,Shelton,CT,Size S,9.25,4,UPS® Ground
Portland,Spring Branch,TX,Size S,8.71,4,UPS® Ground
Portland,St. Louis,MO,Size S,8.71,4,UPS® Ground
Portland,Stroudsburg,PA,Size S,9.16,4,UPS® Ground
Portland,Sunapee,NH,Size S,9.25,4,UPS® Ground
Portland,Swedesboro,NJ,Size S,9.25,4,UPS® Ground
Portland,Syracuse,NY,Size S,9.25,4,UPS® Ground
Portland,Tomball,TX,Size S,9.25,4,UPS® Ground
Portland,Topeka,KS,Size S,8.71,4,UPS® Ground
Portland,Tuscaloosa,AL,Size S,9.25,5,UPS® Ground
Portland,Terre Haute,IN,Size S,9.25,4,UPS® Ground
Portland,Tinley Park,IL,Size S,8.71,3,UPS® Ground
Portland,Toms River,NJ,Size S,9.25,4,UPS® Ground
Portland,Tulare,CA,Size S,7.45,2,UPS® Ground
Portland,Vienna,VA,Size S,9.25,4,UPS® Ground
Portland,Walnut Creek,CA,Size S,7.45,2,UPS® Ground
Portland,Wayne,NJ,Size S,9.16,4,UPS® Ground
Portland,Waynesboro,VA,Size S,9.25,5,UPS® Ground
Portland,West Sacramento,CA,Size S,6.84,2,UPS® Ground
Portland,Yuba City,CA,Size S,6.84,2,UPS® Ground
Portland,Zachary,LA,Size S,9.16,5,UPS® Ground
Portland,Buford,GA,Size S,9.25,4,UPS® Ground
Portland,Modesto,CA,Size S,6.84,2,UPS® Ground
Portland,Winter Park,FL,Size S,9.25,5,UPS® Ground
Portland,Antioch,IL,Size S,8.71,3,UPS® Ground
Portland,Algonquin,IL,Size S,8.71,3,UPS® Ground
Portland,Allen,TX,Size S,8.71,4,UPS® Ground
Portland,Ames,IA,Size S,8.71,4,UPS® Ground
Portland,Anaheim,CA,Size S,7.45,3,UPS® Ground
Portland,Aptos,CA,Size S,7.45,2,UPS® Ground
Portland,Astoria,NY,Size S,9.25,4,UPS® Ground
Portland,Bloomington,IN,Size S,9.25,4,UPS® Ground
Portland,Bremerton,WA,Size S,6.75,1,UPS® Ground
Portland,Brunswick,OH,Size S,9.25,4,UPS® Ground
Portland,Burke,VA,Size S,9.25,4,UPS® Ground
Portland,Bedford,IN,Size S,9.25,4,UPS® Ground
Portland,Benton,LA,Size S,8.71,5,UPS® Ground
Portland,Billings,MT,Size S,7.45,2,UPS® Ground
Portland,Birdsboro,PA,Size S,9.25,4,UPS® Ground
Portland,Bothell,WA,Size S,6.65,1,UPS® Ground
Portland,Bowie,MD,Size S,9.25,4,UPS® Ground
Portland,Brentwood,TN,Size S,9.16,4,UPS® Ground
Portland,Bronx,NY,Size S,9.25,4,UPS® Ground
Portland,Brookfield,WI,Size S,8.71,3,UPS® Ground
Portland,Canton,OH,Size S,9.25,4,UPS® Ground
Portland,Celina,TX,Size S,8.71,4,UPS® Ground
Portland,Chapel Hill,NC,Size S,9.25,5,UPS® Ground
Portland,Claremore,OK,Size S,8.71,4,UPS® Ground
Portland,Clovis,CA,Size S,7.45,2,UPS® Ground
Portland,Cocoa,FL,Size S,9.16,5,UPS® Ground
Portland,Callahan,FL,Size S,9.25,5,UPS® Ground
Portland,Carmel,IN,Size S,9.25,4,UPS® Ground
Portland,Cedar Park,TX,Size S,8.71,4,UPS® Ground
Portland,Centennial,CO,Size S,8.45,3,UPS® Ground
Portland,Centerville,MA,Size S,9.25,4,UPS® Ground
Portland,Charleston,SC,Size S,9.25,5,UPS® Ground
Portland,Charlottesville,VA,Size S,9.16,4,UPS® Ground
Portland,Clarkesville,GA,Size S,9.25,4,UPS® Ground
Portland,Clayton,NC,Size S,9.25,5,UPS® Ground
Portland,Clifton,NJ,Size S,9.25,4,UPS® Ground
Portland,Collinsville,OK,Size S,8.71,4,UPS® Ground
Portland,Columbia,TN,Size S,9.25,4,UPS® Ground
Portland,Concord,NC,Size S,9.16,5,UPS® Ground
Portland,Cookeville,TN,Size S,9.25,4,UPS® Ground
Portland,Corpus Christi,TX,Size S,9.25,4,UPS® Ground
Portland,Corrales,NM,Size S,8.45,4,UPS® Ground
Portland,Corydon,IN,Size S,9.25,4,UPS® Ground
Portland,Cranston,RI,Size S,9.25,4,UPS® Ground
Portland,Dekalb,IL,Size S,8.71,3,UPS® Ground
Portland,Delaware,OH,Size S,9.25,4,UPS® Ground
Portland,Delmar,NY,Size S,9.25,4,UPS® Ground
Portland,Des Moines,IA,Size S,8.62,4,UPS® Ground
Portland,Dickson,TN,Size S,9.25,4,UPS® Ground
Portland,Downers Grove,IL,Size S,8.71,3,UPS® Ground
Portland,Dripping Springs,TX,Size S,8.71,4,UPS® Ground
Portland,Eustis,FL,Size S,9.25,5,UPS® Ground
Portland,East Hampton,NY,Size S,9.25,4,UPS® Ground
Portland,Fenton,MO,Size S,8.71,4,UPS® Ground
Portland,Fayetteville,AR,Size S,8.62,4,UPS® Ground
Portland,Flower Mound,TX,Size S,8.71,4,UPS® Ground
Portland,Franklin,OH,Size S,9.25,4,UPS® Ground
Portland,Friendswood,TX,Size S,9.25,4,UPS® Ground
Portland,Gainesville,FL,Size S,9.25,5,UPS® Ground
Portland,Gainesville,GA,Size S,9.25,4,UPS® Ground
Portland,Glendale,CA,Size S,7.45,3,UPS® Ground
Portland,Greenville,SC,Size S,9.25,5,UPS® Ground
Portland,Greenville,MI,Size S,9.25,3,UPS® Ground
Portland,Gaithersburg,MD,Size S,9.25,4,UPS® Ground
Portland,Garner,NC,Size S,9.16,5,UPS® Ground
Portland,Gastonia,NC,Size S,9.25,5,UPS® Ground
Portland,Granada Hills,CA,Size S,7.45,3,UPS® Ground
Portland,Granbury,TX,Size S,8.71,4,UPS® Ground
Portland,Griffin,GA,Size S,9.25,4,UPS® Ground
Portland,Harpers Ferry,WV,Size S,9.25,4,UPS® Ground
Portland,Haverhill,MA,Size S,9.25,4,UPS® Ground
Portland,Hayward,CA,Size S,7.45,2,UPS® Ground
Portland,Herriman,UT,Size S,7.45,2,UPS® Ground
Portland,Hillsboro,OR,Size S,6.65,1,UPS® Ground
Portland,Hoboken,NJ,Size S,9.25,4,UPS® Ground
Portland,Huntley,IL,Size S,8.71,3,UPS® Ground
Portland,Hagerstown,MD,Size S,9.25,4,UPS® Ground
Portland,Hamilton,OH,Size S,9.16,4,UPS® Ground
Portland,Harrisburg,PA,Size S,9.25,4,UPS® Ground
Portland,Hendersonville,NC,Size S,9.25,5,UPS® Ground
Portland,Hendersonville,TN,Size S,9.25,4,UPS® Ground
Portland,Holland,MI,Size S,8.71,3,UPS® Ground
Portland,Indian Trail,NC,Size S,9.25,5,UPS® Ground
Portland,Jersey City,NJ,Size S,9.25,4,UPS® Ground
Portland,Johnstown,PA,Size S,9.25,4,UPS® Ground
Portland,Kalamazoo,MI,Size S,9.25,3,UPS® Ground
Portland,Keatchie,LA,Size S,8.71,6,UPS® Ground
Portland,Kennewick,WA,Size S,6.58,2,UPS® Ground
Portland,Kingsport,TN,Size S,9.25,4,UPS® Ground
Portland,Lake Elsinore,CA,Size S,7.45,3,UPS® Ground
Portland,Lebanon,OH,Size S,9.25,4,UPS® Ground
Portland,Little Rock,AR,Size S,8.62,4,UPS® Ground
Portland,Livonia,MI,Size S,9.25,4,UPS® Ground
Portland,Los Alamos,NM,Size S,8.45,4,UPS® Ground
Portland,Loveland,CO,Size S,7.45,3,UPS® Ground
Portland,La Mesa,CA,Size S,7.45,3,UPS® Ground
Portland,La Quinta,CA,Size S,7.45,3,UPS® Ground
Portland,Lake Oswego,OR,Size S,6.26,1,UPS® Ground
Portland,Lake Saint Louis,MO,Size S,8.71,4,UPS® Ground
Portland,Lake in the Hills,IL,Size S,8.71,3,UPS® Ground
Portland,Lakeway,TX,Size S,8.62,4,UPS® Ground
Portland,Lancaster,NY,Size S,9.16,4,UPS® Ground
Portland,Leander,TX,Size S,8.71,4,UPS® Ground
Portland,Lees Summit,MO,Size S,8.71,4,UPS® Ground
Portland,Lenoir,NC,Size S,9.25,5,UPS® Ground
Portland,Lewis Center,OH,Size S,9.25,4,UPS® Ground
Portland,Lexington,IN,Size S,9.25,4,UPS® Ground
Portland,Lodi,CA,Size S,6.84,2,UPS® Ground
Portland,Lynden,WA,Size S,6.75,1,UPS® Ground
Portland,Methuen,MA,Size S,9.25,4,UPS® Ground
Portland,Milford,CT,Size S,9.25,4,UPS® Ground
Portland,Mineola,TX,Size S,8.71,4,UPS® Ground
Portland,Missoula,MT,Size S,7.36,2,UPS® Ground
Portland,Mansfield,OH,Size S,9.25,4,UPS® Ground
Portland,McDonough,GA,Size S,9.25,4,UPS® Ground
Portland,Merritt Island,FL,Size S,9.25,5,UPS® Ground
Portland,Midlothian,VA,Size S,9.25,4,UPS® Ground
Portland,Millington,TN,Size S,9.25,4,UPS® Ground
Portland,Milton,FL,Size S,9.25,5,UPS® Ground
Portland,Moab,UT,Size S,7.36,3,UPS® Ground
Portland,Monroe,NC,Size S,9.16,5,UPS® Ground
Portland,Mooresville,IN,Size S,9.25,4,UPS® Ground
Portland,Morganton,NC,Size S,9.16,5,UPS® Ground
Portland,Murfreesboro,TN,Size S,9.25,4,UPS® Ground
Portland,Newburgh,NY,Size S,9.25,4,UPS® Ground
Portland,Navarre,FL,Size S,9.25,5,UPS® Ground
Portland,New Market,AL,Size S,9.25,5,UPS® Ground
Portland,Newnan,GA,Size S,9.25,4,UPS® Ground
Portland,Norman,OK,Size S,8.71,4,UPS® Ground
Portland,Novi,MI,Size S,9.25,4,UPS® Ground
Portland,Ormond Beach,FL,Size S,9.25,5,UPS® Ground
Portland,Owensboro,KY,Size S,9.16,4,UPS® Ground
Portland,Oconto,WI,Size S,8.71,4,UPS® Ground
Portland,Old Bridge,NJ,Size S,9.25,4,UPS® Ground
Portland,Olympia,WA,Size S,6.26,1,UPS® Ground
Portland,Oregon City,OR,Size S,6.65,1,UPS® Ground
Portland,Oxford,MI,Size S,9.25,4,UPS® Ground
Portland,Peachtree City,GA,Size S,9.25,4,UPS® Ground
Portland,Pleasanton,CA,Size S,7.36,2,UPS® Ground
Portland,Poughkeepsie,NY,Size S,9.25,5,UPS® Ground
Portland,Pagosa Springs,CO,Size S,8.45,3,UPS® Ground
Portland,Pasadena,CA,Size S,7.36,3,UPS® Ground
Portland,Pasadena,TX,Size S,9.25,4,UPS® Ground
Portland,Pasco,WA,Size S,6.58,2,UPS® Ground
Portland,Pawtucket,RI,Size S,9.25,4,UPS® Ground
Portland,Pembroke,MA,Size S,9.25,4,UPS® Ground
Portland,Perrysburg,OH,Size S,9.25,4,UPS® Ground
Portland,Plant City,FL,Size S,9.25,5,UPS® Ground
Portland,Port Orchard,WA,Size S,6.75,1,UPS® Ground
Portland,Prescott Valley,AZ,Size S,7.36,3,UPS® Ground
Portland,Princeton,NJ,Size S,9.16,4,UPS® Ground
Portland,Quincy,MA,Size S,9.25,4,UPS® Ground
Portland,Redwood City,CA,Size S,7.45,2,UPS® Ground
Portland,Rohnert Park,CA,Size S,6.84,2,UPS® Ground
Portland,Rigby,ID,Size S,7.45,3,UPS® Ground
Portland,Ripon,WI,Size S,8.71,4,UPS® Ground
Portland,Rogers,AR,Size S,8.71,4,UPS® Ground
Portland,Rowlett,TX,Size S,8.71,4,UPS® Ground
Portland,Rydal,PA,Size S,9.25,4,UPS® Ground
Portland,Shepherdsville,KY,Size S,9.25,4,UPS® Ground
Portland,Shreveport,LA,Size S,8.62,5,UPS® Ground
Portland,Stamford,CT,Size S,9.25,4,UPS® Ground
Portland,Salt Lake City,UT,Size S,7.36,2,UPS® Ground
Portland,Sanford,NC,Size S,9.25,5,UPS® Ground
Portland,Santa Ana,CA,Size S,7.36,3,UPS® Ground
Portland,Santa Cruz,CA,Size S,7.45,2,UPS® Ground
Portland,Santa Fe,NM,Size S,8.36,4,UPS® Ground
Portland,Sarver,PA,Size S,9.25,4,UPS® Ground
Portland,Schenectady,NY,Size S,9.16,4,UPS® Ground
Portland,Sierra Vista,AZ,Size S,8.45,3,UPS® Ground
Portland,Silver Spring,MD,Size S,9.25,4,UPS® Ground
Portland,South Jordan,UT,Size S,7.36,2,UPS® Ground
Portland,Springfield,MO,Size S,8.71,4,UPS® Ground
Portland,Summerville,SC,Size S,9.16,5,UPS® Ground
Portland,Sumter,SC,Size S,9.16,5,UPS® Ground
Portland,Sun City,AZ,Size S,8.36,3,UPS® Ground
Portland,Syosset,NY,Size S,9.25,4,UPS® Ground
Portland,Taunton,MA,Size S,9.16,4,UPS® Ground
Portland,Texarkana,TX,Size S,8.71,4,UPS® Ground
Portland,Toledo,OH,Size S,9.25,4,UPS® Ground
Portland,Urbana,OH,Size S,9.25,4,UPS® Ground
Portland,Valparaiso,IN,Size S,8.62,3,UPS® Ground
Portland,Waco,TX,Size S,8.71,4,UPS® Ground
Portland,West Lafayette,IN,Size S,9.25,3,UPS® Ground
Portland,Winter Garden,FL,Size S,9.25,5,UPS® Ground
Portland,Winter Haven,FL,Size S,9.25,5,UPS® Ground
Portland,Wylie,TX,Size S,8.71,4,UPS® Ground
Portland,Waldorf,MD,Size S,9.25,4,UPS® Ground
Portland,Wesley Chapel,FL,Size S,9.16,5,UPS® Ground
Portland,West Palm Beach,FL,Size S,9.16,5,UPS® Ground
Portland,Williamsburg,VA,Size S,9.25,4,UPS® Ground
Portland,Woodbridge,VA,Size S,9.25,4,UPS® Ground
Portland,Woodside,CA,Size S,7.45,2,UPS® Ground
Portland,Yorba Linda,CA,Size S,7.45,3,UPS® Ground
Portland,Queens Village,NY,Size S,9.25,4,UPS® Ground
Boston,Brooklyn,NY,Size S,6.58,1,UPS® Ground
Boston,Phoenix,AZ,Size S,9.25,4,UPS® Ground
Boston,Houston,TX,Size S,8.71,3,UPS® Ground
Boston,San Antonio,TX,Size S,8.71,4,UPS® Ground
Boston,Jacksonville,FL,Size S,8.45,3,UPS® Ground
Boston,Chicago,IL,Size S,7.45,2,UPS® Ground
Boston,Dallas,TX,Size S,8.71,3,UPS® Ground
Boston,Wilmington,DE,Size S,6.75,2,UPS® Ground
Boston,Austin,TX,Size S,8.71,3,UPS® Ground
Boston,Canton,OH,Size S,6.84,2,UPS® Ground
Boston,Charlotte,NC,Size S,7.45,2,UPS® Ground
Boston,New York,NY,Size S,6.75,1,UPS® Ground
Boston,Atlanta,GA,Size S,7.45,3,UPS® Ground
Boston,Franklin,TN,Size S,7.45,3,UPS® Ground
Boston,Lexington,KY,Size S,8.45,2,UPS® Ground
Boston,Orlando,FL,Size S,8.45,3,UPS® Ground
Boston,Rochester,NY,Size S,6.84,2,UPS® Ground
Boston,Las Vegas,NV,Size S,9.25,4,UPS® Ground
Boston,Louisville,KY,Size S,7.45,2,UPS® Ground
Boston,Marietta,GA,Size S,7.45,3,UPS® Ground
Boston,Colorado Springs,CO,Size S,8.71,3,UPS® Ground
Boston,Columbus,OH,Size S,7.45,2,UPS® Ground
Boston,Marble Falls,TX,Size S,8.71,4,UPS® Ground
Boston,Tampa,FL,Size S,8.45,3,UPS® Ground
Boston,San Diego,CA,Size S,9.25,4,UPS® Ground
Boston,Columbia,SC,Size S,7.45,2,UPS® Ground
Boston,Greenville,SC,Size S,7.45,2,UPS® Ground
Boston,Lebanon,TN,Size S,7.45,3,UPS® Ground
Boston,Salem,OR,Size S,9.25,4,UPS® Ground
Boston,Cleveland,OH,Size S,6.84,2,UPS® Ground
Boston,Denver,CO,Size S,8.71,3,UPS® Ground
Boston,Omaha,NE,Size S,8.45,3,UPS® Ground
Boston,Portland,OR,Size S,9.25,4,UPS® Ground
Boston,Raleigh,NC,Size S,7.45,2,UPS® Ground
Boston,Richmond,VA,Size S,6.84,2,UPS® Ground
Boston,Jackson,MS,Size S,8.45,3,UPS® Ground
Boston,Albany,NY,Size S,6.65,1,UPS® Ground
Boston,Fort Worth,TX,Size S,8.71,3,UPS® Ground
Boston,Oklahoma City,OK,Size S,8.71,3,UPS® Ground
Boston,Chesapeake,VA,Size S,6.84,2,UPS® Ground
Boston,Miami,FL,Size S,8.71,3,UPS® Ground
Boston,Milford,CT,Size S,6.65,1,UPS® Ground
Boston,Pittsburgh,PA,Size S,6.84,2,UPS® Ground
Boston,San Francisco,CA,Size S,9.25,5,UPS® Ground
Boston,San Jose,CA,Size S,9.25,5,UPS® Ground
Boston,Tucson,AZ,Size S,9.25,4,UPS® Ground
Boston,Virginia Beach,VA,Size S,6.84,2,UPS® Ground
Boston,Albuquerque,NM,Size S,9.25,5,UPS® Ground
Boston,Gilbert,AZ,Size S,9.25,4,UPS® Ground
Boston,Springfield,IL,Size S,7.45,3,UPS® Ground
Boston,Alexandria,VA,Size S,6.84,2,UPS® Ground
Boston,Kansas City,MO,Size S,8.45,3,UPS® Ground
Boston,Knoxville,TN,Size S,7.45,3,UPS® Ground
Boston,Lakewood,CO,Size S,8.71,3,UPS® Ground
Boston,Nashville,TN,Size S,7.45,3,UPS® Ground
Boston,Saint Louis,MO,Size S,8.45,3,UPS® Ground
Boston,Seattle,WA,Size S,9.25,4,UPS® Ground
Boston,Arlington,TX,Size S,8.62,3,UPS® Ground
Boston,Aurora,CO,Size S,8.62,4,UPS® Ground
Boston,Boise,ID,Size S,9.16,4,UPS® Ground
Boston,Indianapolis,IN,Size S,7.36,2,UPS® Ground
Boston,Naples,CO,Size S,9.25,,UPS® Ground
Boston,Reno,NV,Size S,9.16,4,UPS® Ground
Boston,Riverside,CA,Size S,9.16,4,UPS® Ground
Boston,Bismarck,ND,Size S,8.62,4,UPS® Ground
Boston,Fresno,TX,Size S,8.71,3,UPS® Ground
Boston,Lincoln,RI,Size S,6.26,1,UPS® Ground
Boston,Los Angeles,CA,Size S,9.16,4,UPS® Ground
Boston,Mansfield,MA,Size S,6.65,1,UPS® Ground
Boston,Milwaukee,WI,Size S,7.45,3,UPS® Ground
Boston,Madison,IN,Size S,7.36,2,UPS® Ground
Boston,Mesa,AZ,Size S,9.25,4,UPS® Ground
Boston,Monroe,NC,Size S,7.36,2,UPS® Ground
Boston,Philadelphia,PA,Size S,6.58,2,UPS® Ground
Boston,Staten Island,NY,Size S,6.58,1,UPS® Ground
Boston,Washington,DC,Size S,6.67,2,UPS® Ground
Boston,Baltimore,MD,Size S,6.67,2,UPS® Ground
Boston,Decatur,IL,Size S,7.36,3,UPS® Ground
Boston,Durham,NC,Size S,7.36,2,UPS® Ground
Boston,Fayetteville,AR,Size S,8.36,4,UPS® Ground
Boston,Glendale,AZ,Size S,9.16,4,UPS® Ground
Boston,Midland,GA,Size S,7.45,3,UPS® Ground
Boston,Scottsdale,AZ,Size S,9.16,4,UPS® Ground
Boston,Woodstock,GA,Size S,7.36,3,UPS® Ground
Boston,Chandler,AZ,Size S,9.16,4,UPS® Ground
Boston,Cincinnati,OH,Size S,7.36,2,UPS® Ground
Boston,Covington,LA,Size S,8.36,4,UPS® Ground
Boston,Fort Myers,FL,Size S,8.36,3,UPS® Ground
Boston,Greensboro,NC,Size S,7.36,2,UPS® Ground
Boston,Henderson,TX,Size S,8.71,3,UPS® Ground
Boston,Hamilton,MI,Size S,7.45,3,UPS® Ground
Boston,Lewisburg,PA,Size S,6.75,2,UPS® Ground
Boston,Littleton,CO,Size S,8.62,3,UPS® Ground
Boston,Mount Pleasant,SC,Size S,7.36,2,UPS® Ground
Boston,Pasadena,MD,Size S,6.67,2,UPS® Ground
Boston,Plano,TX,Size S,8.62,3,UPS® Ground
Boston,Sanford,NC,Size S,7.36,2,UPS® Ground
Boston,Wayne,ME,Size S,6.75,1,UPS® Ground
Boston,Ashland,PA,Size S,6.75,2,UPS® Ground
Boston,Burlington,WI,Size S,7.36,3,UPS® Ground
Boston,Centerville,IA,Size S,8.45,3,UPS® Ground
Boston,Clayton,NC,Size S,7.36,2,UPS® Ground
Boston,Encinitas,CA,Size S,9.16,4,UPS® Ground
Boston,Fort Collins,CO,Size S,8.62,4,UPS® Ground
Boston,Golden,CO,Size S,8.62,3,UPS® Ground
Boston,Hudson,NC,Size S,7.36,2,UPS® Ground
Boston,Katy,TX,Size S,8.62,3,UPS® Ground
Boston,Lancaster,SC,Size S,7.36,2,UPS® Ground
Boston,Newark,NJ,Size S,6.58,1,UPS® Ground
Boston,Parker,CO,Size S,8.62,3,UPS® Ground
Boston,Plymouth,MA,Size S,6.26,1,UPS® Ground
Boston,Rancho Cucamonga,CA,Size S,9.16,4,UPS® Ground
Boston,Rockville,MD,Size S,6.67,2,UPS® Ground
Boston,Sacramento,CA,Size S,9.25,5,UPS® Ground
Boston,Tallahassee,FL,Size S,8.36,3,UPS® Ground
Boston,The Villages,FL,Size S,8.36,3,UPS® Ground
Boston,Westfield,IN,Size S,7.36,2,UPS® Ground
Boston,Waterloo,IA,Size S,8.36,3,UPS® Ground
Boston,West Chester,PA,Size S,6.58,2,UPS® Ground
Boston,Bend,OR,Size S,9.16,4,UPS® Ground
Boston,Amarillo,TX,Size S,8.71,5,UPS® Ground
Boston,Auburn,MA,Size S,6.26,1,UPS® Ground
Boston,Bakersfield,CA,Size S,9.16,4,UPS® Ground
Boston,Boca Raton,FL,Size S,8.36,3,UPS® Ground
Boston,Benton,LA,Size S,8.45,4,UPS® Ground
Boston,Bradenton,FL,Size S,8.36,3,UPS® Ground
Boston,Dayton,OH,Size S,7.36,2,UPS® Ground
Boston,Duluth,MN,Size S,8.45,3,UPS® Ground
Boston,Englewood,CO,Size S,8.62,3,UPS® Ground
Boston,Fort Wayne,IN,Size S,7.36,2,UPS® Ground
Boston,Frederick,MD,Size S,6.67,2,UPS® Ground
Boston,Fredericksburg,VA,Size S,6.67,2,UPS® Ground
Boston,Gainesville,FL,Size S,8.36,3,UPS® Ground
Boston,Grand Rapids,MI,Size S,7.36,3,UPS® Ground
Boston,Green Bay,WI,Size S,7.36,3,UPS® Ground
Boston,Morgantown,WV,Size S,6.67,2,UPS® Ground
Boston,Pensacola,FL,Size S,8.36,3,UPS® Ground
Boston,Princeton,MA,Size S,6.26,1,UPS® Ground
Boston,Peoria,AZ,Size S,9.16,4,UPS® Ground
Boston,Saint Paul,MN,Size S,8.36,3,UPS® Ground
Boston,Savannah,GA,Size S,7.36,3,UPS® Ground
Boston,Seaford,NY,Size S,6.75,1,UPS® Ground
Boston,Seymour,IN,Size S,7.36,2,UPS® Ground
Boston,Spokane,WA,Size S,9.16,4,UPS® Ground
Boston,Windsor,CO,Size S,8.62,4,UPS® Ground
Boston,Winston-Salem,NC,Size S,7.36,2,UPS® Ground
Boston,Worcester,MA,Size S,6.26,1,UPS® Ground
Boston,York,PA,Size S,6.67,2,UPS® Ground
Boston,Antioch,TN,Size S,7.45,3,UPS® Ground
Boston,Athens,GA,Size S,7.36,3,UPS® Ground
Boston,Corona,CA,Size S,9.16,4,UPS® Ground
Boston,Fairfield,CA,Size S,9.16,5,UPS® Ground
Boston,Germantown,MD,Size S,6.84,2,UPS® Ground
Boston,Hillsboro,OR,Size S,9.16,4,UPS® Ground
Boston,Hope Mills,NC,Size S,7.45,2,UPS® Ground
Boston,Hendersonville,NC,Size S,7.36,2,UPS® Ground
Boston,Holly Springs,MS,Size S,8.36,4,UPS® Ground
Boston,Homer,AK,Size S,30.87,4,UPS® Ground
Boston,Laurel,MD,Size S,6.67,2,UPS® Ground
Boston,Long Beach,CA,Size S,9.16,4,UPS® Ground
Boston,Manteca,CA,Size S,9.16,5,UPS® Ground
Boston,Maryville,TN,Size S,7.36,3,UPS® Ground
Boston,Magnolia,MS,Size S,8.45,3,UPS® Ground
Boston,Memphis,TN,Size S,8.36,3,UPS® Ground
Boston,Milton,MA,Size S,6.26,1,UPS® Ground
Boston,Montgomery,TX,Size S,8.62,3,UPS® Ground
Boston,Myrtle Beach,SC,Size S,7.45,2,UPS® Ground
Boston,New Market,AL,Size S,7.45,3,UPS® Ground
Boston,Ocala,FL,Size S,8.36,3,UPS® Ground
Boston,Olathe,KS,Size S,8.36,3,UPS® Ground
Boston,Oxford,MI,Size S,7.36,2,UPS® Ground
Boston,Palm Beach Gardens,FL,Size S,8.36,3,UPS® Ground
Boston,Roseville,CA,Size S,9.16,5,UPS® Ground
Boston,Roswell,GA,Size S,7.36,3,UPS® Ground
Boston,Rockwall,TX,Size S,8.62,3,UPS® Ground
Boston,Spring,TX,Size S,8.71,3,UPS® Ground
Boston,Salisbury,MA,Size S,6.26,1,UPS® Ground
Boston,Santa Rosa,CA,Size S,9.16,5,UPS® Ground
Boston,Sarasota,FL,Size S,8.36,3,UPS® Ground
Boston,Vancouver,WA,Size S,9.16,4,UPS® Ground
Boston,Westminster,MD,Size S,6.67,2,UPS® Ground
Boston,Canton,GA,Size S,7.45,3,UPS® Ground
Boston,Columbia,MO,Size S,8.36,3,UPS® Ground
Boston,Naples,FL,Size S,8.36,3,UPS® Ground
Boston,Fresno,CA,Size S,9.16,5,UPS® Ground
Boston,Cleveland,TN,Size S,7.45,3,UPS® Ground
Boston,Henderson,NV,Size S,9.16,4,UPS® Ground
Boston,Lincoln,NE,Size S,8.36,3,UPS® Ground
Boston,Wilmington,NC,Size S,7.45,2,UPS® Ground
Boston,Arvada,CO,Size S,8.71,3,UPS® Ground
Boston,Anchorage,AK,Size S,30.87,4,UPS® Ground
Boston,Birmingham,AL,Size S,8.45,3,UPS® Ground
Boston,Bozeman,MT,Size S,9.25,4,UPS® Ground
Boston,Conroe,TX,Size S,8.71,3,UPS® Ground
Boston,Carmel Valley,CA,Size S,9.25,4,UPS® Ground
Boston,Castle Rock,CO,Size S,8.71,3,UPS® Ground
Boston,Cedar Rapids,IA,Size S,8.45,3,UPS® Ground
Boston,Cooperstown,NY,Size S,6.58,1,UPS® Ground
Boston,Deland,FL,Size S,8.36,3,UPS® Ground
Boston,Fort Mill,SC,Size S,7.45,2,UPS® Ground
Boston,Fargo,ND,Size S,8.45,3,UPS® Ground
Boston,Glen Allen,VA,Size S,6.84,2,UPS® Ground
Boston,Grand Junction,CO,Size S,9.25,5,UPS® Ground
Boston,Highlands Ranch,CO,Size S,8.71,3,UPS® Ground
Boston,Joliet,IL,Size S,7.45,2,UPS® Ground
Boston,Kerrville,TX,Size S,8.71,4,UPS® Ground
Boston,Longmont,CO,Size S,8.71,4,UPS® Ground
Boston,Minneapolis,MN,Size S,8.36,3,UPS® Ground
Boston,Naperville,IL,Size S,7.45,2,UPS® Ground
Boston,Neosho,MO,Size S,8.45,3,UPS® Ground
Boston,Puyallup,WA,Size S,9.25,4,UPS® Ground
Boston,Queen Creek,AZ,Size S,9.25,4,UPS® Ground
Boston,Saline,MI,Size S,7.45,2,UPS® Ground
Boston,Sevierville,TN,Size S,7.45,3,UPS® Ground
Boston,Sterling Heights,MI,Size S,7.45,2,UPS® Ground
Boston,Thornton,CO,Size S,8.71,3,UPS® Ground
Boston,Ventura,CA,Size S,9.16,4,UPS® Ground
Boston,Wilmington,MA,Size S,6.65,1,UPS® Ground
Boston,Clermont,FL,Size S,8.45,3,UPS® Ground
Boston,Abilene,TX,Size S,8.62,4,UPS® Ground
Boston,Brick,NJ,Size S,6.58,2,UPS® Ground
Boston,Bentonville,AR,Size S,8.36,4,UPS® Ground
Boston,Bogart,GA,Size S,7.45,3,UPS® Ground
Boston,Boston,MA,Size S,6.65,1,UPS® Ground
Boston,Buffalo,NY,Size S,6.67,2,UPS® Ground
Boston,Cary,NC,Size S,7.45,2,UPS® Ground
Boston,Dallas,GA,Size S,7.45,3,UPS® Ground
Boston,Doylestown,PA,Size S,6.58,2,UPS® Ground
Boston,Eugene,OR,Size S,9.16,4,UPS® Ground
Boston,Edmond,OK,Size S,8.62,3,UPS® Ground
Boston,Forney,TX,Size S,8.71,3,UPS® Ground
Boston,Fuquay Varina,NC,Size S,7.36,2,UPS® Ground
Boston,Glendora,CA,Size S,9.25,4,UPS® Ground
Boston,Henrico,VA,Size S,6.67,2,UPS® Ground
Boston,Hockessin,DE,Size S,6.84,2,UPS® Ground
Boston,Holly Springs,NC,Size S,7.45,2,UPS® Ground
Boston,Irvine,CA,Size S,9.25,4,UPS® Ground
Boston,Lakeland,FL,Size S,8.36,3,UPS® Ground
Boston,Lawrence,KS,Size S,8.36,3,UPS® Ground
Boston,League City,TX,Size S,8.62,3,UPS® Ground
Boston,Mansfield,TX,Size S,8.62,3,UPS® Ground
Boston,Madison,WI,Size S,7.36,3,UPS® Ground
Boston,McKinney,TX,Size S,8.71,3,UPS® Ground
Boston,Mentor,OH,Size S,6.67,2,UPS® Ground
Boston,Mount Airy,MD,Size S,6.84,2,UPS® Ground
Boston,Norfolk,VA,Size S,6.84,2,UPS® Ground
Boston,Nampa,ID,Size S,9.25,4,UPS® Ground
Boston,Noblesville,IN,Size S,7.45,2,UPS® Ground
Boston,Orland Park,IL,Size S,7.45,2,UPS® Ground
Boston,Palm Harbor,FL,Size S,8.45,3,UPS® Ground
Boston,Petaluma,CA,Size S,9.25,5,UPS® Ground
Boston,Placentia,CA,Size S,9.25,4,UPS® Ground
Boston,Prescott,AZ,Size S,9.25,4,UPS® Ground
Boston,Richardson,TX,Size S,8.71,3,UPS® Ground
Boston,Roanoke,VA,Size S,7.45,2,UPS® Ground
Boston,Richmond,TX,Size S,8.71,3,UPS® Ground
Boston,Sanford,ME,Size S,6.65,1,UPS® Ground
Boston,Seminole,FL,Size S,8.36,3,UPS® Ground
Boston,Sheridan,WY,Size S,8.71,5,UPS® Ground
Boston,Sparks,NV,Size S,9.25,4,UPS® Ground
Boston,Traverse City,MI,Size S,7.45,3,UPS® Ground
Boston,Tulsa,OK,Size S,8.45,3,UPS® Ground
Boston,Wake Forest,NC,Size S,7.45,2,UPS® Ground
Boston,Waterloo,SC,Size S,7.45,2,UPS® Ground
Boston,Waukesha,WI,Size S,7.45,3,UPS® Ground
Boston,Wichita,KS,Size S,8.71,3,UPS® Ground
Boston,Winnsboro,TX,Size S,8.71,3,UPS® Ground
Boston,Woodbury,MN,Size S,8.45,3,UPS® Ground
Boston,Cumming,GA,Size S,7.36,3,UPS® Ground
Boston,Muskegon,MI,Size S,7.45,3,UPS® Ground
Boston,Akron,OH,Size S,6.67,2,UPS® Ground
Boston,Albany,OR,Size S,9.25,4,UPS® Ground
Boston,Alpharetta,GA,Size S,7.45,3,UPS® Ground
Boston,Asheville,NC,Size S,7.36,2,UPS® Ground
Boston,Bixby,OK,Size S,8.71,3,UPS® Ground
Boston,Boulder,CO,Size S,8.62,4,UPS® Ground
Boston,Bethlehem,PA,Size S,6.75,2,UPS® Ground
Boston,Brenham,TX,Size S,8.71,3,UPS® Ground
Boston,Broken Bow,OK,Size S,8.71,3,UPS® Ground
Boston,Cape Coral,FL,Size S,8.45,3,UPS® Ground
Boston,Chula Vista,CA,Size S,9.16,4,UPS® Ground
Boston,Crawfordville,FL,Size S,8.45,3,UPS® Ground
Boston,Cypress,TX,Size S,8.71,3,UPS® Ground
Boston,Clearwater,FL,Size S,8.45,3,UPS® Ground
Boston,Columbiana,AL,Size S,8.45,3,UPS® Ground
Boston,Columbus,GA,Size S,8.45,3,UPS® Ground
Boston,Commack,NY,Size S,6.75,1,UPS® Ground
Boston,Dublin,CA,Size S,9.25,5,UPS® Ground
Boston,Decatur,GA,Size S,7.45,3,UPS® Ground
Boston,Deltona,FL,Size S,8.45,3,UPS® Ground
Boston,Derry,NH,Size S,6.65,1,UPS® Ground
Boston,Douglassville,PA,Size S,6.75,2,UPS® Ground
Boston,Easton,PA,Size S,6.75,2,UPS® Ground
Boston,El Paso,TX,Size S,9.25,4,UPS® Ground
Boston,Escondido,CA,Size S,9.25,4,UPS® Ground
Boston,Fairport,NY,Size S,6.84,2,UPS® Ground
Boston,Flemington,NJ,Size S,6.75,1,UPS® Ground
Boston,Florence,SC,Size S,7.45,2,UPS® Ground
Boston,Fort Lauderdale,FL,Size S,8.45,3,UPS® Ground
Boston,Frisco,TX,Size S,8.62,3,UPS® Ground
Boston,Goodyear,AZ,Size S,9.25,4,UPS® Ground
Boston,Gays Mills,WI,Size S,8.45,4,UPS® Ground
Boston,Grafton,WI,Size S,7.36,3,UPS® Ground
Boston,Green Cove Springs,FL,Size S,8.45,3,UPS® Ground
Boston,Greensburg,PA,Size S,6.84,2,UPS® Ground
Boston,Honolulu,HI,Size S,30.87,5,UPS® Ground
Boston,Humble,TX,Size S,8.71,3,UPS® Ground
Boston,Huntington,NY,Size S,6.75,1,UPS® Ground
Boston,Idaho Falls,ID,Size S,9.25,4,UPS® Ground
Boston,Jackson,TN,Size S,8.45,3,UPS® Ground
Boston,Jacksonville,NC,Size S,6.84,2,UPS® Ground
Boston,Jenkintown,PA,Size S,6.75,2,UPS® Ground
Boston,Johnson City,TN,Size S,7.45,3,UPS® Ground
Boston,Kingwood,TX,Size S,8.71,3,UPS® Ground
Boston,Lansing,MI,Size S,7.45,3,UPS® Ground
Boston,Lapeer,MI,Size S,7.45,2,UPS® Ground
Boston,Lawrenceville,GA,Size S,7.45,3,UPS® Ground
Boston,Lexington,NC,Size S,7.45,2,UPS® Ground
Boston,Lubbock,TX,Size S,8.71,4,UPS® Ground
Boston,Medina,OH,Size S,6.84,2,UPS® Ground
Boston,Macomb,MI,Size S,7.45,2,UPS® Ground
Boston,Magnolia,TX,Size S,8.71,3,UPS® Ground
Boston,Martinsburg,WV,Size S,6.84,2,UPS® Ground
Boston,Meridian,ID,Size S,9.25,4,UPS® Ground
Boston,Mobile,AL,Size S,8.36,3,UPS® Ground
Boston,Morrison,CO,Size S,8.71,3,UPS® Ground
Boston,Napa,CA,Size S,9.25,5,UPS® Ground
Boston,New Braunfels,TX,Size S,8.71,4,UPS® Ground
Boston,New Lenox,IL,Size S,7.45,2,UPS® Ground
Boston,New Orleans,LA,Size S,8.45,3,UPS® Ground
Boston,Newark,DE,Size S,6.84,2,UPS® Ground
Boston,Oakland,CA,Size S,9.16,5,UPS® Ground
Boston,Owasso,OK,Size S,8.71,3,UPS® Ground
Boston,Overland Park,KS,Size S,8.45,3,UPS® Ground
Boston,Panama City,FL,Size S,8.45,3,UPS® Ground
Boston,Panama City Beach,FL,Size S,8.36,3,UPS® Ground
Boston,Patchogue,NY,Size S,6.75,1,UPS® Ground
Boston,Port Clinton,OH,Size S,7.45,2,UPS® Ground
Boston,Paducah,KY,Size S,8.45,3,UPS® Ground
Boston,Palmetto,FL,Size S,8.45,3,UPS® Ground
Boston,Pearland,TX,Size S,8.62,3,UPS® Ground
Boston,Pella,IA,Size S,8.45,3,UPS® Ground
Boston,Pittsford,NY,Size S,6.84,2,UPS® Ground
Boston,Port Orange,FL,Size S,8.45,3,UPS® Ground
Boston,Ravenna,OH,Size S,6.84,2,UPS® Ground
Boston,Roaming Shores,OH,Size S,6.84,2,UPS® Ground
Boston,Richmond Hill,GA,Size S,7.45,3,UPS® Ground
Boston,Riverview,FL,Size S,8.45,3,UPS® Ground
Boston,Rochester,MN,Size S,8.45,3,UPS® Ground
Boston,Round Rock,TX,Size S,8.71,4,UPS® Ground
Boston,Saint Petersburg,FL,Size S,8.36,3,UPS® Ground
Boston,San Leandro,CA,Size S,9.25,5,UPS® Ground
Boston,Southington,CT,Size S,6.65,1,UPS® Ground
Boston,Spartanburg,SC,Size S,7.45,2,UPS® Ground
Boston,Surprise,AZ,Size S,9.16,4,UPS® Ground
Boston,Santa Barbara,CA,Size S,9.16,4,UPS® Ground
Boston,Shelton,CT,Size S,6.65,1,UPS® Ground
Boston,Spring Branch,TX,Size S,8.71,4,UPS® Ground
Boston,St. Louis,MO,Size S,8.45,3,UPS® Ground
Boston,Stroudsburg,PA,Size S,6.58,2,UPS® Ground
Boston,Sunapee,NH,Size S,6.65,1,UPS® Ground
Boston,Swedesboro,NJ,Size S,6.75,2,UPS® Ground
Boston,Syracuse,NY,Size S,6.75,1,UPS® Ground
Boston,Tomball,TX,Size S,8.71,3,UPS® Ground
Boston,Topeka,KS,Size S,8.45,3,UPS® Ground
Boston,Tuscaloosa,AL,Size S,8.45,3,UPS® Ground
Boston,Terre Haute,IN,Size S,7.45,2,UPS® Ground
Boston,Tinley Park,IL,Size S,7.45,2,UPS® Ground
Boston,Toms River,NJ,Size S,6.75,2,UPS® Ground
Boston,Tulare,CA,Size S,9.25,4,UPS® Ground
Boston,Vienna,VA,Size S,6.84,2,UPS® Ground
Boston,Walnut Creek,CA,Size S,9.25,5,UPS® Ground
Boston,Wayne,NJ,Size S,6.58,1,UPS® Ground
Boston,Waynesboro,VA,Size S,6.84,2,UPS® Ground
Boston,West Sacramento,CA,Size S,9.25,5,UPS® Ground
Boston,Yuba City,CA,Size S,9.25,5,UPS® Ground
Boston,Zachary,LA,Size S,8.36,4,UPS® Ground
Boston,Buford,GA,Size S,7.45,3,UPS® Ground
Boston,Modesto,CA,Size S,9.25,5,UPS® Ground
Boston,Winter Park,FL,Size S,8.45,3,UPS® Ground
Boston,Antioch,IL,Size S,7.45,2,UPS® Ground
Boston,Algonquin,IL,Size S,7.45,2,UPS® Ground
Boston,Allen,TX,Size S,8.71,3,UPS® Ground
Boston,Ames,IA,Size S,8.45,3,UPS® Ground
Boston,Anaheim,CA,Size S,9.25,4,UPS® Ground
Boston,Aptos,CA,Size S,9.25,5,UPS® Ground
Boston,Astoria,NY,Size S,6.75,1,UPS® Ground
Boston,Bloomington,IN,Size S,7.45,2,UPS® Ground
Boston,Bremerton,WA,Size S,9.25,4,UPS® Ground
Boston,Brunswick,OH,Size S,6.84,2,UPS® Ground
Boston,Burke,VA,Size S,6.84,2,UPS® Ground
Boston,Bedford,IN,Size S,7.45,2,UPS® Ground
Boston,Benton,LA,Size S,8.45,4,UPS® Ground
Boston,Billings,MT,Size S,9.25,5,UPS® Ground
Boston,Birdsboro,PA,Size S,6.75,2,UPS® Ground
Boston,Bothell,WA,Size S,9.25,4,UPS® Ground
Boston,Bowie,MD,Size S,6.84,2,UPS® Ground
Boston,Brentwood,TN,Size S,7.36,3,UPS® Ground
Boston,Bronx,NY,Size S,6.75,1,UPS® Ground
Boston,Brookfield,WI,Size S,7.45,3,UPS® Ground
Boston,Canton,OH,Size S,6.84,2,UPS® Ground
Boston,Celina,TX,Size S,8.71,3,UPS® Ground
Boston,Chapel Hill,NC,Size S,7.45,2,UPS® Ground
Boston,Claremore,OK,Size S,8.71,3,UPS® Ground
Boston,Clovis,CA,Size S,9.25,5,UPS® Ground
Boston,Cocoa,FL,Size S,8.36,3,UPS® Ground
Boston,Callahan,FL,Size S,8.45,3,UPS® Ground
Boston,Carmel,IN,Size S,7.45,2,UPS® Ground
Boston,Cedar Park,TX,Size S,8.71,4,UPS® Ground
Boston,Centennial,CO,Size S,8.71,3,UPS® Ground
Boston,Centerville,MA,Size S,6.65,1,UPS® Ground
Boston,Charleston,SC,Size S,7.45,2,UPS® Ground
Boston,Charlottesville,VA,Size S,6.67,2,UPS® Ground
Boston,Clarkesville,GA,Size S,7.45,3,UPS® Ground
Boston,Clayton,NC,Size S,7.45,2,UPS® Ground
Boston,Clifton,NJ,Size S,6.75,1,UPS® Ground
Boston,Collinsville,OK,Size S,8.71,3,UPS® Ground
Boston,Columbia,TN,Size S,7.45,3,UPS® Ground
Boston,Concord,NC,Size S,7.36,2,UPS® Ground
Boston,Cookeville,TN,Size S,7.45,3,UPS® Ground
Boston,Corpus Christi,TX,Size S,8.71,4,UPS® Ground
Boston,Corrales,NM,Size S,9.25,5,UPS® Ground
Boston,Corydon,IN,Size S,7.45,2,UPS® Ground
Boston,Cranston,RI,Size S,6.65,1,UPS® Ground
Boston,Dekalb,IL,Size S,7.45,2,UPS® Ground
Boston,Delaware,OH,Size S,7.45,2,UPS® Ground
Boston,Delmar,NY,Size S,6.75,1,UPS® Ground
Boston,Des Moines,IA,Size S,8.36,3,UPS® Ground
Boston,Dickson,TN,Size S,7.45,3,UPS® Ground
Boston,Downers Grove,IL,Size S,7.45,2,UPS® Ground
Boston,Dripping Springs,TX,Size S,8.71,3,UPS® Ground
Boston,Eustis,FL,Size S,8.45,3,UPS® Ground
Boston,East Hampton,NY,Size S,6.65,1,UPS® Ground
Boston,Fenton,MO,Size S,8.45,3,UPS® Ground
Boston,Fayetteville,AR,Size S,8.36,4,UPS® Ground
Boston,Flower Mound,TX,Size S,8.71,3,UPS® Ground
Boston,Franklin,OH,Size S,7.45,2,UPS® Ground
Boston,Friendswood,TX,Size S,8.71,3,UPS® Ground
Boston,Gainesville,FL,Size S,8.45,3,UPS® Ground
Boston,Gainesville,GA,Size S,7.45,3,UPS® Ground
Boston,Glendale,CA,Size S,9.25,4,UPS® Ground
Boston,Greenville,SC,Size S,7.45,2,UPS® Ground
Boston,Greenville,MI,Size S,7.45,3,UPS® Ground
Boston,Gaithersburg,MD,Size S,6.84,2,UPS® Ground
Boston,Garner,NC,Size S,7.36,2,UPS® Ground
Boston,Gastonia,NC,Size S,7.45,2,UPS® Ground
Boston,Granada Hills,CA,Size S,9.25,4,UPS® Ground
Boston,Granbury,TX,Size S,8.71,3,UPS® Ground
Boston,Griffin,GA,Size S,7.45,3,UPS® Ground
Boston,Harpers Ferry,WV,Size S,6.84,2,UPS® Ground
Boston,Haverhill,MA,Size S,6.65,1,UPS® Ground
Boston,Hayward,CA,Size S,9.25,5,UPS® Ground
Boston,Herriman,UT,Size S,9.25,4,UPS® Ground
Boston,Hillsboro,OR,Size S,9.25,4,UPS® Ground
Boston,Hoboken,NJ,Size S,6.75,1,UPS® Ground
Boston,Huntley,IL,Size S,7.45,2,UPS® Ground
Boston,Hagerstown,MD,Size S,6.84,2,UPS® Ground
Boston,Hamilton,OH,Size S,7.36,2,UPS® Ground
Boston,Harrisburg,PA,Size S,6.84,2,UPS® Ground
Boston,Hendersonville,NC,Size S,7.45,2,UPS® Ground
Boston,Hendersonville,TN,Size S,7.45,3,UPS® Ground
Boston,Holland,MI,Size S,7.45,3,UPS® Ground
Boston,Indian Trail,NC,Size S,7.45,2,UPS® Ground
Boston,Jersey City,NJ,Size S,6.75,1,UPS® Ground
Boston,Johnstown,PA,Size S,6.84,2,UPS® Ground
Boston,Kalamazoo,MI,Size S,7.45,3,UPS® Ground
Boston,Keatchie,LA,Size S,8.45,4,UPS® Ground
Boston,Kennewick,WA,Size S,9.16,4,UPS® Ground
Boston,Kingsport,TN,Size S,7.45,3,UPS® Ground
Boston,Lake Elsinore,CA,Size S,9.25,4,UPS® Ground
Boston,Lebanon,OH,Size S,7.45,2,UPS® Ground
Boston,Little Rock,AR,Size S,8.36,4,UPS® Ground
Boston,Livonia,MI,Size S,7.45,2,UPS® Ground
Boston,Los Alamos,NM,Size S,9.25,5,UPS® Ground
Boston,Loveland,CO,Size S,8.71,4,UPS® Ground
Boston,La Mesa,CA,Size S,9.25,4,UPS® Ground
Boston,La Quinta,CA,Size S,9.25,4,UPS® Ground
Boston,Lake Oswego,OR,Size S,9.16,4,UPS® Ground
Boston,Lake Saint Louis,MO,Size S,8.45,3,UPS® Ground
Boston,Lake in the Hills,IL,Size S,7.45,2,UPS® Ground
Boston,Lakeway,TX,Size S,8.62,4,UPS® Ground
Boston,Lancaster,NY,Size S,6.67,2,UPS® Ground
Boston,Leander,TX,Size S,8.71,4,UPS® Ground
Boston,Lees Summit,MO,Size S,8.45,3,UPS® Ground
Boston,Lenoir,NC,Size S,7.45,2,UPS® Ground
Boston,Lewis Center,OH,Size S,7.45,2,UPS® Ground
Boston,Lexington,IN,Size S,7.45,2,UPS® Ground
Boston,Lodi,CA,Size S,9.25,5,UPS® Ground
Boston,Lynden,WA,Size S,9.25,4,UPS® Ground
Boston,Methuen,MA,Size S,6.65,1,UPS® Ground
Boston,Milford,CT,Size S,6.65,1,UPS® Ground
Boston,Mineola,TX,Size S,8.71,3,UPS® Ground
Boston,Missoula,MT,Size S,9.16,5,UPS® Ground
Boston,Mansfield,OH,Size S,7.45,2,UPS® Ground
Boston,McDonough,GA,Size S,7.45,3,UPS® Ground
Boston,Merritt Island,FL,Size S,8.45,3,UPS® Ground
Boston,Midlothian,VA,Size S,6.84,2,UPS® Ground
Boston,Millington,TN,Size S,8.45,3,UPS® Ground
Boston,Milton,FL,Size S,8.45,3,UPS® Ground
Boston,Moab,UT,Size S,9.16,5,UPS® Ground
Boston,Monroe,NC,Size S,7.36,2,UPS® Ground
Boston,Mooresville,IN,Size S,7.45,2,UPS® Ground
Boston,Morganton,NC,Size S,7.36,2,UPS® Ground
Boston,Murfreesboro,TN,Size S,7.45,3,UPS® Ground
Boston,Newburgh,NY,Size S,6.65,1,UPS® Ground
Boston,Navarre,FL,Size S,8.45,3,UPS® Ground
Boston,New Market,AL,Size S,7.45,3,UPS® Ground
Boston,Newnan,GA,Size S,7.45,3,UPS® Ground
Boston,Norman,OK,Size S,8.71,3,UPS® Ground
Boston,Novi,MI,Size S,7.45,2,UPS® Ground
Boston,Ormond Beach,FL,Size S,8.45,3,UPS® Ground
Boston,Owensboro,KY,Size S,7.36,2,UPS® Ground
Boston,Oconto,WI,Size S,7.45,3,UPS® Ground
Boston,Old Bridge,NJ,Size S,6.75,1,UPS® Ground
Boston,Olympia,WA,Size S,9.16,4,UPS® Ground
Boston,Oregon City,OR,Size S,9.25,4,UPS® Ground
Boston,Oxford,MI,Size S,7.45,2,UPS® Ground
Boston,Peachtree City,GA,Size S,7.45,3,UPS® Ground
Boston,Pleasanton,CA,Size S,9.16,5,UPS® Ground
Boston,Poughkeepsie,NY,Size S,6.75,1,UPS® Ground
Boston,Pagosa Springs,CO,Size S,9.25,5,UPS® Ground
Boston,Pasadena,CA,Size S,9.16,4,UPS® Ground
Boston,Pasadena,TX,Size S,8.71,3,UPS® Ground
Boston,Pasco,WA,Size S,9.16,4,UPS® Ground
Boston,Pawtucket,RI,Size S,6.65,1,UPS® Ground
Boston,Pembroke,MA,Size S,6.65,1,UPS® Ground
Boston,Perrysburg,OH,Size S,7.45,2,UPS® Ground
Boston,Plant City,FL,Size S,8.45,3,UPS® Ground
Boston,Port Orchard,WA,Size S,9.25,4,UPS® Ground
Boston,Prescott Valley,AZ,Size S,9.16,4,UPS® Ground
Boston,Princeton,NJ,Size S,6.58,1,UPS® Ground
Boston,Quincy,MA,Size S,6.65,1,UPS® Ground
Boston,Redwood City,CA,Size S,9.25,5,UPS® Ground
Boston,Rohnert Park,CA,Size S,9.25,5,UPS® Ground
Boston,Rigby,ID,Size S,9.25,6,UPS® Ground
Boston,Ripon,WI,Size S,7.45,3,UPS® Ground
Boston,Rogers,AR,Size S,8.45,4,UPS® Ground
Boston,Rowlett,TX,Size S,8.71,3,UPS® Ground
Boston,Rydal,PA,Size S,6.75,2,UPS® Ground
Boston,Shepherdsville,KY,Size S,7.45,2,UPS® Ground
Boston,Shreveport,LA,Size S,8.36,4,UPS® Ground
Boston,Stamford,CT,Size S,6.75,1,UPS® Ground
Boston,Salt Lake City,UT,Size S,9.16,4,UPS® Ground
Boston,Sanford,NC,Size S,7.45,2,UPS® Ground
Boston,Santa Ana,CA,Size S,9.16,4,UPS® Ground
Boston,Santa Cruz,CA,Size S,9.25,5,UPS® Ground
Boston,Santa Fe,NM,Size S,9.16,5,UPS® Ground
Boston,Sarver,PA,Size S,6.84,2,UPS® Ground
Boston,Schenectady,NY,Size S,6.58,1,UPS® Ground
Boston,Sierra Vista,AZ,Size S,9.25,5,UPS® Ground
Boston,Silver Spring,MD,Size S,6.84,2,UPS® Ground
Boston,South Jordan,UT,Size S,9.16,4,UPS® Ground
Boston,Springfield,MO,Size S,8.45,4,UPS® Ground
Boston,Summerville,SC,Size S,7.36,2,UPS® Ground
Boston,Sumter,SC,Size S,7.36,2,UPS® Ground
Boston,Sun City,AZ,Size S,9.16,4,UPS® Ground
Boston,Syosset,NY,Size S,6.75,1,UPS® Ground
Boston,Taunton,MA,Size S,6.26,1,UPS® Ground
Boston,Texarkana,TX,Size S,8.45,3,UPS® Ground
Boston,Toledo,OH,Size S,7.45,2,UPS® Ground
Boston,Urbana,OH,Size S,7.45,2,UPS® Ground
Boston,Valparaiso,IN,Size S,7.36,2,UPS® Ground
Boston,Waco,TX,Size S,8.71,3,UPS® Ground
Boston,West Lafayette,IN,Size S,7.45,2,UPS® Ground
Boston,Winter Garden,FL,Size S,8.45,3,UPS® Ground
Boston,Winter Haven,FL,Size S,8.45,3,UPS® Ground
Boston,Wylie,TX,Size S,8.71,3,UPS® Ground
Boston,Waldorf,MD,Size S,6.84,2,UPS® Ground
Boston,Wesley Chapel,FL,Size S,8.36,3,UPS® Ground
Boston,West Palm Beach,FL,Size S,8.36,3,UPS® Ground
Boston,Williamsburg,VA,Size S,6.84,2,UPS® Ground
Boston,Woodbridge,VA,Size S,6.84,2,UPS® Ground
Boston,Woodside,CA,Size S,9.25,5,UPS® Ground
Boston,Yorba Linda,CA,Size S,9.25,4,UPS® Ground
Boston,Queens Village,NY,Size S,6.75,1,UPS® Ground
Boise,Brooklyn,NY,Size S,9.16,5,UPS® Ground
Boise,Phoenix,AZ,Size S,7.45,3,UPS® Ground
Boise,Houston,TX,Size S,8.71,4,UPS® Ground
Boise,San Antonio,TX,Size S,8.45,4,UPS® Ground
Boise,Jacksonville,FL,Size S,9.25,5,UPS® Ground
Boise,Chicago,IL,Size S,8.71,4,UPS® Ground
Boise,Dallas,TX,Size S,8.45,3,UPS® Ground
Boise,Wilmington,DE,Size S,9.25,4,UPS® Ground
Boise,Austin,TX,Size S,8.45,3,UPS® Ground
Boise,Canton,OH,Size S,8.71,5,UPS® Ground
Boise,Charlotte,NC,Size S,9.25,5,UPS® Ground
Boise,New York,NY,Size S,9.25,5,UPS® Ground
Boise,Atlanta,GA,Size S,9.25,4,UPS® Ground
Boise,Franklin,TN,Size S,8.71,4,UPS® Ground
Boise,Lexington,KY,Size S,8.71,4,UPS® Ground
Boise,Orlando,FL,Size S,9.25,5,UPS® Ground
Boise,Rochester,NY,Size S,9.25,5,UPS® Ground
Boise,Las Vegas,NV,Size S,7.45,2,UPS® Ground
Boise,Louisville,KY,Size S,8.71,4,UPS® Ground
Boise,Marietta,GA,Size S,9.25,4,UPS® Ground
Boise,Colorado Springs,CO,Size S,7.45,2,UPS® Ground
Boise,Columbus,OH,Size S,8.71,5,UPS® Ground
Boise,Marble Falls,TX,Size S,8.45,3,UPS® Ground
Boise,Tampa,FL,Size S,9.25,5,UPS® Ground
Boise,San Diego,CA,Size S,7.45,2,UPS® Ground
Boise,Columbia,SC,Size S,9.25,5,UPS® Ground
Boise,Greenville,SC,Size S,9.25,5,UPS® Ground
Boise,Lebanon,TN,Size S,8.71,4,UPS® Ground
Boise,Salem,OR,Size S,6.84,2,UPS® Ground
Boise,Cleveland,OH,Size S,8.71,5,UPS® Ground
Boise,Denver,CO,Size S,7.45,2,UPS® Ground
Boise,Omaha,NE,Size S,8.45,3,UPS® Ground
Boise,Portland,OR,Size S,6.84,2,UPS® Ground
Boise,Raleigh,NC,Size S,9.25,5,UPS® Ground
Boise,Richmond,VA,Size S,9.25,5,UPS® Ground
Boise,Jackson,MS,Size S,8.71,4,UPS® Ground
Boise,Albany,NY,Size S,9.25,5,UPS® Ground
Boise,Fort Worth,TX,Size S,8.45,3,UPS® Ground
Boise,Oklahoma City,OK,Size S,8.45,3,UPS® Ground
Boise,Chesapeake,VA,Size S,9.25,5,UPS® Ground
Boise,Miami,FL,Size S,9.25,5,UPS® Ground
Boise,Milford,CT,Size S,9.25,5,UPS® Ground
Boise,Pittsburgh,PA,Size S,9.25,4,UPS® Ground
Boise,San Francisco,CA,Size S,6.84,2,UPS® Ground
Boise,San Jose,CA,Size S,6.84,2,UPS® Ground
Boise,Tucson,AZ,Size S,7.45,3,UPS® Ground
Boise,Virginia Beach,VA,Size S,9.25,5,UPS® Ground
Boise,Albuquerque,NM,Size S,7.45,3,UPS® Ground
Boise,Gilbert,AZ,Size S,7.45,3,UPS® Ground
Boise,Springfield,IL,Size S,8.45,4,UPS® Ground
Boise,Alexandria,VA,Size S,9.25,4,UPS® Ground
Boise,Kansas City,MO,Size S,8.45,3,UPS® Ground
Boise,Knoxville,TN,Size S,8.71,4,UPS® Ground
Boise,Lakewood,CO,Size S,7.45,2,UPS® Ground
Boise,Nashville,TN,Size S,8.71,4,UPS® Ground
Boise,Saint Louis,MO,Size S,8.45,3,UPS® Ground
Boise,Seattle,WA,Size S,6.84,2,UPS® Ground
Boise,Arlington,TX,Size S,8.36,3,UPS® Ground
Boise,Aurora,CO,Size S,7.36,2,UPS® Ground
Boise,Boise,ID,Size S,6.26,1,UPS® Ground
Boise,Indianapolis,IN,Size S,8.62,4,UPS® Ground
Boise,Naples,CO,Size S,7.45,,UPS® Ground
Boise,Reno,NV,Size S,6.67,1,UPS® Ground
Boise,Riverside,CA,Size S,7.36,2,UPS® Ground
Boise,Bismarck,ND,Size S,7.36,3,UPS® Ground
Boise,Fresno,TX,Size S,8.71,4,UPS® Ground
Boise,Lincoln,RI,Size S,9.16,5,UPS® Ground
Boise,Los Angeles,CA,Size S,7.36,2,UPS® Ground
Boise,Mansfield,MA,Size S,9.25,5,UPS® Ground
Boise,Milwaukee,WI,Size S,8.71,4,UPS® Ground
Boise,Madison,IN,Size S,8.62,4,UPS® Ground
Boise,Mesa,AZ,Size S,7.45,3,UPS® Ground
Boise,Monroe,NC,Size S,9.16,5,UPS® Ground
Boise,Philadelphia,PA,Size S,9.16,4,UPS® Ground
Boise,Staten Island,NY,Size S,9.16,5,UPS® Ground
Boise,Washington,DC,Size S,9.16,4,UPS® Ground
Boise,Baltimore,MD,Size S,9.16,4,UPS® Ground
Boise,Decatur,IL,Size S,8.36,4,UPS® Ground
Boise,Durham,NC,Size S,9.16,5,UPS® Ground
Boise,Fayetteville,AR,Size S,8.36,4,UPS® Ground
Boise,Glendale,AZ,Size S,7.36,3,UPS® Ground
Boise,Midland,GA,Size S,9.25,4,UPS® Ground
Boise,Scottsdale,AZ,Size S,7.36,3,UPS® Ground
Boise,Woodstock,GA,Size S,8.62,4,UPS® Ground
Boise,Chandler,AZ,Size S,7.36,3,UPS® Ground
Boise,Cincinnati,OH,Size S,8.62,4,UPS® Ground
Boise,Covington,LA,Size S,8.62,4,UPS® Ground
Boise,Fort Myers,FL,Size S,9.16,5,UPS® Ground
Boise,Greensboro,NC,Size S,9.16,5,UPS® Ground
Boise,Henderson,TX,Size S,8.45,3,UPS® Ground
Boise,Hamilton,MI,Size S,8.71,4,UPS® Ground
Boise,Lewisburg,PA,Size S,9.25,4,UPS® Ground
Boise,Littleton,CO,Size S,7.36,2,UPS® Ground
Boise,Mount Pleasant,SC,Size S,9.16,5,UPS® Ground
Boise,Pasadena,MD,Size S,9.16,4,UPS® Ground
Boise,Plano,TX,Size S,8.36,3,UPS® Ground
Boise,Sanford,NC,Size S,9.16,5,UPS® Ground
Boise,Wayne,ME,Size S,9.25,5,UPS® Ground
Boise,Ashland,PA,Size S,9.25,4,UPS® Ground
Boise,Burlington,WI,Size S,8.62,4,UPS® Ground
Boise,Centerville,IA,Size S,8.45,3,UPS® Ground
Boise,Clayton,NC,Size S,9.16,5,UPS® Ground
Boise,Encinitas,CA,Size S,7.36,2,UPS® Ground
Boise,Fort Collins,CO,Size S,6.67,2,UPS® Ground
Boise,Golden,CO,Size S,6.67,2,UPS® Ground
Boise,Hudson,NC,Size S,9.16,5,UPS® Ground
Boise,Katy,TX,Size S,8.62,4,UPS® Ground
Boise,Lancaster,SC,Size S,9.16,5,UPS® Ground
Boise,Newark,NJ,Size S,9.16,5,UPS® Ground
Boise,Parker,CO,Size S,7.36,2,UPS® Ground
Boise,Plymouth,MA,Size S,9.16,5,UPS® Ground
Boise,Rancho Cucamonga,CA,Size S,7.36,2,UPS® Ground
Boise,Rockville,MD,Size S,9.16,4,UPS® Ground
Boise,Sacramento,CA,Size S,6.84,2,UPS® Ground
Boise,Tallahassee,FL,Size S,9.16,5,UPS® Ground
Boise,The Villages,FL,Size S,9.16,5,UPS® Ground
Boise,Westfield,IN,Size S,8.62,4,UPS® Ground
Boise,Waterloo,IA,Size S,8.36,3,UPS® Ground
Boise,West Chester,PA,Size S,9.16,4,UPS® Ground
Boise,Bend,OR,Size S,6.58,2,UPS® Ground
Boise,Amarillo,TX,Size S,7.45,3,UPS® Ground
Boise,Auburn,MA,Size S,9.16,5,UPS® Ground
Boise,Bakersfield,CA,Size S,6.67,3,UPS® Ground
Boise,Boca Raton,FL,Size S,9.16,5,UPS® Ground
Boise,Benton,LA,Size S,8.71,4,UPS® Ground
Boise,Bradenton,FL,Size S,9.16,5,UPS® Ground
Boise,Dayton,OH,Size S,8.62,4,UPS® Ground
Boise,Duluth,MN,Size S,8.45,4,UPS® Ground
Boise,Englewood,CO,Size S,7.36,2,UPS® Ground
Boise,Fort Wayne,IN,Size S,8.62,4,UPS® Ground
Boise,Frederick,MD,Size S,9.16,4,UPS® Ground
Boise,Fredericksburg,VA,Size S,9.16,5,UPS® Ground
Boise,Gainesville,FL,Size S,9.16,5,UPS® Ground
Boise,Grand Rapids,MI,Size S,8.62,4,UPS® Ground
Boise,Green Bay,WI,Size S,8.36,4,UPS® Ground
Boise,Morgantown,WV,Size S,9.16,4,UPS® Ground
Boise,Pensacola,FL,Size S,9.16,5,UPS® Ground
Boise,Princeton,MA,Size S,9.16,5,UPS® Ground
Boise,Peoria,AZ,Size S,7.36,3,UPS® Ground
Boise,Saint Paul,MN,Size S,8.36,4,UPS® Ground
Boise,Savannah,GA,Size S,9.16,4,UPS® Ground
Boise,Seaford,NY,Size S,9.25,5,UPS® Ground
Boise,Seymour,IN,Size S,8.62,4,UPS® Ground
Boise,Spokane,WA,Size S,6.58,2,UPS® Ground
Boise,Windsor,CO,Size S,6.67,2,UPS® Ground
Boise,Winston-Salem,NC,Size S,9.16,5,UPS® Ground
Boise,Worcester,MA,Size S,9.16,5,UPS® Ground
Boise,York,PA,Size S,9.16,4,UPS® Ground
Boise,Antioch,TN,Size S,8.71,4,UPS® Ground
Boise,Athens,GA,Size S,9.16,4,UPS® Ground
Boise,Corona,CA,Size S,7.36,2,UPS® Ground
Boise,Fairfield,CA,Size S,6.67,2,UPS® Ground
Boise,Germantown,MD,Size S,9.25,4,UPS® Ground
Boise,Hillsboro,OR,Size S,6.67,2,UPS® Ground
Boise,Hope Mills,NC,Size S,9.25,5,UPS® Ground
Boise,Hendersonville,NC,Size S,9.16,5,UPS® Ground
Boise,Holly Springs,MS,Size S,8.62,4,UPS® Ground
Boise,Homer,AK,Size S,30.87,4,UPS® Ground
Boise,Laurel,MD,Size S,9.16,4,UPS® Ground
Boise,Long Beach,CA,Size S,7.36,2,UPS® Ground
Boise,Manteca,CA,Size S,6.67,2,UPS® Ground
Boise,Maryville,TN,Size S,8.62,4,UPS® Ground
Boise,Magnolia,MS,Size S,8.71,4,UPS® Ground
Boise,Memphis,TN,Size S,8.62,4,UPS® Ground
Boise,Milton,MA,Size S,9.16,5,UPS® Ground
Boise,Montgomery,TX,Size S,8.62,4,UPS® Ground
Boise,Myrtle Beach,SC,Size S,9.25,5,UPS® Ground
Boise,New Market,AL,Size S,8.71,4,UPS® Ground
Boise,Ocala,FL,Size S,9.16,5,UPS® Ground
Boise,Olathe,KS,Size S,8.36,3,UPS® Ground
Boise,Oxford,MI,Size S,8.62,5,UPS® Ground
Boise,Palm Beach Gardens,FL,Size S,9.16,5,UPS® Ground
Boise,Roseville,CA,Size S,6.67,2,UPS® Ground
Boise,Roswell,GA,Size S,9.16,4,UPS® Ground
Boise,Rockwall,TX,Size S,8.36,3,UPS® Ground
Boise,Spring,TX,Size S,8.71,4,UPS® Ground
Boise,Salisbury,MA,Size S,9.16,5,UPS® Ground
Boise,Santa Rosa,CA,Size S,6.67,2,UPS® Ground
Boise,Sarasota,FL,Size S,9.16,5,UPS® Ground
Boise,Vancouver,WA,Size S,6.67,2,UPS® Ground
Boise,Westminster,MD,Size S,9.16,4,UPS® Ground
Boise,Canton,GA,Size S,8.71,4,UPS® Ground
Boise,Columbia,MO,Size S,8.36,3,UPS® Ground
Boise,Naples,FL,Size S,9.16,5,UPS® Ground
Boise,Fresno,CA,Size S,6.67,2,UPS® Ground
Boise,Cleveland,TN,Size S,8.71,4,UPS® Ground
Boise,Henderson,NV,Size S,6.67,2,UPS® Ground
Boise,Lincoln,NE,Size S,8.36,3,UPS® Ground
Boise,Wilmington,NC,Size S,9.25,5,UPS® Ground
Boise,Arvada,CO,Size S,7.45,2,UPS® Ground
Boise,Anchorage,AK,Size S,30.87,4,UPS® Ground
Boise,Birmingham,AL,Size S,8.71,4,UPS® Ground
Boise,Bozeman,MT,Size S,6.75,2,UPS® Ground
Boise,Conroe,TX,Size S,8.71,4,UPS® Ground
Boise,Carmel Valley,CA,Size S,7.45,2,UPS® Ground
Boise,Castle Rock,CO,Size S,7.45,2,UPS® Ground
Boise,Cedar Rapids,IA,Size S,8.45,3,UPS® Ground
Boise,Cooperstown,NY,Size S,9.16,5,UPS® Ground
Boise,Deland,FL,Size S,9.16,5,UPS® Ground
Boise,Fort Mill,SC,Size S,9.25,5,UPS® Ground
Boise,Fargo,ND,Size S,7.45,3,UPS® Ground
Boise,Glen Allen,VA,Size S,9.25,5,UPS® Ground
Boise,Grand Junction,CO,Size S,6.84,2,UPS® Ground
Boise,Highlands Ranch,CO,Size S,7.45,2,UPS® Ground
Boise,Joliet,IL,Size S,8.71,4,UPS® Ground
Boise,Kerrville,TX,Size S,8.45,4,UPS® Ground
Boise,Longmont,CO,Size S,6.84,2,UPS® Ground
Boise,Minneapolis,MN,Size S,8.36,4,UPS® Ground
Boise,Naperville,IL,Size S,8.71,4,UPS® Ground
Boise,Neosho,MO,Size S,8.45,3,UPS® Ground
Boise,Puyallup,WA,Size S,6.84,2,UPS® Ground
Boise,Queen Creek,AZ,Size S,7.45,3,UPS® Ground
Boise,Saline,MI,Size S,8.71,5,UPS® Ground
Boise,Sevierville,TN,Size S,8.71,4,UPS® Ground
Boise,Sterling Heights,MI,Size S,8.71,4,UPS® Ground
Boise,Thornton,CO,Size S,7.45,2,UPS® Ground
Boise,Ventura,CA,Size S,7.36,3,UPS® Ground
Boise,Wilmington,MA,Size S,9.25,5,UPS® Ground
Boise,Clermont,FL,Size S,9.25,5,UPS® Ground
Boise,Abilene,TX,Size S,8.36,3,UPS® Ground
Boise,Brick,NJ,Size S,9.16,5,UPS® Ground
Boise,Bentonville,AR,Size S,8.36,4,UPS® Ground
Boise,Bogart,GA,Size S,9.25,4,UPS® Ground
Boise,Boston,MA,Size S,9.25,5,UPS® Ground
Boise,Buffalo,NY,Size S,9.16,5,UPS® Ground
Boise,Cary,NC,Size S,9.25,5,UPS® Ground
Boise,Dallas,GA,Size S,8.71,4,UPS® Ground
Boise,Doylestown,PA,Size S,9.16,4,UPS® Ground
Boise,Eugene,OR,Size S,6.67,2,UPS® Ground
Boise,Edmond,OK,Size S,8.36,3,UPS® Ground
Boise,Forney,TX,Size S,8.45,3,UPS® Ground
Boise,Fuquay Varina,NC,Size S,9.16,5,UPS® Ground
Boise,Glendora,CA,Size S,7.45,2,UPS® Ground
Boise,Henrico,VA,Size S,9.16,5,UPS® Ground
Boise,Hockessin,DE,Size S,9.25,4,UPS® Ground
Boise,Holly Springs,NC,Size S,9.25,5,UPS® Ground
Boise,Irvine,CA,Size S,7.45,2,UPS® Ground
Boise,Lakeland,FL,Size S,9.16,5,UPS® Ground
Boise,Lawrence,KS,Size S,8.36,3,UPS® Ground
Boise,League City,TX,Size S,8.62,4,UPS® Ground
Boise,Mansfield,TX,Size S,8.36,3,UPS® Ground
Boise,Madison,WI,Size S,8.36,4,UPS® Ground
Boise,McKinney,TX,Size S,8.45,3,UPS® Ground
Boise,Mentor,OH,Size S,8.62,5,UPS® Ground
Boise,Mount Airy,MD,Size S,9.25,4,UPS® Ground
Boise,Norfolk,VA,Size S,9.25,5,UPS® Ground
Boise,Nampa,ID,Size S,6.65,1,UPS® Ground
Boise,Noblesville,IN,Size S,8.71,4,UPS® Ground
Boise,Orland Park,IL,Size S,8.71,4,UPS® Ground
Boise,Palm Harbor,FL,Size S,9.25,5,UPS® Ground
Boise,Petaluma,CA,Size S,6.84,2,UPS® Ground
Boise,Placentia,CA,Size S,7.45,2,UPS® Ground
Boise,Prescott,AZ,Size S,7.45,3,UPS® Ground
Boise,Richardson,TX,Size S,8.45,3,UPS® Ground
Boise,Roanoke,VA,Size S,9.25,5,UPS® Ground
Boise,Richmond,TX,Size S,8.71,4,UPS® Ground
Boise,Sanford,ME,Size S,9.25,5,UPS® Ground
Boise,Seminole,FL,Size S,9.16,5,UPS® Ground
Boise,Sheridan,WY,Size S,6.84,2,UPS® Ground
Boise,Sparks,NV,Size S,6.75,1,UPS® Ground
Boise,Traverse City,MI,Size S,8.71,5,UPS® Ground
Boise,Tulsa,OK,Size S,8.45,3,UPS® Ground
Boise,Wake Forest,NC,Size S,9.25,5,UPS® Ground
Boise,Waterloo,SC,Size S,9.25,5,UPS® Ground
Boise,Waukesha,WI,Size S,8.71,4,UPS® Ground
Boise,Wichita,KS,Size S,8.45,3,UPS® Ground
Boise,Winnsboro,TX,Size S,8.45,3,UPS® Ground
Boise,Woodbury,MN,Size S,8.45,4,UPS® Ground
Boise,Cumming,GA,Size S,9.16,4,UPS® Ground
Boise,Muskegon,MI,Size S,8.71,4,UPS® Ground
Boise,Akron,OH,Size S,8.62,5,UPS® Ground
Boise,Albany,OR,Size S,6.84,2,UPS® Ground
Boise,Alpharetta,GA,Size S,9.25,4,UPS® Ground
Boise,Asheville,NC,Size S,9.16,5,UPS® Ground
Boise,Bixby,OK,Size S,8.45,3,UPS® Ground
Boise,Boulder,CO,Size S,6.67,2,UPS® Ground
Boise,Bethlehem,PA,Size S,9.25,4,UPS® Ground
Boise,Brenham,TX,Size S,8.45,4,UPS® Ground
Boise,Broken Bow,OK,Size S,8.45,3,UPS® Ground
Boise,Cape Coral,FL,Size S,9.25,5,UPS® Ground
Boise,Chula Vista,CA,Size S,7.36,2,UPS® Ground
Boise,Crawfordville,FL,Size S,9.25,5,UPS® Ground
Boise,Cypress,TX,Size S,8.71,4,UPS® Ground
Boise,Clearwater,FL,Size S,9.25,5,UPS® Ground
Boise,Columbiana,AL,Size S,8.71,4,UPS® Ground
Boise,Columbus,GA,Size S,9.25,4,UPS® Ground
Boise,Commack,NY,Size S,9.25,5,UPS® Ground
Boise,Dublin,CA,Size S,6.84,2,UPS® Ground
Boise,Decatur,GA,Size S,9.25,4,UPS® Ground
Boise,Deltona,FL,Size S,9.25,5,UPS® Ground
Boise,Derry,NH,Size S,9.25,5,UPS® Ground
Boise,Douglassville,PA,Size S,9.25,4,UPS® Ground
Boise,Easton,PA,Size S,9.25,4,UPS® Ground
Boise,El Paso,TX,Size S,7.45,3,UPS® Ground
Boise,Escondido,CA,Size S,7.45,2,UPS® Ground
Boise,Fairport,NY,Size S,9.25,5,UPS® Ground
Boise,Flemington,NJ,Size S,9.25,5,UPS® Ground
Boise,Florence,SC,Size S,9.25,5,UPS® Ground
Boise,Fort Lauderdale,FL,Size S,9.25,5,UPS® Ground
Boise,Frisco,TX,Size S,8.36,3,UPS® Ground
Boise,Goodyear,AZ,Size S,7.45,3,UPS® Ground
Boise,Gays Mills,WI,Size S,8.45,5,UPS® Ground
Boise,Grafton,WI,Size S,8.36,4,UPS® Ground
Boise,Green Cove Springs,FL,Size S,9.25,5,UPS® Ground
Boise,Greensburg,PA,Size S,9.25,4,UPS® Ground
Boise,Honolulu,HI,Size S,30.87,3,UPS® Ground
Boise,Humble,TX,Size S,8.71,4,UPS® Ground
Boise,Huntington,NY,Size S,9.25,5,UPS® Ground
Boise,Idaho Falls,ID,Size S,6.75,1,UPS® Ground
Boise,Jackson,TN,Size S,8.71,4,UPS® Ground
Boise,Jacksonville,NC,Size S,9.25,5,UPS® Ground
Boise,Jenkintown,PA,Size S,9.25,4,UPS® Ground
Boise,Johnson City,TN,Size S,9.25,4,UPS® Ground
Boise,Kingwood,TX,Size S,8.71,4,UPS® Ground
Boise,Lansing,MI,Size S,8.71,4,UPS® Ground
Boise,Lapeer,MI,Size S,8.71,4,UPS® Ground
Boise,Lawrenceville,GA,Size S,9.25,4,UPS® Ground
Boise,Lexington,NC,Size S,9.25,5,UPS® Ground
Boise,Lubbock,TX,Size S,8.45,3,UPS® Ground
Boise,Medina,OH,Size S,8.71,5,UPS® Ground
Boise,Macomb,MI,Size S,8.71,4,UPS® Ground
Boise,Magnolia,TX,Size S,8.71,4,UPS® Ground
Boise,Martinsburg,WV,Size S,9.25,4,UPS® Ground
Boise,Meridian,ID,Size S,6.65,1,UPS® Ground
Boise,Mobile,AL,Size S,8.62,4,UPS® Ground
Boise,Morrison,CO,Size S,6.84,2,UPS® Ground
Boise,Napa,CA,Size S,6.84,2,UPS® Ground
Boise,New Braunfels,TX,Size S,8.45,4,UPS® Ground
Boise,New Lenox,IL,Size S,8.71,4,UPS® Ground
Boise,New Orleans,LA,Size S,8.71,4,UPS® Ground
Boise,Newark,DE,Size S,9.25,4,UPS® Ground
Boise,Oakland,CA,Size S,6.67,2,UPS® Ground
Boise,Owasso,OK,Size S,8.45,3,UPS® Ground
Boise,Overland Park,KS,Size S,8.45,3,UPS® Ground
Boise,Panama City,FL,Size S,9.25,5,UPS® Ground
Boise,Panama City Beach,FL,Size S,9.16,5,UPS® Ground
Boise,Patchogue,NY,Size S,9.25,5,UPS® Ground
Boise,Port Clinton,OH,Size S,8.71,4,UPS® Ground
Boise,Paducah,KY,Size S,8.71,4,UPS® Ground
Boise,Palmetto,FL,Size S,9.25,5,UPS® Ground
Boise,Pearland,TX,Size S,8.62,4,UPS® Ground
Boise,Pella,IA,Size S,8.45,3,UPS® Ground
Boise,Pittsford,NY,Size S,9.25,5,UPS® Ground
Boise,Port Orange,FL,Size S,9.25,5,UPS® Ground
Boise,Ravenna,OH,Size S,8.71,5,UPS® Ground
Boise,Roaming Shores,OH,Size S,8.71,5,UPS® Ground
Boise,Richmond Hill,GA,Size S,9.25,4,UPS® Ground
Boise,Riverview,FL,Size S,9.25,5,UPS® Ground
Boise,Rochester,MN,Size S,8.45,4,UPS® Ground
Boise,Round Rock,TX,Size S,8.45,3,UPS® Ground
Boise,Saint Petersburg,FL,Size S,9.16,5,UPS® Ground
Boise,San Leandro,CA,Size S,6.84,2,UPS® Ground
Boise,Southington,CT,Size S,9.25,5,UPS® Ground
Boise,Spartanburg,SC,Size S,9.25,5,UPS® Ground
Boise,Surprise,AZ,Size S,7.36,3,UPS® Ground
Boise,Santa Barbara,CA,Size S,7.36,3,UPS® Ground
Boise,Shelton,CT,Size S,9.25,5,UPS® Ground
Boise,Spring Branch,TX,Size S,8.45,4,UPS® Ground
Boise,St. Louis,MO,Size S,8.45,3,UPS® Ground
Boise,Stroudsburg,PA,Size S,9.16,4,UPS® Ground
Boise,Sunapee,NH,Size S,9.25,5,UPS® Ground
Boise,Swedesboro,NJ,Size S,9.25,4,UPS® Ground
Boise,Syracuse,NY,Size S,9.25,5,UPS® Ground
Boise,Tomball,TX,Size S,8.71,4,UPS® Ground
Boise,Topeka,KS,Size S,8.45,3,UPS® Ground
Boise,Tuscaloosa,AL,Size S,8.71,4,UPS® Ground
Boise,Terre Haute,IN,Size S,8.71,4,UPS® Ground
Boise,Tinley Park,IL,Size S,8.71,4,UPS® Ground
Boise,Toms River,NJ,Size S,9.25,5,UPS® Ground
Boise,Tulare,CA,Size S,6.84,3,UPS® Ground
Boise,Vienna,VA,Size S,9.25,4,UPS® Ground
Boise,Walnut Creek,CA,Size S,6.84,2,UPS® Ground
Boise,Wayne,NJ,Size S,9.16,5,UPS® Ground
Boise,Waynesboro,VA,Size S,9.25,5,UPS® Ground
Boise,West Sacramento,CA,Size S,6.84,2,UPS® Ground
Boise,Yuba City,CA,Size S,6.84,2,UPS® Ground
Boise,Zachary,LA,Size S,8.62,4,UPS® Ground
Boise,Buford,GA,Size S,9.25,4,UPS® Ground
Boise,Modesto,CA,Size S,6.84,2,UPS® Ground
Boise,Winter Park,FL,Size S,9.25,5,UPS® Ground
Boise,Antioch,IL,Size S,8.71,4,UPS® Ground
Boise,Algonquin,IL,Size S,8.71,4,UPS® Ground
Boise,Allen,TX,Size S,8.45,3,UPS® Ground
Boise,Ames,IA,Size S,8.45,3,UPS® Ground
Boise,Anaheim,CA,Size S,7.45,2,UPS® Ground
Boise,Aptos,CA,Size S,6.84,2,UPS® Ground
Boise,Astoria,NY,Size S,9.25,5,UPS® Ground
Boise,Bloomington,IN,Size S,8.71,4,UPS® Ground
Boise,Bremerton,WA,Size S,6.84,2,UPS® Ground
Boise,Brunswick,OH,Size S,8.71,5,UPS® Ground
Boise,Burke,VA,Size S,9.25,4,UPS® Ground
Boise,Bedford,IN,Size S,8.71,4,UPS® Ground
Boise,Benton,LA,Size S,8.71,4,UPS® Ground
Boise,Billings,MT,Size S,6.84,2,UPS® Ground
Boise,Birdsboro,PA,Size S,9.25,4,UPS® Ground
Boise,Bothell,WA,Size S,6.84,2,UPS® Ground
Boise,Bowie,MD,Size S,9.25,4,UPS® Ground
Boise,Brentwood,TN,Size S,8.62,4,UPS® Ground
Boise,Bronx,NY,Size S,9.25,5,UPS® Ground
Boise,Brookfield,WI,Size S,8.45,4,UPS® Ground
Boise,Canton,OH,Size S,8.71,5,UPS® Ground
Boise,Celina,TX,Size S,8.45,3,UPS® Ground
Boise,Chapel Hill,NC,Size S,9.25,5,UPS® Ground
Boise,Claremore,OK,Size S,8.45,3,UPS® Ground
Boise,Clovis,CA,Size S,6.84,2,UPS® Ground
Boise,Cocoa,FL,Size S,9.16,5,UPS® Ground
Boise,Callahan,FL,Size S,9.25,5,UPS® Ground
Boise,Carmel,IN,Size S,8.71,4,UPS® Ground
Boise,Cedar Park,TX,Size S,8.45,3,UPS® Ground
Boise,Centennial,CO,Size S,7.45,2,UPS® Ground
Boise,Centerville,MA,Size S,9.25,5,UPS® Ground
Boise,Charleston,SC,Size S,9.25,5,UPS® Ground
Boise,Charlottesville,VA,Size S,9.16,5,UPS® Ground
Boise,Clarkesville,GA,Size S,9.25,4,UPS® Ground
Boise,Clayton,NC,Size S,9.25,5,UPS® Ground
Boise,Clifton,NJ,Size S,9.25,5,UPS® Ground
Boise,Collinsville,OK,Size S,8.45,3,UPS® Ground
Boise,Columbia,TN,Size S,8.71,4,UPS® Ground
Boise,Concord,NC,Size S,9.16,5,UPS® Ground
Boise,Cookeville,TN,Size S,8.71,4,UPS® Ground
Boise,Corpus Christi,TX,Size S,8.71,4,UPS® Ground
Boise,Corrales,NM,Size S,7.45,3,UPS® Ground
Boise,Corydon,IN,Size S,8.71,4,UPS® Ground
Boise,Cranston,RI,Size S,9.25,5,UPS® Ground
Boise,Dekalb,IL,Size S,8.71,4,UPS® Ground
Boise,Delaware,OH,Size S,8.71,5,UPS® Ground
Boise,Delmar,NY,Size S,9.25,5,UPS® Ground
Boise,Des Moines,IA,Size S,8.36,3,UPS® Ground
Boise,Dickson,TN,Size S,8.71,4,UPS® Ground
Boise,Downers Grove,IL,Size S,8.71,4,UPS® Ground
Boise,Dripping Springs,TX,Size S,8.45,3,UPS® Ground
Boise,Eustis,FL,Size S,9.25,5,UPS® Ground
Boise,East Hampton,NY,Size S,9.25,5,UPS® Ground
Boise,Fenton,MO,Size S,8.45,3,UPS® Ground
Boise,Fayetteville,AR,Size S,8.36,4,UPS® Ground
Boise,Flower Mound,TX,Size S,8.45,3,UPS® Ground
Boise,Franklin,OH,Size S,8.71,4,UPS® Ground
Boise,Friendswood,TX,Size S,8.71,4,UPS® Ground
Boise,Gainesville,FL,Size S,9.25,5,UPS® Ground
Boise,Gainesville,GA,Size S,9.25,4,UPS® Ground
Boise,Glendale,CA,Size S,7.45,2,UPS® Ground
Boise,Greenville,SC,Size S,9.25,5,UPS® Ground
Boise,Greenville,MI,Size S,8.71,4,UPS® Ground
Boise,Gaithersburg,MD,Size S,9.25,4,UPS® Ground
Boise,Garner,NC,Size S,9.16,5,UPS® Ground
Boise,Gastonia,NC,Size S,9.25,5,UPS® Ground
Boise,Granada Hills,CA,Size S,7.45,2,UPS® Ground
Boise,Granbury,TX,Size S,8.45,3,UPS® Ground
Boise,Griffin,GA,Size S,9.25,4,UPS® Ground
Boise,Harpers Ferry,WV,Size S,9.25,4,UPS® Ground
Boise,Haverhill,MA,Size S,9.25,5,UPS® Ground
Boise,Hayward,CA,Size S,6.84,2,UPS® Ground
Boise,Herriman,UT,Size S,6.84,1,UPS® Ground
Boise,Hillsboro,OR,Size S,6.84,2,UPS® Ground
Boise,Hoboken,NJ,Size S,9.25,5,UPS® Ground
Boise,Huntley,IL,Size S,8.71,4,UPS® Ground
Boise,Hagerstown,MD,Size S,9.25,4,UPS® Ground
Boise,Hamilton,OH,Size S,8.62,4,UPS® Ground
Boise,Harrisburg,PA,Size S,9.25,4,UPS® Ground
Boise,Hendersonville,NC,Size S,9.25,5,UPS® Ground
Boise,Hendersonville,TN,Size S,8.71,4,UPS® Ground
Boise,Holland,MI,Size S,8.71,4,UPS® Ground
Boise,Indian Trail,NC,Size S,9.25,5,UPS® Ground
Boise,Jersey City,NJ,Size S,9.25,5,UPS® Ground
Boise,Johnstown,PA,Size S,9.25,4,UPS® Ground
Boise,Kalamazoo,MI,Size S,8.71,4,UPS® Ground
Boise,Keatchie,LA,Size S,8.71,4,UPS® Ground
Boise,Kennewick,WA,Size S,6.58,2,UPS® Ground
Boise,Kingsport,TN,Size S,9.25,4,UPS® Ground
Boise,Lake Elsinore,CA,Size S,7.45,2,UPS® Ground
Boise,Lebanon,OH,Size S,8.71,4,UPS® Ground
Boise,Little Rock,AR,Size S,8.62,4,UPS® Ground
Boise,Livonia,MI,Size S,8.71,4,UPS® Ground
Boise,Los Alamos,NM,Size S,7.45,3,UPS® Ground
Boise,Loveland,CO,Size S,6.84,2,UPS® Ground
Boise,La Mesa,CA,Size S,7.45,2,UPS® Ground
Boise,La Quinta,CA,Size S,7.45,2,UPS® Ground
Boise,Lake Oswego,OR,Size S,6.58,2,UPS® Ground
Boise,Lake Saint Louis,MO,Size S,8.45,3,UPS® Ground
Boise,Lake in the Hills,IL,Size S,8.71,4,UPS® Ground
Boise,Lakeway,TX,Size S,8.36,3,UPS® Ground
Boise,Lancaster,NY,Size S,9.16,5,UPS® Ground
Boise,Leander,TX,Size S,8.45,3,UPS® Ground
Boise,Lees Summit,MO,Size S,8.45,3,UPS® Ground
Boise,Lenoir,NC,Size S,9.25,5,UPS® Ground
Boise,Lewis Center,OH,Size S,8.71,5,UPS® Ground
Boise,Lexington,IN,Size S,8.71,4,UPS® Ground
Boise,Lodi,CA,Size S,6.84,2,UPS® Ground
Boise,Lynden,WA,Size S,6.84,2,UPS® Ground
Boise,Methuen,MA,Size S,9.25,5,UPS® Ground
Boise,Milford,CT,Size S,9.25,5,UPS® Ground
Boise,Mineola,TX,Size S,8.45,3,UPS® Ground
Boise,Missoula,MT,Size S,6.58,2,UPS® Ground
Boise,Mansfield,OH,Size S,8.71,5,UPS® Ground
Boise,McDonough,GA,Size S,9.25,4,UPS® Ground
Boise,Merritt Island,FL,Size S,9.25,5,UPS® Ground
Boise,Midlothian,VA,Size S,9.25,5,UPS® Ground
Boise,Millington,TN,Size S,8.71,4,UPS® Ground
Boise,Milton,FL,Size S,9.25,5,UPS® Ground
Boise,Moab,UT,Size S,6.67,2,UPS® Ground
Boise,Monroe,NC,Size S,9.16,5,UPS® Ground
Boise,Mooresville,IN,Size S,8.71,4,UPS® Ground
Boise,Morganton,NC,Size S,9.16,5,UPS® Ground
Boise,Murfreesboro,TN,Size S,8.71,4,UPS® Ground
Boise,Newburgh,NY,Size S,9.25,5,UPS® Ground
Boise,Navarre,FL,Size S,9.25,5,UPS® Ground
Boise,New Market,AL,Size S,8.71,4,UPS® Ground
Boise,Newnan,GA,Size S,9.25,4,UPS® Ground
Boise,Norman,OK,Size S,8.45,3,UPS® Ground
Boise,Novi,MI,Size S,8.71,4,UPS® Ground
Boise,Ormond Beach,FL,Size S,9.25,5,UPS® Ground
Boise,Owensboro,KY,Size S,8.62,4,UPS® Ground
Boise,Oconto,WI,Size S,8.45,4,UPS® Ground
Boise,Old Bridge,NJ,Size S,9.25,5,UPS® Ground
Boise,Olympia,WA,Size S,6.67,2,UPS® Ground
Boise,Oregon City,OR,Size S,6.75,2,UPS® Ground
Boise,Oxford,MI,Size S,8.71,5,UPS® Ground
Boise,Peachtree City,GA,Size S,9.25,4,UPS® Ground
Boise,Pleasanton,CA,Size S,6.67,2,UPS® Ground
Boise,Poughkeepsie,NY,Size S,9.25,5,UPS® Ground
Boise,Pagosa Springs,CO,Size S,7.45,2,UPS® Ground
Boise,Pasadena,CA,Size S,7.36,2,UPS® Ground
Boise,Pasadena,TX,Size S,8.71,4,UPS® Ground
Boise,Pasco,WA,Size S,6.58,2,UPS® Ground
Boise,Pawtucket,RI,Size S,9.25,5,UPS® Ground
Boise,Pembroke,MA,Size S,9.25,5,UPS® Ground
Boise,Perrysburg,OH,Size S,8.71,4,UPS® Ground
Boise,Plant City,FL,Size S,9.25,5,UPS® Ground
Boise,Port Orchard,WA,Size S,6.84,2,UPS® Ground
Boise,Prescott Valley,AZ,Size S,7.36,3,UPS® Ground
Boise,Princeton,NJ,Size S,9.16,5,UPS® Ground
Boise,Quincy,MA,Size S,9.25,5,UPS® Ground
Boise,Redwood City,CA,Size S,6.84,2,UPS® Ground
Boise,Rohnert Park,CA,Size S,6.84,2,UPS® Ground
Boise,Rigby,ID,Size S,6.75,2,UPS® Ground
Boise,Ripon,WI,Size S,8.45,4,UPS® Ground
Boise,Rogers,AR,Size S,8.45,4,UPS® Ground
Boise,Rowlett,TX,Size S,8.45,3,UPS® Ground
Boise,Rydal,PA,Size S,9.25,4,UPS® Ground
Boise,Shepherdsville,KY,Size S,8.71,4,UPS® Ground
Boise,Shreveport,LA,Size S,8.62,4,UPS® Ground
Boise,Stamford,CT,Size S,9.25,5,UPS® Ground
Boise,Salt Lake City,UT,Size S,6.67,1,UPS® Ground
Boise,Sanford,NC,Size S,9.25,5,UPS® Ground
Boise,Santa Ana,CA,Size S,7.36,2,UPS® Ground
Boise,Santa Cruz,CA,Size S,6.84,2,UPS® Ground
Boise,Santa Fe,NM,Size S,7.36,3,UPS® Ground
Boise,Sarver,PA,Size S,9.25,4,UPS® Ground
Boise,Schenectady,NY,Size S,9.16,5,UPS® Ground
Boise,Sierra Vista,AZ,Size S,7.45,3,UPS® Ground
Boise,Silver Spring,MD,Size S,9.25,4,UPS® Ground
Boise,South Jordan,UT,Size S,6.67,1,UPS® Ground
Boise,Springfield,MO,Size S,8.45,3,UPS® Ground
Boise,Summerville,SC,Size S,9.16,5,UPS® Ground
Boise,Sumter,SC,Size S,9.16,5,UPS® Ground
Boise,Sun City,AZ,Size S,7.36,3,UPS® Ground
Boise,Syosset,NY,Size S,9.25,5,UPS® Ground
Boise,Taunton,MA,Size S,9.16,5,UPS® Ground
Boise,Texarkana,TX,Size S,8.45,3,UPS® Ground
Boise,Toledo,OH,Size S,8.71,4,UPS® Ground
Boise,Urbana,OH,Size S,8.71,5,UPS® Ground
Boise,Valparaiso,IN,Size S,8.62,4,UPS® Ground
Boise,Waco,TX,Size S,8.45,3,UPS® Ground
Boise,West Lafayette,IN,Size S,8.71,4,UPS® Ground
Boise,Winter Garden,FL,Size S,9.25,5,UPS® Ground
Boise,Winter Haven,FL,Size S,9.25,5,UPS® Ground
Boise,Wylie,TX,Size S,8.45,3,UPS® Ground
Boise,Waldorf,MD,Size S,9.25,4,UPS® Ground
Boise,Wesley Chapel,FL,Size S,9.16,5,UPS® Ground
Boise,West Palm Beach,FL,Size S,9.16,5,UPS® Ground
Boise,Williamsburg,VA,Size S,9.25,5,UPS® Ground
Boise,Woodbridge,VA,Size S,9.25,4,UPS® Ground
Boise,Woodside,CA,Size S,6.84,2,UPS® Ground
Boise,Yorba Linda,CA,Size S,7.45,2,UPS® Ground
Boise,Queens Village,NY,Size S,9.25,5,UPS® Ground
Indianapolis,Brooklyn,NY,Size S,8.36,2,UPS® Ground
Indianapolis,Phoenix,AZ,Size S,8.71,3,UPS® Ground
Indianapolis,Houston,TX,Size S,7.45,3,UPS® Ground
Indianapolis,San Antonio,TX,Size S,8.45,3,UPS® Ground
Indianapolis,Jacksonville,FL,Size S,7.45,2,UPS® Ground
Indianapolis,Chicago,IL,Size S,6.75,1,UPS® Ground
Indianapolis,Dallas,TX,Size S,7.45,2,UPS® Ground
Indianapolis,Wilmington,DE,Size S,6.84,2,UPS® Ground
Indianapolis,Austin,TX,Size S,8.45,2,UPS® Ground
Indianapolis,Canton,OH,Size S,6.75,1,UPS® Ground
Indianapolis,Charlotte,NC,Size S,6.84,2,UPS® Ground
Indianapolis,New York,NY,Size S,7.45,2,UPS® Ground
Indianapolis,Atlanta,GA,Size S,6.84,2,UPS® Ground
Indianapolis,Franklin,TN,Size S,6.84,2,UPS® Ground
Indianapolis,Lexington,KY,Size S,6.75,1,UPS® Ground
Indianapolis,Orlando,FL,Size S,7.45,2,UPS® Ground
Indianapolis,Rochester,NY,Size S,6.84,2,UPS® Ground
Indianapolis,Las Vegas,NV,Size S,8.71,3,UPS® Ground
Indianapolis,Louisville,KY,Size S,6.65,1,UPS® Ground
Indianapolis,Marietta,GA,Size S,7.45,2,UPS® Ground
Indianapolis,Colorado Springs,CO,Size S,7.45,2,UPS® Ground
Indianapolis,Columbus,OH,Size S,6.75,1,UPS® Ground
Indianapolis,Marble Falls,TX,Size S,8.45,2,UPS® Ground
Indianapolis,Tampa,FL,Size S,7.45,2,UPS® Ground
Indianapolis,San Diego,CA,Size S,8.71,3,UPS® Ground
Indianapolis,Columbia,SC,Size S,6.84,2,UPS® Ground
Indianapolis,Greenville,SC,Size S,6.84,2,UPS® Ground
Indianapolis,Lebanon,TN,Size S,6.84,2,UPS® Ground
Indianapolis,Salem,OR,Size S,9.25,3,UPS® Ground
Indianapolis,Cleveland,OH,Size S,6.75,1,UPS® Ground
Indianapolis,Denver,CO,Size S,8.45,2,UPS® Ground
Indianapolis,Omaha,NE,Size S,6.84,2,UPS® Ground
Indianapolis,Portland,OR,Size S,9.25,3,UPS® Ground
Indianapolis,Raleigh,NC,Size S,6.84,2,UPS® Ground
Indianapolis,Richmond,VA,Size S,6.84,2,UPS® Ground
Indianapolis,Jackson,MS,Size S,6.84,2,UPS® Ground
Indianapolis,Albany,NY,Size S,7.45,2,UPS® Ground
Indianapolis,Fort Worth,TX,Size S,7.45,2,UPS® Ground
Indianapolis,Oklahoma City,OK,Size S,7.45,2,UPS® Ground
Indianapolis,Chesapeake,VA,Size S,6.84,2,UPS® Ground
Indianapolis,Miami,FL,Size S,8.45,3,UPS® Ground
Indianapolis,Milford,CT,Size S,7.45,2,UPS® Ground
Indianapolis,Pittsburgh,PA,Size S,6.84,2,UPS® Ground
Indianapolis,San Francisco,CA,Size S,9.25,3,UPS® Ground
Indianapolis,San Jose,CA,Size S,9.25,3,UPS® Ground
Indianapolis,Tucson,AZ,Size S,8.71,3,UPS® Ground
Indianapolis,Virginia Beach,VA,Size S,6.84,2,UPS® Ground
Indianapolis,Albuquerque,NM,Size S,8.45,4,UPS® Ground
Indianapolis,Gilbert,AZ,Size S,8.71,3,UPS® Ground
Indianapolis,Springfield,IL,Size S,6.75,1,UPS® Ground
Indianapolis,Alexandria,VA,Size S,6.84,2,UPS® Ground
Indianapolis,Kansas City,MO,Size S,6.84,2,UPS® Ground
Indianapolis,Knoxville,TN,Size S,6.75,2,UPS® Ground
Indianapolis,Lakewood,CO,Size S,8.45,2,UPS® Ground
Indianapolis,Nashville,TN,Size S,6.75,2,UPS® Ground
Indianapolis,Saint Louis,MO,Size S,6.75,1,UPS® Ground
Indianapolis,Seattle,WA,Size S,9.25,3,UPS® Ground
Indianapolis,Arlington,TX,Size S,7.36,2,UPS® Ground
Indianapolis,Aurora,CO,Size S,7.36,2,UPS® Ground
Indianapolis,Boise,ID,Size S,8.62,3,UPS® Ground
Indianapolis,Indianapolis,IN,Size S,6.26,1,UPS® Ground
Indianapolis,Naples,CO,Size S,8.45,,UPS® Ground
Indianapolis,Reno,NV,Size S,8.62,3,UPS® Ground
Indianapolis,Riverside,CA,Size S,8.62,3,UPS® Ground
Indianapolis,Bismarck,ND,Size S,7.36,3,UPS® Ground
Indianapolis,Fresno,TX,Size S,7.45,3,UPS® Ground
Indianapolis,Lincoln,RI,Size S,7.36,2,UPS® Ground
Indianapolis,Los Angeles,CA,Size S,9.16,3,UPS® Ground
Indianapolis,Mansfield,MA,Size S,7.45,3,UPS® Ground
Indianapolis,Milwaukee,WI,Size S,6.75,2,UPS® Ground
Indianapolis,Madison,IN,Size S,6.26,1,UPS® Ground
Indianapolis,Mesa,AZ,Size S,8.71,3,UPS® Ground
Indianapolis,Monroe,NC,Size S,6.67,2,UPS® Ground
Indianapolis,Philadelphia,PA,Size S,7.36,2,UPS® Ground
Indianapolis,Staten Island,NY,Size S,7.36,2,UPS® Ground
Indianapolis,Washington,DC,Size S,6.67,2,UPS® Ground
Indianapolis,Baltimore,MD,Size S,6.67,2,UPS® Ground
Indianapolis,Decatur,IL,Size S,6.58,1,UPS® Ground
Indianapolis,Durham,NC,Size S,6.67,2,UPS® Ground
Indianapolis,Fayetteville,AR,Size S,6.67,2,UPS® Ground
Indianapolis,Glendale,AZ,Size S,8.62,3,UPS® Ground
Indianapolis,Midland,GA,Size S,6.84,2,UPS® Ground
Indianapolis,Scottsdale,AZ,Size S,8.62,3,UPS® Ground
Indianapolis,Woodstock,GA,Size S,6.67,2,UPS® Ground
Indianapolis,Chandler,AZ,Size S,8.62,3,UPS® Ground
Indianapolis,Cincinnati,OH,Size S,6.26,1,UPS® Ground
Indianapolis,Covington,LA,Size S,7.36,2,UPS® Ground
Indianapolis,Fort Myers,FL,Size S,7.36,3,UPS® Ground
Indianapolis,Greensboro,NC,Size S,6.67,2,UPS® Ground
Indianapolis,Henderson,TX,Size S,7.45,2,UPS® Ground
Indianapolis,Hamilton,MI,Size S,6.75,2,UPS® Ground
Indianapolis,Lewisburg,PA,Size S,6.84,2,UPS® Ground
Indianapolis,Littleton,CO,Size S,7.36,2,UPS® Ground
Indianapolis,Mount Pleasant,SC,Size S,6.67,2,UPS® Ground
Indianapolis,Pasadena,MD,Size S,6.67,2,UPS® Ground
Indianapolis,Plano,TX,Size S,8.36,2,UPS® Ground
Indianapolis,Sanford,NC,Size S,6.67,2,UPS® Ground
Indianapolis,Wayne,ME,Size S,7.45,3,UPS® Ground
Indianapolis,Ashland,PA,Size S,6.84,2,UPS® Ground
Indianapolis,Burlington,WI,Size S,6.58,2,UPS® Ground
Indianapolis,Centerville,IA,Size S,6.75,2,UPS® Ground
Indianapolis,Clayton,NC,Size S,6.67,2,UPS® Ground
Indianapolis,Encinitas,CA,Size S,8.62,4,UPS® Ground
Indianapolis,Fort Collins,CO,Size S,8.36,2,UPS® Ground
Indianapolis,Golden,CO,Size S,8.36,2,UPS® Ground
Indianapolis,Hudson,NC,Size S,6.67,2,UPS® Ground
Indianapolis,Katy,TX,Size S,7.36,3,UPS® Ground
Indianapolis,Lancaster,SC,Size S,6.67,2,UPS® Ground
Indianapolis,Newark,NJ,Size S,7.36,2,UPS® Ground
Indianapolis,Parker,CO,Size S,7.36,2,UPS® Ground
Indianapolis,Plymouth,MA,Size S,7.36,3,UPS® Ground
Indianapolis,Rancho Cucamonga,CA,Size S,9.16,3,UPS® Ground
Indianapolis,Rockville,MD,Size S,6.67,2,UPS® Ground
Indianapolis,Sacramento,CA,Size S,9.25,3,UPS® Ground
Indianapolis,Tallahassee,FL,Size S,7.36,2,UPS® Ground
Indianapolis,The Villages,FL,Size S,7.36,2,UPS® Ground
Indianapolis,Westfield,IN,Size S,6.26,1,UPS® Ground
Indianapolis,Waterloo,IA,Size S,6.58,2,UPS® Ground
Indianapolis,West Chester,PA,Size S,6.67,2,UPS® Ground
Indianapolis,Bend,OR,Size S,8.62,4,UPS® Ground
Indianapolis,Amarillo,TX,Size S,7.45,3,UPS® Ground
Indianapolis,Auburn,MA,Size S,7.36,3,UPS® Ground
Indianapolis,Bakersfield,CA,Size S,9.16,4,UPS® Ground
Indianapolis,Boca Raton,FL,Size S,8.36,3,UPS® Ground
Indianapolis,Benton,LA,Size S,6.84,2,UPS® Ground
Indianapolis,Bradenton,FL,Size S,7.36,3,UPS® Ground
Indianapolis,Dayton,OH,Size S,6.26,1,UPS® Ground
Indianapolis,Duluth,MN,Size S,6.84,2,UPS® Ground
Indianapolis,Englewood,CO,Size S,7.36,2,UPS® Ground
Indianapolis,Fort Wayne,IN,Size S,6.26,1,UPS® Ground
Indianapolis,Frederick,MD,Size S,6.67,2,UPS® Ground
Indianapolis,Fredericksburg,VA,Size S,6.67,2,UPS® Ground
Indianapolis,Gainesville,FL,Size S,7.36,2,UPS® Ground
Indianapolis,Grand Rapids,MI,Size S,6.58,2,UPS® Ground
Indianapolis,Green Bay,WI,Size S,6.67,2,UPS® Ground
Indianapolis,Morgantown,WV,Size S,6.67,2,UPS® Ground
Indianapolis,Pensacola,FL,Size S,7.36,2,UPS® Ground
Indianapolis,Princeton,MA,Size S,7.36,3,UPS® Ground
Indianapolis,Peoria,AZ,Size S,8.62,3,UPS® Ground
Indianapolis,Saint Paul,MN,Size S,6.67,2,UPS® Ground
Indianapolis,Savannah,GA,Size S,7.36,2,UPS® Ground
Indianapolis,Seaford,NY,Size S,7.45,2,UPS® Ground
Indianapolis,Seymour,IN,Size S,6.26,1,UPS® Ground
Indianapolis,Spokane,WA,Size S,8.62,4,UPS® Ground
Indianapolis,Windsor,CO,Size S,8.36,2,UPS® Ground
Indianapolis,Winston-Salem,NC,Size S,6.67,2,UPS® Ground
Indianapolis,Worcester,MA,Size S,7.36,3,UPS® Ground
Indianapolis,York,PA,Size S,6.67,2,UPS® Ground
Indianapolis,Antioch,TN,Size S,6.84,2,UPS® Ground
Indianapolis,Athens,GA,Size S,6.67,2,UPS® Ground
Indianapolis,Corona,CA,Size S,9.16,3,UPS® Ground
Indianapolis,Fairfield,CA,Size S,9.16,3,UPS® Ground
Indianapolis,Germantown,MD,Size S,6.84,2,UPS® Ground
Indianapolis,Hillsboro,OR,Size S,9.16,3,UPS® Ground
Indianapolis,Hope Mills,NC,Size S,6.84,2,UPS® Ground
Indianapolis,Hendersonville,NC,Size S,6.67,2,UPS® Ground
Indianapolis,Holly Springs,MS,Size S,6.67,2,UPS® Ground
Indianapolis,Homer,AK,Size S,30.87,3,UPS® Ground
Indianapolis,Laurel,MD,Size S,6.67,2,UPS® Ground
Indianapolis,Long Beach,CA,Size S,9.16,3,UPS® Ground
Indianapolis,Manteca,CA,Size S,9.16,3,UPS® Ground
Indianapolis,Maryville,TN,Size S,6.58,2,UPS® Ground
Indianapolis,Magnolia,MS,Size S,7.45,2,UPS® Ground
Indianapolis,Memphis,TN,Size S,6.67,2,UPS® Ground
Indianapolis,Milton,MA,Size S,7.36,3,UPS® Ground
Indianapolis,Montgomery,TX,Size S,7.36,3,UPS® Ground
Indianapolis,Myrtle Beach,SC,Size S,6.84,2,UPS® Ground
Indianapolis,New Market,AL,Size S,6.84,2,UPS® Ground
Indianapolis,Ocala,FL,Size S,7.36,2,UPS® Ground
Indianapolis,Olathe,KS,Size S,6.67,2,UPS® Ground
Indianapolis,Oxford,MI,Size S,6.58,2,UPS® Ground
Indianapolis,Palm Beach Gardens,FL,Size S,8.36,3,UPS® Ground
Indianapolis,Roseville,CA,Size S,9.16,3,UPS® Ground
Indianapolis,Roswell,GA,Size S,7.36,2,UPS® Ground
Indianapolis,Rockwall,TX,Size S,8.36,2,UPS® Ground
Indianapolis,Spring,TX,Size S,7.45,3,UPS® Ground
Indianapolis,Salisbury,MA,Size S,7.36,3,UPS® Ground
Indianapolis,Santa Rosa,CA,Size S,9.16,3,UPS® Ground
Indianapolis,Sarasota,FL,Size S,7.36,3,UPS® Ground
Indianapolis,Vancouver,WA,Size S,9.16,3,UPS® Ground
Indianapolis,Westminster,MD,Size S,6.67,2,UPS® Ground
Indianapolis,Canton,GA,Size S,6.84,2,UPS® Ground
Indianapolis,Columbia,MO,Size S,6.67,2,UPS® Ground
Indianapolis,Naples,FL,Size S,7.36,3,UPS® Ground
Indianapolis,Fresno,CA,Size S,9.16,3,UPS® Ground
Indianapolis,Cleveland,TN,Size S,6.84,2,UPS® Ground
Indianapolis,Henderson,NV,Size S,8.62,3,UPS® Ground
Indianapolis,Lincoln,NE,Size S,6.67,2,UPS® Ground
Indianapolis,Wilmington,NC,Size S,6.84,2,UPS® Ground
Indianapolis,Arvada,CO,Size S,7.45,2,UPS® Ground
Indianapolis,Anchorage,AK,Size S,30.87,3,UPS® Ground
Indianapolis,Birmingham,AL,Size S,6.84,2,UPS® Ground
Indianapolis,Bozeman,MT,Size S,8.45,3,UPS® Ground
Indianapolis,Conroe,TX,Size S,7.45,3,UPS® Ground
Indianapolis,Carmel Valley,CA,Size S,8.71,3,UPS® Ground
Indianapolis,Castle Rock,CO,Size S,7.45,2,UPS® Ground
Indianapolis,Cedar Rapids,IA,Size S,6.84,2,UPS® Ground
Indianapolis,Cooperstown,NY,Size S,7.36,2,UPS® Ground
Indianapolis,Deland,FL,Size S,7.36,2,UPS® Ground
Indianapolis,Fort Mill,SC,Size S,6.84,2,UPS® Ground
Indianapolis,Fargo,ND,Size S,7.45,2,UPS® Ground
Indianapolis,Glen Allen,VA,Size S,6.84,2,UPS® Ground
Indianapolis,Grand Junction,CO,Size S,8.45,3,UPS® Ground
Indianapolis,Highlands Ranch,CO,Size S,7.45,2,UPS® Ground
Indianapolis,Joliet,IL,Size S,6.65,1,UPS® Ground
Indianapolis,Kerrville,TX,Size S,8.45,3,UPS® Ground
Indianapolis,Longmont,CO,Size S,8.45,2,UPS® Ground
Indianapolis,Minneapolis,MN,Size S,7.36,2,UPS® Ground
Indianapolis,Naperville,IL,Size S,6.75,1,UPS® Ground
Indianapolis,Neosho,MO,Size S,6.84,2,UPS® Ground
Indianapolis,Puyallup,WA,Size S,9.25,3,UPS® Ground
Indianapolis,Queen Creek,AZ,Size S,8.71,3,UPS® Ground
Indianapolis,Saline,MI,Size S,6.75,2,UPS® Ground
Indianapolis,Sevierville,TN,Size S,6.75,2,UPS® Ground
Indianapolis,Sterling Heights,MI,Size S,6.75,2,UPS® Ground
Indianapolis,Thornton,CO,Size S,8.45,2,UPS® Ground
Indianapolis,Ventura,CA,Size S,9.16,3,UPS® Ground
Indianapolis,Wilmington,MA,Size S,7.45,3,UPS® Ground
Indianapolis,Clermont,FL,Size S,7.45,2,UPS® Ground
Indianapolis,Abilene,TX,Size S,7.36,2,UPS® Ground
Indianapolis,Brick,NJ,Size S,7.36,2,UPS® Ground
Indianapolis,Bentonville,AR,Size S,6.67,2,UPS® Ground
Indianapolis,Bogart,GA,Size S,6.84,2,UPS® Ground
Indianapolis,Boston,MA,Size S,7.45,3,UPS® Ground
Indianapolis,Buffalo,NY,Size S,6.67,2,UPS® Ground
Indianapolis,Cary,NC,Size S,6.84,2,UPS® Ground
Indianapolis,Dallas,GA,Size S,6.84,2,UPS® Ground
Indianapolis,Doylestown,PA,Size S,6.67,2,UPS® Ground
Indianapolis,Eugene,OR,Size S,9.16,3,UPS® Ground
Indianapolis,Edmond,OK,Size S,7.36,2,UPS® Ground
Indianapolis,Forney,TX,Size S,7.45,2,UPS® Ground
Indianapolis,Fuquay Varina,NC,Size S,6.67,2,UPS® Ground
Indianapolis,Glendora,CA,Size S,9.25,4,UPS® Ground
Indianapolis,Henrico,VA,Size S,6.67,2,UPS® Ground
Indianapolis,Hockessin,DE,Size S,6.84,2,UPS® Ground
Indianapolis,Holly Springs,NC,Size S,6.84,2,UPS® Ground
Indianapolis,Irvine,CA,Size S,9.25,3,UPS® Ground
Indianapolis,Lakeland,FL,Size S,7.36,2,UPS® Ground
Indianapolis,Lawrence,KS,Size S,6.67,2,UPS® Ground
Indianapolis,League City,TX,Size S,7.36,3,UPS® Ground
Indianapolis,Mansfield,TX,Size S,7.36,2,UPS® Ground
Indianapolis,Madison,WI,Size S,6.67,2,UPS® Ground
Indianapolis,McKinney,TX,Size S,8.45,2,UPS® Ground
Indianapolis,Mentor,OH,Size S,6.67,1,UPS® Ground
Indianapolis,Mount Airy,MD,Size S,6.84,2,UPS® Ground
Indianapolis,Norfolk,VA,Size S,6.84,2,UPS® Ground
Indianapolis,Nampa,ID,Size S,8.71,3,UPS® Ground
Indianapolis,Noblesville,IN,Size S,6.65,1,UPS® Ground
Indianapolis,Orland Park,IL,Size S,6.65,1,UPS® Ground
Indianapolis,Palm Harbor,FL,Size S,7.45,2,UPS® Ground
Indianapolis,Petaluma,CA,Size S,9.25,3,UPS® Ground
Indianapolis,Placentia,CA,Size S,9.25,3,UPS® Ground
Indianapolis,Prescott,AZ,Size S,8.71,4,UPS® Ground
Indianapolis,Richardson,TX,Size S,8.45,2,UPS® Ground
Indianapolis,Roanoke,VA,Size S,6.84,2,UPS® Ground
Indianapolis,Richmond,TX,Size S,7.45,3,UPS® Ground
Indianapolis,Sanford,ME,Size S,7.45,3,UPS® Ground
Indianapolis,Seminole,FL,Size S,7.36,2,UPS® Ground
Indianapolis,Sheridan,WY,Size S,8.45,3,UPS® Ground
Indianapolis,Sparks,NV,Size S,8.71,3,UPS® Ground
Indianapolis,Traverse City,MI,Size S,6.84,2,UPS® Ground
Indianapolis,Tulsa,OK,Size S,7.45,2,UPS® Ground
Indianapolis,Wake Forest,NC,Size S,6.84,2,UPS® Ground
Indianapolis,Waterloo,SC,Size S,6.84,2,UPS® Ground
Indianapolis,Waukesha,WI,Size S,6.75,2,UPS® Ground
Indianapolis,Wichita,KS,Size S,7.45,2,UPS® Ground
Indianapolis,Winnsboro,TX,Size S,7.45,2,UPS® Ground
Indianapolis,Woodbury,MN,Size S,6.84,2,UPS® Ground
Indianapolis,Cumming,GA,Size S,7.36,2,UPS® Ground
Indianapolis,Muskegon,MI,Size S,6.75,2,UPS® Ground
Indianapolis,Akron,OH,Size S,6.58,1,UPS® Ground
Indianapolis,Albany,OR,Size S,9.25,3,UPS® Ground
Indianapolis,Alpharetta,GA,Size S,7.45,2,UPS® Ground
Indianapolis,Asheville,NC,Size S,6.67,2,UPS® Ground
Indianapolis,Bixby,OK,Size S,7.45,2,UPS® Ground
Indianapolis,Boulder,CO,Size S,8.36,2,UPS® Ground
Indianapolis,Bethlehem,PA,Size S,7.45,2,UPS® Ground
Indianapolis,Brenham,TX,Size S,7.45,2,UPS® Ground
Indianapolis,Broken Bow,OK,Size S,7.45,2,UPS® Ground
Indianapolis,Cape Coral,FL,Size S,7.45,3,UPS® Ground
Indianapolis,Chula Vista,CA,Size S,8.62,3,UPS® Ground
Indianapolis,Crawfordville,FL,Size S,7.45,2,UPS® Ground
Indianapolis,Cypress,TX,Size S,7.45,3,UPS® Ground
Indianapolis,Clearwater,FL,Size S,7.45,2,UPS® Ground
Indianapolis,Columbiana,AL,Size S,6.84,2,UPS® Ground
Indianapolis,Columbus,GA,Size S,6.84,2,UPS® Ground
Indianapolis,Commack,NY,Size S,7.45,2,UPS® Ground
Indianapolis,Dublin,CA,Size S,9.25,3,UPS® Ground
Indianapolis,Decatur,GA,Size S,7.45,2,UPS® Ground
Indianapolis,Deltona,FL,Size S,7.45,2,UPS® Ground
Indianapolis,Derry,NH,Size S,7.45,3,UPS® Ground
Indianapolis,Douglassville,PA,Size S,6.84,2,UPS® Ground
Indianapolis,Easton,PA,Size S,7.45,2,UPS® Ground
Indianapolis,El Paso,TX,Size S,8.45,3,UPS® Ground
Indianapolis,Escondido,CA,Size S,8.71,4,UPS® Ground
Indianapolis,Fairport,NY,Size S,6.84,2,UPS® Ground
Indianapolis,Flemington,NJ,Size S,7.45,2,UPS® Ground
Indianapolis,Florence,SC,Size S,6.84,2,UPS® Ground
Indianapolis,Fort Lauderdale,FL,Size S,8.45,3,UPS® Ground
Indianapolis,Frisco,TX,Size S,8.36,2,UPS® Ground
Indianapolis,Goodyear,AZ,Size S,8.71,3,UPS® Ground
Indianapolis,Gays Mills,WI,Size S,6.84,3,UPS® Ground
Indianapolis,Grafton,WI,Size S,6.58,2,UPS® Ground
Indianapolis,Green Cove Springs,FL,Size S,7.45,2,UPS® Ground
Indianapolis,Greensburg,PA,Size S,6.84,2,UPS® Ground
Indianapolis,Honolulu,HI,Size S,30.87,5,UPS® Ground
Indianapolis,Humble,TX,Size S,7.45,3,UPS® Ground
Indianapolis,Huntington,NY,Size S,7.45,2,UPS® Ground
Indianapolis,Idaho Falls,ID,Size S,8.45,3,UPS® Ground
Indianapolis,Jackson,TN,Size S,6.84,2,UPS® Ground
Indianapolis,Jacksonville,NC,Size S,6.84,2,UPS® Ground
Indianapolis,Jenkintown,PA,Size S,7.45,2,UPS® Ground
Indianapolis,Johnson City,TN,Size S,6.84,2,UPS® Ground
Indianapolis,Kingwood,TX,Size S,7.45,3,UPS® Ground
Indianapolis,Lansing,MI,Size S,6.75,2,UPS® Ground
Indianapolis,Lapeer,MI,Size S,6.84,2,UPS® Ground
Indianapolis,Lawrenceville,GA,Size S,7.45,2,UPS® Ground
Indianapolis,Lexington,NC,Size S,6.84,2,UPS® Ground
Indianapolis,Lubbock,TX,Size S,7.45,3,UPS® Ground
Indianapolis,Medina,OH,Size S,6.84,1,UPS® Ground
Indianapolis,Macomb,MI,Size S,6.84,2,UPS® Ground
Indianapolis,Magnolia,TX,Size S,7.45,3,UPS® Ground
Indianapolis,Martinsburg,WV,Size S,6.84,2,UPS® Ground
Indianapolis,Meridian,ID,Size S,8.71,3,UPS® Ground
Indianapolis,Mobile,AL,Size S,7.36,2,UPS® Ground
Indianapolis,Morrison,CO,Size S,8.45,2,UPS® Ground
Indianapolis,Napa,CA,Size S,9.25,3,UPS® Ground
Indianapolis,New Braunfels,TX,Size S,7.45,3,UPS® Ground
Indianapolis,New Lenox,IL,Size S,6.65,1,UPS® Ground
Indianapolis,New Orleans,LA,Size S,7.45,2,UPS® Ground
Indianapolis,Newark,DE,Size S,6.84,2,UPS® Ground
Indianapolis,Oakland,CA,Size S,9.16,3,UPS® Ground
Indianapolis,Owasso,OK,Size S,7.45,2,UPS® Ground
Indianapolis,Overland Park,KS,Size S,6.84,2,UPS® Ground
Indianapolis,Panama City,FL,Size S,7.45,2,UPS® Ground
Indianapolis,Panama City Beach,FL,Size S,7.36,2,UPS® Ground
Indianapolis,Patchogue,NY,Size S,7.45,2,UPS® Ground
Indianapolis,Port Clinton,OH,Size S,6.75,1,UPS® Ground
Indianapolis,Paducah,KY,Size S,6.75,2,UPS® Ground
Indianapolis,Palmetto,FL,Size S,7.45,3,UPS® Ground
Indianapolis,Pearland,TX,Size S,7.36,3,UPS® Ground
Indianapolis,Pella,IA,Size S,6.84,2,UPS® Ground
Indianapolis,Pittsford,NY,Size S,6.84,2,UPS® Ground
Indianapolis,Port Orange,FL,Size S,7.45,2,UPS® Ground
Indianapolis,Ravenna,OH,Size S,6.84,1,UPS® Ground
Indianapolis,Roaming Shores,OH,Size S,6.84,1,UPS® Ground
Indianapolis,Richmond Hill,GA,Size S,7.45,2,UPS® Ground
Indianapolis,Riverview,FL,Size S,7.45,2,UPS® Ground
Indianapolis,Rochester,MN,Size S,6.84,2,UPS® Ground
Indianapolis,Round Rock,TX,Size S,8.45,2,UPS® Ground
Indianapolis,Saint Petersburg,FL,Size S,7.36,2,UPS® Ground
Indianapolis,San Leandro,CA,Size S,9.25,3,UPS® Ground
Indianapolis,Southington,CT,Size S,7.45,2,UPS® Ground
Indianapolis,Spartanburg,SC,Size S,6.84,2,UPS® Ground
Indianapolis,Surprise,AZ,Size S,8.62,3,UPS® Ground
Indianapolis,Santa Barbara,CA,Size S,9.16,3,UPS® Ground
Indianapolis,Shelton,CT,Size S,7.45,2,UPS® Ground
Indianapolis,Spring Branch,TX,Size S,8.45,3,UPS® Ground
Indianapolis,St. Louis,MO,Size S,6.75,1,UPS® Ground
Indianapolis,Stroudsburg,PA,Size S,6.67,2,UPS® Ground
Indianapolis,Sunapee,NH,Size S,7.45,3,UPS® Ground
Indianapolis,Swedesboro,NJ,Size S,7.45,2,UPS® Ground
Indianapolis,Syracuse,NY,Size S,6.84,2,UPS® Ground
Indianapolis,Tomball,TX,Size S,7.45,3,UPS® Ground
Indianapolis,Topeka,KS,Size S,6.84,2,UPS® Ground
Indianapolis,Tuscaloosa,AL,Size S,6.84,2,UPS® Ground
Indianapolis,Terre Haute,IN,Size S,6.65,1,UPS® Ground
Indianapolis,Tinley Park,IL,Size S,6.65,1,UPS® Ground
Indianapolis,Toms River,NJ,Size S,7.45,2,UPS® Ground
Indianapolis,Tulare,CA,Size S,9.25,4,UPS® Ground
Indianapolis,Vienna,VA,Size S,6.84,2,UPS® Ground
Indianapolis,Walnut Creek,CA,Size S,9.25,3,UPS® Ground
Indianapolis,Wayne,NJ,Size S,7.36,2,UPS® Ground
Indianapolis,Waynesboro,VA,Size S,6.84,2,UPS® Ground
Indianapolis,West Sacramento,CA,Size S,9.25,3,UPS® Ground
Indianapolis,Yuba City,CA,Size S,9.25,3,UPS® Ground
Indianapolis,Zachary,LA,Size S,7.36,2,UPS® Ground
Indianapolis,Buford,GA,Size S,6.84,2,UPS® Ground
Indianapolis,Modesto,CA,Size S,9.25,3,UPS® Ground
Indianapolis,Winter Park,FL,Size S,7.45,2,UPS® Ground
Indianapolis,Antioch,IL,Size S,6.75,1,UPS® Ground
Indianapolis,Algonquin,IL,Size S,6.75,1,UPS® Ground
Indianapolis,Allen,TX,Size S,8.45,2,UPS® Ground
Indianapolis,Ames,IA,Size S,6.84,2,UPS® Ground
Indianapolis,Anaheim,CA,Size S,9.25,3,UPS® Ground
Indianapolis,Aptos,CA,Size S,9.25,3,UPS® Ground
Indianapolis,Astoria,NY,Size S,7.45,2,UPS® Ground
Indianapolis,Bloomington,IN,Size S,6.65,1,UPS® Ground
Indianapolis,Bremerton,WA,Size S,9.25,3,UPS® Ground
Indianapolis,Brunswick,OH,Size S,6.84,1,UPS® Ground
Indianapolis,Burke,VA,Size S,6.84,2,UPS® Ground
Indianapolis,Bedford,IN,Size S,6.65,1,UPS® Ground
Indianapolis,Benton,LA,Size S,6.84,2,UPS® Ground
Indianapolis,Billings,MT,Size S,8.45,4,UPS® Ground
Indianapolis,Birdsboro,PA,Size S,6.84,2,UPS® Ground
Indianapolis,Bothell,WA,Size S,9.25,3,UPS® Ground
Indianapolis,Bowie,MD,Size S,6.84,2,UPS® Ground
Indianapolis,Brentwood,TN,Size S,6.67,2,UPS® Ground
Indianapolis,Bronx,NY,Size S,7.45,2,UPS® Ground
Indianapolis,Brookfield,WI,Size S,6.75,2,UPS® Ground
Indianapolis,Canton,OH,Size S,6.75,1,UPS® Ground
Indianapolis,Celina,TX,Size S,8.45,2,UPS® Ground
Indianapolis,Chapel Hill,NC,Size S,6.84,2,UPS® Ground
Indianapolis,Claremore,OK,Size S,7.45,2,UPS® Ground
Indianapolis,Clovis,CA,Size S,9.25,3,UPS® Ground
Indianapolis,Cocoa,FL,Size S,7.36,2,UPS® Ground
Indianapolis,Callahan,FL,Size S,7.45,2,UPS® Ground
Indianapolis,Carmel,IN,Size S,6.65,1,UPS® Ground
Indianapolis,Cedar Park,TX,Size S,8.45,2,UPS® Ground
Indianapolis,Centennial,CO,Size S,7.45,2,UPS® Ground
Indianapolis,Centerville,MA,Size S,7.45,3,UPS® Ground
Indianapolis,Charleston,SC,Size S,6.84,2,UPS® Ground
Indianapolis,Charlottesville,VA,Size S,6.67,2,UPS® Ground
Indianapolis,Clarkesville,GA,Size S,6.84,2,UPS® Ground
Indianapolis,Clayton,NC,Size S,6.84,2,UPS® Ground
Indianapolis,Clifton,NJ,Size S,7.45,2,UPS® Ground
Indianapolis,Collinsville,OK,Size S,7.45,2,UPS® Ground
Indianapolis,Columbia,TN,Size S,6.84,2,UPS® Ground
Indianapolis,Concord,NC,Size S,6.67,2,UPS® Ground
Indianapolis,Cookeville,TN,Size S,6.75,2,UPS® Ground
Indianapolis,Corpus Christi,TX,Size S,8.45,3,UPS® Ground
Indianapolis,Corrales,NM,Size S,8.45,4,UPS® Ground
Indianapolis,Corydon,IN,Size S,6.65,1,UPS® Ground
Indianapolis,Cranston,RI,Size S,7.45,2,UPS® Ground
Indianapolis,Dekalb,IL,Size S,6.75,1,UPS® Ground
Indianapolis,Delaware,OH,Size S,6.75,1,UPS® Ground
Indianapolis,Delmar,NY,Size S,7.45,2,UPS® Ground
Indianapolis,Des Moines,IA,Size S,6.67,2,UPS® Ground
Indianapolis,Dickson,TN,Size S,6.84,2,UPS® Ground
Indianapolis,Downers Grove,IL,Size S,6.75,1,UPS® Ground
Indianapolis,Dripping Springs,TX,Size S,8.45,2,UPS® Ground
Indianapolis,Eustis,FL,Size S,7.45,2,UPS® Ground
Indianapolis,East Hampton,NY,Size S,7.45,2,UPS® Ground
Indianapolis,Fenton,MO,Size S,6.84,1,UPS® Ground
Indianapolis,Fayetteville,AR,Size S,6.67,2,UPS® Ground
Indianapolis,Flower Mound,TX,Size S,8.45,2,UPS® Ground
Indianapolis,Franklin,OH,Size S,6.65,1,UPS® Ground
Indianapolis,Friendswood,TX,Size S,7.45,3,UPS® Ground
Indianapolis,Gainesville,FL,Size S,7.45,2,UPS® Ground
Indianapolis,Gainesville,GA,Size S,6.84,2,UPS® Ground
Indianapolis,Glendale,CA,Size S,9.25,3,UPS® Ground
Indianapolis,Greenville,SC,Size S,6.84,2,UPS® Ground
Indianapolis,Greenville,MI,Size S,6.75,2,UPS® Ground
Indianapolis,Gaithersburg,MD,Size S,6.84,2,UPS® Ground
Indianapolis,Garner,NC,Size S,6.67,2,UPS® Ground
Indianapolis,Gastonia,NC,Size S,6.84,2,UPS® Ground
Indianapolis,Granada Hills,CA,Size S,9.25,3,UPS® Ground
Indianapolis,Granbury,TX,Size S,7.45,2,UPS® Ground
Indianapolis,Griffin,GA,Size S,6.84,2,UPS® Ground
Indianapolis,Harpers Ferry,WV,Size S,6.84,2,UPS® Ground
Indianapolis,Haverhill,MA,Size S,7.45,3,UPS® Ground
Indianapolis,Hayward,CA,Size S,9.25,3,UPS® Ground
Indianapolis,Herriman,UT,Size S,8.45,3,UPS® Ground
Indianapolis,Hillsboro,OR,Size S,9.25,3,UPS® Ground
Indianapolis,Hoboken,NJ,Size S,7.45,2,UPS® Ground
Indianapolis,Huntley,IL,Size S,6.75,1,UPS® Ground
Indianapolis,Hagerstown,MD,Size S,6.84,2,UPS® Ground
Indianapolis,Hamilton,OH,Size S,6.26,1,UPS® Ground
Indianapolis,Harrisburg,PA,Size S,6.84,2,UPS® Ground
Indianapolis,Hendersonville,NC,Size S,6.84,2,UPS® Ground
Indianapolis,Hendersonville,TN,Size S,6.84,2,UPS® Ground
Indianapolis,Holland,MI,Size S,6.75,2,UPS® Ground
Indianapolis,Indian Trail,NC,Size S,6.84,2,UPS® Ground
Indianapolis,Jersey City,NJ,Size S,7.45,2,UPS® Ground
Indianapolis,Johnstown,PA,Size S,6.84,2,UPS® Ground
Indianapolis,Kalamazoo,MI,Size S,6.75,2,UPS® Ground
Indianapolis,Keatchie,LA,Size S,6.84,2,UPS® Ground
Indianapolis,Kennewick,WA,Size S,8.62,3,UPS® Ground
Indianapolis,Kingsport,TN,Size S,6.84,2,UPS® Ground
Indianapolis,Lake Elsinore,CA,Size S,8.71,3,UPS® Ground
Indianapolis,Lebanon,OH,Size S,6.65,1,UPS® Ground
Indianapolis,Little Rock,AR,Size S,6.67,2,UPS® Ground
Indianapolis,Livonia,MI,Size S,6.75,2,UPS® Ground
Indianapolis,Los Alamos,NM,Size S,8.45,4,UPS® Ground
Indianapolis,Loveland,CO,Size S,8.45,2,UPS® Ground
Indianapolis,La Mesa,CA,Size S,8.71,3,UPS® Ground
Indianapolis,La Quinta,CA,Size S,8.71,4,UPS® Ground
Indianapolis,Lake Oswego,OR,Size S,9.16,3,UPS® Ground
Indianapolis,Lake Saint Louis,MO,Size S,6.84,1,UPS® Ground
Indianapolis,Lake in the Hills,IL,Size S,6.75,1,UPS® Ground
Indianapolis,Lakeway,TX,Size S,8.36,2,UPS® Ground
Indianapolis,Lancaster,NY,Size S,6.67,2,UPS® Ground
Indianapolis,Leander,TX,Size S,8.45,2,UPS® Ground
Indianapolis,Lees Summit,MO,Size S,6.84,2,UPS® Ground
Indianapolis,Lenoir,NC,Size S,6.84,2,UPS® Ground
Indianapolis,Lewis Center,OH,Size S,6.75,1,UPS® Ground
Indianapolis,Lexington,IN,Size S,6.65,1,UPS® Ground
Indianapolis,Lodi,CA,Size S,9.25,3,UPS® Ground
Indianapolis,Lynden,WA,Size S,9.25,3,UPS® Ground
Indianapolis,Methuen,MA,Size S,7.45,3,UPS® Ground
Indianapolis,Milford,CT,Size S,7.45,2,UPS® Ground
Indianapolis,Mineola,TX,Size S,7.45,2,UPS® Ground
Indianapolis,Missoula,MT,Size S,8.62,4,UPS® Ground
Indianapolis,Mansfield,OH,Size S,6.75,1,UPS® Ground
Indianapolis,McDonough,GA,Size S,6.84,2,UPS® Ground
Indianapolis,Merritt Island,FL,Size S,7.45,2,UPS® Ground
Indianapolis,Midlothian,VA,Size S,6.84,2,UPS® Ground
Indianapolis,Millington,TN,Size S,6.84,2,UPS® Ground
Indianapolis,Milton,FL,Size S,7.45,2,UPS® Ground
Indianapolis,Moab,UT,Size S,8.36,4,UPS® Ground
Indianapolis,Monroe,NC,Size S,6.67,2,UPS® Ground
Indianapolis,Mooresville,IN,Size S,6.65,1,UPS® Ground
Indianapolis,Morganton,NC,Size S,6.67,2,UPS® Ground
Indianapolis,Murfreesboro,TN,Size S,6.75,2,UPS® Ground
Indianapolis,Newburgh,NY,Size S,7.45,3,UPS® Ground
Indianapolis,Navarre,FL,Size S,7.45,2,UPS® Ground
Indianapolis,New Market,AL,Size S,6.84,2,UPS® Ground
Indianapolis,Newnan,GA,Size S,6.84,2,UPS® Ground
Indianapolis,Norman,OK,Size S,7.45,2,UPS® Ground
Indianapolis,Novi,MI,Size S,6.75,2,UPS® Ground
Indianapolis,Ormond Beach,FL,Size S,7.45,2,UPS® Ground
Indianapolis,Owensboro,KY,Size S,6.58,1,UPS® Ground
Indianapolis,Oconto,WI,Size S,6.84,2,UPS® Ground
Indianapolis,Old Bridge,NJ,Size S,7.45,2,UPS® Ground
Indianapolis,Olympia,WA,Size S,9.16,3,UPS® Ground
Indianapolis,Oregon City,OR,Size S,9.25,3,UPS® Ground
Indianapolis,Oxford,MI,Size S,6.75,2,UPS® Ground
Indianapolis,Peachtree City,GA,Size S,6.84,2,UPS® Ground
Indianapolis,Pleasanton,CA,Size S,9.16,3,UPS® Ground
Indianapolis,Poughkeepsie,NY,Size S,7.45,3,UPS® Ground
Indianapolis,Pagosa Springs,CO,Size S,8.45,3,UPS® Ground
Indianapolis,Pasadena,CA,Size S,8.62,3,UPS® Ground
Indianapolis,Pasadena,TX,Size S,7.45,3,UPS® Ground
Indianapolis,Pasco,WA,Size S,8.62,3,UPS® Ground
Indianapolis,Pawtucket,RI,Size S,7.45,2,UPS® Ground
Indianapolis,Pembroke,MA,Size S,7.45,3,UPS® Ground
Indianapolis,Perrysburg,OH,Size S,6.75,1,UPS® Ground
Indianapolis,Plant City,FL,Size S,7.45,2,UPS® Ground
Indianapolis,Port Orchard,WA,Size S,9.25,3,UPS® Ground
Indianapolis,Prescott Valley,AZ,Size S,8.62,4,UPS® Ground
Indianapolis,Princeton,NJ,Size S,6.67,2,UPS® Ground
Indianapolis,Quincy,MA,Size S,7.45,3,UPS® Ground
Indianapolis,Redwood City,CA,Size S,9.25,3,UPS® Ground
Indianapolis,Rohnert Park,CA,Size S,9.25,3,UPS® Ground
Indianapolis,Rigby,ID,Size S,8.45,5,UPS® Ground
Indianapolis,Ripon,WI,Size S,6.84,2,UPS® Ground
Indianapolis,Rogers,AR,Size S,6.84,2,UPS® Ground
Indianapolis,Rowlett,TX,Size S,8.45,2,UPS® Ground
Indianapolis,Rydal,PA,Size S,7.45,2,UPS® Ground
Indianapolis,Shepherdsville,KY,Size S,6.65,1,UPS® Ground
Indianapolis,Shreveport,LA,Size S,6.67,2,UPS® Ground
Indianapolis,Stamford,CT,Size S,7.45,2,UPS® Ground
Indianapolis,Salt Lake City,UT,Size S,8.36,3,UPS® Ground
Indianapolis,Sanford,NC,Size S,6.84,2,UPS® Ground
Indianapolis,Santa Ana,CA,Size S,8.62,3,UPS® Ground
Indianapolis,Santa Cruz,CA,Size S,9.25,3,UPS® Ground
Indianapolis,Santa Fe,NM,Size S,8.36,4,UPS® Ground
Indianapolis,Sarver,PA,Size S,6.84,2,UPS® Ground
Indianapolis,Schenectady,NY,Size S,7.36,2,UPS® Ground
Indianapolis,Sierra Vista,AZ,Size S,8.71,4,UPS® Ground
Indianapolis,Silver Spring,MD,Size S,6.84,2,UPS® Ground
Indianapolis,South Jordan,UT,Size S,8.36,3,UPS® Ground
Indianapolis,Springfield,MO,Size S,6.84,2,UPS® Ground
Indianapolis,Summerville,SC,Size S,6.67,2,UPS® Ground
Indianapolis,Sumter,SC,Size S,6.67,2,UPS® Ground
Indianapolis,Sun City,AZ,Size S,8.62,3,UPS® Ground
Indianapolis,Syosset,NY,Size S,7.45,2,UPS® Ground
Indianapolis,Taunton,MA,Size S,7.36,3,UPS® Ground
Indianapolis,Texarkana,TX,Size S,7.45,2,UPS® Ground
Indianapolis,Toledo,OH,Size S,6.75,1,UPS® Ground
Indianapolis,Urbana,OH,Size S,6.75,1,UPS® Ground
Indianapolis,Valparaiso,IN,Size S,6.26,1,UPS® Ground
Indianapolis,Waco,TX,Size S,7.45,2,UPS® Ground
Indianapolis,West Lafayette,IN,Size S,6.65,1,UPS® Ground
Indianapolis,Winter Garden,FL,Size S,7.45,2,UPS® Ground
Indianapolis,Winter Haven,FL,Size S,7.45,2,UPS® Ground
Indianapolis,Wylie,TX,Size S,8.45,2,UPS® Ground
Indianapolis,Waldorf,MD,Size S,6.84,2,UPS® Ground
Indianapolis,Wesley Chapel,FL,Size S,7.36,2,UPS® Ground
Indianapolis,West Palm Beach,FL,Size S,8.36,3,UPS® Ground
Indianapolis,Williamsburg,VA,Size S,6.84,2,UPS® Ground
Indianapolis,Woodbridge,VA,Size S,6.84,2,UPS® Ground
Indianapolis,Woodside,CA,Size S,9.25,3,UPS® Ground
Indianapolis,Yorba Linda,CA,Size S,9.25,3,UPS® Ground
Indianapolis,Queens Village,NY,Size S,7.45,2,UPS® Ground
Phoenix,Brooklyn,NY,Size S,9.16,4,UPS® Ground
Phoenix,Phoenix,AZ,Size S,6.65,1,UPS® Ground
Phoenix,Houston,TX,Size S,8.45,3,UPS® Ground
Phoenix,San Antonio,TX,Size S,8.45,3,UPS® Ground
Phoenix,Jacksonville,FL,Size S,8.71,3,UPS® Ground
Phoenix,Chicago,IL,Size S,8.71,3,UPS® Ground
Phoenix,Dallas,TX,Size S,8.45,3,UPS® Ground
Phoenix,Wilmington,DE,Size S,9.25,4,UPS® Ground
Phoenix,Austin,TX,Size S,8.45,3,UPS® Ground
Phoenix,Canton,OH,Size S,8.71,3,UPS® Ground
Phoenix,Charlotte,NC,Size S,8.71,4,UPS® Ground
Phoenix,New York,NY,Size S,9.25,4,UPS® Ground
Phoenix,Atlanta,GA,Size S,8.71,4,UPS® Ground
Phoenix,Franklin,TN,Size S,8.71,4,UPS® Ground
Phoenix,Lexington,KY,Size S,8.71,3,UPS® Ground
Phoenix,Orlando,FL,Size S,9.25,3,UPS® Ground
Phoenix,Rochester,NY,Size S,9.25,4,UPS® Ground
Phoenix,Las Vegas,NV,Size S,6.84,2,UPS® Ground
Phoenix,Louisville,KY,Size S,8.71,3,UPS® Ground
Phoenix,Marietta,GA,Size S,8.71,4,UPS® Ground
Phoenix,Colorado Springs,CO,Size S,7.45,2,UPS® Ground
Phoenix,Columbus,OH,Size S,8.71,3,UPS® Ground
Phoenix,Marble Falls,TX,Size S,8.45,3,UPS® Ground
Phoenix,Tampa,FL,Size S,8.71,3,UPS® Ground
Phoenix,San Diego,CA,Size S,6.84,2,UPS® Ground
Phoenix,Columbia,SC,Size S,8.71,4,UPS® Ground
Phoenix,Greenville,SC,Size S,8.71,4,UPS® Ground
Phoenix,Lebanon,TN,Size S,8.71,4,UPS® Ground
Phoenix,Salem,OR,Size S,7.45,3,UPS® Ground
Phoenix,Cleveland,OH,Size S,8.71,3,UPS® Ground
Phoenix,Denver,CO,Size S,7.45,2,UPS® Ground
Phoenix,Omaha,NE,Size S,8.71,3,UPS® Ground
Phoenix,Portland,OR,Size S,8.71,3,UPS® Ground
Phoenix,Raleigh,NC,Size S,9.25,4,UPS® Ground
Phoenix,Richmond,VA,Size S,9.25,4,UPS® Ground
Phoenix,Jackson,MS,Size S,8.45,3,UPS® Ground
Phoenix,Albany,NY,Size S,9.25,4,UPS® Ground
Phoenix,Fort Worth,TX,Size S,8.45,3,UPS® Ground
Phoenix,Oklahoma City,OK,Size S,7.45,3,UPS® Ground
Phoenix,Chesapeake,VA,Size S,9.25,4,UPS® Ground
Phoenix,Miami,FL,Size S,9.25,4,UPS® Ground
Phoenix,Milford,CT,Size S,9.25,4,UPS® Ground
Phoenix,Pittsburgh,PA,Size S,9.25,4,UPS® Ground
Phoenix,San Francisco,CA,Size S,7.45,2,UPS® Ground
Phoenix,San Jose,CA,Size S,7.45,2,UPS® Ground
Phoenix,Tucson,AZ,Size S,6.65,1,UPS® Ground
Phoenix,Virginia Beach,VA,Size S,9.25,4,UPS® Ground
Phoenix,Albuquerque,NM,Size S,6.84,2,UPS® Ground
Phoenix,Gilbert,AZ,Size S,6.65,1,UPS® Ground
Phoenix,Springfield,IL,Size S,8.45,3,UPS® Ground
Phoenix,Alexandria,VA,Size S,9.25,4,UPS® Ground
Phoenix,Kansas City,MO,Size S,8.45,3,UPS® Ground
Phoenix,Knoxville,TN,Size S,8.71,4,UPS® Ground
Phoenix,Lakewood,CO,Size S,7.45,2,UPS® Ground
Phoenix,Nashville,TN,Size S,8.71,4,UPS® Ground
Phoenix,Saint Louis,MO,Size S,8.45,3,UPS® Ground
Phoenix,Seattle,WA,Size S,8.71,3,UPS® Ground
Phoenix,Arlington,TX,Size S,7.36,3,UPS® Ground
Phoenix,Aurora,CO,Size S,7.36,2,UPS® Ground
Phoenix,Boise,ID,Size S,7.36,3,UPS® Ground
Phoenix,Indianapolis,IN,Size S,8.62,3,UPS® Ground
Phoenix,Naples,CO,Size S,6.84,,UPS® Ground
Phoenix,Reno,NV,Size S,7.36,2,UPS® Ground
Phoenix,Riverside,CA,Size S,6.67,2,UPS® Ground
Phoenix,Bismarck,ND,Size S,8.36,4,UPS® Ground
Phoenix,Fresno,TX,Size S,8.45,3,UPS® Ground
Phoenix,Lincoln,RI,Size S,9.16,4,UPS® Ground
Phoenix,Los Angeles,CA,Size S,7.36,2,UPS® Ground
Phoenix,Mansfield,MA,Size S,9.25,4,UPS® Ground
Phoenix,Milwaukee,WI,Size S,8.71,3,UPS® Ground
Phoenix,Madison,IN,Size S,8.62,3,UPS® Ground
Phoenix,Mesa,AZ,Size S,6.65,1,UPS® Ground
Phoenix,Monroe,NC,Size S,9.16,4,UPS® Ground
Phoenix,Philadelphia,PA,Size S,9.16,4,UPS® Ground
Phoenix,Staten Island,NY,Size S,9.16,4,UPS® Ground
Phoenix,Washington,DC,Size S,9.16,4,UPS® Ground
Phoenix,Baltimore,MD,Size S,9.16,4,UPS® Ground
Phoenix,Decatur,IL,Size S,8.36,3,UPS® Ground
Phoenix,Durham,NC,Size S,9.16,4,UPS® Ground
Phoenix,Fayetteville,AR,Size S,8.36,3,UPS® Ground
Phoenix,Glendale,AZ,Size S,6.26,1,UPS® Ground
Phoenix,Midland,GA,Size S,8.71,4,UPS® Ground
Phoenix,Scottsdale,AZ,Size S,6.26,1,UPS® Ground
Phoenix,Woodstock,GA,Size S,8.62,4,UPS® Ground
Phoenix,Chandler,AZ,Size S,6.26,1,UPS® Ground
Phoenix,Cincinnati,OH,Size S,8.62,3,UPS® Ground
Phoenix,Covington,LA,Size S,8.36,3,UPS® Ground
Phoenix,Fort Myers,FL,Size S,9.16,4,UPS® Ground
Phoenix,Greensboro,NC,Size S,9.16,4,UPS® Ground
Phoenix,Henderson,TX,Size S,8.45,3,UPS® Ground
Phoenix,Hamilton,MI,Size S,8.71,3,UPS® Ground
Phoenix,Lewisburg,PA,Size S,9.25,4,UPS® Ground
Phoenix,Littleton,CO,Size S,7.36,2,UPS® Ground
Phoenix,Mount Pleasant,SC,Size S,9.16,4,UPS® Ground
Phoenix,Pasadena,MD,Size S,9.16,4,UPS® Ground
Phoenix,Plano,TX,Size S,7.36,3,UPS® Ground
Phoenix,Sanford,NC,Size S,9.16,4,UPS® Ground
Phoenix,Wayne,ME,Size S,9.25,4,UPS® Ground
Phoenix,Ashland,PA,Size S,9.25,4,UPS® Ground
Phoenix,Burlington,WI,Size S,8.62,3,UPS® Ground
Phoenix,Centerville,IA,Size S,8.45,3,UPS® Ground
Phoenix,Clayton,NC,Size S,9.16,4,UPS® Ground
Phoenix,Encinitas,CA,Size S,6.67,2,UPS® Ground
Phoenix,Fort Collins,CO,Size S,7.36,2,UPS® Ground
Phoenix,Golden,CO,Size S,6.67,2,UPS® Ground
Phoenix,Hudson,NC,Size S,8.62,4,UPS® Ground
Phoenix,Katy,TX,Size S,8.36,3,UPS® Ground
Phoenix,Lancaster,SC,Size S,8.62,4,UPS® Ground
Phoenix,Newark,NJ,Size S,9.16,4,UPS® Ground
Phoenix,Parker,CO,Size S,7.36,2,UPS® Ground
Phoenix,Plymouth,MA,Size S,9.16,4,UPS® Ground
Phoenix,Rancho Cucamonga,CA,Size S,7.36,2,UPS® Ground
Phoenix,Rockville,MD,Size S,9.16,4,UPS® Ground
Phoenix,Sacramento,CA,Size S,7.45,2,UPS® Ground
Phoenix,Tallahassee,FL,Size S,8.62,3,UPS® Ground
Phoenix,The Villages,FL,Size S,8.62,3,UPS® Ground
Phoenix,Westfield,IN,Size S,8.62,3,UPS® Ground
Phoenix,Waterloo,IA,Size S,8.36,3,UPS® Ground
Phoenix,West Chester,PA,Size S,9.16,4,UPS® Ground
Phoenix,Bend,OR,Size S,7.36,3,UPS® Ground
Phoenix,Amarillo,TX,Size S,6.84,2,UPS® Ground
Phoenix,Auburn,MA,Size S,9.16,4,UPS® Ground
Phoenix,Bakersfield,CA,Size S,6.67,2,UPS® Ground
Phoenix,Boca Raton,FL,Size S,9.16,4,UPS® Ground
Phoenix,Benton,LA,Size S,8.45,3,UPS® Ground
Phoenix,Bradenton,FL,Size S,9.16,4,UPS® Ground
Phoenix,Dayton,OH,Size S,8.62,3,UPS® Ground
Phoenix,Duluth,MN,Size S,8.45,3,UPS® Ground
Phoenix,Englewood,CO,Size S,7.36,2,UPS® Ground
Phoenix,Fort Wayne,IN,Size S,8.62,3,UPS® Ground
Phoenix,Frederick,MD,Size S,9.16,4,UPS® Ground
Phoenix,Fredericksburg,VA,Size S,9.16,4,UPS® Ground
Phoenix,Gainesville,FL,Size S,8.62,3,UPS® Ground
Phoenix,Grand Rapids,MI,Size S,8.62,3,UPS® Ground
Phoenix,Green Bay,WI,Size S,8.62,3,UPS® Ground
Phoenix,Morgantown,WV,Size S,9.16,4,UPS® Ground
Phoenix,Pensacola,FL,Size S,8.62,4,UPS® Ground
Phoenix,Princeton,MA,Size S,9.16,4,UPS® Ground
Phoenix,Peoria,AZ,Size S,6.26,1,UPS® Ground
Phoenix,Saint Paul,MN,Size S,8.36,3,UPS® Ground
Phoenix,Savannah,GA,Size S,8.62,3,UPS® Ground
Phoenix,Seaford,NY,Size S,9.25,4,UPS® Ground
Phoenix,Seymour,IN,Size S,8.62,3,UPS® Ground
Phoenix,Spokane,WA,Size S,8.36,3,UPS® Ground
Phoenix,Windsor,CO,Size S,7.36,2,UPS® Ground
